task,model,protocol,subject,accuracy
imagery_left_right_fist,csp_lda,pooled_random,1,0.666667
imagery_left_right_fist,csp_lda,pooled_random,2,0.733333
imagery_left_right_fist,csp_lda,pooled_random,3,0.422222
imagery_left_right_fist,csp_lda,pooled_random,4,0.533333
imagery_left_right_fist,csp_lda,pooled_random,5,0.488889
imagery_left_right_fist,csp_lda,pooled_random,6,0.466667
imagery_left_right_fist,csp_lda,pooled_random,7,0.844444
imagery_left_right_fist,csp_lda,pooled_random,8,0.488889
imagery_left_right_fist,csp_lda,pooled_random,9,0.533333
imagery_left_right_fist,csp_lda,pooled_random,10,0.533333
imagery_left_right_fist,csp_lda,pooled_random,11,0.488889
imagery_left_right_fist,csp_lda,pooled_random,12,0.6
imagery_left_right_fist,csp_lda,pooled_random,13,0.511111
imagery_left_right_fist,csp_lda,pooled_random,14,0.533333
imagery_left_right_fist,csp_lda,pooled_random,15,0.622222
imagery_left_right_fist,csp_lda,pooled_random,16,0.622222
imagery_left_right_fist,csp_lda,pooled_random,17,0.6
imagery_left_right_fist,csp_lda,pooled_random,18,0.644444
imagery_left_right_fist,csp_lda,pooled_random,19,0.533333
imagery_left_right_fist,csp_lda,pooled_random,20,0.577778
imagery_left_right_fist,csp_lda,pooled_random,21,0.488889
imagery_left_right_fist,csp_lda,pooled_random,22,0.511111
imagery_left_right_fist,csp_lda,pooled_random,23,0.555556
imagery_left_right_fist,csp_lda,pooled_random,24,0.533333
imagery_left_right_fist,csp_lda,pooled_random,25,0.644444
imagery_left_right_fist,csp_lda,pooled_random,26,0.533333
imagery_left_right_fist,csp_lda,pooled_random,27,0.488889
imagery_left_right_fist,csp_lda,pooled_random,28,0.488889
imagery_left_right_fist,csp_lda,pooled_random,29,0.822222
imagery_left_right_fist,csp_lda,pooled_random,30,0.622222
imagery_left_right_fist,csp_lda,pooled_random,31,0.911111
imagery_left_right_fist,csp_lda,pooled_random,32,0.822222
imagery_left_right_fist,csp_lda,pooled_random,33,0.733333
imagery_left_right_fist,csp_lda,pooled_random,34,0.837209
imagery_left_right_fist,csp_lda,pooled_random,35,0.711111
imagery_left_right_fist,csp_lda,pooled_random,36,0.466667
imagery_left_right_fist,csp_lda,pooled_random,37,0.511628
imagery_left_right_fist,csp_lda,pooled_random,38,0.444444
imagery_left_right_fist,csp_lda,pooled_random,39,0.511111
imagery_left_right_fist,csp_lda,pooled_random,40,0.533333
imagery_left_right_fist,csp_lda,pooled_random,41,0.636364
imagery_left_right_fist,csp_lda,pooled_random,42,0.777778
imagery_left_right_fist,csp_lda,pooled_random,43,0.666667
imagery_left_right_fist,csp_lda,pooled_random,44,0.644444
imagery_left_right_fist,csp_lda,pooled_random,45,0.533333
imagery_left_right_fist,csp_lda,pooled_random,46,0.511111
imagery_left_right_fist,csp_lda,pooled_random,47,0.488889
imagery_left_right_fist,csp_lda,pooled_random,48,0.644444
imagery_left_right_fist,csp_lda,pooled_random,49,0.755556
imagery_left_right_fist,csp_lda,pooled_random,50,0.533333
imagery_left_right_fist,csp_lda,pooled_random,51,0.533333
imagery_left_right_fist,csp_lda,pooled_random,52,0.6
imagery_left_right_fist,csp_lda,pooled_random,53,0.466667
imagery_left_right_fist,csp_lda,pooled_random,54,0.711111
imagery_left_right_fist,csp_lda,pooled_random,55,0.688889
imagery_left_right_fist,csp_lda,pooled_random,56,0.666667
imagery_left_right_fist,csp_lda,pooled_random,57,0.555556
imagery_left_right_fist,csp_lda,pooled_random,58,0.533333
imagery_left_right_fist,csp_lda,pooled_random,59,0.466667
imagery_left_right_fist,csp_lda,pooled_random,60,0.666667
imagery_left_right_fist,csp_lda,pooled_random,61,0.555556
imagery_left_right_fist,csp_lda,pooled_random,62,0.8
imagery_left_right_fist,csp_lda,pooled_random,63,0.533333
imagery_left_right_fist,csp_lda,pooled_random,64,0.5
imagery_left_right_fist,csp_lda,pooled_random,65,0.555556
imagery_left_right_fist,csp_lda,pooled_random,66,0.422222
imagery_left_right_fist,csp_lda,pooled_random,67,0.533333
imagery_left_right_fist,csp_lda,pooled_random,68,0.622222
imagery_left_right_fist,csp_lda,pooled_random,69,0.644444
imagery_left_right_fist,csp_lda,pooled_random,70,0.666667
imagery_left_right_fist,csp_lda,pooled_random,71,0.755556
imagery_left_right_fist,csp_lda,pooled_random,72,0.930233
imagery_left_right_fist,csp_lda,pooled_random,73,0.714286
imagery_left_right_fist,csp_lda,pooled_random,74,0.581395
imagery_left_right_fist,csp_lda,pooled_random,75,0.711111
imagery_left_right_fist,csp_lda,pooled_random,76,0.452381
imagery_left_right_fist,csp_lda,pooled_random,77,0.4
imagery_left_right_fist,csp_lda,pooled_random,78,0.466667
imagery_left_right_fist,csp_lda,pooled_random,79,0.555556
imagery_left_right_fist,csp_lda,pooled_random,80,0.577778
imagery_left_right_fist,csp_lda,pooled_random,81,0.488889
imagery_left_right_fist,csp_lda,pooled_random,82,0.533333
imagery_left_right_fist,csp_lda,pooled_random,83,0.622222
imagery_left_right_fist,csp_lda,pooled_random,84,0.555556
imagery_left_right_fist,csp_lda,pooled_random,85,0.711111
imagery_left_right_fist,csp_lda,pooled_random,86,0.755556
imagery_left_right_fist,csp_lda,pooled_random,87,0.488889
imagery_left_right_fist,csp_lda,pooled_random,88,0.508772
imagery_left_right_fist,csp_lda,pooled_random,89,0.644444
imagery_left_right_fist,csp_lda,pooled_random,90,0.533333
imagery_left_right_fist,csp_lda,pooled_random,91,0.511111
imagery_left_right_fist,csp_lda,pooled_random,92,0.526316
imagery_left_right_fist,csp_lda,pooled_random,93,0.688889
imagery_left_right_fist,csp_lda,pooled_random,94,0.577778
imagery_left_right_fist,csp_lda,pooled_random,95,0.488889
imagery_left_right_fist,csp_lda,pooled_random,96,0.466667
imagery_left_right_fist,csp_lda,pooled_random,97,0.511111
imagery_left_right_fist,csp_lda,pooled_random,98,0.4
imagery_left_right_fist,csp_lda,pooled_random,99,0.488889
imagery_left_right_fist,csp_lda,pooled_random,100,0.472222
imagery_left_right_fist,csp_lda,pooled_random,101,0.444444
imagery_left_right_fist,csp_lda,pooled_random,102,0.52381
imagery_left_right_fist,csp_lda,pooled_random,103,0.688889
imagery_left_right_fist,csp_lda,pooled_random,104,0.357143
imagery_left_right_fist,csp_lda,pooled_random,105,0.555556
imagery_left_right_fist,csp_lda,pooled_random,106,0.533333
imagery_left_right_fist,csp_lda,pooled_random,107,0.533333
imagery_left_right_fist,csp_lda,pooled_random,108,0.466667
imagery_left_right_fist,csp_lda,pooled_random,109,0.333333
imagery_left_right_fist,csp_lda,within_subject,1,0.644444
imagery_left_right_fist,csp_lda,within_subject,2,0.8
imagery_left_right_fist,csp_lda,within_subject,3,0.488889
imagery_left_right_fist,csp_lda,within_subject,4,0.511111
imagery_left_right_fist,csp_lda,within_subject,5,0.622222
imagery_left_right_fist,csp_lda,within_subject,6,0.577778
imagery_left_right_fist,csp_lda,within_subject,7,0.955556
imagery_left_right_fist,csp_lda,within_subject,8,0.466667
imagery_left_right_fist,csp_lda,within_subject,9,0.533333
imagery_left_right_fist,csp_lda,within_subject,10,0.644444
imagery_left_right_fist,csp_lda,within_subject,11,0.577778
imagery_left_right_fist,csp_lda,within_subject,12,0.644444
imagery_left_right_fist,csp_lda,within_subject,13,0.6
imagery_left_right_fist,csp_lda,within_subject,14,0.555556
imagery_left_right_fist,csp_lda,within_subject,15,0.711111
imagery_left_right_fist,csp_lda,within_subject,16,0.666667
imagery_left_right_fist,csp_lda,within_subject,17,0.555556
imagery_left_right_fist,csp_lda,within_subject,18,0.555556
imagery_left_right_fist,csp_lda,within_subject,19,0.444444
imagery_left_right_fist,csp_lda,within_subject,20,0.6
imagery_left_right_fist,csp_lda,within_subject,21,0.533333
imagery_left_right_fist,csp_lda,within_subject,22,0.888889
imagery_left_right_fist,csp_lda,within_subject,23,0.533333
imagery_left_right_fist,csp_lda,within_subject,24,0.511111
imagery_left_right_fist,csp_lda,within_subject,25,0.622222
imagery_left_right_fist,csp_lda,within_subject,26,0.577778
imagery_left_right_fist,csp_lda,within_subject,27,0.4
imagery_left_right_fist,csp_lda,within_subject,28,0.511111
imagery_left_right_fist,csp_lda,within_subject,29,0.977778
imagery_left_right_fist,csp_lda,within_subject,30,0.4
imagery_left_right_fist,csp_lda,within_subject,31,0.777778
imagery_left_right_fist,csp_lda,within_subject,32,0.711111
imagery_left_right_fist,csp_lda,within_subject,33,0.644444
imagery_left_right_fist,csp_lda,within_subject,34,0.883721
imagery_left_right_fist,csp_lda,within_subject,35,0.622222
imagery_left_right_fist,csp_lda,within_subject,36,0.577778
imagery_left_right_fist,csp_lda,within_subject,37,0.511628
imagery_left_right_fist,csp_lda,within_subject,38,0.622222
imagery_left_right_fist,csp_lda,within_subject,39,0.533333
imagery_left_right_fist,csp_lda,within_subject,40,0.8
imagery_left_right_fist,csp_lda,within_subject,41,0.454545
imagery_left_right_fist,csp_lda,within_subject,42,0.866667
imagery_left_right_fist,csp_lda,within_subject,43,0.8
imagery_left_right_fist,csp_lda,within_subject,44,0.666667
imagery_left_right_fist,csp_lda,within_subject,45,0.6
imagery_left_right_fist,csp_lda,within_subject,46,0.533333
imagery_left_right_fist,csp_lda,within_subject,47,0.533333
imagery_left_right_fist,csp_lda,within_subject,48,0.866667
imagery_left_right_fist,csp_lda,within_subject,49,0.777778
imagery_left_right_fist,csp_lda,within_subject,50,0.577778
imagery_left_right_fist,csp_lda,within_subject,51,0.666667
imagery_left_right_fist,csp_lda,within_subject,52,0.777778
imagery_left_right_fist,csp_lda,within_subject,53,0.844444
imagery_left_right_fist,csp_lda,within_subject,54,0.688889
imagery_left_right_fist,csp_lda,within_subject,55,0.8
imagery_left_right_fist,csp_lda,within_subject,56,0.911111
imagery_left_right_fist,csp_lda,within_subject,57,0.555556
imagery_left_right_fist,csp_lda,within_subject,58,0.466667
imagery_left_right_fist,csp_lda,within_subject,59,0.533333
imagery_left_right_fist,csp_lda,within_subject,60,0.844444
imagery_left_right_fist,csp_lda,within_subject,61,0.688889
imagery_left_right_fist,csp_lda,within_subject,62,0.844444
imagery_left_right_fist,csp_lda,within_subject,63,0.666667
imagery_left_right_fist,csp_lda,within_subject,64,0.522727
imagery_left_right_fist,csp_lda,within_subject,65,0.644444
imagery_left_right_fist,csp_lda,within_subject,66,0.511111
imagery_left_right_fist,csp_lda,within_subject,67,0.511111
imagery_left_right_fist,csp_lda,within_subject,68,0.511111
imagery_left_right_fist,csp_lda,within_subject,69,0.555556
imagery_left_right_fist,csp_lda,within_subject,70,0.733333
imagery_left_right_fist,csp_lda,within_subject,71,0.8
imagery_left_right_fist,csp_lda,within_subject,72,0.930233
imagery_left_right_fist,csp_lda,within_subject,73,0.619048
imagery_left_right_fist,csp_lda,within_subject,74,0.55814
imagery_left_right_fist,csp_lda,within_subject,75,0.533333
imagery_left_right_fist,csp_lda,within_subject,76,0.5
imagery_left_right_fist,csp_lda,within_subject,77,0.488889
imagery_left_right_fist,csp_lda,within_subject,78,0.4
imagery_left_right_fist,csp_lda,within_subject,79,0.511111
imagery_left_right_fist,csp_lda,within_subject,80,0.555556
imagery_left_right_fist,csp_lda,within_subject,81,0.688889
imagery_left_right_fist,csp_lda,within_subject,82,0.511111
imagery_left_right_fist,csp_lda,within_subject,83,0.711111
imagery_left_right_fist,csp_lda,within_subject,84,0.511111
imagery_left_right_fist,csp_lda,within_subject,85,0.888889
imagery_left_right_fist,csp_lda,within_subject,86,0.488889
imagery_left_right_fist,csp_lda,within_subject,87,0.511111
imagery_left_right_fist,csp_lda,within_subject,88,0.508772
imagery_left_right_fist,csp_lda,within_subject,89,0.577778
imagery_left_right_fist,csp_lda,within_subject,90,0.8
imagery_left_right_fist,csp_lda,within_subject,91,0.577778
imagery_left_right_fist,csp_lda,within_subject,92,0.526316
imagery_left_right_fist,csp_lda,within_subject,93,0.711111
imagery_left_right_fist,csp_lda,within_subject,94,0.688889
imagery_left_right_fist,csp_lda,within_subject,95,0.622222
imagery_left_right_fist,csp_lda,within_subject,96,0.488889
imagery_left_right_fist,csp_lda,within_subject,97,0.466667
imagery_left_right_fist,csp_lda,within_subject,98,0.6
imagery_left_right_fist,csp_lda,within_subject,99,0.511111
imagery_left_right_fist,csp_lda,within_subject,100,0.444444
imagery_left_right_fist,csp_lda,within_subject,101,0.4
imagery_left_right_fist,csp_lda,within_subject,102,0.714286
imagery_left_right_fist,csp_lda,within_subject,103,0.555556
imagery_left_right_fist,csp_lda,within_subject,104,0.666667
imagery_left_right_fist,csp_lda,within_subject,105,0.533333
imagery_left_right_fist,csp_lda,within_subject,106,0.555556
imagery_left_right_fist,csp_lda,within_subject,107,0.622222
imagery_left_right_fist,csp_lda,within_subject,108,0.711111
imagery_left_right_fist,csp_lda,within_subject,109,0.422222
imagery_left_right_fist,csp_lda,cross_subject,1,0.644444
imagery_left_right_fist,csp_lda,cross_subject,2,0.688889
imagery_left_right_fist,csp_lda,cross_subject,3,0.444444
imagery_left_right_fist,csp_lda,cross_subject,4,0.533333
imagery_left_right_fist,csp_lda,cross_subject,5,0.466667
imagery_left_right_fist,csp_lda,cross_subject,6,0.488889
imagery_left_right_fist,csp_lda,cross_subject,7,0.955556
imagery_left_right_fist,csp_lda,cross_subject,8,0.555556
imagery_left_right_fist,csp_lda,cross_subject,9,0.533333
imagery_left_right_fist,csp_lda,cross_subject,10,0.577778
imagery_left_right_fist,csp_lda,cross_subject,11,0.488889
imagery_left_right_fist,csp_lda,cross_subject,12,0.733333
imagery_left_right_fist,csp_lda,cross_subject,13,0.577778
imagery_left_right_fist,csp_lda,cross_subject,14,0.577778
imagery_left_right_fist,csp_lda,cross_subject,15,0.6
imagery_left_right_fist,csp_lda,cross_subject,16,0.555556
imagery_left_right_fist,csp_lda,cross_subject,17,0.555556
imagery_left_right_fist,csp_lda,cross_subject,18,0.555556
imagery_left_right_fist,csp_lda,cross_subject,19,0.577778
imagery_left_right_fist,csp_lda,cross_subject,20,0.622222
imagery_left_right_fist,csp_lda,cross_subject,21,0.488889
imagery_left_right_fist,csp_lda,cross_subject,22,0.511111
imagery_left_right_fist,csp_lda,cross_subject,23,0.6
imagery_left_right_fist,csp_lda,cross_subject,24,0.533333
imagery_left_right_fist,csp_lda,cross_subject,25,0.644444
imagery_left_right_fist,csp_lda,cross_subject,26,0.733333
imagery_left_right_fist,csp_lda,cross_subject,27,0.533333
imagery_left_right_fist,csp_lda,cross_subject,28,0.511111
imagery_left_right_fist,csp_lda,cross_subject,29,0.844444
imagery_left_right_fist,csp_lda,cross_subject,30,0.577778
imagery_left_right_fist,csp_lda,cross_subject,31,0.666667
imagery_left_right_fist,csp_lda,cross_subject,32,0.822222
imagery_left_right_fist,csp_lda,cross_subject,33,0.688889
imagery_left_right_fist,csp_lda,cross_subject,34,0.860465
imagery_left_right_fist,csp_lda,cross_subject,35,0.622222
imagery_left_right_fist,csp_lda,cross_subject,36,0.377778
imagery_left_right_fist,csp_lda,cross_subject,37,0.511628
imagery_left_right_fist,csp_lda,cross_subject,38,0.488889
imagery_left_right_fist,csp_lda,cross_subject,39,0.555556
imagery_left_right_fist,csp_lda,cross_subject,40,0.533333
imagery_left_right_fist,csp_lda,cross_subject,41,0.681818
imagery_left_right_fist,csp_lda,cross_subject,42,0.866667
imagery_left_right_fist,csp_lda,cross_subject,43,0.822222
imagery_left_right_fist,csp_lda,cross_subject,44,0.555556
imagery_left_right_fist,csp_lda,cross_subject,45,0.555556
imagery_left_right_fist,csp_lda,cross_subject,46,0.6
imagery_left_right_fist,csp_lda,cross_subject,47,0.533333
imagery_left_right_fist,csp_lda,cross_subject,48,0.622222
imagery_left_right_fist,csp_lda,cross_subject,49,0.8
imagery_left_right_fist,csp_lda,cross_subject,50,0.622222
imagery_left_right_fist,csp_lda,cross_subject,51,0.644444
imagery_left_right_fist,csp_lda,cross_subject,52,0.777778
imagery_left_right_fist,csp_lda,cross_subject,53,0.511111
imagery_left_right_fist,csp_lda,cross_subject,54,0.755556
imagery_left_right_fist,csp_lda,cross_subject,55,0.8
imagery_left_right_fist,csp_lda,cross_subject,56,0.777778
imagery_left_right_fist,csp_lda,cross_subject,57,0.4
imagery_left_right_fist,csp_lda,cross_subject,58,0.511111
imagery_left_right_fist,csp_lda,cross_subject,59,0.533333
imagery_left_right_fist,csp_lda,cross_subject,60,0.622222
imagery_left_right_fist,csp_lda,cross_subject,61,0.555556
imagery_left_right_fist,csp_lda,cross_subject,62,0.888889
imagery_left_right_fist,csp_lda,cross_subject,63,0.488889
imagery_left_right_fist,csp_lda,cross_subject,64,0.5
imagery_left_right_fist,csp_lda,cross_subject,65,0.644444
imagery_left_right_fist,csp_lda,cross_subject,66,0.511111
imagery_left_right_fist,csp_lda,cross_subject,67,0.488889
imagery_left_right_fist,csp_lda,cross_subject,68,0.577778
imagery_left_right_fist,csp_lda,cross_subject,69,0.6
imagery_left_right_fist,csp_lda,cross_subject,70,0.666667
imagery_left_right_fist,csp_lda,cross_subject,71,0.733333
imagery_left_right_fist,csp_lda,cross_subject,72,0.953488
imagery_left_right_fist,csp_lda,cross_subject,73,0.666667
imagery_left_right_fist,csp_lda,cross_subject,74,0.55814
imagery_left_right_fist,csp_lda,cross_subject,75,0.688889
imagery_left_right_fist,csp_lda,cross_subject,76,0.47619
imagery_left_right_fist,csp_lda,cross_subject,77,0.444444
imagery_left_right_fist,csp_lda,cross_subject,78,0.511111
imagery_left_right_fist,csp_lda,cross_subject,79,0.511111
imagery_left_right_fist,csp_lda,cross_subject,80,0.555556
imagery_left_right_fist,csp_lda,cross_subject,81,0.488889
imagery_left_right_fist,csp_lda,cross_subject,82,0.488889
imagery_left_right_fist,csp_lda,cross_subject,83,0.688889
imagery_left_right_fist,csp_lda,cross_subject,84,0.555556
imagery_left_right_fist,csp_lda,cross_subject,85,0.977778
imagery_left_right_fist,csp_lda,cross_subject,86,0.688889
imagery_left_right_fist,csp_lda,cross_subject,87,0.533333
imagery_left_right_fist,csp_lda,cross_subject,88,0.45614
imagery_left_right_fist,csp_lda,cross_subject,89,0.577778
imagery_left_right_fist,csp_lda,cross_subject,90,0.6
imagery_left_right_fist,csp_lda,cross_subject,91,0.666667
imagery_left_right_fist,csp_lda,cross_subject,92,0.614035
imagery_left_right_fist,csp_lda,cross_subject,93,0.8
imagery_left_right_fist,csp_lda,cross_subject,94,0.577778
imagery_left_right_fist,csp_lda,cross_subject,95,0.444444
imagery_left_right_fist,csp_lda,cross_subject,96,0.577778
imagery_left_right_fist,csp_lda,cross_subject,97,0.511111
imagery_left_right_fist,csp_lda,cross_subject,98,0.533333
imagery_left_right_fist,csp_lda,cross_subject,99,0.555556
imagery_left_right_fist,csp_lda,cross_subject,100,0.555556
imagery_left_right_fist,csp_lda,cross_subject,101,0.511111
imagery_left_right_fist,csp_lda,cross_subject,102,0.619048
imagery_left_right_fist,csp_lda,cross_subject,103,0.711111
imagery_left_right_fist,csp_lda,cross_subject,104,0.52381
imagery_left_right_fist,csp_lda,cross_subject,105,0.511111
imagery_left_right_fist,csp_lda,cross_subject,106,0.577778
imagery_left_right_fist,csp_lda,cross_subject,107,0.511111
imagery_left_right_fist,csp_lda,cross_subject,108,0.777778
imagery_left_right_fist,csp_lda,cross_subject,109,0.488889
imagery_left_right_fist,riemann_ts_lr,pooled_random,1,0.733333
imagery_left_right_fist,riemann_ts_lr,pooled_random,2,0.911111
imagery_left_right_fist,riemann_ts_lr,pooled_random,3,0.444444
imagery_left_right_fist,riemann_ts_lr,pooled_random,4,0.644444
imagery_left_right_fist,riemann_ts_lr,pooled_random,5,0.577778
imagery_left_right_fist,riemann_ts_lr,pooled_random,6,0.511111
imagery_left_right_fist,riemann_ts_lr,pooled_random,7,0.933333
imagery_left_right_fist,riemann_ts_lr,pooled_random,8,0.622222
imagery_left_right_fist,riemann_ts_lr,pooled_random,9,0.466667
imagery_left_right_fist,riemann_ts_lr,pooled_random,10,0.622222
imagery_left_right_fist,riemann_ts_lr,pooled_random,11,0.444444
imagery_left_right_fist,riemann_ts_lr,pooled_random,12,0.644444
imagery_left_right_fist,riemann_ts_lr,pooled_random,13,0.755556
imagery_left_right_fist,riemann_ts_lr,pooled_random,14,0.622222
imagery_left_right_fist,riemann_ts_lr,pooled_random,15,0.777778
imagery_left_right_fist,riemann_ts_lr,pooled_random,16,0.6
imagery_left_right_fist,riemann_ts_lr,pooled_random,17,0.555556
imagery_left_right_fist,riemann_ts_lr,pooled_random,18,0.622222
imagery_left_right_fist,riemann_ts_lr,pooled_random,19,0.666667
imagery_left_right_fist,riemann_ts_lr,pooled_random,20,0.666667
imagery_left_right_fist,riemann_ts_lr,pooled_random,21,0.488889
imagery_left_right_fist,riemann_ts_lr,pooled_random,22,0.644444
imagery_left_right_fist,riemann_ts_lr,pooled_random,23,0.711111
imagery_left_right_fist,riemann_ts_lr,pooled_random,24,0.644444
imagery_left_right_fist,riemann_ts_lr,pooled_random,25,0.577778
imagery_left_right_fist,riemann_ts_lr,pooled_random,26,0.688889
imagery_left_right_fist,riemann_ts_lr,pooled_random,27,0.577778
imagery_left_right_fist,riemann_ts_lr,pooled_random,28,0.466667
imagery_left_right_fist,riemann_ts_lr,pooled_random,29,0.822222
imagery_left_right_fist,riemann_ts_lr,pooled_random,30,0.6
imagery_left_right_fist,riemann_ts_lr,pooled_random,31,0.866667
imagery_left_right_fist,riemann_ts_lr,pooled_random,32,0.733333
imagery_left_right_fist,riemann_ts_lr,pooled_random,33,0.733333
imagery_left_right_fist,riemann_ts_lr,pooled_random,34,0.767442
imagery_left_right_fist,riemann_ts_lr,pooled_random,35,0.6
imagery_left_right_fist,riemann_ts_lr,pooled_random,36,0.644444
imagery_left_right_fist,riemann_ts_lr,pooled_random,37,0.581395
imagery_left_right_fist,riemann_ts_lr,pooled_random,38,0.422222
imagery_left_right_fist,riemann_ts_lr,pooled_random,39,0.488889
imagery_left_right_fist,riemann_ts_lr,pooled_random,40,0.666667
imagery_left_right_fist,riemann_ts_lr,pooled_random,41,0.613636
imagery_left_right_fist,riemann_ts_lr,pooled_random,42,0.866667
imagery_left_right_fist,riemann_ts_lr,pooled_random,43,0.777778
imagery_left_right_fist,riemann_ts_lr,pooled_random,44,0.688889
imagery_left_right_fist,riemann_ts_lr,pooled_random,45,0.666667
imagery_left_right_fist,riemann_ts_lr,pooled_random,46,0.577778
imagery_left_right_fist,riemann_ts_lr,pooled_random,47,0.444444
imagery_left_right_fist,riemann_ts_lr,pooled_random,48,0.666667
imagery_left_right_fist,riemann_ts_lr,pooled_random,49,0.777778
imagery_left_right_fist,riemann_ts_lr,pooled_random,50,0.644444
imagery_left_right_fist,riemann_ts_lr,pooled_random,51,0.666667
imagery_left_right_fist,riemann_ts_lr,pooled_random,52,0.777778
imagery_left_right_fist,riemann_ts_lr,pooled_random,53,0.622222
imagery_left_right_fist,riemann_ts_lr,pooled_random,54,0.755556
imagery_left_right_fist,riemann_ts_lr,pooled_random,55,0.911111
imagery_left_right_fist,riemann_ts_lr,pooled_random,56,0.777778
imagery_left_right_fist,riemann_ts_lr,pooled_random,57,0.733333
imagery_left_right_fist,riemann_ts_lr,pooled_random,58,0.555556
imagery_left_right_fist,riemann_ts_lr,pooled_random,59,0.511111
imagery_left_right_fist,riemann_ts_lr,pooled_random,60,0.777778
imagery_left_right_fist,riemann_ts_lr,pooled_random,61,0.777778
imagery_left_right_fist,riemann_ts_lr,pooled_random,62,0.822222
imagery_left_right_fist,riemann_ts_lr,pooled_random,63,0.422222
imagery_left_right_fist,riemann_ts_lr,pooled_random,64,0.568182
imagery_left_right_fist,riemann_ts_lr,pooled_random,65,0.711111
imagery_left_right_fist,riemann_ts_lr,pooled_random,66,0.488889
imagery_left_right_fist,riemann_ts_lr,pooled_random,67,0.622222
imagery_left_right_fist,riemann_ts_lr,pooled_random,68,0.688889
imagery_left_right_fist,riemann_ts_lr,pooled_random,69,0.666667
imagery_left_right_fist,riemann_ts_lr,pooled_random,70,0.911111
imagery_left_right_fist,riemann_ts_lr,pooled_random,71,0.688889
imagery_left_right_fist,riemann_ts_lr,pooled_random,72,0.883721
imagery_left_right_fist,riemann_ts_lr,pooled_random,73,0.833333
imagery_left_right_fist,riemann_ts_lr,pooled_random,74,0.511628
imagery_left_right_fist,riemann_ts_lr,pooled_random,75,0.688889
imagery_left_right_fist,riemann_ts_lr,pooled_random,76,0.547619
imagery_left_right_fist,riemann_ts_lr,pooled_random,77,0.422222
imagery_left_right_fist,riemann_ts_lr,pooled_random,78,0.4
imagery_left_right_fist,riemann_ts_lr,pooled_random,79,0.533333
imagery_left_right_fist,riemann_ts_lr,pooled_random,80,0.533333
imagery_left_right_fist,riemann_ts_lr,pooled_random,81,0.777778
imagery_left_right_fist,riemann_ts_lr,pooled_random,82,0.688889
imagery_left_right_fist,riemann_ts_lr,pooled_random,83,0.733333
imagery_left_right_fist,riemann_ts_lr,pooled_random,84,0.488889
imagery_left_right_fist,riemann_ts_lr,pooled_random,85,0.866667
imagery_left_right_fist,riemann_ts_lr,pooled_random,86,0.8
imagery_left_right_fist,riemann_ts_lr,pooled_random,87,0.622222
imagery_left_right_fist,riemann_ts_lr,pooled_random,88,0.508772
imagery_left_right_fist,riemann_ts_lr,pooled_random,89,0.577778
imagery_left_right_fist,riemann_ts_lr,pooled_random,90,0.622222
imagery_left_right_fist,riemann_ts_lr,pooled_random,91,0.8
imagery_left_right_fist,riemann_ts_lr,pooled_random,92,0.666667
imagery_left_right_fist,riemann_ts_lr,pooled_random,93,0.711111
imagery_left_right_fist,riemann_ts_lr,pooled_random,94,0.866667
imagery_left_right_fist,riemann_ts_lr,pooled_random,95,0.511111
imagery_left_right_fist,riemann_ts_lr,pooled_random,96,0.666667
imagery_left_right_fist,riemann_ts_lr,pooled_random,97,0.6
imagery_left_right_fist,riemann_ts_lr,pooled_random,98,0.577778
imagery_left_right_fist,riemann_ts_lr,pooled_random,99,0.555556
imagery_left_right_fist,riemann_ts_lr,pooled_random,100,0.555556
imagery_left_right_fist,riemann_ts_lr,pooled_random,101,0.444444
imagery_left_right_fist,riemann_ts_lr,pooled_random,102,0.690476
imagery_left_right_fist,riemann_ts_lr,pooled_random,103,0.6
imagery_left_right_fist,riemann_ts_lr,pooled_random,104,0.47619
imagery_left_right_fist,riemann_ts_lr,pooled_random,105,0.688889
imagery_left_right_fist,riemann_ts_lr,pooled_random,106,0.6
imagery_left_right_fist,riemann_ts_lr,pooled_random,107,0.688889
imagery_left_right_fist,riemann_ts_lr,pooled_random,108,0.666667
imagery_left_right_fist,riemann_ts_lr,pooled_random,109,0.488889
imagery_left_right_fist,riemann_ts_lr,within_subject,1,0.8
imagery_left_right_fist,riemann_ts_lr,within_subject,2,0.911111
imagery_left_right_fist,riemann_ts_lr,within_subject,3,0.533333
imagery_left_right_fist,riemann_ts_lr,within_subject,4,0.6
imagery_left_right_fist,riemann_ts_lr,within_subject,5,0.488889
imagery_left_right_fist,riemann_ts_lr,within_subject,6,0.6
imagery_left_right_fist,riemann_ts_lr,within_subject,7,0.911111
imagery_left_right_fist,riemann_ts_lr,within_subject,8,0.577778
imagery_left_right_fist,riemann_ts_lr,within_subject,9,0.533333
imagery_left_right_fist,riemann_ts_lr,within_subject,10,0.555556
imagery_left_right_fist,riemann_ts_lr,within_subject,11,0.577778
imagery_left_right_fist,riemann_ts_lr,within_subject,12,0.644444
imagery_left_right_fist,riemann_ts_lr,within_subject,13,0.577778
imagery_left_right_fist,riemann_ts_lr,within_subject,14,0.577778
imagery_left_right_fist,riemann_ts_lr,within_subject,15,0.755556
imagery_left_right_fist,riemann_ts_lr,within_subject,16,0.644444
imagery_left_right_fist,riemann_ts_lr,within_subject,17,0.622222
imagery_left_right_fist,riemann_ts_lr,within_subject,18,0.466667
imagery_left_right_fist,riemann_ts_lr,within_subject,19,0.466667
imagery_left_right_fist,riemann_ts_lr,within_subject,20,0.644444
imagery_left_right_fist,riemann_ts_lr,within_subject,21,0.466667
imagery_left_right_fist,riemann_ts_lr,within_subject,22,0.822222
imagery_left_right_fist,riemann_ts_lr,within_subject,23,0.577778
imagery_left_right_fist,riemann_ts_lr,within_subject,24,0.511111
imagery_left_right_fist,riemann_ts_lr,within_subject,25,0.822222
imagery_left_right_fist,riemann_ts_lr,within_subject,26,0.688889
imagery_left_right_fist,riemann_ts_lr,within_subject,27,0.666667
imagery_left_right_fist,riemann_ts_lr,within_subject,28,0.466667
imagery_left_right_fist,riemann_ts_lr,within_subject,29,0.888889
imagery_left_right_fist,riemann_ts_lr,within_subject,30,0.6
imagery_left_right_fist,riemann_ts_lr,within_subject,31,0.777778
imagery_left_right_fist,riemann_ts_lr,within_subject,32,0.911111
imagery_left_right_fist,riemann_ts_lr,within_subject,33,0.666667
imagery_left_right_fist,riemann_ts_lr,within_subject,34,0.883721
imagery_left_right_fist,riemann_ts_lr,within_subject,35,0.666667
imagery_left_right_fist,riemann_ts_lr,within_subject,36,0.622222
imagery_left_right_fist,riemann_ts_lr,within_subject,37,0.651163
imagery_left_right_fist,riemann_ts_lr,within_subject,38,0.755556
imagery_left_right_fist,riemann_ts_lr,within_subject,39,0.511111
imagery_left_right_fist,riemann_ts_lr,within_subject,40,0.644444
imagery_left_right_fist,riemann_ts_lr,within_subject,41,0.545455
imagery_left_right_fist,riemann_ts_lr,within_subject,42,0.911111
imagery_left_right_fist,riemann_ts_lr,within_subject,43,0.688889
imagery_left_right_fist,riemann_ts_lr,within_subject,44,0.688889
imagery_left_right_fist,riemann_ts_lr,within_subject,45,0.688889
imagery_left_right_fist,riemann_ts_lr,within_subject,46,0.555556
imagery_left_right_fist,riemann_ts_lr,within_subject,47,0.577778
imagery_left_right_fist,riemann_ts_lr,within_subject,48,0.733333
imagery_left_right_fist,riemann_ts_lr,within_subject,49,0.688889
imagery_left_right_fist,riemann_ts_lr,within_subject,50,0.733333
imagery_left_right_fist,riemann_ts_lr,within_subject,51,0.733333
imagery_left_right_fist,riemann_ts_lr,within_subject,52,0.8
imagery_left_right_fist,riemann_ts_lr,within_subject,53,0.888889
imagery_left_right_fist,riemann_ts_lr,within_subject,54,0.844444
imagery_left_right_fist,riemann_ts_lr,within_subject,55,0.866667
imagery_left_right_fist,riemann_ts_lr,within_subject,56,0.911111
imagery_left_right_fist,riemann_ts_lr,within_subject,57,0.466667
imagery_left_right_fist,riemann_ts_lr,within_subject,58,0.555556
imagery_left_right_fist,riemann_ts_lr,within_subject,59,0.577778
imagery_left_right_fist,riemann_ts_lr,within_subject,60,0.888889
imagery_left_right_fist,riemann_ts_lr,within_subject,61,0.711111
imagery_left_right_fist,riemann_ts_lr,within_subject,62,0.911111
imagery_left_right_fist,riemann_ts_lr,within_subject,63,0.666667
imagery_left_right_fist,riemann_ts_lr,within_subject,64,0.613636
imagery_left_right_fist,riemann_ts_lr,within_subject,65,0.622222
imagery_left_right_fist,riemann_ts_lr,within_subject,66,0.644444
imagery_left_right_fist,riemann_ts_lr,within_subject,67,0.6
imagery_left_right_fist,riemann_ts_lr,within_subject,68,0.666667
imagery_left_right_fist,riemann_ts_lr,within_subject,69,0.644444
imagery_left_right_fist,riemann_ts_lr,within_subject,70,0.755556
imagery_left_right_fist,riemann_ts_lr,within_subject,71,0.755556
imagery_left_right_fist,riemann_ts_lr,within_subject,72,0.906977
imagery_left_right_fist,riemann_ts_lr,within_subject,73,0.690476
imagery_left_right_fist,riemann_ts_lr,within_subject,74,0.651163
imagery_left_right_fist,riemann_ts_lr,within_subject,75,0.755556
imagery_left_right_fist,riemann_ts_lr,within_subject,76,0.47619
imagery_left_right_fist,riemann_ts_lr,within_subject,77,0.488889
imagery_left_right_fist,riemann_ts_lr,within_subject,78,0.622222
imagery_left_right_fist,riemann_ts_lr,within_subject,79,0.488889
imagery_left_right_fist,riemann_ts_lr,within_subject,80,0.622222
imagery_left_right_fist,riemann_ts_lr,within_subject,81,0.733333
imagery_left_right_fist,riemann_ts_lr,within_subject,82,0.666667
imagery_left_right_fist,riemann_ts_lr,within_subject,83,0.6
imagery_left_right_fist,riemann_ts_lr,within_subject,84,0.577778
imagery_left_right_fist,riemann_ts_lr,within_subject,85,0.955556
imagery_left_right_fist,riemann_ts_lr,within_subject,86,0.622222
imagery_left_right_fist,riemann_ts_lr,within_subject,87,0.488889
imagery_left_right_fist,riemann_ts_lr,within_subject,88,0.473684
imagery_left_right_fist,riemann_ts_lr,within_subject,89,0.666667
imagery_left_right_fist,riemann_ts_lr,within_subject,90,0.755556
imagery_left_right_fist,riemann_ts_lr,within_subject,91,0.711111
imagery_left_right_fist,riemann_ts_lr,within_subject,92,0.614035
imagery_left_right_fist,riemann_ts_lr,within_subject,93,0.844444
imagery_left_right_fist,riemann_ts_lr,within_subject,94,0.933333
imagery_left_right_fist,riemann_ts_lr,within_subject,95,0.644444
imagery_left_right_fist,riemann_ts_lr,within_subject,96,0.577778
imagery_left_right_fist,riemann_ts_lr,within_subject,97,0.644444
imagery_left_right_fist,riemann_ts_lr,within_subject,98,0.577778
imagery_left_right_fist,riemann_ts_lr,within_subject,99,0.6
imagery_left_right_fist,riemann_ts_lr,within_subject,100,0.555556
imagery_left_right_fist,riemann_ts_lr,within_subject,101,0.422222
imagery_left_right_fist,riemann_ts_lr,within_subject,102,0.761905
imagery_left_right_fist,riemann_ts_lr,within_subject,103,0.688889
imagery_left_right_fist,riemann_ts_lr,within_subject,104,0.619048
imagery_left_right_fist,riemann_ts_lr,within_subject,105,0.688889
imagery_left_right_fist,riemann_ts_lr,within_subject,106,0.577778
imagery_left_right_fist,riemann_ts_lr,within_subject,107,0.644444
imagery_left_right_fist,riemann_ts_lr,within_subject,108,0.733333
imagery_left_right_fist,riemann_ts_lr,within_subject,109,0.555556
imagery_left_right_fist,riemann_ts_lr,cross_subject,1,0.8
imagery_left_right_fist,riemann_ts_lr,cross_subject,2,0.733333
imagery_left_right_fist,riemann_ts_lr,cross_subject,3,0.533333
imagery_left_right_fist,riemann_ts_lr,cross_subject,4,0.511111
imagery_left_right_fist,riemann_ts_lr,cross_subject,5,0.511111
imagery_left_right_fist,riemann_ts_lr,cross_subject,6,0.466667
imagery_left_right_fist,riemann_ts_lr,cross_subject,7,0.533333
imagery_left_right_fist,riemann_ts_lr,cross_subject,8,0.555556
imagery_left_right_fist,riemann_ts_lr,cross_subject,9,0.6
imagery_left_right_fist,riemann_ts_lr,cross_subject,10,0.6
imagery_left_right_fist,riemann_ts_lr,cross_subject,11,0.466667
imagery_left_right_fist,riemann_ts_lr,cross_subject,12,0.466667
imagery_left_right_fist,riemann_ts_lr,cross_subject,13,0.688889
imagery_left_right_fist,riemann_ts_lr,cross_subject,14,0.466667
imagery_left_right_fist,riemann_ts_lr,cross_subject,15,0.8
imagery_left_right_fist,riemann_ts_lr,cross_subject,16,0.511111
imagery_left_right_fist,riemann_ts_lr,cross_subject,17,0.555556
imagery_left_right_fist,riemann_ts_lr,cross_subject,18,0.6
imagery_left_right_fist,riemann_ts_lr,cross_subject,19,0.577778
imagery_left_right_fist,riemann_ts_lr,cross_subject,20,0.577778
imagery_left_right_fist,riemann_ts_lr,cross_subject,21,0.466667
imagery_left_right_fist,riemann_ts_lr,cross_subject,22,0.555556
imagery_left_right_fist,riemann_ts_lr,cross_subject,23,0.688889
imagery_left_right_fist,riemann_ts_lr,cross_subject,24,0.555556
imagery_left_right_fist,riemann_ts_lr,cross_subject,25,0.577778
imagery_left_right_fist,riemann_ts_lr,cross_subject,26,0.622222
imagery_left_right_fist,riemann_ts_lr,cross_subject,27,0.511111
imagery_left_right_fist,riemann_ts_lr,cross_subject,28,0.533333
imagery_left_right_fist,riemann_ts_lr,cross_subject,29,0.688889
imagery_left_right_fist,riemann_ts_lr,cross_subject,30,0.466667
imagery_left_right_fist,riemann_ts_lr,cross_subject,31,0.8
imagery_left_right_fist,riemann_ts_lr,cross_subject,32,0.577778
imagery_left_right_fist,riemann_ts_lr,cross_subject,33,0.822222
imagery_left_right_fist,riemann_ts_lr,cross_subject,34,0.813953
imagery_left_right_fist,riemann_ts_lr,cross_subject,35,0.6
imagery_left_right_fist,riemann_ts_lr,cross_subject,36,0.511111
imagery_left_right_fist,riemann_ts_lr,cross_subject,37,0.511628
imagery_left_right_fist,riemann_ts_lr,cross_subject,38,0.488889
imagery_left_right_fist,riemann_ts_lr,cross_subject,39,0.511111
imagery_left_right_fist,riemann_ts_lr,cross_subject,40,0.555556
imagery_left_right_fist,riemann_ts_lr,cross_subject,41,0.590909
imagery_left_right_fist,riemann_ts_lr,cross_subject,42,0.866667
imagery_left_right_fist,riemann_ts_lr,cross_subject,43,0.755556
imagery_left_right_fist,riemann_ts_lr,cross_subject,44,0.511111
imagery_left_right_fist,riemann_ts_lr,cross_subject,45,0.488889
imagery_left_right_fist,riemann_ts_lr,cross_subject,46,0.6
imagery_left_right_fist,riemann_ts_lr,cross_subject,47,0.488889
imagery_left_right_fist,riemann_ts_lr,cross_subject,48,0.688889
imagery_left_right_fist,riemann_ts_lr,cross_subject,49,0.666667
imagery_left_right_fist,riemann_ts_lr,cross_subject,50,0.622222
imagery_left_right_fist,riemann_ts_lr,cross_subject,51,0.777778
imagery_left_right_fist,riemann_ts_lr,cross_subject,52,0.711111
imagery_left_right_fist,riemann_ts_lr,cross_subject,53,0.711111
imagery_left_right_fist,riemann_ts_lr,cross_subject,54,0.533333
imagery_left_right_fist,riemann_ts_lr,cross_subject,55,0.888889
imagery_left_right_fist,riemann_ts_lr,cross_subject,56,0.511111
imagery_left_right_fist,riemann_ts_lr,cross_subject,57,0.688889
imagery_left_right_fist,riemann_ts_lr,cross_subject,58,0.511111
imagery_left_right_fist,riemann_ts_lr,cross_subject,59,0.533333
imagery_left_right_fist,riemann_ts_lr,cross_subject,60,0.8
imagery_left_right_fist,riemann_ts_lr,cross_subject,61,0.644444
imagery_left_right_fist,riemann_ts_lr,cross_subject,62,0.511111
imagery_left_right_fist,riemann_ts_lr,cross_subject,63,0.488889
imagery_left_right_fist,riemann_ts_lr,cross_subject,64,0.590909
imagery_left_right_fist,riemann_ts_lr,cross_subject,65,0.644444
imagery_left_right_fist,riemann_ts_lr,cross_subject,66,0.555556
imagery_left_right_fist,riemann_ts_lr,cross_subject,67,0.577778
imagery_left_right_fist,riemann_ts_lr,cross_subject,68,0.533333
imagery_left_right_fist,riemann_ts_lr,cross_subject,69,0.577778
imagery_left_right_fist,riemann_ts_lr,cross_subject,70,0.533333
imagery_left_right_fist,riemann_ts_lr,cross_subject,71,0.555556
imagery_left_right_fist,riemann_ts_lr,cross_subject,72,0.813953
imagery_left_right_fist,riemann_ts_lr,cross_subject,73,0.785714
imagery_left_right_fist,riemann_ts_lr,cross_subject,74,0.581395
imagery_left_right_fist,riemann_ts_lr,cross_subject,75,0.577778
imagery_left_right_fist,riemann_ts_lr,cross_subject,76,0.5
imagery_left_right_fist,riemann_ts_lr,cross_subject,77,0.533333
imagery_left_right_fist,riemann_ts_lr,cross_subject,78,0.511111
imagery_left_right_fist,riemann_ts_lr,cross_subject,79,0.6
imagery_left_right_fist,riemann_ts_lr,cross_subject,80,0.488889
imagery_left_right_fist,riemann_ts_lr,cross_subject,81,0.488889
imagery_left_right_fist,riemann_ts_lr,cross_subject,82,0.6
imagery_left_right_fist,riemann_ts_lr,cross_subject,83,0.511111
imagery_left_right_fist,riemann_ts_lr,cross_subject,84,0.533333
imagery_left_right_fist,riemann_ts_lr,cross_subject,85,0.755556
imagery_left_right_fist,riemann_ts_lr,cross_subject,86,0.644444
imagery_left_right_fist,riemann_ts_lr,cross_subject,87,0.555556
imagery_left_right_fist,riemann_ts_lr,cross_subject,88,0.421053
imagery_left_right_fist,riemann_ts_lr,cross_subject,89,0.6
imagery_left_right_fist,riemann_ts_lr,cross_subject,90,0.622222
imagery_left_right_fist,riemann_ts_lr,cross_subject,91,0.555556
imagery_left_right_fist,riemann_ts_lr,cross_subject,92,0.54386
imagery_left_right_fist,riemann_ts_lr,cross_subject,93,0.822222
imagery_left_right_fist,riemann_ts_lr,cross_subject,94,0.844444
imagery_left_right_fist,riemann_ts_lr,cross_subject,95,0.466667
imagery_left_right_fist,riemann_ts_lr,cross_subject,96,0.577778
imagery_left_right_fist,riemann_ts_lr,cross_subject,97,0.577778
imagery_left_right_fist,riemann_ts_lr,cross_subject,98,0.533333
imagery_left_right_fist,riemann_ts_lr,cross_subject,99,0.577778
imagery_left_right_fist,riemann_ts_lr,cross_subject,100,0.472222
imagery_left_right_fist,riemann_ts_lr,cross_subject,101,0.466667
imagery_left_right_fist,riemann_ts_lr,cross_subject,102,0.595238
imagery_left_right_fist,riemann_ts_lr,cross_subject,103,0.555556
imagery_left_right_fist,riemann_ts_lr,cross_subject,104,0.452381
imagery_left_right_fist,riemann_ts_lr,cross_subject,105,0.555556
imagery_left_right_fist,riemann_ts_lr,cross_subject,106,0.622222
imagery_left_right_fist,riemann_ts_lr,cross_subject,107,0.533333
imagery_left_right_fist,riemann_ts_lr,cross_subject,108,0.688889
imagery_left_right_fist,riemann_ts_lr,cross_subject,109,0.511111
real_left_right_fist,csp_lda,pooled_random,1,0.644444
real_left_right_fist,csp_lda,pooled_random,2,0.733333
real_left_right_fist,csp_lda,pooled_random,3,0.622222
real_left_right_fist,csp_lda,pooled_random,4,0.466667
real_left_right_fist,csp_lda,pooled_random,5,0.511111
real_left_right_fist,csp_lda,pooled_random,6,0.555556
real_left_right_fist,csp_lda,pooled_random,7,0.8
real_left_right_fist,csp_lda,pooled_random,8,0.488889
real_left_right_fist,csp_lda,pooled_random,9,0.622222
real_left_right_fist,csp_lda,pooled_random,10,0.555556
real_left_right_fist,csp_lda,pooled_random,11,0.622222
real_left_right_fist,csp_lda,pooled_random,12,0.6
real_left_right_fist,csp_lda,pooled_random,13,0.555556
real_left_right_fist,csp_lda,pooled_random,14,0.511111
real_left_right_fist,csp_lda,pooled_random,15,0.6
real_left_right_fist,csp_lda,pooled_random,16,0.577778
real_left_right_fist,csp_lda,pooled_random,17,0.422222
real_left_right_fist,csp_lda,pooled_random,18,0.466667
real_left_right_fist,csp_lda,pooled_random,19,0.555556
real_left_right_fist,csp_lda,pooled_random,20,0.444444
real_left_right_fist,csp_lda,pooled_random,21,0.466667
real_left_right_fist,csp_lda,pooled_random,22,0.466667
real_left_right_fist,csp_lda,pooled_random,23,0.555556
real_left_right_fist,csp_lda,pooled_random,24,0.511111
real_left_right_fist,csp_lda,pooled_random,25,0.644444
real_left_right_fist,csp_lda,pooled_random,26,0.666667
real_left_right_fist,csp_lda,pooled_random,27,0.511111
real_left_right_fist,csp_lda,pooled_random,28,0.688889
real_left_right_fist,csp_lda,pooled_random,29,0.6
real_left_right_fist,csp_lda,pooled_random,30,0.466667
real_left_right_fist,csp_lda,pooled_random,31,0.511111
real_left_right_fist,csp_lda,pooled_random,32,0.555556
real_left_right_fist,csp_lda,pooled_random,33,0.466667
real_left_right_fist,csp_lda,pooled_random,34,0.52381
real_left_right_fist,csp_lda,pooled_random,35,0.666667
real_left_right_fist,csp_lda,pooled_random,36,0.488889
real_left_right_fist,csp_lda,pooled_random,37,0.5
real_left_right_fist,csp_lda,pooled_random,38,0.533333
real_left_right_fist,csp_lda,pooled_random,39,0.511111
real_left_right_fist,csp_lda,pooled_random,40,0.488889
real_left_right_fist,csp_lda,pooled_random,41,0.52381
real_left_right_fist,csp_lda,pooled_random,42,0.777778
real_left_right_fist,csp_lda,pooled_random,43,0.533333
real_left_right_fist,csp_lda,pooled_random,44,0.533333
real_left_right_fist,csp_lda,pooled_random,45,0.533333
real_left_right_fist,csp_lda,pooled_random,46,0.422222
real_left_right_fist,csp_lda,pooled_random,47,0.6
real_left_right_fist,csp_lda,pooled_random,48,0.6
real_left_right_fist,csp_lda,pooled_random,49,0.622222
real_left_right_fist,csp_lda,pooled_random,50,0.6
real_left_right_fist,csp_lda,pooled_random,51,0.52381
real_left_right_fist,csp_lda,pooled_random,52,0.6
real_left_right_fist,csp_lda,pooled_random,53,0.355556
real_left_right_fist,csp_lda,pooled_random,54,0.533333
real_left_right_fist,csp_lda,pooled_random,55,0.644444
real_left_right_fist,csp_lda,pooled_random,56,0.533333
real_left_right_fist,csp_lda,pooled_random,57,0.644444
real_left_right_fist,csp_lda,pooled_random,58,0.511111
real_left_right_fist,csp_lda,pooled_random,59,0.555556
real_left_right_fist,csp_lda,pooled_random,60,0.577778
real_left_right_fist,csp_lda,pooled_random,61,0.577778
real_left_right_fist,csp_lda,pooled_random,62,0.511111
real_left_right_fist,csp_lda,pooled_random,63,0.511111
real_left_right_fist,csp_lda,pooled_random,64,0.642857
real_left_right_fist,csp_lda,pooled_random,65,0.533333
real_left_right_fist,csp_lda,pooled_random,66,0.644444
real_left_right_fist,csp_lda,pooled_random,67,0.622222
real_left_right_fist,csp_lda,pooled_random,68,0.511111
real_left_right_fist,csp_lda,pooled_random,69,0.488889
real_left_right_fist,csp_lda,pooled_random,70,0.511111
real_left_right_fist,csp_lda,pooled_random,71,0.6
real_left_right_fist,csp_lda,pooled_random,72,0.666667
real_left_right_fist,csp_lda,pooled_random,73,0.571429
real_left_right_fist,csp_lda,pooled_random,74,0.571429
real_left_right_fist,csp_lda,pooled_random,75,0.466667
real_left_right_fist,csp_lda,pooled_random,76,0.595238
real_left_right_fist,csp_lda,pooled_random,77,0.577778
real_left_right_fist,csp_lda,pooled_random,78,0.555556
real_left_right_fist,csp_lda,pooled_random,79,0.577778
real_left_right_fist,csp_lda,pooled_random,80,0.644444
real_left_right_fist,csp_lda,pooled_random,81,0.666667
real_left_right_fist,csp_lda,pooled_random,82,0.488889
real_left_right_fist,csp_lda,pooled_random,83,0.622222
real_left_right_fist,csp_lda,pooled_random,84,0.533333
real_left_right_fist,csp_lda,pooled_random,85,0.488889
real_left_right_fist,csp_lda,pooled_random,86,0.511111
real_left_right_fist,csp_lda,pooled_random,87,0.533333
real_left_right_fist,csp_lda,pooled_random,88,0.631579
real_left_right_fist,csp_lda,pooled_random,89,0.519231
real_left_right_fist,csp_lda,pooled_random,90,0.555556
real_left_right_fist,csp_lda,pooled_random,91,0.577778
real_left_right_fist,csp_lda,pooled_random,92,0.561404
real_left_right_fist,csp_lda,pooled_random,93,0.6
real_left_right_fist,csp_lda,pooled_random,94,0.755556
real_left_right_fist,csp_lda,pooled_random,95,0.444444
real_left_right_fist,csp_lda,pooled_random,96,0.533333
real_left_right_fist,csp_lda,pooled_random,97,0.488889
real_left_right_fist,csp_lda,pooled_random,98,0.577778
real_left_right_fist,csp_lda,pooled_random,99,0.533333
real_left_right_fist,csp_lda,pooled_random,100,0.583333
real_left_right_fist,csp_lda,pooled_random,101,0.511111
real_left_right_fist,csp_lda,pooled_random,102,0.595238
real_left_right_fist,csp_lda,pooled_random,103,0.622222
real_left_right_fist,csp_lda,pooled_random,104,0.511111
real_left_right_fist,csp_lda,pooled_random,105,0.666667
real_left_right_fist,csp_lda,pooled_random,106,0.555556
real_left_right_fist,csp_lda,pooled_random,107,0.622222
real_left_right_fist,csp_lda,pooled_random,108,0.577778
real_left_right_fist,csp_lda,pooled_random,109,0.4
real_left_right_fist,csp_lda,within_subject,1,0.711111
real_left_right_fist,csp_lda,within_subject,2,0.488889
real_left_right_fist,csp_lda,within_subject,3,0.6
real_left_right_fist,csp_lda,within_subject,4,0.777778
real_left_right_fist,csp_lda,within_subject,5,0.755556
real_left_right_fist,csp_lda,within_subject,6,0.577778
real_left_right_fist,csp_lda,within_subject,7,1
real_left_right_fist,csp_lda,within_subject,8,0.533333
real_left_right_fist,csp_lda,within_subject,9,0.6
real_left_right_fist,csp_lda,within_subject,10,0.6
real_left_right_fist,csp_lda,within_subject,11,0.6
real_left_right_fist,csp_lda,within_subject,12,0.666667
real_left_right_fist,csp_lda,within_subject,13,0.644444
real_left_right_fist,csp_lda,within_subject,14,0.6
real_left_right_fist,csp_lda,within_subject,15,0.6
real_left_right_fist,csp_lda,within_subject,16,0.555556
real_left_right_fist,csp_lda,within_subject,17,0.466667
real_left_right_fist,csp_lda,within_subject,18,0.6
real_left_right_fist,csp_lda,within_subject,19,0.822222
real_left_right_fist,csp_lda,within_subject,20,0.511111
real_left_right_fist,csp_lda,within_subject,21,0.711111
real_left_right_fist,csp_lda,within_subject,22,0.711111
real_left_right_fist,csp_lda,within_subject,23,0.6
real_left_right_fist,csp_lda,within_subject,24,0.711111
real_left_right_fist,csp_lda,within_subject,25,0.644444
real_left_right_fist,csp_lda,within_subject,26,0.822222
real_left_right_fist,csp_lda,within_subject,27,0.511111
real_left_right_fist,csp_lda,within_subject,28,0.711111
real_left_right_fist,csp_lda,within_subject,29,0.8
real_left_right_fist,csp_lda,within_subject,30,0.6
real_left_right_fist,csp_lda,within_subject,31,0.777778
real_left_right_fist,csp_lda,within_subject,32,0.822222
real_left_right_fist,csp_lda,within_subject,33,0.622222
real_left_right_fist,csp_lda,within_subject,34,0.738095
real_left_right_fist,csp_lda,within_subject,35,0.688889
real_left_right_fist,csp_lda,within_subject,36,0.466667
real_left_right_fist,csp_lda,within_subject,37,0.52381
real_left_right_fist,csp_lda,within_subject,38,0.644444
real_left_right_fist,csp_lda,within_subject,39,0.688889
real_left_right_fist,csp_lda,within_subject,40,0.644444
real_left_right_fist,csp_lda,within_subject,41,0.547619
real_left_right_fist,csp_lda,within_subject,42,0.977778
real_left_right_fist,csp_lda,within_subject,43,0.622222
real_left_right_fist,csp_lda,within_subject,44,0.6
real_left_right_fist,csp_lda,within_subject,45,0.622222
real_left_right_fist,csp_lda,within_subject,46,0.933333
real_left_right_fist,csp_lda,within_subject,47,0.533333
real_left_right_fist,csp_lda,within_subject,48,0.933333
real_left_right_fist,csp_lda,within_subject,49,0.8
real_left_right_fist,csp_lda,within_subject,50,0.777778
real_left_right_fist,csp_lda,within_subject,51,0.857143
real_left_right_fist,csp_lda,within_subject,52,0.711111
real_left_right_fist,csp_lda,within_subject,53,0.822222
real_left_right_fist,csp_lda,within_subject,54,0.822222
real_left_right_fist,csp_lda,within_subject,55,0.8
real_left_right_fist,csp_lda,within_subject,56,0.844444
real_left_right_fist,csp_lda,within_subject,57,0.777778
real_left_right_fist,csp_lda,within_subject,58,0.533333
real_left_right_fist,csp_lda,within_subject,59,0.488889
real_left_right_fist,csp_lda,within_subject,60,0.777778
real_left_right_fist,csp_lda,within_subject,61,0.666667
real_left_right_fist,csp_lda,within_subject,62,0.488889
real_left_right_fist,csp_lda,within_subject,63,0.555556
real_left_right_fist,csp_lda,within_subject,64,0.857143
real_left_right_fist,csp_lda,within_subject,65,0.666667
real_left_right_fist,csp_lda,within_subject,66,0.488889
real_left_right_fist,csp_lda,within_subject,67,0.466667
real_left_right_fist,csp_lda,within_subject,68,0.511111
real_left_right_fist,csp_lda,within_subject,69,0.711111
real_left_right_fist,csp_lda,within_subject,70,0.733333
real_left_right_fist,csp_lda,within_subject,71,0.488889
real_left_right_fist,csp_lda,within_subject,72,0.619048
real_left_right_fist,csp_lda,within_subject,73,0.47619
real_left_right_fist,csp_lda,within_subject,74,0.52381
real_left_right_fist,csp_lda,within_subject,75,0.622222
real_left_right_fist,csp_lda,within_subject,76,0.738095
real_left_right_fist,csp_lda,within_subject,77,0.511111
real_left_right_fist,csp_lda,within_subject,78,0.511111
real_left_right_fist,csp_lda,within_subject,79,0.622222
real_left_right_fist,csp_lda,within_subject,80,0.6
real_left_right_fist,csp_lda,within_subject,81,0.644444
real_left_right_fist,csp_lda,within_subject,82,0.688889
real_left_right_fist,csp_lda,within_subject,83,0.844444
real_left_right_fist,csp_lda,within_subject,84,0.511111
real_left_right_fist,csp_lda,within_subject,85,0.555556
real_left_right_fist,csp_lda,within_subject,86,0.533333
real_left_right_fist,csp_lda,within_subject,87,0.6
real_left_right_fist,csp_lda,within_subject,88,0.578947
real_left_right_fist,csp_lda,within_subject,89,0.576923
real_left_right_fist,csp_lda,within_subject,90,0.733333
real_left_right_fist,csp_lda,within_subject,91,0.755556
real_left_right_fist,csp_lda,within_subject,92,0.754386
real_left_right_fist,csp_lda,within_subject,93,0.622222
real_left_right_fist,csp_lda,within_subject,94,0.933333
real_left_right_fist,csp_lda,within_subject,95,0.488889
real_left_right_fist,csp_lda,within_subject,96,0.622222
real_left_right_fist,csp_lda,within_subject,97,0.6
real_left_right_fist,csp_lda,within_subject,98,0.6
real_left_right_fist,csp_lda,within_subject,99,0.622222
real_left_right_fist,csp_lda,within_subject,100,0.527778
real_left_right_fist,csp_lda,within_subject,101,0.555556
real_left_right_fist,csp_lda,within_subject,102,0.738095
real_left_right_fist,csp_lda,within_subject,103,0.555556
real_left_right_fist,csp_lda,within_subject,104,0.755556
real_left_right_fist,csp_lda,within_subject,105,0.666667
real_left_right_fist,csp_lda,within_subject,106,0.577778
real_left_right_fist,csp_lda,within_subject,107,0.533333
real_left_right_fist,csp_lda,within_subject,108,0.622222
real_left_right_fist,csp_lda,within_subject,109,0.688889
real_left_right_fist,csp_lda,cross_subject,1,0.644444
real_left_right_fist,csp_lda,cross_subject,2,0.6
real_left_right_fist,csp_lda,cross_subject,3,0.444444
real_left_right_fist,csp_lda,cross_subject,4,0.511111
real_left_right_fist,csp_lda,cross_subject,5,0.511111
real_left_right_fist,csp_lda,cross_subject,6,0.622222
real_left_right_fist,csp_lda,cross_subject,7,0.711111
real_left_right_fist,csp_lda,cross_subject,8,0.377778
real_left_right_fist,csp_lda,cross_subject,9,0.644444
real_left_right_fist,csp_lda,cross_subject,10,0.533333
real_left_right_fist,csp_lda,cross_subject,11,0.511111
real_left_right_fist,csp_lda,cross_subject,12,0.666667
real_left_right_fist,csp_lda,cross_subject,13,0.622222
real_left_right_fist,csp_lda,cross_subject,14,0.533333
real_left_right_fist,csp_lda,cross_subject,15,0.711111
real_left_right_fist,csp_lda,cross_subject,16,0.622222
real_left_right_fist,csp_lda,cross_subject,17,0.533333
real_left_right_fist,csp_lda,cross_subject,18,0.577778
real_left_right_fist,csp_lda,cross_subject,19,0.8
real_left_right_fist,csp_lda,cross_subject,20,0.511111
real_left_right_fist,csp_lda,cross_subject,21,0.577778
real_left_right_fist,csp_lda,cross_subject,22,0.511111
real_left_right_fist,csp_lda,cross_subject,23,0.577778
real_left_right_fist,csp_lda,cross_subject,24,0.555556
real_left_right_fist,csp_lda,cross_subject,25,0.777778
real_left_right_fist,csp_lda,cross_subject,26,0.644444
real_left_right_fist,csp_lda,cross_subject,27,0.577778
real_left_right_fist,csp_lda,cross_subject,28,0.577778
real_left_right_fist,csp_lda,cross_subject,29,0.511111
real_left_right_fist,csp_lda,cross_subject,30,0.511111
real_left_right_fist,csp_lda,cross_subject,31,0.511111
real_left_right_fist,csp_lda,cross_subject,32,0.488889
real_left_right_fist,csp_lda,cross_subject,33,0.466667
real_left_right_fist,csp_lda,cross_subject,34,0.547619
real_left_right_fist,csp_lda,cross_subject,35,0.755556
real_left_right_fist,csp_lda,cross_subject,36,0.533333
real_left_right_fist,csp_lda,cross_subject,37,0.5
real_left_right_fist,csp_lda,cross_subject,38,0.533333
real_left_right_fist,csp_lda,cross_subject,39,0.511111
real_left_right_fist,csp_lda,cross_subject,40,0.511111
real_left_right_fist,csp_lda,cross_subject,41,0.5
real_left_right_fist,csp_lda,cross_subject,42,0.866667
real_left_right_fist,csp_lda,cross_subject,43,0.533333
real_left_right_fist,csp_lda,cross_subject,44,0.577778
real_left_right_fist,csp_lda,cross_subject,45,0.6
real_left_right_fist,csp_lda,cross_subject,46,0.444444
real_left_right_fist,csp_lda,cross_subject,47,0.733333
real_left_right_fist,csp_lda,cross_subject,48,0.688889
real_left_right_fist,csp_lda,cross_subject,49,0.755556
real_left_right_fist,csp_lda,cross_subject,50,0.733333
real_left_right_fist,csp_lda,cross_subject,51,0.547619
real_left_right_fist,csp_lda,cross_subject,52,0.711111
real_left_right_fist,csp_lda,cross_subject,53,0.6
real_left_right_fist,csp_lda,cross_subject,54,0.555556
real_left_right_fist,csp_lda,cross_subject,55,0.777778
real_left_right_fist,csp_lda,cross_subject,56,0.488889
real_left_right_fist,csp_lda,cross_subject,57,0.488889
real_left_right_fist,csp_lda,cross_subject,58,0.6
real_left_right_fist,csp_lda,cross_subject,59,0.4
real_left_right_fist,csp_lda,cross_subject,60,0.644444
real_left_right_fist,csp_lda,cross_subject,61,0.688889
real_left_right_fist,csp_lda,cross_subject,62,0.555556
real_left_right_fist,csp_lda,cross_subject,63,0.488889
real_left_right_fist,csp_lda,cross_subject,64,0.642857
real_left_right_fist,csp_lda,cross_subject,65,0.622222
real_left_right_fist,csp_lda,cross_subject,66,0.844444
real_left_right_fist,csp_lda,cross_subject,67,0.622222
real_left_right_fist,csp_lda,cross_subject,68,0.511111
real_left_right_fist,csp_lda,cross_subject,69,0.533333
real_left_right_fist,csp_lda,cross_subject,70,0.555556
real_left_right_fist,csp_lda,cross_subject,71,0.577778
real_left_right_fist,csp_lda,cross_subject,72,0.5
real_left_right_fist,csp_lda,cross_subject,73,0.642857
real_left_right_fist,csp_lda,cross_subject,74,0.547619
real_left_right_fist,csp_lda,cross_subject,75,0.644444
real_left_right_fist,csp_lda,cross_subject,76,0.642857
real_left_right_fist,csp_lda,cross_subject,77,0.644444
real_left_right_fist,csp_lda,cross_subject,78,0.533333
real_left_right_fist,csp_lda,cross_subject,79,0.733333
real_left_right_fist,csp_lda,cross_subject,80,0.6
real_left_right_fist,csp_lda,cross_subject,81,0.488889
real_left_right_fist,csp_lda,cross_subject,82,0.555556
real_left_right_fist,csp_lda,cross_subject,83,0.822222
real_left_right_fist,csp_lda,cross_subject,84,0.511111
real_left_right_fist,csp_lda,cross_subject,85,0.644444
real_left_right_fist,csp_lda,cross_subject,86,0.511111
real_left_right_fist,csp_lda,cross_subject,87,0.555556
real_left_right_fist,csp_lda,cross_subject,88,0.807018
real_left_right_fist,csp_lda,cross_subject,89,0.557692
real_left_right_fist,csp_lda,cross_subject,90,0.6
real_left_right_fist,csp_lda,cross_subject,91,0.688889
real_left_right_fist,csp_lda,cross_subject,92,0.701754
real_left_right_fist,csp_lda,cross_subject,93,0.555556
real_left_right_fist,csp_lda,cross_subject,94,0.755556
real_left_right_fist,csp_lda,cross_subject,95,0.533333
real_left_right_fist,csp_lda,cross_subject,96,0.511111
real_left_right_fist,csp_lda,cross_subject,97,0.488889
real_left_right_fist,csp_lda,cross_subject,98,0.644444
real_left_right_fist,csp_lda,cross_subject,99,0.488889
real_left_right_fist,csp_lda,cross_subject,100,0.527778
real_left_right_fist,csp_lda,cross_subject,101,0.466667
real_left_right_fist,csp_lda,cross_subject,102,0.595238
real_left_right_fist,csp_lda,cross_subject,103,0.6
real_left_right_fist,csp_lda,cross_subject,104,0.555556
real_left_right_fist,csp_lda,cross_subject,105,0.711111
real_left_right_fist,csp_lda,cross_subject,106,0.533333
real_left_right_fist,csp_lda,cross_subject,107,0.733333
real_left_right_fist,csp_lda,cross_subject,108,0.711111
real_left_right_fist,csp_lda,cross_subject,109,0.488889
real_left_right_fist,riemann_ts_lr,pooled_random,1,0.777778
real_left_right_fist,riemann_ts_lr,pooled_random,2,0.688889
real_left_right_fist,riemann_ts_lr,pooled_random,3,0.622222
real_left_right_fist,riemann_ts_lr,pooled_random,4,0.822222
real_left_right_fist,riemann_ts_lr,pooled_random,5,0.644444
real_left_right_fist,riemann_ts_lr,pooled_random,6,0.6
real_left_right_fist,riemann_ts_lr,pooled_random,7,0.955556
real_left_right_fist,riemann_ts_lr,pooled_random,8,0.488889
real_left_right_fist,riemann_ts_lr,pooled_random,9,0.733333
real_left_right_fist,riemann_ts_lr,pooled_random,10,0.822222
real_left_right_fist,riemann_ts_lr,pooled_random,11,0.422222
real_left_right_fist,riemann_ts_lr,pooled_random,12,0.711111
real_left_right_fist,riemann_ts_lr,pooled_random,13,0.911111
real_left_right_fist,riemann_ts_lr,pooled_random,14,0.644444
real_left_right_fist,riemann_ts_lr,pooled_random,15,0.733333
real_left_right_fist,riemann_ts_lr,pooled_random,16,0.733333
real_left_right_fist,riemann_ts_lr,pooled_random,17,0.644444
real_left_right_fist,riemann_ts_lr,pooled_random,18,0.866667
real_left_right_fist,riemann_ts_lr,pooled_random,19,0.911111
real_left_right_fist,riemann_ts_lr,pooled_random,20,0.666667
real_left_right_fist,riemann_ts_lr,pooled_random,21,0.8
real_left_right_fist,riemann_ts_lr,pooled_random,22,0.844444
real_left_right_fist,riemann_ts_lr,pooled_random,23,0.711111
real_left_right_fist,riemann_ts_lr,pooled_random,24,0.733333
real_left_right_fist,riemann_ts_lr,pooled_random,25,0.8
real_left_right_fist,riemann_ts_lr,pooled_random,26,0.911111
real_left_right_fist,riemann_ts_lr,pooled_random,27,0.711111
real_left_right_fist,riemann_ts_lr,pooled_random,28,0.688889
real_left_right_fist,riemann_ts_lr,pooled_random,29,0.733333
real_left_right_fist,riemann_ts_lr,pooled_random,30,0.6
real_left_right_fist,riemann_ts_lr,pooled_random,31,0.8
real_left_right_fist,riemann_ts_lr,pooled_random,32,0.933333
real_left_right_fist,riemann_ts_lr,pooled_random,33,0.711111
real_left_right_fist,riemann_ts_lr,pooled_random,34,0.714286
real_left_right_fist,riemann_ts_lr,pooled_random,35,0.822222
real_left_right_fist,riemann_ts_lr,pooled_random,36,0.666667
real_left_right_fist,riemann_ts_lr,pooled_random,37,0.714286
real_left_right_fist,riemann_ts_lr,pooled_random,38,0.355556
real_left_right_fist,riemann_ts_lr,pooled_random,39,0.688889
real_left_right_fist,riemann_ts_lr,pooled_random,40,0.755556
real_left_right_fist,riemann_ts_lr,pooled_random,41,0.761905
real_left_right_fist,riemann_ts_lr,pooled_random,42,0.866667
real_left_right_fist,riemann_ts_lr,pooled_random,43,0.733333
real_left_right_fist,riemann_ts_lr,pooled_random,44,0.844444
real_left_right_fist,riemann_ts_lr,pooled_random,45,0.777778
real_left_right_fist,riemann_ts_lr,pooled_random,46,0.377778
real_left_right_fist,riemann_ts_lr,pooled_random,47,0.577778
real_left_right_fist,riemann_ts_lr,pooled_random,48,0.822222
real_left_right_fist,riemann_ts_lr,pooled_random,49,0.888889
real_left_right_fist,riemann_ts_lr,pooled_random,50,0.8
real_left_right_fist,riemann_ts_lr,pooled_random,51,0.785714
real_left_right_fist,riemann_ts_lr,pooled_random,52,0.577778
real_left_right_fist,riemann_ts_lr,pooled_random,53,0.422222
real_left_right_fist,riemann_ts_lr,pooled_random,54,0.8
real_left_right_fist,riemann_ts_lr,pooled_random,55,0.844444
real_left_right_fist,riemann_ts_lr,pooled_random,56,0.822222
real_left_right_fist,riemann_ts_lr,pooled_random,57,0.844444
real_left_right_fist,riemann_ts_lr,pooled_random,58,0.6
real_left_right_fist,riemann_ts_lr,pooled_random,59,0.644444
real_left_right_fist,riemann_ts_lr,pooled_random,60,0.733333
real_left_right_fist,riemann_ts_lr,pooled_random,61,0.822222
real_left_right_fist,riemann_ts_lr,pooled_random,62,0.733333
real_left_right_fist,riemann_ts_lr,pooled_random,63,0.711111
real_left_right_fist,riemann_ts_lr,pooled_random,64,0.738095
real_left_right_fist,riemann_ts_lr,pooled_random,65,0.755556
real_left_right_fist,riemann_ts_lr,pooled_random,66,0.777778
real_left_right_fist,riemann_ts_lr,pooled_random,67,0.555556
real_left_right_fist,riemann_ts_lr,pooled_random,68,0.644444
real_left_right_fist,riemann_ts_lr,pooled_random,69,0.711111
real_left_right_fist,riemann_ts_lr,pooled_random,70,0.622222
real_left_right_fist,riemann_ts_lr,pooled_random,71,0.733333
real_left_right_fist,riemann_ts_lr,pooled_random,72,0.738095
real_left_right_fist,riemann_ts_lr,pooled_random,73,0.690476
real_left_right_fist,riemann_ts_lr,pooled_random,74,0.785714
real_left_right_fist,riemann_ts_lr,pooled_random,75,0.444444
real_left_right_fist,riemann_ts_lr,pooled_random,76,0.738095
real_left_right_fist,riemann_ts_lr,pooled_random,77,0.555556
real_left_right_fist,riemann_ts_lr,pooled_random,78,0.688889
real_left_right_fist,riemann_ts_lr,pooled_random,79,0.644444
real_left_right_fist,riemann_ts_lr,pooled_random,80,0.666667
real_left_right_fist,riemann_ts_lr,pooled_random,81,0.688889
real_left_right_fist,riemann_ts_lr,pooled_random,82,0.688889
real_left_right_fist,riemann_ts_lr,pooled_random,83,0.844444
real_left_right_fist,riemann_ts_lr,pooled_random,84,0.488889
real_left_right_fist,riemann_ts_lr,pooled_random,85,0.688889
real_left_right_fist,riemann_ts_lr,pooled_random,86,0.755556
real_left_right_fist,riemann_ts_lr,pooled_random,87,0.666667
real_left_right_fist,riemann_ts_lr,pooled_random,88,0.649123
real_left_right_fist,riemann_ts_lr,pooled_random,89,0.807692
real_left_right_fist,riemann_ts_lr,pooled_random,90,0.8
real_left_right_fist,riemann_ts_lr,pooled_random,91,0.888889
real_left_right_fist,riemann_ts_lr,pooled_random,92,0.649123
real_left_right_fist,riemann_ts_lr,pooled_random,93,0.777778
real_left_right_fist,riemann_ts_lr,pooled_random,94,0.8
real_left_right_fist,riemann_ts_lr,pooled_random,95,0.644444
real_left_right_fist,riemann_ts_lr,pooled_random,96,0.777778
real_left_right_fist,riemann_ts_lr,pooled_random,97,0.622222
real_left_right_fist,riemann_ts_lr,pooled_random,98,0.533333
real_left_right_fist,riemann_ts_lr,pooled_random,99,0.666667
real_left_right_fist,riemann_ts_lr,pooled_random,100,0.583333
real_left_right_fist,riemann_ts_lr,pooled_random,101,0.577778
real_left_right_fist,riemann_ts_lr,pooled_random,102,0.761905
real_left_right_fist,riemann_ts_lr,pooled_random,103,0.666667
real_left_right_fist,riemann_ts_lr,pooled_random,104,0.644444
real_left_right_fist,riemann_ts_lr,pooled_random,105,0.933333
real_left_right_fist,riemann_ts_lr,pooled_random,106,0.622222
real_left_right_fist,riemann_ts_lr,pooled_random,107,0.644444
real_left_right_fist,riemann_ts_lr,pooled_random,108,0.8
real_left_right_fist,riemann_ts_lr,pooled_random,109,0.733333
real_left_right_fist,riemann_ts_lr,within_subject,1,0.666667
real_left_right_fist,riemann_ts_lr,within_subject,2,0.777778
real_left_right_fist,riemann_ts_lr,within_subject,3,0.688889
real_left_right_fist,riemann_ts_lr,within_subject,4,0.733333
real_left_right_fist,riemann_ts_lr,within_subject,5,0.688889
real_left_right_fist,riemann_ts_lr,within_subject,6,0.577778
real_left_right_fist,riemann_ts_lr,within_subject,7,0.955556
real_left_right_fist,riemann_ts_lr,within_subject,8,0.711111
real_left_right_fist,riemann_ts_lr,within_subject,9,0.6
real_left_right_fist,riemann_ts_lr,within_subject,10,0.622222
real_left_right_fist,riemann_ts_lr,within_subject,11,0.644444
real_left_right_fist,riemann_ts_lr,within_subject,12,0.777778
real_left_right_fist,riemann_ts_lr,within_subject,13,0.688889
real_left_right_fist,riemann_ts_lr,within_subject,14,0.688889
real_left_right_fist,riemann_ts_lr,within_subject,15,0.777778
real_left_right_fist,riemann_ts_lr,within_subject,16,0.622222
real_left_right_fist,riemann_ts_lr,within_subject,17,0.466667
real_left_right_fist,riemann_ts_lr,within_subject,18,0.6
real_left_right_fist,riemann_ts_lr,within_subject,19,0.8
real_left_right_fist,riemann_ts_lr,within_subject,20,0.644444
real_left_right_fist,riemann_ts_lr,within_subject,21,0.733333
real_left_right_fist,riemann_ts_lr,within_subject,22,0.711111
real_left_right_fist,riemann_ts_lr,within_subject,23,0.666667
real_left_right_fist,riemann_ts_lr,within_subject,24,0.711111
real_left_right_fist,riemann_ts_lr,within_subject,25,0.733333
real_left_right_fist,riemann_ts_lr,within_subject,26,0.888889
real_left_right_fist,riemann_ts_lr,within_subject,27,0.511111
real_left_right_fist,riemann_ts_lr,within_subject,28,0.577778
real_left_right_fist,riemann_ts_lr,within_subject,29,0.822222
real_left_right_fist,riemann_ts_lr,within_subject,30,0.8
real_left_right_fist,riemann_ts_lr,within_subject,31,0.755556
real_left_right_fist,riemann_ts_lr,within_subject,32,0.822222
real_left_right_fist,riemann_ts_lr,within_subject,33,0.733333
real_left_right_fist,riemann_ts_lr,within_subject,34,0.690476
real_left_right_fist,riemann_ts_lr,within_subject,35,0.8
real_left_right_fist,riemann_ts_lr,within_subject,36,0.577778
real_left_right_fist,riemann_ts_lr,within_subject,37,0.666667
real_left_right_fist,riemann_ts_lr,within_subject,38,0.577778
real_left_right_fist,riemann_ts_lr,within_subject,39,0.733333
real_left_right_fist,riemann_ts_lr,within_subject,40,0.644444
real_left_right_fist,riemann_ts_lr,within_subject,41,0.547619
real_left_right_fist,riemann_ts_lr,within_subject,42,0.955556
real_left_right_fist,riemann_ts_lr,within_subject,43,0.755556
real_left_right_fist,riemann_ts_lr,within_subject,44,0.822222
real_left_right_fist,riemann_ts_lr,within_subject,45,0.6
real_left_right_fist,riemann_ts_lr,within_subject,46,0.955556
real_left_right_fist,riemann_ts_lr,within_subject,47,0.577778
real_left_right_fist,riemann_ts_lr,within_subject,48,0.933333
real_left_right_fist,riemann_ts_lr,within_subject,49,0.733333
real_left_right_fist,riemann_ts_lr,within_subject,50,0.933333
real_left_right_fist,riemann_ts_lr,within_subject,51,0.690476
real_left_right_fist,riemann_ts_lr,within_subject,52,0.755556
real_left_right_fist,riemann_ts_lr,within_subject,53,0.888889
real_left_right_fist,riemann_ts_lr,within_subject,54,0.933333
real_left_right_fist,riemann_ts_lr,within_subject,55,0.733333
real_left_right_fist,riemann_ts_lr,within_subject,56,0.711111
real_left_right_fist,riemann_ts_lr,within_subject,57,0.822222
real_left_right_fist,riemann_ts_lr,within_subject,58,0.577778
real_left_right_fist,riemann_ts_lr,within_subject,59,0.622222
real_left_right_fist,riemann_ts_lr,within_subject,60,0.688889
real_left_right_fist,riemann_ts_lr,within_subject,61,0.911111
real_left_right_fist,riemann_ts_lr,within_subject,62,0.577778
real_left_right_fist,riemann_ts_lr,within_subject,63,0.511111
real_left_right_fist,riemann_ts_lr,within_subject,64,0.809524
real_left_right_fist,riemann_ts_lr,within_subject,65,0.6
real_left_right_fist,riemann_ts_lr,within_subject,66,0.666667
real_left_right_fist,riemann_ts_lr,within_subject,67,0.555556
real_left_right_fist,riemann_ts_lr,within_subject,68,0.555556
real_left_right_fist,riemann_ts_lr,within_subject,69,0.644444
real_left_right_fist,riemann_ts_lr,within_subject,70,0.755556
real_left_right_fist,riemann_ts_lr,within_subject,71,0.6
real_left_right_fist,riemann_ts_lr,within_subject,72,0.690476
real_left_right_fist,riemann_ts_lr,within_subject,73,0.619048
real_left_right_fist,riemann_ts_lr,within_subject,74,0.761905
real_left_right_fist,riemann_ts_lr,within_subject,75,0.555556
real_left_right_fist,riemann_ts_lr,within_subject,76,0.928571
real_left_right_fist,riemann_ts_lr,within_subject,77,0.622222
real_left_right_fist,riemann_ts_lr,within_subject,78,0.533333
real_left_right_fist,riemann_ts_lr,within_subject,79,0.777778
real_left_right_fist,riemann_ts_lr,within_subject,80,0.488889
real_left_right_fist,riemann_ts_lr,within_subject,81,0.777778
real_left_right_fist,riemann_ts_lr,within_subject,82,0.844444
real_left_right_fist,riemann_ts_lr,within_subject,83,0.8
real_left_right_fist,riemann_ts_lr,within_subject,84,0.488889
real_left_right_fist,riemann_ts_lr,within_subject,85,0.688889
real_left_right_fist,riemann_ts_lr,within_subject,86,0.711111
real_left_right_fist,riemann_ts_lr,within_subject,87,0.622222
real_left_right_fist,riemann_ts_lr,within_subject,88,0.614035
real_left_right_fist,riemann_ts_lr,within_subject,89,0.615385
real_left_right_fist,riemann_ts_lr,within_subject,90,0.733333
real_left_right_fist,riemann_ts_lr,within_subject,91,0.777778
real_left_right_fist,riemann_ts_lr,within_subject,92,0.789474
real_left_right_fist,riemann_ts_lr,within_subject,93,0.666667
real_left_right_fist,riemann_ts_lr,within_subject,94,0.8
real_left_right_fist,riemann_ts_lr,within_subject,95,0.511111
real_left_right_fist,riemann_ts_lr,within_subject,96,0.822222
real_left_right_fist,riemann_ts_lr,within_subject,97,0.755556
real_left_right_fist,riemann_ts_lr,within_subject,98,0.6
real_left_right_fist,riemann_ts_lr,within_subject,99,0.622222
real_left_right_fist,riemann_ts_lr,within_subject,100,0.444444
real_left_right_fist,riemann_ts_lr,within_subject,101,0.533333
real_left_right_fist,riemann_ts_lr,within_subject,102,0.666667
real_left_right_fist,riemann_ts_lr,within_subject,103,0.622222
real_left_right_fist,riemann_ts_lr,within_subject,104,0.644444
real_left_right_fist,riemann_ts_lr,within_subject,105,0.888889
real_left_right_fist,riemann_ts_lr,within_subject,106,0.444444
real_left_right_fist,riemann_ts_lr,within_subject,107,0.577778
real_left_right_fist,riemann_ts_lr,within_subject,108,0.688889
real_left_right_fist,riemann_ts_lr,within_subject,109,0.644444
real_left_right_fist,riemann_ts_lr,cross_subject,1,0.622222
real_left_right_fist,riemann_ts_lr,cross_subject,2,0.711111
real_left_right_fist,riemann_ts_lr,cross_subject,3,0.6
real_left_right_fist,riemann_ts_lr,cross_subject,4,0.577778
real_left_right_fist,riemann_ts_lr,cross_subject,5,0.622222
real_left_right_fist,riemann_ts_lr,cross_subject,6,0.488889
real_left_right_fist,riemann_ts_lr,cross_subject,7,0.511111
real_left_right_fist,riemann_ts_lr,cross_subject,8,0.533333
real_left_right_fist,riemann_ts_lr,cross_subject,9,0.688889
real_left_right_fist,riemann_ts_lr,cross_subject,10,0.8
real_left_right_fist,riemann_ts_lr,cross_subject,11,0.555556
real_left_right_fist,riemann_ts_lr,cross_subject,12,0.533333
real_left_right_fist,riemann_ts_lr,cross_subject,13,0.822222
real_left_right_fist,riemann_ts_lr,cross_subject,14,0.622222
real_left_right_fist,riemann_ts_lr,cross_subject,15,0.733333
real_left_right_fist,riemann_ts_lr,cross_subject,16,0.777778
real_left_right_fist,riemann_ts_lr,cross_subject,17,0.533333
real_left_right_fist,riemann_ts_lr,cross_subject,18,0.711111
real_left_right_fist,riemann_ts_lr,cross_subject,19,0.755556
real_left_right_fist,riemann_ts_lr,cross_subject,20,0.533333
real_left_right_fist,riemann_ts_lr,cross_subject,21,0.577778
real_left_right_fist,riemann_ts_lr,cross_subject,22,0.511111
real_left_right_fist,riemann_ts_lr,cross_subject,23,0.622222
real_left_right_fist,riemann_ts_lr,cross_subject,24,0.577778
real_left_right_fist,riemann_ts_lr,cross_subject,25,0.711111
real_left_right_fist,riemann_ts_lr,cross_subject,26,0.644444
real_left_right_fist,riemann_ts_lr,cross_subject,27,0.533333
real_left_right_fist,riemann_ts_lr,cross_subject,28,0.555556
real_left_right_fist,riemann_ts_lr,cross_subject,29,0.622222
real_left_right_fist,riemann_ts_lr,cross_subject,30,0.666667
real_left_right_fist,riemann_ts_lr,cross_subject,31,0.866667
real_left_right_fist,riemann_ts_lr,cross_subject,32,0.866667
real_left_right_fist,riemann_ts_lr,cross_subject,33,0.666667
real_left_right_fist,riemann_ts_lr,cross_subject,34,0.595238
real_left_right_fist,riemann_ts_lr,cross_subject,35,0.8
real_left_right_fist,riemann_ts_lr,cross_subject,36,0.755556
real_left_right_fist,riemann_ts_lr,cross_subject,37,0.5
real_left_right_fist,riemann_ts_lr,cross_subject,38,0.422222
real_left_right_fist,riemann_ts_lr,cross_subject,39,0.666667
real_left_right_fist,riemann_ts_lr,cross_subject,40,0.511111
real_left_right_fist,riemann_ts_lr,cross_subject,41,0.785714
real_left_right_fist,riemann_ts_lr,cross_subject,42,0.955556
real_left_right_fist,riemann_ts_lr,cross_subject,43,0.6
real_left_right_fist,riemann_ts_lr,cross_subject,44,0.733333
real_left_right_fist,riemann_ts_lr,cross_subject,45,0.666667
real_left_right_fist,riemann_ts_lr,cross_subject,46,0.444444
real_left_right_fist,riemann_ts_lr,cross_subject,47,0.6
real_left_right_fist,riemann_ts_lr,cross_subject,48,0.844444
real_left_right_fist,riemann_ts_lr,cross_subject,49,0.822222
real_left_right_fist,riemann_ts_lr,cross_subject,50,0.844444
real_left_right_fist,riemann_ts_lr,cross_subject,51,0.547619
real_left_right_fist,riemann_ts_lr,cross_subject,52,0.6
real_left_right_fist,riemann_ts_lr,cross_subject,53,0.444444
real_left_right_fist,riemann_ts_lr,cross_subject,54,0.533333
real_left_right_fist,riemann_ts_lr,cross_subject,55,0.866667
real_left_right_fist,riemann_ts_lr,cross_subject,56,0.822222
real_left_right_fist,riemann_ts_lr,cross_subject,57,0.688889
real_left_right_fist,riemann_ts_lr,cross_subject,58,0.511111
real_left_right_fist,riemann_ts_lr,cross_subject,59,0.488889
real_left_right_fist,riemann_ts_lr,cross_subject,60,0.733333
real_left_right_fist,riemann_ts_lr,cross_subject,61,0.844444
real_left_right_fist,riemann_ts_lr,cross_subject,62,0.644444
real_left_right_fist,riemann_ts_lr,cross_subject,63,0.555556
real_left_right_fist,riemann_ts_lr,cross_subject,64,0.738095
real_left_right_fist,riemann_ts_lr,cross_subject,65,0.688889
real_left_right_fist,riemann_ts_lr,cross_subject,66,0.733333
real_left_right_fist,riemann_ts_lr,cross_subject,67,0.622222
real_left_right_fist,riemann_ts_lr,cross_subject,68,0.533333
real_left_right_fist,riemann_ts_lr,cross_subject,69,0.777778
real_left_right_fist,riemann_ts_lr,cross_subject,70,0.577778
real_left_right_fist,riemann_ts_lr,cross_subject,71,0.711111
real_left_right_fist,riemann_ts_lr,cross_subject,72,0.738095
real_left_right_fist,riemann_ts_lr,cross_subject,73,0.642857
real_left_right_fist,riemann_ts_lr,cross_subject,74,0.5
real_left_right_fist,riemann_ts_lr,cross_subject,75,0.466667
real_left_right_fist,riemann_ts_lr,cross_subject,76,0.5
real_left_right_fist,riemann_ts_lr,cross_subject,77,0.533333
real_left_right_fist,riemann_ts_lr,cross_subject,78,0.577778
real_left_right_fist,riemann_ts_lr,cross_subject,79,0.644444
real_left_right_fist,riemann_ts_lr,cross_subject,80,0.622222
real_left_right_fist,riemann_ts_lr,cross_subject,81,0.488889
real_left_right_fist,riemann_ts_lr,cross_subject,82,0.666667
real_left_right_fist,riemann_ts_lr,cross_subject,83,0.755556
real_left_right_fist,riemann_ts_lr,cross_subject,84,0.511111
real_left_right_fist,riemann_ts_lr,cross_subject,85,0.666667
real_left_right_fist,riemann_ts_lr,cross_subject,86,0.8
real_left_right_fist,riemann_ts_lr,cross_subject,87,0.644444
real_left_right_fist,riemann_ts_lr,cross_subject,88,0.649123
real_left_right_fist,riemann_ts_lr,cross_subject,89,0.634615
real_left_right_fist,riemann_ts_lr,cross_subject,90,0.777778
real_left_right_fist,riemann_ts_lr,cross_subject,91,0.688889
real_left_right_fist,riemann_ts_lr,cross_subject,92,0.614035
real_left_right_fist,riemann_ts_lr,cross_subject,93,0.755556
real_left_right_fist,riemann_ts_lr,cross_subject,94,0.733333
real_left_right_fist,riemann_ts_lr,cross_subject,95,0.533333
real_left_right_fist,riemann_ts_lr,cross_subject,96,0.8
real_left_right_fist,riemann_ts_lr,cross_subject,97,0.688889
real_left_right_fist,riemann_ts_lr,cross_subject,98,0.555556
real_left_right_fist,riemann_ts_lr,cross_subject,99,0.577778
real_left_right_fist,riemann_ts_lr,cross_subject,100,0.638889
real_left_right_fist,riemann_ts_lr,cross_subject,101,0.555556
real_left_right_fist,riemann_ts_lr,cross_subject,102,0.5
real_left_right_fist,riemann_ts_lr,cross_subject,103,0.711111
real_left_right_fist,riemann_ts_lr,cross_subject,104,0.577778
real_left_right_fist,riemann_ts_lr,cross_subject,105,0.933333
real_left_right_fist,riemann_ts_lr,cross_subject,106,0.622222
real_left_right_fist,riemann_ts_lr,cross_subject,107,0.577778
real_left_right_fist,riemann_ts_lr,cross_subject,108,0.733333
real_left_right_fist,riemann_ts_lr,cross_subject,109,0.577778
imagery_fists_feet,csp_lda,pooled_random,1,0.777778
imagery_fists_feet,csp_lda,pooled_random,2,0.777778
imagery_fists_feet,csp_lda,pooled_random,3,0.488889
imagery_fists_feet,csp_lda,pooled_random,4,0.6
imagery_fists_feet,csp_lda,pooled_random,5,0.555556
imagery_fists_feet,csp_lda,pooled_random,6,0.488889
imagery_fists_feet,csp_lda,pooled_random,7,0.822222
imagery_fists_feet,csp_lda,pooled_random,8,0.688889
imagery_fists_feet,csp_lda,pooled_random,9,0.488889
imagery_fists_feet,csp_lda,pooled_random,10,0.688889
imagery_fists_feet,csp_lda,pooled_random,11,0.533333
imagery_fists_feet,csp_lda,pooled_random,12,0.555556
imagery_fists_feet,csp_lda,pooled_random,13,0.688889
imagery_fists_feet,csp_lda,pooled_random,14,0.555556
imagery_fists_feet,csp_lda,pooled_random,15,0.866667
imagery_fists_feet,csp_lda,pooled_random,16,0.422222
imagery_fists_feet,csp_lda,pooled_random,17,0.511111
imagery_fists_feet,csp_lda,pooled_random,18,0.577778
imagery_fists_feet,csp_lda,pooled_random,19,0.555556
imagery_fists_feet,csp_lda,pooled_random,20,0.644444
imagery_fists_feet,csp_lda,pooled_random,21,0.422222
imagery_fists_feet,csp_lda,pooled_random,22,0.577778
imagery_fists_feet,csp_lda,pooled_random,23,0.733333
imagery_fists_feet,csp_lda,pooled_random,24,0.555556
imagery_fists_feet,csp_lda,pooled_random,25,0.511111
imagery_fists_feet,csp_lda,pooled_random,26,0.511111
imagery_fists_feet,csp_lda,pooled_random,27,0.622222
imagery_fists_feet,csp_lda,pooled_random,28,0.511111
imagery_fists_feet,csp_lda,pooled_random,29,0.688889
imagery_fists_feet,csp_lda,pooled_random,30,0.666667
imagery_fists_feet,csp_lda,pooled_random,31,0.6
imagery_fists_feet,csp_lda,pooled_random,32,0.511111
imagery_fists_feet,csp_lda,pooled_random,33,0.555556
imagery_fists_feet,csp_lda,pooled_random,34,0.809524
imagery_fists_feet,csp_lda,pooled_random,35,0.844444
imagery_fists_feet,csp_lda,pooled_random,36,0.666667
imagery_fists_feet,csp_lda,pooled_random,37,0.52381
imagery_fists_feet,csp_lda,pooled_random,38,0.533333
imagery_fists_feet,csp_lda,pooled_random,39,0.4
imagery_fists_feet,csp_lda,pooled_random,40,0.4
imagery_fists_feet,csp_lda,pooled_random,41,0.545455
imagery_fists_feet,csp_lda,pooled_random,42,0.933333
imagery_fists_feet,csp_lda,pooled_random,43,0.733333
imagery_fists_feet,csp_lda,pooled_random,44,0.8
imagery_fists_feet,csp_lda,pooled_random,45,0.555556
imagery_fists_feet,csp_lda,pooled_random,46,0.622222
imagery_fists_feet,csp_lda,pooled_random,47,0.511111
imagery_fists_feet,csp_lda,pooled_random,48,0.666667
imagery_fists_feet,csp_lda,pooled_random,49,0.555556
imagery_fists_feet,csp_lda,pooled_random,50,0.533333
imagery_fists_feet,csp_lda,pooled_random,51,0.355556
imagery_fists_feet,csp_lda,pooled_random,52,0.711111
imagery_fists_feet,csp_lda,pooled_random,53,0.533333
imagery_fists_feet,csp_lda,pooled_random,54,0.6
imagery_fists_feet,csp_lda,pooled_random,55,0.555556
imagery_fists_feet,csp_lda,pooled_random,56,0.511111
imagery_fists_feet,csp_lda,pooled_random,57,0.6
imagery_fists_feet,csp_lda,pooled_random,58,0.511111
imagery_fists_feet,csp_lda,pooled_random,59,0.6
imagery_fists_feet,csp_lda,pooled_random,60,0.688889
imagery_fists_feet,csp_lda,pooled_random,61,0.711111
imagery_fists_feet,csp_lda,pooled_random,62,0.844444
imagery_fists_feet,csp_lda,pooled_random,63,0.6
imagery_fists_feet,csp_lda,pooled_random,64,0.511628
imagery_fists_feet,csp_lda,pooled_random,65,0.511111
imagery_fists_feet,csp_lda,pooled_random,66,0.511111
imagery_fists_feet,csp_lda,pooled_random,67,0.488889
imagery_fists_feet,csp_lda,pooled_random,68,0.6
imagery_fists_feet,csp_lda,pooled_random,69,0.533333
imagery_fists_feet,csp_lda,pooled_random,70,0.822222
imagery_fists_feet,csp_lda,pooled_random,71,0.533333
imagery_fists_feet,csp_lda,pooled_random,72,0.833333
imagery_fists_feet,csp_lda,pooled_random,73,0.666667
imagery_fists_feet,csp_lda,pooled_random,74,0.52381
imagery_fists_feet,csp_lda,pooled_random,75,0.777778
imagery_fists_feet,csp_lda,pooled_random,76,0.571429
imagery_fists_feet,csp_lda,pooled_random,77,0.6
imagery_fists_feet,csp_lda,pooled_random,78,0.555556
imagery_fists_feet,csp_lda,pooled_random,79,0.511111
imagery_fists_feet,csp_lda,pooled_random,80,0.711111
imagery_fists_feet,csp_lda,pooled_random,81,0.511111
imagery_fists_feet,csp_lda,pooled_random,82,0.777778
imagery_fists_feet,csp_lda,pooled_random,83,0.533333
imagery_fists_feet,csp_lda,pooled_random,84,0.6
imagery_fists_feet,csp_lda,pooled_random,85,0.777778
imagery_fists_feet,csp_lda,pooled_random,86,0.466667
imagery_fists_feet,csp_lda,pooled_random,87,0.555556
imagery_fists_feet,csp_lda,pooled_random,88,0.45614
imagery_fists_feet,csp_lda,pooled_random,89,0.555556
imagery_fists_feet,csp_lda,pooled_random,90,0.511111
imagery_fists_feet,csp_lda,pooled_random,91,0.555556
imagery_fists_feet,csp_lda,pooled_random,92,0.578947
imagery_fists_feet,csp_lda,pooled_random,93,0.844444
imagery_fists_feet,csp_lda,pooled_random,94,0.533333
imagery_fists_feet,csp_lda,pooled_random,95,0.533333
imagery_fists_feet,csp_lda,pooled_random,96,0.444444
imagery_fists_feet,csp_lda,pooled_random,97,0.488889
imagery_fists_feet,csp_lda,pooled_random,98,0.644444
imagery_fists_feet,csp_lda,pooled_random,99,0.422222
imagery_fists_feet,csp_lda,pooled_random,100,0.916667
imagery_fists_feet,csp_lda,pooled_random,101,0.444444
imagery_fists_feet,csp_lda,pooled_random,102,0.581395
imagery_fists_feet,csp_lda,pooled_random,103,0.644444
imagery_fists_feet,csp_lda,pooled_random,104,0.511111
imagery_fists_feet,csp_lda,pooled_random,105,0.555556
imagery_fists_feet,csp_lda,pooled_random,106,0.6
imagery_fists_feet,csp_lda,pooled_random,107,0.577778
imagery_fists_feet,csp_lda,pooled_random,108,0.533333
imagery_fists_feet,csp_lda,pooled_random,109,0.4
imagery_fists_feet,csp_lda,within_subject,1,0.933333
imagery_fists_feet,csp_lda,within_subject,2,0.822222
imagery_fists_feet,csp_lda,within_subject,3,0.666667
imagery_fists_feet,csp_lda,within_subject,4,0.622222
imagery_fists_feet,csp_lda,within_subject,5,0.533333
imagery_fists_feet,csp_lda,within_subject,6,0.622222
imagery_fists_feet,csp_lda,within_subject,7,0.955556
imagery_fists_feet,csp_lda,within_subject,8,0.777778
imagery_fists_feet,csp_lda,within_subject,9,0.555556
imagery_fists_feet,csp_lda,within_subject,10,0.733333
imagery_fists_feet,csp_lda,within_subject,11,0.688889
imagery_fists_feet,csp_lda,within_subject,12,0.733333
imagery_fists_feet,csp_lda,within_subject,13,0.755556
imagery_fists_feet,csp_lda,within_subject,14,0.533333
imagery_fists_feet,csp_lda,within_subject,15,0.911111
imagery_fists_feet,csp_lda,within_subject,16,0.644444
imagery_fists_feet,csp_lda,within_subject,17,0.511111
imagery_fists_feet,csp_lda,within_subject,18,0.422222
imagery_fists_feet,csp_lda,within_subject,19,0.577778
imagery_fists_feet,csp_lda,within_subject,20,0.511111
imagery_fists_feet,csp_lda,within_subject,21,0.533333
imagery_fists_feet,csp_lda,within_subject,22,0.777778
imagery_fists_feet,csp_lda,within_subject,23,0.533333
imagery_fists_feet,csp_lda,within_subject,24,0.555556
imagery_fists_feet,csp_lda,within_subject,25,0.733333
imagery_fists_feet,csp_lda,within_subject,26,0.533333
imagery_fists_feet,csp_lda,within_subject,27,0.488889
imagery_fists_feet,csp_lda,within_subject,28,0.555556
imagery_fists_feet,csp_lda,within_subject,29,0.822222
imagery_fists_feet,csp_lda,within_subject,30,0.577778
imagery_fists_feet,csp_lda,within_subject,31,0.755556
imagery_fists_feet,csp_lda,within_subject,32,0.555556
imagery_fists_feet,csp_lda,within_subject,33,0.6
imagery_fists_feet,csp_lda,within_subject,34,0.785714
imagery_fists_feet,csp_lda,within_subject,35,1
imagery_fists_feet,csp_lda,within_subject,36,0.711111
imagery_fists_feet,csp_lda,within_subject,37,0.547619
imagery_fists_feet,csp_lda,within_subject,38,0.466667
imagery_fists_feet,csp_lda,within_subject,39,0.488889
imagery_fists_feet,csp_lda,within_subject,40,0.8
imagery_fists_feet,csp_lda,within_subject,41,0.613636
imagery_fists_feet,csp_lda,within_subject,42,0.977778
imagery_fists_feet,csp_lda,within_subject,43,0.911111
imagery_fists_feet,csp_lda,within_subject,44,0.844444
imagery_fists_feet,csp_lda,within_subject,45,0.555556
imagery_fists_feet,csp_lda,within_subject,46,0.711111
imagery_fists_feet,csp_lda,within_subject,47,0.466667
imagery_fists_feet,csp_lda,within_subject,48,0.822222
imagery_fists_feet,csp_lda,within_subject,49,0.6
imagery_fists_feet,csp_lda,within_subject,50,0.688889
imagery_fists_feet,csp_lda,within_subject,51,0.622222
imagery_fists_feet,csp_lda,within_subject,52,0.755556
imagery_fists_feet,csp_lda,within_subject,53,0.688889
imagery_fists_feet,csp_lda,within_subject,54,0.666667
imagery_fists_feet,csp_lda,within_subject,55,0.933333
imagery_fists_feet,csp_lda,within_subject,56,0.866667
imagery_fists_feet,csp_lda,within_subject,57,0.6
imagery_fists_feet,csp_lda,within_subject,58,0.711111
imagery_fists_feet,csp_lda,within_subject,59,0.555556
imagery_fists_feet,csp_lda,within_subject,60,0.755556
imagery_fists_feet,csp_lda,within_subject,61,0.444444
imagery_fists_feet,csp_lda,within_subject,62,0.866667
imagery_fists_feet,csp_lda,within_subject,63,0.555556
imagery_fists_feet,csp_lda,within_subject,64,0.604651
imagery_fists_feet,csp_lda,within_subject,65,0.644444
imagery_fists_feet,csp_lda,within_subject,66,0.622222
imagery_fists_feet,csp_lda,within_subject,67,0.488889
imagery_fists_feet,csp_lda,within_subject,68,0.6
imagery_fists_feet,csp_lda,within_subject,69,0.688889
imagery_fists_feet,csp_lda,within_subject,70,0.911111
imagery_fists_feet,csp_lda,within_subject,71,0.777778
imagery_fists_feet,csp_lda,within_subject,72,0.904762
imagery_fists_feet,csp_lda,within_subject,73,0.880952
imagery_fists_feet,csp_lda,within_subject,74,0.52381
imagery_fists_feet,csp_lda,within_subject,75,0.6
imagery_fists_feet,csp_lda,within_subject,76,0.619048
imagery_fists_feet,csp_lda,within_subject,77,0.466667
imagery_fists_feet,csp_lda,within_subject,78,0.4
imagery_fists_feet,csp_lda,within_subject,79,0.555556
imagery_fists_feet,csp_lda,within_subject,80,0.688889
imagery_fists_feet,csp_lda,within_subject,81,0.711111
imagery_fists_feet,csp_lda,within_subject,82,0.577778
imagery_fists_feet,csp_lda,within_subject,83,0.622222
imagery_fists_feet,csp_lda,within_subject,84,0.444444
imagery_fists_feet,csp_lda,within_subject,85,0.822222
imagery_fists_feet,csp_lda,within_subject,86,0.888889
imagery_fists_feet,csp_lda,within_subject,87,0.577778
imagery_fists_feet,csp_lda,within_subject,88,0.614035
imagery_fists_feet,csp_lda,within_subject,89,0.688889
imagery_fists_feet,csp_lda,within_subject,90,0.555556
imagery_fists_feet,csp_lda,within_subject,91,0.733333
imagery_fists_feet,csp_lda,within_subject,92,0.631579
imagery_fists_feet,csp_lda,within_subject,93,0.866667
imagery_fists_feet,csp_lda,within_subject,94,0.822222
imagery_fists_feet,csp_lda,within_subject,95,0.733333
imagery_fists_feet,csp_lda,within_subject,96,0.6
imagery_fists_feet,csp_lda,within_subject,97,0.577778
imagery_fists_feet,csp_lda,within_subject,98,0.688889
imagery_fists_feet,csp_lda,within_subject,99,0.711111
imagery_fists_feet,csp_lda,within_subject,100,0.944444
imagery_fists_feet,csp_lda,within_subject,101,0.533333
imagery_fists_feet,csp_lda,within_subject,102,0.511628
imagery_fists_feet,csp_lda,within_subject,103,0.6
imagery_fists_feet,csp_lda,within_subject,104,0.777778
imagery_fists_feet,csp_lda,within_subject,105,0.577778
imagery_fists_feet,csp_lda,within_subject,106,0.755556
imagery_fists_feet,csp_lda,within_subject,107,0.644444
imagery_fists_feet,csp_lda,within_subject,108,0.577778
imagery_fists_feet,csp_lda,within_subject,109,0.422222
imagery_fists_feet,csp_lda,cross_subject,1,0.755556
imagery_fists_feet,csp_lda,cross_subject,2,0.755556
imagery_fists_feet,csp_lda,cross_subject,3,0.488889
imagery_fists_feet,csp_lda,cross_subject,4,0.711111
imagery_fists_feet,csp_lda,cross_subject,5,0.533333
imagery_fists_feet,csp_lda,cross_subject,6,0.511111
imagery_fists_feet,csp_lda,cross_subject,7,0.777778
imagery_fists_feet,csp_lda,cross_subject,8,0.577778
imagery_fists_feet,csp_lda,cross_subject,9,0.533333
imagery_fists_feet,csp_lda,cross_subject,10,0.777778
imagery_fists_feet,csp_lda,cross_subject,11,0.488889
imagery_fists_feet,csp_lda,cross_subject,12,0.733333
imagery_fists_feet,csp_lda,cross_subject,13,0.577778
imagery_fists_feet,csp_lda,cross_subject,14,0.6
imagery_fists_feet,csp_lda,cross_subject,15,0.822222
imagery_fists_feet,csp_lda,cross_subject,16,0.444444
imagery_fists_feet,csp_lda,cross_subject,17,0.466667
imagery_fists_feet,csp_lda,cross_subject,18,0.488889
imagery_fists_feet,csp_lda,cross_subject,19,0.622222
imagery_fists_feet,csp_lda,cross_subject,20,0.555556
imagery_fists_feet,csp_lda,cross_subject,21,0.555556
imagery_fists_feet,csp_lda,cross_subject,22,0.533333
imagery_fists_feet,csp_lda,cross_subject,23,0.777778
imagery_fists_feet,csp_lda,cross_subject,24,0.533333
imagery_fists_feet,csp_lda,cross_subject,25,0.511111
imagery_fists_feet,csp_lda,cross_subject,26,0.533333
imagery_fists_feet,csp_lda,cross_subject,27,0.622222
imagery_fists_feet,csp_lda,cross_subject,28,0.444444
imagery_fists_feet,csp_lda,cross_subject,29,0.622222
imagery_fists_feet,csp_lda,cross_subject,30,0.777778
imagery_fists_feet,csp_lda,cross_subject,31,0.622222
imagery_fists_feet,csp_lda,cross_subject,32,0.555556
imagery_fists_feet,csp_lda,cross_subject,33,0.6
imagery_fists_feet,csp_lda,cross_subject,34,0.857143
imagery_fists_feet,csp_lda,cross_subject,35,0.777778
imagery_fists_feet,csp_lda,cross_subject,36,0.644444
imagery_fists_feet,csp_lda,cross_subject,37,0.5
imagery_fists_feet,csp_lda,cross_subject,38,0.577778
imagery_fists_feet,csp_lda,cross_subject,39,0.422222
imagery_fists_feet,csp_lda,cross_subject,40,0.488889
imagery_fists_feet,csp_lda,cross_subject,41,0.522727
imagery_fists_feet,csp_lda,cross_subject,42,0.977778
imagery_fists_feet,csp_lda,cross_subject,43,0.733333
imagery_fists_feet,csp_lda,cross_subject,44,0.8
imagery_fists_feet,csp_lda,cross_subject,45,0.466667
imagery_fists_feet,csp_lda,cross_subject,46,0.577778
imagery_fists_feet,csp_lda,cross_subject,47,0.511111
imagery_fists_feet,csp_lda,cross_subject,48,0.711111
imagery_fists_feet,csp_lda,cross_subject,49,0.555556
imagery_fists_feet,csp_lda,cross_subject,50,0.533333
imagery_fists_feet,csp_lda,cross_subject,51,0.422222
imagery_fists_feet,csp_lda,cross_subject,52,0.8
imagery_fists_feet,csp_lda,cross_subject,53,0.555556
imagery_fists_feet,csp_lda,cross_subject,54,0.511111
imagery_fists_feet,csp_lda,cross_subject,55,0.533333
imagery_fists_feet,csp_lda,cross_subject,56,0.511111
imagery_fists_feet,csp_lda,cross_subject,57,0.577778
imagery_fists_feet,csp_lda,cross_subject,58,0.666667
imagery_fists_feet,csp_lda,cross_subject,59,0.577778
imagery_fists_feet,csp_lda,cross_subject,60,0.533333
imagery_fists_feet,csp_lda,cross_subject,61,0.6
imagery_fists_feet,csp_lda,cross_subject,62,0.777778
imagery_fists_feet,csp_lda,cross_subject,63,0.533333
imagery_fists_feet,csp_lda,cross_subject,64,0.511628
imagery_fists_feet,csp_lda,cross_subject,65,0.511111
imagery_fists_feet,csp_lda,cross_subject,66,0.511111
imagery_fists_feet,csp_lda,cross_subject,67,0.511111
imagery_fists_feet,csp_lda,cross_subject,68,0.511111
imagery_fists_feet,csp_lda,cross_subject,69,0.511111
imagery_fists_feet,csp_lda,cross_subject,70,0.644444
imagery_fists_feet,csp_lda,cross_subject,71,0.511111
imagery_fists_feet,csp_lda,cross_subject,72,0.809524
imagery_fists_feet,csp_lda,cross_subject,73,0.642857
imagery_fists_feet,csp_lda,cross_subject,74,0.52381
imagery_fists_feet,csp_lda,cross_subject,75,0.644444
imagery_fists_feet,csp_lda,cross_subject,76,0.5
imagery_fists_feet,csp_lda,cross_subject,77,0.6
imagery_fists_feet,csp_lda,cross_subject,78,0.511111
imagery_fists_feet,csp_lda,cross_subject,79,0.555556
imagery_fists_feet,csp_lda,cross_subject,80,0.644444
imagery_fists_feet,csp_lda,cross_subject,81,0.511111
imagery_fists_feet,csp_lda,cross_subject,82,0.711111
imagery_fists_feet,csp_lda,cross_subject,83,0.511111
imagery_fists_feet,csp_lda,cross_subject,84,0.555556
imagery_fists_feet,csp_lda,cross_subject,85,0.666667
imagery_fists_feet,csp_lda,cross_subject,86,0.466667
imagery_fists_feet,csp_lda,cross_subject,87,0.577778
imagery_fists_feet,csp_lda,cross_subject,88,0.473684
imagery_fists_feet,csp_lda,cross_subject,89,0.533333
imagery_fists_feet,csp_lda,cross_subject,90,0.555556
imagery_fists_feet,csp_lda,cross_subject,91,0.644444
imagery_fists_feet,csp_lda,cross_subject,92,0.578947
imagery_fists_feet,csp_lda,cross_subject,93,0.911111
imagery_fists_feet,csp_lda,cross_subject,94,0.644444
imagery_fists_feet,csp_lda,cross_subject,95,0.555556
imagery_fists_feet,csp_lda,cross_subject,96,0.444444
imagery_fists_feet,csp_lda,cross_subject,97,0.488889
imagery_fists_feet,csp_lda,cross_subject,98,0.622222
imagery_fists_feet,csp_lda,cross_subject,99,0.444444
imagery_fists_feet,csp_lda,cross_subject,100,0.805556
imagery_fists_feet,csp_lda,cross_subject,101,0.377778
imagery_fists_feet,csp_lda,cross_subject,102,0.55814
imagery_fists_feet,csp_lda,cross_subject,103,0.711111
imagery_fists_feet,csp_lda,cross_subject,104,0.511111
imagery_fists_feet,csp_lda,cross_subject,105,0.533333
imagery_fists_feet,csp_lda,cross_subject,106,0.511111
imagery_fists_feet,csp_lda,cross_subject,107,0.511111
imagery_fists_feet,csp_lda,cross_subject,108,0.533333
imagery_fists_feet,csp_lda,cross_subject,109,0.488889
imagery_fists_feet,riemann_ts_lr,pooled_random,1,0.755556
imagery_fists_feet,riemann_ts_lr,pooled_random,2,0.822222
imagery_fists_feet,riemann_ts_lr,pooled_random,3,0.533333
imagery_fists_feet,riemann_ts_lr,pooled_random,4,0.622222
imagery_fists_feet,riemann_ts_lr,pooled_random,5,0.488889
imagery_fists_feet,riemann_ts_lr,pooled_random,6,0.466667
imagery_fists_feet,riemann_ts_lr,pooled_random,7,0.844444
imagery_fists_feet,riemann_ts_lr,pooled_random,8,0.866667
imagery_fists_feet,riemann_ts_lr,pooled_random,9,0.555556
imagery_fists_feet,riemann_ts_lr,pooled_random,10,0.666667
imagery_fists_feet,riemann_ts_lr,pooled_random,11,0.644444
imagery_fists_feet,riemann_ts_lr,pooled_random,12,0.844444
imagery_fists_feet,riemann_ts_lr,pooled_random,13,0.688889
imagery_fists_feet,riemann_ts_lr,pooled_random,14,0.533333
imagery_fists_feet,riemann_ts_lr,pooled_random,15,0.755556
imagery_fists_feet,riemann_ts_lr,pooled_random,16,0.488889
imagery_fists_feet,riemann_ts_lr,pooled_random,17,0.533333
imagery_fists_feet,riemann_ts_lr,pooled_random,18,0.377778
imagery_fists_feet,riemann_ts_lr,pooled_random,19,0.688889
imagery_fists_feet,riemann_ts_lr,pooled_random,20,0.466667
imagery_fists_feet,riemann_ts_lr,pooled_random,21,0.622222
imagery_fists_feet,riemann_ts_lr,pooled_random,22,0.666667
imagery_fists_feet,riemann_ts_lr,pooled_random,23,0.711111
imagery_fists_feet,riemann_ts_lr,pooled_random,24,0.622222
imagery_fists_feet,riemann_ts_lr,pooled_random,25,0.511111
imagery_fists_feet,riemann_ts_lr,pooled_random,26,0.377778
imagery_fists_feet,riemann_ts_lr,pooled_random,27,0.533333
imagery_fists_feet,riemann_ts_lr,pooled_random,28,0.377778
imagery_fists_feet,riemann_ts_lr,pooled_random,29,0.888889
imagery_fists_feet,riemann_ts_lr,pooled_random,30,0.644444
imagery_fists_feet,riemann_ts_lr,pooled_random,31,0.711111
imagery_fists_feet,riemann_ts_lr,pooled_random,32,0.6
imagery_fists_feet,riemann_ts_lr,pooled_random,33,0.555556
imagery_fists_feet,riemann_ts_lr,pooled_random,34,0.833333
imagery_fists_feet,riemann_ts_lr,pooled_random,35,0.911111
imagery_fists_feet,riemann_ts_lr,pooled_random,36,0.711111
imagery_fists_feet,riemann_ts_lr,pooled_random,37,0.452381
imagery_fists_feet,riemann_ts_lr,pooled_random,38,0.511111
imagery_fists_feet,riemann_ts_lr,pooled_random,39,0.444444
imagery_fists_feet,riemann_ts_lr,pooled_random,40,0.377778
imagery_fists_feet,riemann_ts_lr,pooled_random,41,0.613636
imagery_fists_feet,riemann_ts_lr,pooled_random,42,0.888889
imagery_fists_feet,riemann_ts_lr,pooled_random,43,0.733333
imagery_fists_feet,riemann_ts_lr,pooled_random,44,0.8
imagery_fists_feet,riemann_ts_lr,pooled_random,45,0.644444
imagery_fists_feet,riemann_ts_lr,pooled_random,46,0.688889
imagery_fists_feet,riemann_ts_lr,pooled_random,47,0.622222
imagery_fists_feet,riemann_ts_lr,pooled_random,48,0.8
imagery_fists_feet,riemann_ts_lr,pooled_random,49,0.622222
imagery_fists_feet,riemann_ts_lr,pooled_random,50,0.555556
imagery_fists_feet,riemann_ts_lr,pooled_random,51,0.444444
imagery_fists_feet,riemann_ts_lr,pooled_random,52,0.711111
imagery_fists_feet,riemann_ts_lr,pooled_random,53,0.555556
imagery_fists_feet,riemann_ts_lr,pooled_random,54,0.688889
imagery_fists_feet,riemann_ts_lr,pooled_random,55,0.8
imagery_fists_feet,riemann_ts_lr,pooled_random,56,0.755556
imagery_fists_feet,riemann_ts_lr,pooled_random,57,0.644444
imagery_fists_feet,riemann_ts_lr,pooled_random,58,0.622222
imagery_fists_feet,riemann_ts_lr,pooled_random,59,0.622222
imagery_fists_feet,riemann_ts_lr,pooled_random,60,0.711111
imagery_fists_feet,riemann_ts_lr,pooled_random,61,0.577778
imagery_fists_feet,riemann_ts_lr,pooled_random,62,0.933333
imagery_fists_feet,riemann_ts_lr,pooled_random,63,0.511111
imagery_fists_feet,riemann_ts_lr,pooled_random,64,0.534884
imagery_fists_feet,riemann_ts_lr,pooled_random,65,0.644444
imagery_fists_feet,riemann_ts_lr,pooled_random,66,0.488889
imagery_fists_feet,riemann_ts_lr,pooled_random,67,0.533333
imagery_fists_feet,riemann_ts_lr,pooled_random,68,0.577778
imagery_fists_feet,riemann_ts_lr,pooled_random,69,0.6
imagery_fists_feet,riemann_ts_lr,pooled_random,70,0.733333
imagery_fists_feet,riemann_ts_lr,pooled_random,71,0.711111
imagery_fists_feet,riemann_ts_lr,pooled_random,72,0.928571
imagery_fists_feet,riemann_ts_lr,pooled_random,73,0.785714
imagery_fists_feet,riemann_ts_lr,pooled_random,74,0.642857
imagery_fists_feet,riemann_ts_lr,pooled_random,75,0.555556
imagery_fists_feet,riemann_ts_lr,pooled_random,76,0.404762
imagery_fists_feet,riemann_ts_lr,pooled_random,77,0.533333
imagery_fists_feet,riemann_ts_lr,pooled_random,78,0.511111
imagery_fists_feet,riemann_ts_lr,pooled_random,79,0.577778
imagery_fists_feet,riemann_ts_lr,pooled_random,80,0.577778
imagery_fists_feet,riemann_ts_lr,pooled_random,81,0.577778
imagery_fists_feet,riemann_ts_lr,pooled_random,82,0.711111
imagery_fists_feet,riemann_ts_lr,pooled_random,83,0.733333
imagery_fists_feet,riemann_ts_lr,pooled_random,84,0.511111
imagery_fists_feet,riemann_ts_lr,pooled_random,85,0.8
imagery_fists_feet,riemann_ts_lr,pooled_random,86,0.733333
imagery_fists_feet,riemann_ts_lr,pooled_random,87,0.711111
imagery_fists_feet,riemann_ts_lr,pooled_random,88,0.526316
imagery_fists_feet,riemann_ts_lr,pooled_random,89,0.533333
imagery_fists_feet,riemann_ts_lr,pooled_random,90,0.533333
imagery_fists_feet,riemann_ts_lr,pooled_random,91,0.622222
imagery_fists_feet,riemann_ts_lr,pooled_random,92,0.666667
imagery_fists_feet,riemann_ts_lr,pooled_random,93,0.711111
imagery_fists_feet,riemann_ts_lr,pooled_random,94,0.777778
imagery_fists_feet,riemann_ts_lr,pooled_random,95,0.666667
imagery_fists_feet,riemann_ts_lr,pooled_random,96,0.488889
imagery_fists_feet,riemann_ts_lr,pooled_random,97,0.466667
imagery_fists_feet,riemann_ts_lr,pooled_random,98,0.688889
imagery_fists_feet,riemann_ts_lr,pooled_random,99,0.466667
imagery_fists_feet,riemann_ts_lr,pooled_random,100,0.638889
imagery_fists_feet,riemann_ts_lr,pooled_random,101,0.533333
imagery_fists_feet,riemann_ts_lr,pooled_random,102,0.511628
imagery_fists_feet,riemann_ts_lr,pooled_random,103,0.6
imagery_fists_feet,riemann_ts_lr,pooled_random,104,0.644444
imagery_fists_feet,riemann_ts_lr,pooled_random,105,0.688889
imagery_fists_feet,riemann_ts_lr,pooled_random,106,0.622222
imagery_fists_feet,riemann_ts_lr,pooled_random,107,0.533333
imagery_fists_feet,riemann_ts_lr,pooled_random,108,0.644444
imagery_fists_feet,riemann_ts_lr,pooled_random,109,0.555556
imagery_fists_feet,riemann_ts_lr,within_subject,1,0.955556
imagery_fists_feet,riemann_ts_lr,within_subject,2,0.933333
imagery_fists_feet,riemann_ts_lr,within_subject,3,0.577778
imagery_fists_feet,riemann_ts_lr,within_subject,4,0.644444
imagery_fists_feet,riemann_ts_lr,within_subject,5,0.622222
imagery_fists_feet,riemann_ts_lr,within_subject,6,0.533333
imagery_fists_feet,riemann_ts_lr,within_subject,7,0.888889
imagery_fists_feet,riemann_ts_lr,within_subject,8,0.822222
imagery_fists_feet,riemann_ts_lr,within_subject,9,0.511111
imagery_fists_feet,riemann_ts_lr,within_subject,10,0.8
imagery_fists_feet,riemann_ts_lr,within_subject,11,0.688889
imagery_fists_feet,riemann_ts_lr,within_subject,12,0.8
imagery_fists_feet,riemann_ts_lr,within_subject,13,0.688889
imagery_fists_feet,riemann_ts_lr,within_subject,14,0.533333
imagery_fists_feet,riemann_ts_lr,within_subject,15,0.888889
imagery_fists_feet,riemann_ts_lr,within_subject,16,0.644444
imagery_fists_feet,riemann_ts_lr,within_subject,17,0.533333
imagery_fists_feet,riemann_ts_lr,within_subject,18,0.555556
imagery_fists_feet,riemann_ts_lr,within_subject,19,0.755556
imagery_fists_feet,riemann_ts_lr,within_subject,20,0.622222
imagery_fists_feet,riemann_ts_lr,within_subject,21,0.6
imagery_fists_feet,riemann_ts_lr,within_subject,22,0.755556
imagery_fists_feet,riemann_ts_lr,within_subject,23,0.688889
imagery_fists_feet,riemann_ts_lr,within_subject,24,0.488889
imagery_fists_feet,riemann_ts_lr,within_subject,25,0.755556
imagery_fists_feet,riemann_ts_lr,within_subject,26,0.688889
imagery_fists_feet,riemann_ts_lr,within_subject,27,0.6
imagery_fists_feet,riemann_ts_lr,within_subject,28,0.488889
imagery_fists_feet,riemann_ts_lr,within_subject,29,0.888889
imagery_fists_feet,riemann_ts_lr,within_subject,30,0.711111
imagery_fists_feet,riemann_ts_lr,within_subject,31,0.822222
imagery_fists_feet,riemann_ts_lr,within_subject,32,0.644444
imagery_fists_feet,riemann_ts_lr,within_subject,33,0.8
imagery_fists_feet,riemann_ts_lr,within_subject,34,0.928571
imagery_fists_feet,riemann_ts_lr,within_subject,35,0.977778
imagery_fists_feet,riemann_ts_lr,within_subject,36,0.533333
imagery_fists_feet,riemann_ts_lr,within_subject,37,0.619048
imagery_fists_feet,riemann_ts_lr,within_subject,38,0.4
imagery_fists_feet,riemann_ts_lr,within_subject,39,0.466667
imagery_fists_feet,riemann_ts_lr,within_subject,40,0.755556
imagery_fists_feet,riemann_ts_lr,within_subject,41,0.681818
imagery_fists_feet,riemann_ts_lr,within_subject,42,1
imagery_fists_feet,riemann_ts_lr,within_subject,43,0.844444
imagery_fists_feet,riemann_ts_lr,within_subject,44,0.8
imagery_fists_feet,riemann_ts_lr,within_subject,45,0.666667
imagery_fists_feet,riemann_ts_lr,within_subject,46,0.666667
imagery_fists_feet,riemann_ts_lr,within_subject,47,0.4
imagery_fists_feet,riemann_ts_lr,within_subject,48,0.822222
imagery_fists_feet,riemann_ts_lr,within_subject,49,0.688889
imagery_fists_feet,riemann_ts_lr,within_subject,50,0.688889
imagery_fists_feet,riemann_ts_lr,within_subject,51,0.488889
imagery_fists_feet,riemann_ts_lr,within_subject,52,0.822222
imagery_fists_feet,riemann_ts_lr,within_subject,53,0.622222
imagery_fists_feet,riemann_ts_lr,within_subject,54,0.777778
imagery_fists_feet,riemann_ts_lr,within_subject,55,0.933333
imagery_fists_feet,riemann_ts_lr,within_subject,56,0.911111
imagery_fists_feet,riemann_ts_lr,within_subject,57,0.666667
imagery_fists_feet,riemann_ts_lr,within_subject,58,0.777778
imagery_fists_feet,riemann_ts_lr,within_subject,59,0.6
imagery_fists_feet,riemann_ts_lr,within_subject,60,0.8
imagery_fists_feet,riemann_ts_lr,within_subject,61,0.577778
imagery_fists_feet,riemann_ts_lr,within_subject,62,0.977778
imagery_fists_feet,riemann_ts_lr,within_subject,63,0.577778
imagery_fists_feet,riemann_ts_lr,within_subject,64,0.627907
imagery_fists_feet,riemann_ts_lr,within_subject,65,0.711111
imagery_fists_feet,riemann_ts_lr,within_subject,66,0.688889
imagery_fists_feet,riemann_ts_lr,within_subject,67,0.466667
imagery_fists_feet,riemann_ts_lr,within_subject,68,0.555556
imagery_fists_feet,riemann_ts_lr,within_subject,69,0.711111
imagery_fists_feet,riemann_ts_lr,within_subject,70,0.844444
imagery_fists_feet,riemann_ts_lr,within_subject,71,0.711111
imagery_fists_feet,riemann_ts_lr,within_subject,72,0.952381
imagery_fists_feet,riemann_ts_lr,within_subject,73,0.857143
imagery_fists_feet,riemann_ts_lr,within_subject,74,0.47619
imagery_fists_feet,riemann_ts_lr,within_subject,75,0.6
imagery_fists_feet,riemann_ts_lr,within_subject,76,0.595238
imagery_fists_feet,riemann_ts_lr,within_subject,77,0.666667
imagery_fists_feet,riemann_ts_lr,within_subject,78,0.444444
imagery_fists_feet,riemann_ts_lr,within_subject,79,0.688889
imagery_fists_feet,riemann_ts_lr,within_subject,80,0.711111
imagery_fists_feet,riemann_ts_lr,within_subject,81,0.777778
imagery_fists_feet,riemann_ts_lr,within_subject,82,0.688889
imagery_fists_feet,riemann_ts_lr,within_subject,83,0.8
imagery_fists_feet,riemann_ts_lr,within_subject,84,0.733333
imagery_fists_feet,riemann_ts_lr,within_subject,85,0.933333
imagery_fists_feet,riemann_ts_lr,within_subject,86,0.888889
imagery_fists_feet,riemann_ts_lr,within_subject,87,0.688889
imagery_fists_feet,riemann_ts_lr,within_subject,88,0.631579
imagery_fists_feet,riemann_ts_lr,within_subject,89,0.577778
imagery_fists_feet,riemann_ts_lr,within_subject,90,0.533333
imagery_fists_feet,riemann_ts_lr,within_subject,91,0.755556
imagery_fists_feet,riemann_ts_lr,within_subject,92,0.684211
imagery_fists_feet,riemann_ts_lr,within_subject,93,0.866667
imagery_fists_feet,riemann_ts_lr,within_subject,94,0.844444
imagery_fists_feet,riemann_ts_lr,within_subject,95,0.733333
imagery_fists_feet,riemann_ts_lr,within_subject,96,0.6
imagery_fists_feet,riemann_ts_lr,within_subject,97,0.6
imagery_fists_feet,riemann_ts_lr,within_subject,98,0.755556
imagery_fists_feet,riemann_ts_lr,within_subject,99,0.466667
imagery_fists_feet,riemann_ts_lr,within_subject,100,0.805556
imagery_fists_feet,riemann_ts_lr,within_subject,101,0.533333
imagery_fists_feet,riemann_ts_lr,within_subject,102,0.697674
imagery_fists_feet,riemann_ts_lr,within_subject,103,0.622222
imagery_fists_feet,riemann_ts_lr,within_subject,104,0.822222
imagery_fists_feet,riemann_ts_lr,within_subject,105,0.711111
imagery_fists_feet,riemann_ts_lr,within_subject,106,0.777778
imagery_fists_feet,riemann_ts_lr,within_subject,107,0.555556
imagery_fists_feet,riemann_ts_lr,within_subject,108,0.577778
imagery_fists_feet,riemann_ts_lr,within_subject,109,0.533333
imagery_fists_feet,riemann_ts_lr,cross_subject,1,0.644444
imagery_fists_feet,riemann_ts_lr,cross_subject,2,0.755556
imagery_fists_feet,riemann_ts_lr,cross_subject,3,0.511111
imagery_fists_feet,riemann_ts_lr,cross_subject,4,0.6
imagery_fists_feet,riemann_ts_lr,cross_subject,5,0.511111
imagery_fists_feet,riemann_ts_lr,cross_subject,6,0.466667
imagery_fists_feet,riemann_ts_lr,cross_subject,7,0.6
imagery_fists_feet,riemann_ts_lr,cross_subject,8,0.488889
imagery_fists_feet,riemann_ts_lr,cross_subject,9,0.6
imagery_fists_feet,riemann_ts_lr,cross_subject,10,0.644444
imagery_fists_feet,riemann_ts_lr,cross_subject,11,0.488889
imagery_fists_feet,riemann_ts_lr,cross_subject,12,0.6
imagery_fists_feet,riemann_ts_lr,cross_subject,13,0.711111
imagery_fists_feet,riemann_ts_lr,cross_subject,14,0.555556
imagery_fists_feet,riemann_ts_lr,cross_subject,15,0.666667
imagery_fists_feet,riemann_ts_lr,cross_subject,16,0.533333
imagery_fists_feet,riemann_ts_lr,cross_subject,17,0.488889
imagery_fists_feet,riemann_ts_lr,cross_subject,18,0.422222
imagery_fists_feet,riemann_ts_lr,cross_subject,19,0.533333
imagery_fists_feet,riemann_ts_lr,cross_subject,20,0.511111
imagery_fists_feet,riemann_ts_lr,cross_subject,21,0.444444
imagery_fists_feet,riemann_ts_lr,cross_subject,22,0.577778
imagery_fists_feet,riemann_ts_lr,cross_subject,23,0.622222
imagery_fists_feet,riemann_ts_lr,cross_subject,24,0.555556
imagery_fists_feet,riemann_ts_lr,cross_subject,25,0.511111
imagery_fists_feet,riemann_ts_lr,cross_subject,26,0.377778
imagery_fists_feet,riemann_ts_lr,cross_subject,27,0.555556
imagery_fists_feet,riemann_ts_lr,cross_subject,28,0.4
imagery_fists_feet,riemann_ts_lr,cross_subject,29,0.822222
imagery_fists_feet,riemann_ts_lr,cross_subject,30,0.466667
imagery_fists_feet,riemann_ts_lr,cross_subject,31,0.711111
imagery_fists_feet,riemann_ts_lr,cross_subject,32,0.533333
imagery_fists_feet,riemann_ts_lr,cross_subject,33,0.511111
imagery_fists_feet,riemann_ts_lr,cross_subject,34,0.857143
imagery_fists_feet,riemann_ts_lr,cross_subject,35,0.577778
imagery_fists_feet,riemann_ts_lr,cross_subject,36,0.6
imagery_fists_feet,riemann_ts_lr,cross_subject,37,0.47619
imagery_fists_feet,riemann_ts_lr,cross_subject,38,0.4
imagery_fists_feet,riemann_ts_lr,cross_subject,39,0.444444
imagery_fists_feet,riemann_ts_lr,cross_subject,40,0.488889
imagery_fists_feet,riemann_ts_lr,cross_subject,41,0.568182
imagery_fists_feet,riemann_ts_lr,cross_subject,42,0.955556
imagery_fists_feet,riemann_ts_lr,cross_subject,43,0.644444
imagery_fists_feet,riemann_ts_lr,cross_subject,44,0.711111
imagery_fists_feet,riemann_ts_lr,cross_subject,45,0.466667
imagery_fists_feet,riemann_ts_lr,cross_subject,46,0.511111
imagery_fists_feet,riemann_ts_lr,cross_subject,47,0.511111
imagery_fists_feet,riemann_ts_lr,cross_subject,48,0.866667
imagery_fists_feet,riemann_ts_lr,cross_subject,49,0.6
imagery_fists_feet,riemann_ts_lr,cross_subject,50,0.6
imagery_fists_feet,riemann_ts_lr,cross_subject,51,0.555556
imagery_fists_feet,riemann_ts_lr,cross_subject,52,0.822222
imagery_fists_feet,riemann_ts_lr,cross_subject,53,0.488889
imagery_fists_feet,riemann_ts_lr,cross_subject,54,0.488889
imagery_fists_feet,riemann_ts_lr,cross_subject,55,0.822222
imagery_fists_feet,riemann_ts_lr,cross_subject,56,0.577778
imagery_fists_feet,riemann_ts_lr,cross_subject,57,0.511111
imagery_fists_feet,riemann_ts_lr,cross_subject,58,0.666667
imagery_fists_feet,riemann_ts_lr,cross_subject,59,0.511111
imagery_fists_feet,riemann_ts_lr,cross_subject,60,0.533333
imagery_fists_feet,riemann_ts_lr,cross_subject,61,0.577778
imagery_fists_feet,riemann_ts_lr,cross_subject,62,0.733333
imagery_fists_feet,riemann_ts_lr,cross_subject,63,0.488889
imagery_fists_feet,riemann_ts_lr,cross_subject,64,0.534884
imagery_fists_feet,riemann_ts_lr,cross_subject,65,0.533333
imagery_fists_feet,riemann_ts_lr,cross_subject,66,0.511111
imagery_fists_feet,riemann_ts_lr,cross_subject,67,0.488889
imagery_fists_feet,riemann_ts_lr,cross_subject,68,0.711111
imagery_fists_feet,riemann_ts_lr,cross_subject,69,0.622222
imagery_fists_feet,riemann_ts_lr,cross_subject,70,0.733333
imagery_fists_feet,riemann_ts_lr,cross_subject,71,0.6
imagery_fists_feet,riemann_ts_lr,cross_subject,72,0.738095
imagery_fists_feet,riemann_ts_lr,cross_subject,73,0.809524
imagery_fists_feet,riemann_ts_lr,cross_subject,74,0.52381
imagery_fists_feet,riemann_ts_lr,cross_subject,75,0.577778
imagery_fists_feet,riemann_ts_lr,cross_subject,76,0.404762
imagery_fists_feet,riemann_ts_lr,cross_subject,77,0.555556
imagery_fists_feet,riemann_ts_lr,cross_subject,78,0.533333
imagery_fists_feet,riemann_ts_lr,cross_subject,79,0.533333
imagery_fists_feet,riemann_ts_lr,cross_subject,80,0.488889
imagery_fists_feet,riemann_ts_lr,cross_subject,81,0.555556
imagery_fists_feet,riemann_ts_lr,cross_subject,82,0.666667
imagery_fists_feet,riemann_ts_lr,cross_subject,83,0.666667
imagery_fists_feet,riemann_ts_lr,cross_subject,84,0.6
imagery_fists_feet,riemann_ts_lr,cross_subject,85,0.488889
imagery_fists_feet,riemann_ts_lr,cross_subject,86,0.466667
imagery_fists_feet,riemann_ts_lr,cross_subject,87,0.555556
imagery_fists_feet,riemann_ts_lr,cross_subject,88,0.491228
imagery_fists_feet,riemann_ts_lr,cross_subject,89,0.488889
imagery_fists_feet,riemann_ts_lr,cross_subject,90,0.6
imagery_fists_feet,riemann_ts_lr,cross_subject,91,0.644444
imagery_fists_feet,riemann_ts_lr,cross_subject,92,0.614035
imagery_fists_feet,riemann_ts_lr,cross_subject,93,0.555556
imagery_fists_feet,riemann_ts_lr,cross_subject,94,0.488889
imagery_fists_feet,riemann_ts_lr,cross_subject,95,0.511111
imagery_fists_feet,riemann_ts_lr,cross_subject,96,0.488889
imagery_fists_feet,riemann_ts_lr,cross_subject,97,0.466667
imagery_fists_feet,riemann_ts_lr,cross_subject,98,0.644444
imagery_fists_feet,riemann_ts_lr,cross_subject,99,0.466667
imagery_fists_feet,riemann_ts_lr,cross_subject,100,0.555556
imagery_fists_feet,riemann_ts_lr,cross_subject,101,0.577778
imagery_fists_feet,riemann_ts_lr,cross_subject,102,0.55814
imagery_fists_feet,riemann_ts_lr,cross_subject,103,0.533333
imagery_fists_feet,riemann_ts_lr,cross_subject,104,0.533333
imagery_fists_feet,riemann_ts_lr,cross_subject,105,0.577778
imagery_fists_feet,riemann_ts_lr,cross_subject,106,0.6
imagery_fists_feet,riemann_ts_lr,cross_subject,107,0.511111
imagery_fists_feet,riemann_ts_lr,cross_subject,108,0.622222
imagery_fists_feet,riemann_ts_lr,cross_subject,109,0.488889
real_fists_feet,csp_lda,pooled_random,1,0.555556
real_fists_feet,csp_lda,pooled_random,2,0.8
real_fists_feet,csp_lda,pooled_random,3,0.511111
real_fists_feet,csp_lda,pooled_random,4,0.6
real_fists_feet,csp_lda,pooled_random,5,0.355556
real_fists_feet,csp_lda,pooled_random,6,0.466667
real_fists_feet,csp_lda,pooled_random,7,0.511111
real_fists_feet,csp_lda,pooled_random,8,0.511111
real_fists_feet,csp_lda,pooled_random,9,0.488889
real_fists_feet,csp_lda,pooled_random,10,0.422222
real_fists_feet,csp_lda,pooled_random,11,0.644444
real_fists_feet,csp_lda,pooled_random,12,0.533333
real_fists_feet,csp_lda,pooled_random,13,0.422222
real_fists_feet,csp_lda,pooled_random,14,0.533333
real_fists_feet,csp_lda,pooled_random,15,0.6
real_fists_feet,csp_lda,pooled_random,16,0.444444
real_fists_feet,csp_lda,pooled_random,17,0.444444
real_fists_feet,csp_lda,pooled_random,18,0.533333
real_fists_feet,csp_lda,pooled_random,19,0.511111
real_fists_feet,csp_lda,pooled_random,20,0.444444
real_fists_feet,csp_lda,pooled_random,21,0.422222
real_fists_feet,csp_lda,pooled_random,22,0.488889
real_fists_feet,csp_lda,pooled_random,23,0.444444
real_fists_feet,csp_lda,pooled_random,24,0.511111
real_fists_feet,csp_lda,pooled_random,25,0.488889
real_fists_feet,csp_lda,pooled_random,26,0.511111
real_fists_feet,csp_lda,pooled_random,27,0.488889
real_fists_feet,csp_lda,pooled_random,28,0.466667
real_fists_feet,csp_lda,pooled_random,29,0.488889
real_fists_feet,csp_lda,pooled_random,30,0.577778
real_fists_feet,csp_lda,pooled_random,31,0.577778
real_fists_feet,csp_lda,pooled_random,32,0.6
real_fists_feet,csp_lda,pooled_random,33,0.733333
real_fists_feet,csp_lda,pooled_random,34,0.5
real_fists_feet,csp_lda,pooled_random,35,0.733333
real_fists_feet,csp_lda,pooled_random,36,0.666667
real_fists_feet,csp_lda,pooled_random,37,0.47619
real_fists_feet,csp_lda,pooled_random,38,0.533333
real_fists_feet,csp_lda,pooled_random,39,0.511111
real_fists_feet,csp_lda,pooled_random,40,0.466667
real_fists_feet,csp_lda,pooled_random,41,0.47619
real_fists_feet,csp_lda,pooled_random,42,0.6
real_fists_feet,csp_lda,pooled_random,43,0.444444
real_fists_feet,csp_lda,pooled_random,44,0.577778
real_fists_feet,csp_lda,pooled_random,45,0.511111
real_fists_feet,csp_lda,pooled_random,46,0.555556
real_fists_feet,csp_lda,pooled_random,47,0.488889
real_fists_feet,csp_lda,pooled_random,48,0.555556
real_fists_feet,csp_lda,pooled_random,49,0.533333
real_fists_feet,csp_lda,pooled_random,50,0.622222
real_fists_feet,csp_lda,pooled_random,51,0.52381
real_fists_feet,csp_lda,pooled_random,52,0.533333
real_fists_feet,csp_lda,pooled_random,53,0.511111
real_fists_feet,csp_lda,pooled_random,54,0.466667
real_fists_feet,csp_lda,pooled_random,55,0.444444
real_fists_feet,csp_lda,pooled_random,56,0.555556
real_fists_feet,csp_lda,pooled_random,57,0.488889
real_fists_feet,csp_lda,pooled_random,58,0.488889
real_fists_feet,csp_lda,pooled_random,59,0.555556
real_fists_feet,csp_lda,pooled_random,60,0.466667
real_fists_feet,csp_lda,pooled_random,61,0.533333
real_fists_feet,csp_lda,pooled_random,62,0.533333
real_fists_feet,csp_lda,pooled_random,63,0.533333
real_fists_feet,csp_lda,pooled_random,64,0.5
real_fists_feet,csp_lda,pooled_random,65,0.488889
real_fists_feet,csp_lda,pooled_random,66,0.577778
real_fists_feet,csp_lda,pooled_random,67,0.355556
real_fists_feet,csp_lda,pooled_random,68,0.422222
real_fists_feet,csp_lda,pooled_random,69,0.511111
real_fists_feet,csp_lda,pooled_random,70,0.444444
real_fists_feet,csp_lda,pooled_random,71,0.466667
real_fists_feet,csp_lda,pooled_random,72,0.5
real_fists_feet,csp_lda,pooled_random,73,0.5
real_fists_feet,csp_lda,pooled_random,74,0.404762
real_fists_feet,csp_lda,pooled_random,75,0.488889
real_fists_feet,csp_lda,pooled_random,76,0.619048
real_fists_feet,csp_lda,pooled_random,77,0.6
real_fists_feet,csp_lda,pooled_random,78,0.422222
real_fists_feet,csp_lda,pooled_random,79,0.533333
real_fists_feet,csp_lda,pooled_random,80,0.466667
real_fists_feet,csp_lda,pooled_random,81,0.422222
real_fists_feet,csp_lda,pooled_random,82,0.488889
real_fists_feet,csp_lda,pooled_random,83,0.511111
real_fists_feet,csp_lda,pooled_random,84,0.511111
real_fists_feet,csp_lda,pooled_random,85,0.422222
real_fists_feet,csp_lda,pooled_random,86,0.311111
real_fists_feet,csp_lda,pooled_random,87,0.488889
real_fists_feet,csp_lda,pooled_random,88,0.491228
real_fists_feet,csp_lda,pooled_random,89,0.444444
real_fists_feet,csp_lda,pooled_random,90,0.466667
real_fists_feet,csp_lda,pooled_random,91,0.444444
real_fists_feet,csp_lda,pooled_random,92,0.473684
real_fists_feet,csp_lda,pooled_random,93,0.511111
real_fists_feet,csp_lda,pooled_random,94,0.622222
real_fists_feet,csp_lda,pooled_random,95,0.466667
real_fists_feet,csp_lda,pooled_random,96,0.444444
real_fists_feet,csp_lda,pooled_random,97,0.533333
real_fists_feet,csp_lda,pooled_random,98,0.488889
real_fists_feet,csp_lda,pooled_random,99,0.577778
real_fists_feet,csp_lda,pooled_random,100,0.472222
real_fists_feet,csp_lda,pooled_random,101,0.422222
real_fists_feet,csp_lda,pooled_random,102,0.47619
real_fists_feet,csp_lda,pooled_random,103,0.488889
real_fists_feet,csp_lda,pooled_random,104,0.755556
real_fists_feet,csp_lda,pooled_random,105,0.822222
real_fists_feet,csp_lda,pooled_random,106,0.382353
real_fists_feet,csp_lda,pooled_random,107,0.466667
real_fists_feet,csp_lda,pooled_random,108,0.577778
real_fists_feet,csp_lda,pooled_random,109,0.466667
real_fists_feet,csp_lda,within_subject,1,0.977778
real_fists_feet,csp_lda,within_subject,2,1
real_fists_feet,csp_lda,within_subject,3,0.644444
real_fists_feet,csp_lda,within_subject,4,0.933333
real_fists_feet,csp_lda,within_subject,5,0.622222
real_fists_feet,csp_lda,within_subject,6,0.688889
real_fists_feet,csp_lda,within_subject,7,0.933333
real_fists_feet,csp_lda,within_subject,8,0.6
real_fists_feet,csp_lda,within_subject,9,0.533333
real_fists_feet,csp_lda,within_subject,10,0.844444
real_fists_feet,csp_lda,within_subject,11,0.733333
real_fists_feet,csp_lda,within_subject,12,0.711111
real_fists_feet,csp_lda,within_subject,13,0.933333
real_fists_feet,csp_lda,within_subject,14,0.977778
real_fists_feet,csp_lda,within_subject,15,0.888889
real_fists_feet,csp_lda,within_subject,16,0.733333
real_fists_feet,csp_lda,within_subject,17,0.666667
real_fists_feet,csp_lda,within_subject,18,0.822222
real_fists_feet,csp_lda,within_subject,19,0.933333
real_fists_feet,csp_lda,within_subject,20,0.511111
real_fists_feet,csp_lda,within_subject,21,0.666667
real_fists_feet,csp_lda,within_subject,22,0.755556
real_fists_feet,csp_lda,within_subject,23,0.6
real_fists_feet,csp_lda,within_subject,24,0.711111
real_fists_feet,csp_lda,within_subject,25,0.933333
real_fists_feet,csp_lda,within_subject,26,0.822222
real_fists_feet,csp_lda,within_subject,27,0.933333
real_fists_feet,csp_lda,within_subject,28,0.733333
real_fists_feet,csp_lda,within_subject,29,0.977778
real_fists_feet,csp_lda,within_subject,30,0.711111
real_fists_feet,csp_lda,within_subject,31,0.822222
real_fists_feet,csp_lda,within_subject,32,0.977778
real_fists_feet,csp_lda,within_subject,33,0.688889
real_fists_feet,csp_lda,within_subject,34,0.880952
real_fists_feet,csp_lda,within_subject,35,0.977778
real_fists_feet,csp_lda,within_subject,36,0.955556
real_fists_feet,csp_lda,within_subject,37,0.595238
real_fists_feet,csp_lda,within_subject,38,0.6
real_fists_feet,csp_lda,within_subject,39,0.555556
real_fists_feet,csp_lda,within_subject,40,0.555556
real_fists_feet,csp_lda,within_subject,41,0.904762
real_fists_feet,csp_lda,within_subject,42,0.977778
real_fists_feet,csp_lda,within_subject,43,0.577778
real_fists_feet,csp_lda,within_subject,44,0.644444
real_fists_feet,csp_lda,within_subject,45,0.622222
real_fists_feet,csp_lda,within_subject,46,0.955556
real_fists_feet,csp_lda,within_subject,47,0.688889
real_fists_feet,csp_lda,within_subject,48,0.8
real_fists_feet,csp_lda,within_subject,49,0.777778
real_fists_feet,csp_lda,within_subject,50,0.8
real_fists_feet,csp_lda,within_subject,51,0.595238
real_fists_feet,csp_lda,within_subject,52,0.8
real_fists_feet,csp_lda,within_subject,53,0.8
real_fists_feet,csp_lda,within_subject,54,0.911111
real_fists_feet,csp_lda,within_subject,55,0.977778
real_fists_feet,csp_lda,within_subject,56,0.822222
real_fists_feet,csp_lda,within_subject,57,0.8
real_fists_feet,csp_lda,within_subject,58,0.844444
real_fists_feet,csp_lda,within_subject,59,0.577778
real_fists_feet,csp_lda,within_subject,60,0.822222
real_fists_feet,csp_lda,within_subject,61,0.733333
real_fists_feet,csp_lda,within_subject,62,0.844444
real_fists_feet,csp_lda,within_subject,63,0.511111
real_fists_feet,csp_lda,within_subject,64,0.714286
real_fists_feet,csp_lda,within_subject,65,0.844444
real_fists_feet,csp_lda,within_subject,66,0.777778
real_fists_feet,csp_lda,within_subject,67,0.666667
real_fists_feet,csp_lda,within_subject,68,0.8
real_fists_feet,csp_lda,within_subject,69,0.666667
real_fists_feet,csp_lda,within_subject,70,0.755556
real_fists_feet,csp_lda,within_subject,71,0.933333
real_fists_feet,csp_lda,within_subject,72,0.97619
real_fists_feet,csp_lda,within_subject,73,0.666667
real_fists_feet,csp_lda,within_subject,74,0.571429
real_fists_feet,csp_lda,within_subject,75,0.688889
real_fists_feet,csp_lda,within_subject,76,0.666667
real_fists_feet,csp_lda,within_subject,77,0.844444
real_fists_feet,csp_lda,within_subject,78,0.644444
real_fists_feet,csp_lda,within_subject,79,0.755556
real_fists_feet,csp_lda,within_subject,80,0.6
real_fists_feet,csp_lda,within_subject,81,0.911111
real_fists_feet,csp_lda,within_subject,82,0.6
real_fists_feet,csp_lda,within_subject,83,0.955556
real_fists_feet,csp_lda,within_subject,84,0.6
real_fists_feet,csp_lda,within_subject,85,1
real_fists_feet,csp_lda,within_subject,86,0.733333
real_fists_feet,csp_lda,within_subject,87,0.733333
real_fists_feet,csp_lda,within_subject,88,0.614035
real_fists_feet,csp_lda,within_subject,89,0.688889
real_fists_feet,csp_lda,within_subject,90,0.511111
real_fists_feet,csp_lda,within_subject,91,0.911111
real_fists_feet,csp_lda,within_subject,92,0.824561
real_fists_feet,csp_lda,within_subject,93,0.822222
real_fists_feet,csp_lda,within_subject,94,1
real_fists_feet,csp_lda,within_subject,95,0.6
real_fists_feet,csp_lda,within_subject,96,0.511111
real_fists_feet,csp_lda,within_subject,97,0.511111
real_fists_feet,csp_lda,within_subject,98,0.511111
real_fists_feet,csp_lda,within_subject,99,0.777778
real_fists_feet,csp_lda,within_subject,100,0.861111
real_fists_feet,csp_lda,within_subject,101,0.533333
real_fists_feet,csp_lda,within_subject,102,0.809524
real_fists_feet,csp_lda,within_subject,103,0.866667
real_fists_feet,csp_lda,within_subject,104,0.933333
real_fists_feet,csp_lda,within_subject,105,0.911111
real_fists_feet,csp_lda,within_subject,106,0.382353
real_fists_feet,csp_lda,within_subject,107,0.577778
real_fists_feet,csp_lda,within_subject,108,0.777778
real_fists_feet,csp_lda,within_subject,109,1
real_fists_feet,csp_lda,cross_subject,1,0.511111
real_fists_feet,csp_lda,cross_subject,2,0.911111
real_fists_feet,csp_lda,cross_subject,3,0.488889
real_fists_feet,csp_lda,cross_subject,4,0.555556
real_fists_feet,csp_lda,cross_subject,5,0.555556
real_fists_feet,csp_lda,cross_subject,6,0.533333
real_fists_feet,csp_lda,cross_subject,7,0.511111
real_fists_feet,csp_lda,cross_subject,8,0.488889
real_fists_feet,csp_lda,cross_subject,9,0.488889
real_fists_feet,csp_lda,cross_subject,10,0.533333
real_fists_feet,csp_lda,cross_subject,11,0.555556
real_fists_feet,csp_lda,cross_subject,12,0.533333
real_fists_feet,csp_lda,cross_subject,13,0.466667
real_fists_feet,csp_lda,cross_subject,14,0.466667
real_fists_feet,csp_lda,cross_subject,15,0.6
real_fists_feet,csp_lda,cross_subject,16,0.6
real_fists_feet,csp_lda,cross_subject,17,0.488889
real_fists_feet,csp_lda,cross_subject,18,0.533333
real_fists_feet,csp_lda,cross_subject,19,0.533333
real_fists_feet,csp_lda,cross_subject,20,0.466667
real_fists_feet,csp_lda,cross_subject,21,0.511111
real_fists_feet,csp_lda,cross_subject,22,0.777778
real_fists_feet,csp_lda,cross_subject,23,0.466667
real_fists_feet,csp_lda,cross_subject,24,0.511111
real_fists_feet,csp_lda,cross_subject,25,0.511111
real_fists_feet,csp_lda,cross_subject,26,0.488889
real_fists_feet,csp_lda,cross_subject,27,0.622222
real_fists_feet,csp_lda,cross_subject,28,0.577778
real_fists_feet,csp_lda,cross_subject,29,0.511111
real_fists_feet,csp_lda,cross_subject,30,0.488889
real_fists_feet,csp_lda,cross_subject,31,0.555556
real_fists_feet,csp_lda,cross_subject,32,0.666667
real_fists_feet,csp_lda,cross_subject,33,0.622222
real_fists_feet,csp_lda,cross_subject,34,0.5
real_fists_feet,csp_lda,cross_subject,35,0.488889
real_fists_feet,csp_lda,cross_subject,36,0.533333
real_fists_feet,csp_lda,cross_subject,37,0.380952
real_fists_feet,csp_lda,cross_subject,38,0.466667
real_fists_feet,csp_lda,cross_subject,39,0.488889
real_fists_feet,csp_lda,cross_subject,40,0.511111
real_fists_feet,csp_lda,cross_subject,41,0.547619
real_fists_feet,csp_lda,cross_subject,42,0.488889
real_fists_feet,csp_lda,cross_subject,43,0.555556
real_fists_feet,csp_lda,cross_subject,44,0.533333
real_fists_feet,csp_lda,cross_subject,45,0.466667
real_fists_feet,csp_lda,cross_subject,46,0.755556
real_fists_feet,csp_lda,cross_subject,47,0.511111
real_fists_feet,csp_lda,cross_subject,48,0.444444
real_fists_feet,csp_lda,cross_subject,49,0.555556
real_fists_feet,csp_lda,cross_subject,50,0.555556
real_fists_feet,csp_lda,cross_subject,51,0.52381
real_fists_feet,csp_lda,cross_subject,52,0.511111
real_fists_feet,csp_lda,cross_subject,53,0.511111
real_fists_feet,csp_lda,cross_subject,54,0.422222
real_fists_feet,csp_lda,cross_subject,55,0.511111
real_fists_feet,csp_lda,cross_subject,56,0.555556
real_fists_feet,csp_lda,cross_subject,57,0.422222
real_fists_feet,csp_lda,cross_subject,58,0.4
real_fists_feet,csp_lda,cross_subject,59,0.488889
real_fists_feet,csp_lda,cross_subject,60,0.533333
real_fists_feet,csp_lda,cross_subject,61,0.511111
real_fists_feet,csp_lda,cross_subject,62,0.444444
real_fists_feet,csp_lda,cross_subject,63,0.488889
real_fists_feet,csp_lda,cross_subject,64,0.5
real_fists_feet,csp_lda,cross_subject,65,0.755556
real_fists_feet,csp_lda,cross_subject,66,0.533333
real_fists_feet,csp_lda,cross_subject,67,0.377778
real_fists_feet,csp_lda,cross_subject,68,0.511111
real_fists_feet,csp_lda,cross_subject,69,0.511111
real_fists_feet,csp_lda,cross_subject,70,0.466667
real_fists_feet,csp_lda,cross_subject,71,0.555556
real_fists_feet,csp_lda,cross_subject,72,0.5
real_fists_feet,csp_lda,cross_subject,73,0.52381
real_fists_feet,csp_lda,cross_subject,74,0.52381
real_fists_feet,csp_lda,cross_subject,75,0.511111
real_fists_feet,csp_lda,cross_subject,76,0.5
real_fists_feet,csp_lda,cross_subject,77,0.0888889
real_fists_feet,csp_lda,cross_subject,78,0.488889
real_fists_feet,csp_lda,cross_subject,79,0.355556
real_fists_feet,csp_lda,cross_subject,80,0.555556
real_fists_feet,csp_lda,cross_subject,81,0.466667
real_fists_feet,csp_lda,cross_subject,82,0.511111
real_fists_feet,csp_lda,cross_subject,83,0.511111
real_fists_feet,csp_lda,cross_subject,84,0.488889
real_fists_feet,csp_lda,cross_subject,85,0.555556
real_fists_feet,csp_lda,cross_subject,86,0.466667
real_fists_feet,csp_lda,cross_subject,87,0.488889
real_fists_feet,csp_lda,cross_subject,88,0.45614
real_fists_feet,csp_lda,cross_subject,89,0.488889
real_fists_feet,csp_lda,cross_subject,90,0.511111
real_fists_feet,csp_lda,cross_subject,91,0.488889
real_fists_feet,csp_lda,cross_subject,92,0.473684
real_fists_feet,csp_lda,cross_subject,93,0.644444
real_fists_feet,csp_lda,cross_subject,94,0.422222
real_fists_feet,csp_lda,cross_subject,95,0.533333
real_fists_feet,csp_lda,cross_subject,96,0.577778
real_fists_feet,csp_lda,cross_subject,97,0.6
real_fists_feet,csp_lda,cross_subject,98,0.355556
real_fists_feet,csp_lda,cross_subject,99,0.488889
real_fists_feet,csp_lda,cross_subject,100,0.5
real_fists_feet,csp_lda,cross_subject,101,0.511111
real_fists_feet,csp_lda,cross_subject,102,0.5
real_fists_feet,csp_lda,cross_subject,103,0.511111
real_fists_feet,csp_lda,cross_subject,104,0.622222
real_fists_feet,csp_lda,cross_subject,105,0.488889
real_fists_feet,csp_lda,cross_subject,106,0.5
real_fists_feet,csp_lda,cross_subject,107,0.577778
real_fists_feet,csp_lda,cross_subject,108,0.511111
real_fists_feet,csp_lda,cross_subject,109,0.466667
real_fists_feet,riemann_ts_lr,pooled_random,1,0.711111
real_fists_feet,riemann_ts_lr,pooled_random,2,0.977778
real_fists_feet,riemann_ts_lr,pooled_random,3,0.533333
real_fists_feet,riemann_ts_lr,pooled_random,4,0.777778
real_fists_feet,riemann_ts_lr,pooled_random,5,0.755556
real_fists_feet,riemann_ts_lr,pooled_random,6,0.622222
real_fists_feet,riemann_ts_lr,pooled_random,7,0.933333
real_fists_feet,riemann_ts_lr,pooled_random,8,0.555556
real_fists_feet,riemann_ts_lr,pooled_random,9,0.577778
real_fists_feet,riemann_ts_lr,pooled_random,10,0.911111
real_fists_feet,riemann_ts_lr,pooled_random,11,0.644444
real_fists_feet,riemann_ts_lr,pooled_random,12,0.733333
real_fists_feet,riemann_ts_lr,pooled_random,13,0.866667
real_fists_feet,riemann_ts_lr,pooled_random,14,0.844444
real_fists_feet,riemann_ts_lr,pooled_random,15,0.866667
real_fists_feet,riemann_ts_lr,pooled_random,16,0.888889
real_fists_feet,riemann_ts_lr,pooled_random,17,0.644444
real_fists_feet,riemann_ts_lr,pooled_random,18,0.688889
real_fists_feet,riemann_ts_lr,pooled_random,19,0.911111
real_fists_feet,riemann_ts_lr,pooled_random,20,0.666667
real_fists_feet,riemann_ts_lr,pooled_random,21,0.711111
real_fists_feet,riemann_ts_lr,pooled_random,22,0.755556
real_fists_feet,riemann_ts_lr,pooled_random,23,0.644444
real_fists_feet,riemann_ts_lr,pooled_random,24,0.8
real_fists_feet,riemann_ts_lr,pooled_random,25,0.955556
real_fists_feet,riemann_ts_lr,pooled_random,26,0.822222
real_fists_feet,riemann_ts_lr,pooled_random,27,0.822222
real_fists_feet,riemann_ts_lr,pooled_random,28,0.711111
real_fists_feet,riemann_ts_lr,pooled_random,29,0.977778
real_fists_feet,riemann_ts_lr,pooled_random,30,0.711111
real_fists_feet,riemann_ts_lr,pooled_random,31,0.866667
real_fists_feet,riemann_ts_lr,pooled_random,32,0.844444
real_fists_feet,riemann_ts_lr,pooled_random,33,0.733333
real_fists_feet,riemann_ts_lr,pooled_random,34,0.928571
real_fists_feet,riemann_ts_lr,pooled_random,35,0.977778
real_fists_feet,riemann_ts_lr,pooled_random,36,0.8
real_fists_feet,riemann_ts_lr,pooled_random,37,0.595238
real_fists_feet,riemann_ts_lr,pooled_random,38,0.666667
real_fists_feet,riemann_ts_lr,pooled_random,39,0.666667
real_fists_feet,riemann_ts_lr,pooled_random,40,0.533333
real_fists_feet,riemann_ts_lr,pooled_random,41,0.904762
real_fists_feet,riemann_ts_lr,pooled_random,42,0.888889
real_fists_feet,riemann_ts_lr,pooled_random,43,0.8
real_fists_feet,riemann_ts_lr,pooled_random,44,0.777778
real_fists_feet,riemann_ts_lr,pooled_random,45,0.644444
real_fists_feet,riemann_ts_lr,pooled_random,46,0.955556
real_fists_feet,riemann_ts_lr,pooled_random,47,0.711111
real_fists_feet,riemann_ts_lr,pooled_random,48,0.8
real_fists_feet,riemann_ts_lr,pooled_random,49,0.844444
real_fists_feet,riemann_ts_lr,pooled_random,50,0.555556
real_fists_feet,riemann_ts_lr,pooled_random,51,0.666667
real_fists_feet,riemann_ts_lr,pooled_random,52,0.644444
real_fists_feet,riemann_ts_lr,pooled_random,53,0.511111
real_fists_feet,riemann_ts_lr,pooled_random,54,0.933333
real_fists_feet,riemann_ts_lr,pooled_random,55,0.933333
real_fists_feet,riemann_ts_lr,pooled_random,56,0.733333
real_fists_feet,riemann_ts_lr,pooled_random,57,0.866667
real_fists_feet,riemann_ts_lr,pooled_random,58,0.622222
real_fists_feet,riemann_ts_lr,pooled_random,59,0.6
real_fists_feet,riemann_ts_lr,pooled_random,60,0.822222
real_fists_feet,riemann_ts_lr,pooled_random,61,0.933333
real_fists_feet,riemann_ts_lr,pooled_random,62,0.733333
real_fists_feet,riemann_ts_lr,pooled_random,63,0.511111
real_fists_feet,riemann_ts_lr,pooled_random,64,0.785714
real_fists_feet,riemann_ts_lr,pooled_random,65,0.777778
real_fists_feet,riemann_ts_lr,pooled_random,66,0.844444
real_fists_feet,riemann_ts_lr,pooled_random,67,0.511111
real_fists_feet,riemann_ts_lr,pooled_random,68,0.711111
real_fists_feet,riemann_ts_lr,pooled_random,69,0.666667
real_fists_feet,riemann_ts_lr,pooled_random,70,0.622222
real_fists_feet,riemann_ts_lr,pooled_random,71,0.911111
real_fists_feet,riemann_ts_lr,pooled_random,72,0.809524
real_fists_feet,riemann_ts_lr,pooled_random,73,0.809524
real_fists_feet,riemann_ts_lr,pooled_random,74,0.809524
real_fists_feet,riemann_ts_lr,pooled_random,75,0.844444
real_fists_feet,riemann_ts_lr,pooled_random,76,0.642857
real_fists_feet,riemann_ts_lr,pooled_random,77,0.866667
real_fists_feet,riemann_ts_lr,pooled_random,78,0.444444
real_fists_feet,riemann_ts_lr,pooled_random,79,0.888889
real_fists_feet,riemann_ts_lr,pooled_random,80,0.6
real_fists_feet,riemann_ts_lr,pooled_random,81,0.733333
real_fists_feet,riemann_ts_lr,pooled_random,82,0.711111
real_fists_feet,riemann_ts_lr,pooled_random,83,0.955556
real_fists_feet,riemann_ts_lr,pooled_random,84,0.622222
real_fists_feet,riemann_ts_lr,pooled_random,85,0.955556
real_fists_feet,riemann_ts_lr,pooled_random,86,0.911111
real_fists_feet,riemann_ts_lr,pooled_random,87,0.644444
real_fists_feet,riemann_ts_lr,pooled_random,88,0.719298
real_fists_feet,riemann_ts_lr,pooled_random,89,0.866667
real_fists_feet,riemann_ts_lr,pooled_random,90,0.488889
real_fists_feet,riemann_ts_lr,pooled_random,91,0.866667
real_fists_feet,riemann_ts_lr,pooled_random,92,0.614035
real_fists_feet,riemann_ts_lr,pooled_random,93,0.911111
real_fists_feet,riemann_ts_lr,pooled_random,94,0.933333
real_fists_feet,riemann_ts_lr,pooled_random,95,0.688889
real_fists_feet,riemann_ts_lr,pooled_random,96,0.733333
real_fists_feet,riemann_ts_lr,pooled_random,97,0.511111
real_fists_feet,riemann_ts_lr,pooled_random,98,0.711111
real_fists_feet,riemann_ts_lr,pooled_random,99,0.644444
real_fists_feet,riemann_ts_lr,pooled_random,100,0.666667
real_fists_feet,riemann_ts_lr,pooled_random,101,0.666667
real_fists_feet,riemann_ts_lr,pooled_random,102,0.904762
real_fists_feet,riemann_ts_lr,pooled_random,103,0.955556
real_fists_feet,riemann_ts_lr,pooled_random,104,0.666667
real_fists_feet,riemann_ts_lr,pooled_random,105,1
real_fists_feet,riemann_ts_lr,pooled_random,106,0.558824
real_fists_feet,riemann_ts_lr,pooled_random,107,0.777778
real_fists_feet,riemann_ts_lr,pooled_random,108,0.822222
real_fists_feet,riemann_ts_lr,pooled_random,109,0.822222
real_fists_feet,riemann_ts_lr,within_subject,1,0.955556
real_fists_feet,riemann_ts_lr,within_subject,2,1
real_fists_feet,riemann_ts_lr,within_subject,3,0.733333
real_fists_feet,riemann_ts_lr,within_subject,4,0.955556
real_fists_feet,riemann_ts_lr,within_subject,5,0.688889
real_fists_feet,riemann_ts_lr,within_subject,6,0.555556
real_fists_feet,riemann_ts_lr,within_subject,7,0.888889
real_fists_feet,riemann_ts_lr,within_subject,8,0.822222
real_fists_feet,riemann_ts_lr,within_subject,9,0.555556
real_fists_feet,riemann_ts_lr,within_subject,10,0.933333
real_fists_feet,riemann_ts_lr,within_subject,11,0.8
real_fists_feet,riemann_ts_lr,within_subject,12,0.777778
real_fists_feet,riemann_ts_lr,within_subject,13,0.688889
real_fists_feet,riemann_ts_lr,within_subject,14,1
real_fists_feet,riemann_ts_lr,within_subject,15,0.777778
real_fists_feet,riemann_ts_lr,within_subject,16,0.822222
real_fists_feet,riemann_ts_lr,within_subject,17,0.688889
real_fists_feet,riemann_ts_lr,within_subject,18,0.688889
real_fists_feet,riemann_ts_lr,within_subject,19,0.844444
real_fists_feet,riemann_ts_lr,within_subject,20,0.6
real_fists_feet,riemann_ts_lr,within_subject,21,0.711111
real_fists_feet,riemann_ts_lr,within_subject,22,0.711111
real_fists_feet,riemann_ts_lr,within_subject,23,0.644444
real_fists_feet,riemann_ts_lr,within_subject,24,0.822222
real_fists_feet,riemann_ts_lr,within_subject,25,0.911111
real_fists_feet,riemann_ts_lr,within_subject,26,0.866667
real_fists_feet,riemann_ts_lr,within_subject,27,0.844444
real_fists_feet,riemann_ts_lr,within_subject,28,0.777778
real_fists_feet,riemann_ts_lr,within_subject,29,0.955556
real_fists_feet,riemann_ts_lr,within_subject,30,0.688889
real_fists_feet,riemann_ts_lr,within_subject,31,0.866667
real_fists_feet,riemann_ts_lr,within_subject,32,0.755556
real_fists_feet,riemann_ts_lr,within_subject,33,0.777778
real_fists_feet,riemann_ts_lr,within_subject,34,0.952381
real_fists_feet,riemann_ts_lr,within_subject,35,0.977778
real_fists_feet,riemann_ts_lr,within_subject,36,0.711111
real_fists_feet,riemann_ts_lr,within_subject,37,0.714286
real_fists_feet,riemann_ts_lr,within_subject,38,0.577778
real_fists_feet,riemann_ts_lr,within_subject,39,0.577778
real_fists_feet,riemann_ts_lr,within_subject,40,0.511111
real_fists_feet,riemann_ts_lr,within_subject,41,0.928571
real_fists_feet,riemann_ts_lr,within_subject,42,1
real_fists_feet,riemann_ts_lr,within_subject,43,0.644444
real_fists_feet,riemann_ts_lr,within_subject,44,0.644444
real_fists_feet,riemann_ts_lr,within_subject,45,0.6
real_fists_feet,riemann_ts_lr,within_subject,46,0.977778
real_fists_feet,riemann_ts_lr,within_subject,47,0.555556
real_fists_feet,riemann_ts_lr,within_subject,48,0.711111
real_fists_feet,riemann_ts_lr,within_subject,49,0.911111
real_fists_feet,riemann_ts_lr,within_subject,50,0.866667
real_fists_feet,riemann_ts_lr,within_subject,51,0.785714
real_fists_feet,riemann_ts_lr,within_subject,52,0.888889
real_fists_feet,riemann_ts_lr,within_subject,53,0.688889
real_fists_feet,riemann_ts_lr,within_subject,54,0.933333
real_fists_feet,riemann_ts_lr,within_subject,55,0.955556
real_fists_feet,riemann_ts_lr,within_subject,56,0.8
real_fists_feet,riemann_ts_lr,within_subject,57,0.822222
real_fists_feet,riemann_ts_lr,within_subject,58,0.533333
real_fists_feet,riemann_ts_lr,within_subject,59,0.711111
real_fists_feet,riemann_ts_lr,within_subject,60,0.822222
real_fists_feet,riemann_ts_lr,within_subject,61,0.777778
real_fists_feet,riemann_ts_lr,within_subject,62,0.711111
real_fists_feet,riemann_ts_lr,within_subject,63,0.488889
real_fists_feet,riemann_ts_lr,within_subject,64,0.714286
real_fists_feet,riemann_ts_lr,within_subject,65,0.933333
real_fists_feet,riemann_ts_lr,within_subject,66,0.844444
real_fists_feet,riemann_ts_lr,within_subject,67,0.8
real_fists_feet,riemann_ts_lr,within_subject,68,0.844444
real_fists_feet,riemann_ts_lr,within_subject,69,0.755556
real_fists_feet,riemann_ts_lr,within_subject,70,0.8
real_fists_feet,riemann_ts_lr,within_subject,71,0.955556
real_fists_feet,riemann_ts_lr,within_subject,72,1
real_fists_feet,riemann_ts_lr,within_subject,73,0.666667
real_fists_feet,riemann_ts_lr,within_subject,74,0.642857
real_fists_feet,riemann_ts_lr,within_subject,75,0.777778
real_fists_feet,riemann_ts_lr,within_subject,76,0.595238
real_fists_feet,riemann_ts_lr,within_subject,77,1
real_fists_feet,riemann_ts_lr,within_subject,78,0.666667
real_fists_feet,riemann_ts_lr,within_subject,79,0.755556
real_fists_feet,riemann_ts_lr,within_subject,80,0.666667
real_fists_feet,riemann_ts_lr,within_subject,81,0.933333
real_fists_feet,riemann_ts_lr,within_subject,82,0.577778
real_fists_feet,riemann_ts_lr,within_subject,83,0.8
real_fists_feet,riemann_ts_lr,within_subject,84,0.555556
real_fists_feet,riemann_ts_lr,within_subject,85,0.955556
real_fists_feet,riemann_ts_lr,within_subject,86,0.755556
real_fists_feet,riemann_ts_lr,within_subject,87,0.733333
real_fists_feet,riemann_ts_lr,within_subject,88,0.666667
real_fists_feet,riemann_ts_lr,within_subject,89,0.688889
real_fists_feet,riemann_ts_lr,within_subject,90,0.511111
real_fists_feet,riemann_ts_lr,within_subject,91,0.977778
real_fists_feet,riemann_ts_lr,within_subject,92,0.736842
real_fists_feet,riemann_ts_lr,within_subject,93,0.866667
real_fists_feet,riemann_ts_lr,within_subject,94,0.911111
real_fists_feet,riemann_ts_lr,within_subject,95,0.577778
real_fists_feet,riemann_ts_lr,within_subject,96,0.777778
real_fists_feet,riemann_ts_lr,within_subject,97,0.688889
real_fists_feet,riemann_ts_lr,within_subject,98,0.511111
real_fists_feet,riemann_ts_lr,within_subject,99,0.577778
real_fists_feet,riemann_ts_lr,within_subject,100,0.888889
real_fists_feet,riemann_ts_lr,within_subject,101,0.555556
real_fists_feet,riemann_ts_lr,within_subject,102,0.857143
real_fists_feet,riemann_ts_lr,within_subject,103,0.8
real_fists_feet,riemann_ts_lr,within_subject,104,0.955556
real_fists_feet,riemann_ts_lr,within_subject,105,0.933333
real_fists_feet,riemann_ts_lr,within_subject,106,0.441176
real_fists_feet,riemann_ts_lr,within_subject,107,0.622222
real_fists_feet,riemann_ts_lr,within_subject,108,0.8
real_fists_feet,riemann_ts_lr,within_subject,109,1
real_fists_feet,riemann_ts_lr,cross_subject,1,0.688889
real_fists_feet,riemann_ts_lr,cross_subject,2,0.911111
real_fists_feet,riemann_ts_lr,cross_subject,3,0.488889
real_fists_feet,riemann_ts_lr,cross_subject,4,0.622222
real_fists_feet,riemann_ts_lr,cross_subject,5,0.577778
real_fists_feet,riemann_ts_lr,cross_subject,6,0.6
real_fists_feet,riemann_ts_lr,cross_subject,7,0.755556
real_fists_feet,riemann_ts_lr,cross_subject,8,0.511111
real_fists_feet,riemann_ts_lr,cross_subject,9,0.533333
real_fists_feet,riemann_ts_lr,cross_subject,10,0.822222
real_fists_feet,riemann_ts_lr,cross_subject,11,0.6
real_fists_feet,riemann_ts_lr,cross_subject,12,0.577778
real_fists_feet,riemann_ts_lr,cross_subject,13,0.755556
real_fists_feet,riemann_ts_lr,cross_subject,14,0.555556
real_fists_feet,riemann_ts_lr,cross_subject,15,0.844444
real_fists_feet,riemann_ts_lr,cross_subject,16,0.822222
real_fists_feet,riemann_ts_lr,cross_subject,17,0.533333
real_fists_feet,riemann_ts_lr,cross_subject,18,0.533333
real_fists_feet,riemann_ts_lr,cross_subject,19,0.555556
real_fists_feet,riemann_ts_lr,cross_subject,20,0.644444
real_fists_feet,riemann_ts_lr,cross_subject,21,0.666667
real_fists_feet,riemann_ts_lr,cross_subject,22,0.577778
real_fists_feet,riemann_ts_lr,cross_subject,23,0.555556
real_fists_feet,riemann_ts_lr,cross_subject,24,0.688889
real_fists_feet,riemann_ts_lr,cross_subject,25,0.666667
real_fists_feet,riemann_ts_lr,cross_subject,26,0.888889
real_fists_feet,riemann_ts_lr,cross_subject,27,0.711111
real_fists_feet,riemann_ts_lr,cross_subject,28,0.511111
real_fists_feet,riemann_ts_lr,cross_subject,29,0.933333
real_fists_feet,riemann_ts_lr,cross_subject,30,0.711111
real_fists_feet,riemann_ts_lr,cross_subject,31,0.822222
real_fists_feet,riemann_ts_lr,cross_subject,32,0.622222
real_fists_feet,riemann_ts_lr,cross_subject,33,0.711111
real_fists_feet,riemann_ts_lr,cross_subject,34,0.880952
real_fists_feet,riemann_ts_lr,cross_subject,35,0.844444
real_fists_feet,riemann_ts_lr,cross_subject,36,0.533333
real_fists_feet,riemann_ts_lr,cross_subject,37,0.52381
real_fists_feet,riemann_ts_lr,cross_subject,38,0.533333
real_fists_feet,riemann_ts_lr,cross_subject,39,0.511111
real_fists_feet,riemann_ts_lr,cross_subject,40,0.533333
real_fists_feet,riemann_ts_lr,cross_subject,41,0.928571
real_fists_feet,riemann_ts_lr,cross_subject,42,0.911111
real_fists_feet,riemann_ts_lr,cross_subject,43,0.644444
real_fists_feet,riemann_ts_lr,cross_subject,44,0.711111
real_fists_feet,riemann_ts_lr,cross_subject,45,0.666667
real_fists_feet,riemann_ts_lr,cross_subject,46,0.822222
real_fists_feet,riemann_ts_lr,cross_subject,47,0.511111
real_fists_feet,riemann_ts_lr,cross_subject,48,0.6
real_fists_feet,riemann_ts_lr,cross_subject,49,0.866667
real_fists_feet,riemann_ts_lr,cross_subject,50,0.511111
real_fists_feet,riemann_ts_lr,cross_subject,51,0.571429
real_fists_feet,riemann_ts_lr,cross_subject,52,0.6
real_fists_feet,riemann_ts_lr,cross_subject,53,0.577778
real_fists_feet,riemann_ts_lr,cross_subject,54,0.688889
real_fists_feet,riemann_ts_lr,cross_subject,55,0.866667
real_fists_feet,riemann_ts_lr,cross_subject,56,0.8
real_fists_feet,riemann_ts_lr,cross_subject,57,0.755556
real_fists_feet,riemann_ts_lr,cross_subject,58,0.488889
real_fists_feet,riemann_ts_lr,cross_subject,59,0.622222
real_fists_feet,riemann_ts_lr,cross_subject,60,0.777778
real_fists_feet,riemann_ts_lr,cross_subject,61,0.555556
real_fists_feet,riemann_ts_lr,cross_subject,62,0.577778
real_fists_feet,riemann_ts_lr,cross_subject,63,0.444444
real_fists_feet,riemann_ts_lr,cross_subject,64,0.761905
real_fists_feet,riemann_ts_lr,cross_subject,65,0.644444
real_fists_feet,riemann_ts_lr,cross_subject,66,0.6
real_fists_feet,riemann_ts_lr,cross_subject,67,0.4
real_fists_feet,riemann_ts_lr,cross_subject,68,0.644444
real_fists_feet,riemann_ts_lr,cross_subject,69,0.577778
real_fists_feet,riemann_ts_lr,cross_subject,70,0.533333
real_fists_feet,riemann_ts_lr,cross_subject,71,0.844444
real_fists_feet,riemann_ts_lr,cross_subject,72,0.642857
real_fists_feet,riemann_ts_lr,cross_subject,73,0.761905
real_fists_feet,riemann_ts_lr,cross_subject,74,0.571429
real_fists_feet,riemann_ts_lr,cross_subject,75,0.8
real_fists_feet,riemann_ts_lr,cross_subject,76,0.380952
real_fists_feet,riemann_ts_lr,cross_subject,77,0.644444
real_fists_feet,riemann_ts_lr,cross_subject,78,0.466667
real_fists_feet,riemann_ts_lr,cross_subject,79,0.666667
real_fists_feet,riemann_ts_lr,cross_subject,80,0.6
real_fists_feet,riemann_ts_lr,cross_subject,81,0.822222
real_fists_feet,riemann_ts_lr,cross_subject,82,0.8
real_fists_feet,riemann_ts_lr,cross_subject,83,0.711111
real_fists_feet,riemann_ts_lr,cross_subject,84,0.6
real_fists_feet,riemann_ts_lr,cross_subject,85,0.822222
real_fists_feet,riemann_ts_lr,cross_subject,86,0.844444
real_fists_feet,riemann_ts_lr,cross_subject,87,0.533333
real_fists_feet,riemann_ts_lr,cross_subject,88,0.684211
real_fists_feet,riemann_ts_lr,cross_subject,89,0.755556
real_fists_feet,riemann_ts_lr,cross_subject,90,0.511111
real_fists_feet,riemann_ts_lr,cross_subject,91,0.844444
real_fists_feet,riemann_ts_lr,cross_subject,92,0.631579
real_fists_feet,riemann_ts_lr,cross_subject,93,0.822222
real_fists_feet,riemann_ts_lr,cross_subject,94,0.955556
real_fists_feet,riemann_ts_lr,cross_subject,95,0.688889
real_fists_feet,riemann_ts_lr,cross_subject,96,0.755556
real_fists_feet,riemann_ts_lr,cross_subject,97,0.555556
real_fists_feet,riemann_ts_lr,cross_subject,98,0.511111
real_fists_feet,riemann_ts_lr,cross_subject,99,0.511111
real_fists_feet,riemann_ts_lr,cross_subject,100,0.583333
real_fists_feet,riemann_ts_lr,cross_subject,101,0.511111
real_fists_feet,riemann_ts_lr,cross_subject,102,0.547619
real_fists_feet,riemann_ts_lr,cross_subject,103,0.6
real_fists_feet,riemann_ts_lr,cross_subject,104,0.711111
real_fists_feet,riemann_ts_lr,cross_subject,105,0.822222
real_fists_feet,riemann_ts_lr,cross_subject,106,0.558824
real_fists_feet,riemann_ts_lr,cross_subject,107,0.733333
real_fists_feet,riemann_ts_lr,cross_subject,108,0.8
real_fists_feet,riemann_ts_lr,cross_subject,109,0.488889
