task,model,k,draw,subject,n_test,accuracy
imagery_left_right_fist,csp_lda,0,0,1,15,0.733333
imagery_left_right_fist,csp_lda,4,0,1,15,0.733333
imagery_left_right_fist,csp_lda,8,0,1,15,0.733333
imagery_left_right_fist,csp_lda,16,0,1,15,0.733333
imagery_left_right_fist,csp_lda,30,0,1,15,0.733333
imagery_left_right_fist,csp_lda,4,1,1,15,0.8
imagery_left_right_fist,csp_lda,8,1,1,15,0.733333
imagery_left_right_fist,csp_lda,16,1,1,15,0.733333
imagery_left_right_fist,csp_lda,30,1,1,15,0.733333
imagery_left_right_fist,csp_lda,4,2,1,15,0.733333
imagery_left_right_fist,csp_lda,8,2,1,15,0.733333
imagery_left_right_fist,csp_lda,16,2,1,15,0.733333
imagery_left_right_fist,csp_lda,30,2,1,15,0.733333
imagery_left_right_fist,csp_lda,0,0,5,15,0.6
imagery_left_right_fist,csp_lda,4,0,5,15,0.666667
imagery_left_right_fist,csp_lda,8,0,5,15,0.666667
imagery_left_right_fist,csp_lda,16,0,5,15,0.666667
imagery_left_right_fist,csp_lda,30,0,5,15,0.533333
imagery_left_right_fist,csp_lda,4,1,5,15,0.666667
imagery_left_right_fist,csp_lda,8,1,5,15,0.6
imagery_left_right_fist,csp_lda,16,1,5,15,0.666667
imagery_left_right_fist,csp_lda,30,1,5,15,0.533333
imagery_left_right_fist,csp_lda,4,2,5,15,0.666667
imagery_left_right_fist,csp_lda,8,2,5,15,0.666667
imagery_left_right_fist,csp_lda,16,2,5,15,0.666667
imagery_left_right_fist,csp_lda,30,2,5,15,0.533333
imagery_left_right_fist,csp_lda,0,0,6,15,0.4
imagery_left_right_fist,csp_lda,4,0,6,15,0.333333
imagery_left_right_fist,csp_lda,8,0,6,15,0.333333
imagery_left_right_fist,csp_lda,16,0,6,15,0.333333
imagery_left_right_fist,csp_lda,30,0,6,15,0.333333
imagery_left_right_fist,csp_lda,4,1,6,15,0.4
imagery_left_right_fist,csp_lda,8,1,6,15,0.4
imagery_left_right_fist,csp_lda,16,1,6,15,0.266667
imagery_left_right_fist,csp_lda,30,1,6,15,0.333333
imagery_left_right_fist,csp_lda,4,2,6,15,0.333333
imagery_left_right_fist,csp_lda,8,2,6,15,0.266667
imagery_left_right_fist,csp_lda,16,2,6,15,0.4
imagery_left_right_fist,csp_lda,30,2,6,15,0.333333
imagery_left_right_fist,csp_lda,0,0,13,15,0.733333
imagery_left_right_fist,csp_lda,4,0,13,15,0.666667
imagery_left_right_fist,csp_lda,8,0,13,15,0.666667
imagery_left_right_fist,csp_lda,16,0,13,15,0.733333
imagery_left_right_fist,csp_lda,30,0,13,15,0.733333
imagery_left_right_fist,csp_lda,4,1,13,15,0.6
imagery_left_right_fist,csp_lda,8,1,13,15,0.666667
imagery_left_right_fist,csp_lda,16,1,13,15,0.733333
imagery_left_right_fist,csp_lda,30,1,13,15,0.733333
imagery_left_right_fist,csp_lda,4,2,13,15,0.666667
imagery_left_right_fist,csp_lda,8,2,13,15,0.666667
imagery_left_right_fist,csp_lda,16,2,13,15,0.733333
imagery_left_right_fist,csp_lda,30,2,13,15,0.733333
imagery_left_right_fist,csp_lda,0,0,15,15,0.666667
imagery_left_right_fist,csp_lda,4,0,15,15,0.666667
imagery_left_right_fist,csp_lda,8,0,15,15,0.666667
imagery_left_right_fist,csp_lda,16,0,15,15,0.666667
imagery_left_right_fist,csp_lda,30,0,15,15,0.666667
imagery_left_right_fist,csp_lda,4,1,15,15,0.666667
imagery_left_right_fist,csp_lda,8,1,15,15,0.666667
imagery_left_right_fist,csp_lda,16,1,15,15,0.666667
imagery_left_right_fist,csp_lda,30,1,15,15,0.666667
imagery_left_right_fist,csp_lda,4,2,15,15,0.666667
imagery_left_right_fist,csp_lda,8,2,15,15,0.666667
imagery_left_right_fist,csp_lda,16,2,15,15,0.666667
imagery_left_right_fist,csp_lda,30,2,15,15,0.666667
imagery_left_right_fist,csp_lda,0,0,16,15,0.733333
imagery_left_right_fist,csp_lda,4,0,16,15,0.733333
imagery_left_right_fist,csp_lda,8,0,16,15,0.733333
imagery_left_right_fist,csp_lda,16,0,16,15,0.733333
imagery_left_right_fist,csp_lda,30,0,16,15,0.733333
imagery_left_right_fist,csp_lda,4,1,16,15,0.733333
imagery_left_right_fist,csp_lda,8,1,16,15,0.733333
imagery_left_right_fist,csp_lda,16,1,16,15,0.733333
imagery_left_right_fist,csp_lda,30,1,16,15,0.733333
imagery_left_right_fist,csp_lda,4,2,16,15,0.733333
imagery_left_right_fist,csp_lda,8,2,16,15,0.733333
imagery_left_right_fist,csp_lda,16,2,16,15,0.733333
imagery_left_right_fist,csp_lda,30,2,16,15,0.733333
imagery_left_right_fist,csp_lda,0,0,17,15,0.533333
imagery_left_right_fist,csp_lda,4,0,17,15,0.533333
imagery_left_right_fist,csp_lda,8,0,17,15,0.533333
imagery_left_right_fist,csp_lda,16,0,17,15,0.533333
imagery_left_right_fist,csp_lda,30,0,17,15,0.533333
imagery_left_right_fist,csp_lda,4,1,17,15,0.533333
imagery_left_right_fist,csp_lda,8,1,17,15,0.533333
imagery_left_right_fist,csp_lda,16,1,17,15,0.533333
imagery_left_right_fist,csp_lda,30,1,17,15,0.533333
imagery_left_right_fist,csp_lda,4,2,17,15,0.533333
imagery_left_right_fist,csp_lda,8,2,17,15,0.533333
imagery_left_right_fist,csp_lda,16,2,17,15,0.533333
imagery_left_right_fist,csp_lda,30,2,17,15,0.533333
imagery_left_right_fist,csp_lda,0,0,23,15,0.6
imagery_left_right_fist,csp_lda,4,0,23,15,0.6
imagery_left_right_fist,csp_lda,8,0,23,15,0.6
imagery_left_right_fist,csp_lda,16,0,23,15,0.6
imagery_left_right_fist,csp_lda,30,0,23,15,0.533333
imagery_left_right_fist,csp_lda,4,1,23,15,0.6
imagery_left_right_fist,csp_lda,8,1,23,15,0.6
imagery_left_right_fist,csp_lda,16,1,23,15,0.6
imagery_left_right_fist,csp_lda,30,1,23,15,0.533333
imagery_left_right_fist,csp_lda,4,2,23,15,0.6
imagery_left_right_fist,csp_lda,8,2,23,15,0.6
imagery_left_right_fist,csp_lda,16,2,23,15,0.6
imagery_left_right_fist,csp_lda,30,2,23,15,0.533333
imagery_left_right_fist,csp_lda,0,0,31,15,0.8
imagery_left_right_fist,csp_lda,4,0,31,15,0.8
imagery_left_right_fist,csp_lda,8,0,31,15,0.8
imagery_left_right_fist,csp_lda,16,0,31,15,0.8
imagery_left_right_fist,csp_lda,30,0,31,15,0.8
imagery_left_right_fist,csp_lda,4,1,31,15,0.8
imagery_left_right_fist,csp_lda,8,1,31,15,0.8
imagery_left_right_fist,csp_lda,16,1,31,15,0.8
imagery_left_right_fist,csp_lda,30,1,31,15,0.8
imagery_left_right_fist,csp_lda,4,2,31,15,0.8
imagery_left_right_fist,csp_lda,8,2,31,15,0.8
imagery_left_right_fist,csp_lda,16,2,31,15,0.8
imagery_left_right_fist,csp_lda,30,2,31,15,0.8
imagery_left_right_fist,csp_lda,0,0,32,15,0.8
imagery_left_right_fist,csp_lda,4,0,32,15,0.8
imagery_left_right_fist,csp_lda,8,0,32,15,0.8
imagery_left_right_fist,csp_lda,16,0,32,15,0.8
imagery_left_right_fist,csp_lda,30,0,32,15,0.8
imagery_left_right_fist,csp_lda,4,1,32,15,0.8
imagery_left_right_fist,csp_lda,8,1,32,15,0.8
imagery_left_right_fist,csp_lda,16,1,32,15,0.8
imagery_left_right_fist,csp_lda,30,1,32,15,0.8
imagery_left_right_fist,csp_lda,4,2,32,15,0.8
imagery_left_right_fist,csp_lda,8,2,32,15,0.8
imagery_left_right_fist,csp_lda,16,2,32,15,0.8
imagery_left_right_fist,csp_lda,30,2,32,15,0.8
imagery_left_right_fist,csp_lda,0,0,35,15,0.533333
imagery_left_right_fist,csp_lda,4,0,35,15,0.533333
imagery_left_right_fist,csp_lda,8,0,35,15,0.533333
imagery_left_right_fist,csp_lda,16,0,35,15,0.533333
imagery_left_right_fist,csp_lda,30,0,35,15,0.533333
imagery_left_right_fist,csp_lda,4,1,35,15,0.533333
imagery_left_right_fist,csp_lda,8,1,35,15,0.533333
imagery_left_right_fist,csp_lda,16,1,35,15,0.533333
imagery_left_right_fist,csp_lda,30,1,35,15,0.533333
imagery_left_right_fist,csp_lda,4,2,35,15,0.533333
imagery_left_right_fist,csp_lda,8,2,35,15,0.533333
imagery_left_right_fist,csp_lda,16,2,35,15,0.533333
imagery_left_right_fist,csp_lda,30,2,35,15,0.533333
imagery_left_right_fist,csp_lda,0,0,37,14,0.5
imagery_left_right_fist,csp_lda,4,0,37,14,0.5
imagery_left_right_fist,csp_lda,8,0,37,14,0.5
imagery_left_right_fist,csp_lda,16,0,37,14,0.5
imagery_left_right_fist,csp_lda,30,0,37,14,0.5
imagery_left_right_fist,csp_lda,4,1,37,14,0.5
imagery_left_right_fist,csp_lda,8,1,37,14,0.5
imagery_left_right_fist,csp_lda,16,1,37,14,0.5
imagery_left_right_fist,csp_lda,30,1,37,14,0.5
imagery_left_right_fist,csp_lda,4,2,37,14,0.5
imagery_left_right_fist,csp_lda,8,2,37,14,0.5
imagery_left_right_fist,csp_lda,16,2,37,14,0.5
imagery_left_right_fist,csp_lda,30,2,37,14,0.5
imagery_left_right_fist,csp_lda,0,0,39,15,0.533333
imagery_left_right_fist,csp_lda,4,0,39,15,0.533333
imagery_left_right_fist,csp_lda,8,0,39,15,0.533333
imagery_left_right_fist,csp_lda,16,0,39,15,0.466667
imagery_left_right_fist,csp_lda,30,0,39,15,0.466667
imagery_left_right_fist,csp_lda,4,1,39,15,0.533333
imagery_left_right_fist,csp_lda,8,1,39,15,0.533333
imagery_left_right_fist,csp_lda,16,1,39,15,0.533333
imagery_left_right_fist,csp_lda,30,1,39,15,0.466667
imagery_left_right_fist,csp_lda,4,2,39,15,0.533333
imagery_left_right_fist,csp_lda,8,2,39,15,0.533333
imagery_left_right_fist,csp_lda,16,2,39,15,0.533333
imagery_left_right_fist,csp_lda,30,2,39,15,0.466667
imagery_left_right_fist,csp_lda,0,0,41,15,0.733333
imagery_left_right_fist,csp_lda,4,0,41,15,0.733333
imagery_left_right_fist,csp_lda,8,0,41,15,0.733333
imagery_left_right_fist,csp_lda,16,0,41,15,0.733333
imagery_left_right_fist,csp_lda,30,0,41,15,0.733333
imagery_left_right_fist,csp_lda,4,1,41,15,0.733333
imagery_left_right_fist,csp_lda,8,1,41,15,0.733333
imagery_left_right_fist,csp_lda,16,1,41,15,0.733333
imagery_left_right_fist,csp_lda,30,1,41,15,0.733333
imagery_left_right_fist,csp_lda,4,2,41,15,0.733333
imagery_left_right_fist,csp_lda,8,2,41,15,0.733333
imagery_left_right_fist,csp_lda,16,2,41,15,0.733333
imagery_left_right_fist,csp_lda,30,2,41,15,0.733333
imagery_left_right_fist,csp_lda,0,0,45,15,0.466667
imagery_left_right_fist,csp_lda,4,0,45,15,0.466667
imagery_left_right_fist,csp_lda,8,0,45,15,0.466667
imagery_left_right_fist,csp_lda,16,0,45,15,0.466667
imagery_left_right_fist,csp_lda,30,0,45,15,0.466667
imagery_left_right_fist,csp_lda,4,1,45,15,0.466667
imagery_left_right_fist,csp_lda,8,1,45,15,0.466667
imagery_left_right_fist,csp_lda,16,1,45,15,0.466667
imagery_left_right_fist,csp_lda,30,1,45,15,0.466667
imagery_left_right_fist,csp_lda,4,2,45,15,0.466667
imagery_left_right_fist,csp_lda,8,2,45,15,0.466667
imagery_left_right_fist,csp_lda,16,2,45,15,0.466667
imagery_left_right_fist,csp_lda,30,2,45,15,0.466667
imagery_left_right_fist,csp_lda,0,0,50,15,0.733333
imagery_left_right_fist,csp_lda,4,0,50,15,0.733333
imagery_left_right_fist,csp_lda,8,0,50,15,0.733333
imagery_left_right_fist,csp_lda,16,0,50,15,0.733333
imagery_left_right_fist,csp_lda,30,0,50,15,0.733333
imagery_left_right_fist,csp_lda,4,1,50,15,0.733333
imagery_left_right_fist,csp_lda,8,1,50,15,0.733333
imagery_left_right_fist,csp_lda,16,1,50,15,0.733333
imagery_left_right_fist,csp_lda,30,1,50,15,0.733333
imagery_left_right_fist,csp_lda,4,2,50,15,0.733333
imagery_left_right_fist,csp_lda,8,2,50,15,0.733333
imagery_left_right_fist,csp_lda,16,2,50,15,0.733333
imagery_left_right_fist,csp_lda,30,2,50,15,0.733333
imagery_left_right_fist,csp_lda,0,0,51,15,0.533333
imagery_left_right_fist,csp_lda,4,0,51,15,0.533333
imagery_left_right_fist,csp_lda,8,0,51,15,0.533333
imagery_left_right_fist,csp_lda,16,0,51,15,0.533333
imagery_left_right_fist,csp_lda,30,0,51,15,0.533333
imagery_left_right_fist,csp_lda,4,1,51,15,0.533333
imagery_left_right_fist,csp_lda,8,1,51,15,0.533333
imagery_left_right_fist,csp_lda,16,1,51,15,0.533333
imagery_left_right_fist,csp_lda,30,1,51,15,0.533333
imagery_left_right_fist,csp_lda,4,2,51,15,0.533333
imagery_left_right_fist,csp_lda,8,2,51,15,0.533333
imagery_left_right_fist,csp_lda,16,2,51,15,0.533333
imagery_left_right_fist,csp_lda,30,2,51,15,0.533333
imagery_left_right_fist,csp_lda,0,0,55,15,0.8
imagery_left_right_fist,csp_lda,4,0,55,15,0.8
imagery_left_right_fist,csp_lda,8,0,55,15,0.8
imagery_left_right_fist,csp_lda,16,0,55,15,0.8
imagery_left_right_fist,csp_lda,30,0,55,15,0.8
imagery_left_right_fist,csp_lda,4,1,55,15,0.8
imagery_left_right_fist,csp_lda,8,1,55,15,0.8
imagery_left_right_fist,csp_lda,16,1,55,15,0.8
imagery_left_right_fist,csp_lda,30,1,55,15,0.8
imagery_left_right_fist,csp_lda,4,2,55,15,0.8
imagery_left_right_fist,csp_lda,8,2,55,15,0.8
imagery_left_right_fist,csp_lda,16,2,55,15,0.8
imagery_left_right_fist,csp_lda,30,2,55,15,0.8
imagery_left_right_fist,csp_lda,0,0,59,15,0.533333
imagery_left_right_fist,csp_lda,4,0,59,15,0.533333
imagery_left_right_fist,csp_lda,8,0,59,15,0.533333
imagery_left_right_fist,csp_lda,16,0,59,15,0.533333
imagery_left_right_fist,csp_lda,30,0,59,15,0.533333
imagery_left_right_fist,csp_lda,4,1,59,15,0.533333
imagery_left_right_fist,csp_lda,8,1,59,15,0.533333
imagery_left_right_fist,csp_lda,16,1,59,15,0.533333
imagery_left_right_fist,csp_lda,30,1,59,15,0.533333
imagery_left_right_fist,csp_lda,4,2,59,15,0.533333
imagery_left_right_fist,csp_lda,8,2,59,15,0.533333
imagery_left_right_fist,csp_lda,16,2,59,15,0.533333
imagery_left_right_fist,csp_lda,30,2,59,15,0.533333
imagery_left_right_fist,csp_lda,0,0,65,15,0.466667
imagery_left_right_fist,csp_lda,4,0,65,15,0.466667
imagery_left_right_fist,csp_lda,8,0,65,15,0.466667
imagery_left_right_fist,csp_lda,16,0,65,15,0.466667
imagery_left_right_fist,csp_lda,30,0,65,15,0.466667
imagery_left_right_fist,csp_lda,4,1,65,15,0.466667
imagery_left_right_fist,csp_lda,8,1,65,15,0.466667
imagery_left_right_fist,csp_lda,16,1,65,15,0.466667
imagery_left_right_fist,csp_lda,30,1,65,15,0.466667
imagery_left_right_fist,csp_lda,4,2,65,15,0.466667
imagery_left_right_fist,csp_lda,8,2,65,15,0.466667
imagery_left_right_fist,csp_lda,16,2,65,15,0.466667
imagery_left_right_fist,csp_lda,30,2,65,15,0.466667
imagery_left_right_fist,csp_lda,0,0,66,15,0.666667
imagery_left_right_fist,csp_lda,4,0,66,15,0.666667
imagery_left_right_fist,csp_lda,8,0,66,15,0.666667
imagery_left_right_fist,csp_lda,16,0,66,15,0.6
imagery_left_right_fist,csp_lda,30,0,66,15,0.6
imagery_left_right_fist,csp_lda,4,1,66,15,0.666667
imagery_left_right_fist,csp_lda,8,1,66,15,0.6
imagery_left_right_fist,csp_lda,16,1,66,15,0.6
imagery_left_right_fist,csp_lda,30,1,66,15,0.6
imagery_left_right_fist,csp_lda,4,2,66,15,0.666667
imagery_left_right_fist,csp_lda,8,2,66,15,0.666667
imagery_left_right_fist,csp_lda,16,2,66,15,0.6
imagery_left_right_fist,csp_lda,30,2,66,15,0.6
imagery_left_right_fist,csp_lda,0,0,67,15,0.4
imagery_left_right_fist,csp_lda,4,0,67,15,0.4
imagery_left_right_fist,csp_lda,8,0,67,15,0.4
imagery_left_right_fist,csp_lda,16,0,67,15,0.4
imagery_left_right_fist,csp_lda,30,0,67,15,0.4
imagery_left_right_fist,csp_lda,4,1,67,15,0.4
imagery_left_right_fist,csp_lda,8,1,67,15,0.4
imagery_left_right_fist,csp_lda,16,1,67,15,0.4
imagery_left_right_fist,csp_lda,30,1,67,15,0.4
imagery_left_right_fist,csp_lda,4,2,67,15,0.4
imagery_left_right_fist,csp_lda,8,2,67,15,0.4
imagery_left_right_fist,csp_lda,16,2,67,15,0.4
imagery_left_right_fist,csp_lda,30,2,67,15,0.4
imagery_left_right_fist,csp_lda,0,0,68,15,0.466667
imagery_left_right_fist,csp_lda,4,0,68,15,0.466667
imagery_left_right_fist,csp_lda,8,0,68,15,0.466667
imagery_left_right_fist,csp_lda,16,0,68,15,0.466667
imagery_left_right_fist,csp_lda,30,0,68,15,0.466667
imagery_left_right_fist,csp_lda,4,1,68,15,0.466667
imagery_left_right_fist,csp_lda,8,1,68,15,0.466667
imagery_left_right_fist,csp_lda,16,1,68,15,0.466667
imagery_left_right_fist,csp_lda,30,1,68,15,0.466667
imagery_left_right_fist,csp_lda,4,2,68,15,0.466667
imagery_left_right_fist,csp_lda,8,2,68,15,0.466667
imagery_left_right_fist,csp_lda,16,2,68,15,0.466667
imagery_left_right_fist,csp_lda,30,2,68,15,0.466667
imagery_left_right_fist,csp_lda,0,0,70,15,0.866667
imagery_left_right_fist,csp_lda,4,0,70,15,0.866667
imagery_left_right_fist,csp_lda,8,0,70,15,0.866667
imagery_left_right_fist,csp_lda,16,0,70,15,0.866667
imagery_left_right_fist,csp_lda,30,0,70,15,0.8
imagery_left_right_fist,csp_lda,4,1,70,15,0.866667
imagery_left_right_fist,csp_lda,8,1,70,15,0.866667
imagery_left_right_fist,csp_lda,16,1,70,15,0.866667
imagery_left_right_fist,csp_lda,30,1,70,15,0.8
imagery_left_right_fist,csp_lda,4,2,70,15,0.866667
imagery_left_right_fist,csp_lda,8,2,70,15,0.866667
imagery_left_right_fist,csp_lda,16,2,70,15,0.866667
imagery_left_right_fist,csp_lda,30,2,70,15,0.8
imagery_left_right_fist,csp_lda,0,0,71,15,0.733333
imagery_left_right_fist,csp_lda,4,0,71,15,0.733333
imagery_left_right_fist,csp_lda,8,0,71,15,0.733333
imagery_left_right_fist,csp_lda,16,0,71,15,0.733333
imagery_left_right_fist,csp_lda,30,0,71,15,0.733333
imagery_left_right_fist,csp_lda,4,1,71,15,0.733333
imagery_left_right_fist,csp_lda,8,1,71,15,0.733333
imagery_left_right_fist,csp_lda,16,1,71,15,0.733333
imagery_left_right_fist,csp_lda,30,1,71,15,0.733333
imagery_left_right_fist,csp_lda,4,2,71,15,0.733333
imagery_left_right_fist,csp_lda,8,2,71,15,0.733333
imagery_left_right_fist,csp_lda,16,2,71,15,0.733333
imagery_left_right_fist,csp_lda,30,2,71,15,0.733333
imagery_left_right_fist,csp_lda,0,0,73,14,0.714286
imagery_left_right_fist,csp_lda,4,0,73,14,0.714286
imagery_left_right_fist,csp_lda,8,0,73,14,0.714286
imagery_left_right_fist,csp_lda,16,0,73,14,0.714286
imagery_left_right_fist,csp_lda,30,0,73,14,0.714286
imagery_left_right_fist,csp_lda,4,1,73,14,0.714286
imagery_left_right_fist,csp_lda,8,1,73,14,0.714286
imagery_left_right_fist,csp_lda,16,1,73,14,0.714286
imagery_left_right_fist,csp_lda,30,1,73,14,0.714286
imagery_left_right_fist,csp_lda,4,2,73,14,0.714286
imagery_left_right_fist,csp_lda,8,2,73,14,0.714286
imagery_left_right_fist,csp_lda,16,2,73,14,0.714286
imagery_left_right_fist,csp_lda,30,2,73,14,0.714286
imagery_left_right_fist,csp_lda,0,0,75,15,0.6
imagery_left_right_fist,csp_lda,4,0,75,15,0.6
imagery_left_right_fist,csp_lda,8,0,75,15,0.6
imagery_left_right_fist,csp_lda,16,0,75,15,0.6
imagery_left_right_fist,csp_lda,30,0,75,15,0.6
imagery_left_right_fist,csp_lda,4,1,75,15,0.6
imagery_left_right_fist,csp_lda,8,1,75,15,0.6
imagery_left_right_fist,csp_lda,16,1,75,15,0.6
imagery_left_right_fist,csp_lda,30,1,75,15,0.6
imagery_left_right_fist,csp_lda,4,2,75,15,0.6
imagery_left_right_fist,csp_lda,8,2,75,15,0.6
imagery_left_right_fist,csp_lda,16,2,75,15,0.6
imagery_left_right_fist,csp_lda,30,2,75,15,0.6
imagery_left_right_fist,csp_lda,0,0,77,15,0.466667
imagery_left_right_fist,csp_lda,4,0,77,15,0.533333
imagery_left_right_fist,csp_lda,8,0,77,15,0.466667
imagery_left_right_fist,csp_lda,16,0,77,15,0.533333
imagery_left_right_fist,csp_lda,30,0,77,15,0.533333
imagery_left_right_fist,csp_lda,4,1,77,15,0.466667
imagery_left_right_fist,csp_lda,8,1,77,15,0.466667
imagery_left_right_fist,csp_lda,16,1,77,15,0.533333
imagery_left_right_fist,csp_lda,30,1,77,15,0.533333
imagery_left_right_fist,csp_lda,4,2,77,15,0.533333
imagery_left_right_fist,csp_lda,8,2,77,15,0.533333
imagery_left_right_fist,csp_lda,16,2,77,15,0.533333
imagery_left_right_fist,csp_lda,30,2,77,15,0.533333
imagery_left_right_fist,csp_lda,0,0,78,15,0.333333
imagery_left_right_fist,csp_lda,4,0,78,15,0.333333
imagery_left_right_fist,csp_lda,8,0,78,15,0.333333
imagery_left_right_fist,csp_lda,16,0,78,15,0.333333
imagery_left_right_fist,csp_lda,30,0,78,15,0.333333
imagery_left_right_fist,csp_lda,4,1,78,15,0.333333
imagery_left_right_fist,csp_lda,8,1,78,15,0.333333
imagery_left_right_fist,csp_lda,16,1,78,15,0.333333
imagery_left_right_fist,csp_lda,30,1,78,15,0.333333
imagery_left_right_fist,csp_lda,4,2,78,15,0.333333
imagery_left_right_fist,csp_lda,8,2,78,15,0.333333
imagery_left_right_fist,csp_lda,16,2,78,15,0.333333
imagery_left_right_fist,csp_lda,30,2,78,15,0.333333
imagery_left_right_fist,csp_lda,0,0,82,15,0.466667
imagery_left_right_fist,csp_lda,4,0,82,15,0.466667
imagery_left_right_fist,csp_lda,8,0,82,15,0.466667
imagery_left_right_fist,csp_lda,16,0,82,15,0.466667
imagery_left_right_fist,csp_lda,30,0,82,15,0.466667
imagery_left_right_fist,csp_lda,4,1,82,15,0.466667
imagery_left_right_fist,csp_lda,8,1,82,15,0.466667
imagery_left_right_fist,csp_lda,16,1,82,15,0.466667
imagery_left_right_fist,csp_lda,30,1,82,15,0.466667
imagery_left_right_fist,csp_lda,4,2,82,15,0.466667
imagery_left_right_fist,csp_lda,8,2,82,15,0.466667
imagery_left_right_fist,csp_lda,16,2,82,15,0.466667
imagery_left_right_fist,csp_lda,30,2,82,15,0.466667
imagery_left_right_fist,csp_lda,0,0,85,15,0.8
imagery_left_right_fist,csp_lda,4,0,85,15,0.8
imagery_left_right_fist,csp_lda,8,0,85,15,0.866667
imagery_left_right_fist,csp_lda,16,0,85,15,0.866667
imagery_left_right_fist,csp_lda,30,0,85,15,0.866667
imagery_left_right_fist,csp_lda,4,1,85,15,0.8
imagery_left_right_fist,csp_lda,8,1,85,15,0.8
imagery_left_right_fist,csp_lda,16,1,85,15,0.866667
imagery_left_right_fist,csp_lda,30,1,85,15,0.866667
imagery_left_right_fist,csp_lda,4,2,85,15,0.8
imagery_left_right_fist,csp_lda,8,2,85,15,0.866667
imagery_left_right_fist,csp_lda,16,2,85,15,0.866667
imagery_left_right_fist,csp_lda,30,2,85,15,0.866667
imagery_left_right_fist,csp_lda,0,0,87,15,0.533333
imagery_left_right_fist,csp_lda,4,0,87,15,0.533333
imagery_left_right_fist,csp_lda,8,0,87,15,0.533333
imagery_left_right_fist,csp_lda,16,0,87,15,0.466667
imagery_left_right_fist,csp_lda,30,0,87,15,0.466667
imagery_left_right_fist,csp_lda,4,1,87,15,0.533333
imagery_left_right_fist,csp_lda,8,1,87,15,0.533333
imagery_left_right_fist,csp_lda,16,1,87,15,0.466667
imagery_left_right_fist,csp_lda,30,1,87,15,0.466667
imagery_left_right_fist,csp_lda,4,2,87,15,0.533333
imagery_left_right_fist,csp_lda,8,2,87,15,0.533333
imagery_left_right_fist,csp_lda,16,2,87,15,0.533333
imagery_left_right_fist,csp_lda,30,2,87,15,0.466667
imagery_left_right_fist,csp_lda,0,0,89,15,0.533333
imagery_left_right_fist,csp_lda,4,0,89,15,0.533333
imagery_left_right_fist,csp_lda,8,0,89,15,0.533333
imagery_left_right_fist,csp_lda,16,0,89,15,0.533333
imagery_left_right_fist,csp_lda,30,0,89,15,0.533333
imagery_left_right_fist,csp_lda,4,1,89,15,0.533333
imagery_left_right_fist,csp_lda,8,1,89,15,0.533333
imagery_left_right_fist,csp_lda,16,1,89,15,0.533333
imagery_left_right_fist,csp_lda,30,1,89,15,0.533333
imagery_left_right_fist,csp_lda,4,2,89,15,0.533333
imagery_left_right_fist,csp_lda,8,2,89,15,0.533333
imagery_left_right_fist,csp_lda,16,2,89,15,0.533333
imagery_left_right_fist,csp_lda,30,2,89,15,0.533333
imagery_left_right_fist,csp_lda,0,0,91,15,0.6
imagery_left_right_fist,csp_lda,4,0,91,15,0.6
imagery_left_right_fist,csp_lda,8,0,91,15,0.6
imagery_left_right_fist,csp_lda,16,0,91,15,0.533333
imagery_left_right_fist,csp_lda,30,0,91,15,0.6
imagery_left_right_fist,csp_lda,4,1,91,15,0.6
imagery_left_right_fist,csp_lda,8,1,91,15,0.6
imagery_left_right_fist,csp_lda,16,1,91,15,0.6
imagery_left_right_fist,csp_lda,30,1,91,15,0.6
imagery_left_right_fist,csp_lda,4,2,91,15,0.6
imagery_left_right_fist,csp_lda,8,2,91,15,0.6
imagery_left_right_fist,csp_lda,16,2,91,15,0.6
imagery_left_right_fist,csp_lda,30,2,91,15,0.6
imagery_left_right_fist,csp_lda,0,0,101,15,0.533333
imagery_left_right_fist,csp_lda,4,0,101,15,0.466667
imagery_left_right_fist,csp_lda,8,0,101,15,0.533333
imagery_left_right_fist,csp_lda,16,0,101,15,0.466667
imagery_left_right_fist,csp_lda,30,0,101,15,0.533333
imagery_left_right_fist,csp_lda,4,1,101,15,0.533333
imagery_left_right_fist,csp_lda,8,1,101,15,0.466667
imagery_left_right_fist,csp_lda,16,1,101,15,0.533333
imagery_left_right_fist,csp_lda,30,1,101,15,0.533333
imagery_left_right_fist,csp_lda,4,2,101,15,0.533333
imagery_left_right_fist,csp_lda,8,2,101,15,0.533333
imagery_left_right_fist,csp_lda,16,2,101,15,0.533333
imagery_left_right_fist,csp_lda,30,2,101,15,0.533333
imagery_left_right_fist,csp_lda,0,0,102,14,0.642857
imagery_left_right_fist,csp_lda,4,0,102,14,0.642857
imagery_left_right_fist,csp_lda,8,0,102,14,0.642857
imagery_left_right_fist,csp_lda,16,0,102,14,0.642857
imagery_left_right_fist,csp_lda,30,0,102,14,0.642857
imagery_left_right_fist,csp_lda,4,1,102,14,0.642857
imagery_left_right_fist,csp_lda,8,1,102,14,0.642857
imagery_left_right_fist,csp_lda,16,1,102,14,0.642857
imagery_left_right_fist,csp_lda,30,1,102,14,0.642857
imagery_left_right_fist,csp_lda,4,2,102,14,0.642857
imagery_left_right_fist,csp_lda,8,2,102,14,0.642857
imagery_left_right_fist,csp_lda,16,2,102,14,0.642857
imagery_left_right_fist,csp_lda,30,2,102,14,0.642857
imagery_left_right_fist,csp_lda,0,0,109,15,0.466667
imagery_left_right_fist,csp_lda,4,0,109,15,0.466667
imagery_left_right_fist,csp_lda,8,0,109,15,0.466667
imagery_left_right_fist,csp_lda,16,0,109,15,0.466667
imagery_left_right_fist,csp_lda,30,0,109,15,0.466667
imagery_left_right_fist,csp_lda,4,1,109,15,0.466667
imagery_left_right_fist,csp_lda,8,1,109,15,0.466667
imagery_left_right_fist,csp_lda,16,1,109,15,0.466667
imagery_left_right_fist,csp_lda,30,1,109,15,0.466667
imagery_left_right_fist,csp_lda,4,2,109,15,0.466667
imagery_left_right_fist,csp_lda,8,2,109,15,0.466667
imagery_left_right_fist,csp_lda,16,2,109,15,0.466667
imagery_left_right_fist,csp_lda,30,2,109,15,0.466667
imagery_left_right_fist,csp_lda,0,0,4,15,0.466667
imagery_left_right_fist,csp_lda,4,0,4,15,0.466667
imagery_left_right_fist,csp_lda,8,0,4,15,0.466667
imagery_left_right_fist,csp_lda,16,0,4,15,0.466667
imagery_left_right_fist,csp_lda,30,0,4,15,0.466667
imagery_left_right_fist,csp_lda,4,1,4,15,0.466667
imagery_left_right_fist,csp_lda,8,1,4,15,0.466667
imagery_left_right_fist,csp_lda,16,1,4,15,0.466667
imagery_left_right_fist,csp_lda,30,1,4,15,0.466667
imagery_left_right_fist,csp_lda,4,2,4,15,0.466667
imagery_left_right_fist,csp_lda,8,2,4,15,0.466667
imagery_left_right_fist,csp_lda,16,2,4,15,0.466667
imagery_left_right_fist,csp_lda,30,2,4,15,0.466667
imagery_left_right_fist,csp_lda,0,0,7,15,1
imagery_left_right_fist,csp_lda,4,0,7,15,1
imagery_left_right_fist,csp_lda,8,0,7,15,1
imagery_left_right_fist,csp_lda,16,0,7,15,1
imagery_left_right_fist,csp_lda,30,0,7,15,1
imagery_left_right_fist,csp_lda,4,1,7,15,1
imagery_left_right_fist,csp_lda,8,1,7,15,1
imagery_left_right_fist,csp_lda,16,1,7,15,1
imagery_left_right_fist,csp_lda,30,1,7,15,1
imagery_left_right_fist,csp_lda,4,2,7,15,1
imagery_left_right_fist,csp_lda,8,2,7,15,1
imagery_left_right_fist,csp_lda,16,2,7,15,1
imagery_left_right_fist,csp_lda,30,2,7,15,1
imagery_left_right_fist,csp_lda,0,0,9,15,0.666667
imagery_left_right_fist,csp_lda,4,0,9,15,0.666667
imagery_left_right_fist,csp_lda,8,0,9,15,0.666667
imagery_left_right_fist,csp_lda,16,0,9,15,0.733333
imagery_left_right_fist,csp_lda,30,0,9,15,0.666667
imagery_left_right_fist,csp_lda,4,1,9,15,0.733333
imagery_left_right_fist,csp_lda,8,1,9,15,0.733333
imagery_left_right_fist,csp_lda,16,1,9,15,0.666667
imagery_left_right_fist,csp_lda,30,1,9,15,0.666667
imagery_left_right_fist,csp_lda,4,2,9,15,0.733333
imagery_left_right_fist,csp_lda,8,2,9,15,0.733333
imagery_left_right_fist,csp_lda,16,2,9,15,0.733333
imagery_left_right_fist,csp_lda,30,2,9,15,0.666667
imagery_left_right_fist,csp_lda,0,0,10,15,0.4
imagery_left_right_fist,csp_lda,4,0,10,15,0.4
imagery_left_right_fist,csp_lda,8,0,10,15,0.4
imagery_left_right_fist,csp_lda,16,0,10,15,0.4
imagery_left_right_fist,csp_lda,30,0,10,15,0.4
imagery_left_right_fist,csp_lda,4,1,10,15,0.4
imagery_left_right_fist,csp_lda,8,1,10,15,0.4
imagery_left_right_fist,csp_lda,16,1,10,15,0.4
imagery_left_right_fist,csp_lda,30,1,10,15,0.4
imagery_left_right_fist,csp_lda,4,2,10,15,0.4
imagery_left_right_fist,csp_lda,8,2,10,15,0.4
imagery_left_right_fist,csp_lda,16,2,10,15,0.4
imagery_left_right_fist,csp_lda,30,2,10,15,0.4
imagery_left_right_fist,csp_lda,0,0,14,15,0.666667
imagery_left_right_fist,csp_lda,4,0,14,15,0.666667
imagery_left_right_fist,csp_lda,8,0,14,15,0.666667
imagery_left_right_fist,csp_lda,16,0,14,15,0.666667
imagery_left_right_fist,csp_lda,30,0,14,15,0.666667
imagery_left_right_fist,csp_lda,4,1,14,15,0.666667
imagery_left_right_fist,csp_lda,8,1,14,15,0.666667
imagery_left_right_fist,csp_lda,16,1,14,15,0.666667
imagery_left_right_fist,csp_lda,30,1,14,15,0.666667
imagery_left_right_fist,csp_lda,4,2,14,15,0.666667
imagery_left_right_fist,csp_lda,8,2,14,15,0.666667
imagery_left_right_fist,csp_lda,16,2,14,15,0.666667
imagery_left_right_fist,csp_lda,30,2,14,15,0.666667
imagery_left_right_fist,csp_lda,0,0,21,15,0.666667
imagery_left_right_fist,csp_lda,4,0,21,15,0.666667
imagery_left_right_fist,csp_lda,8,0,21,15,0.466667
imagery_left_right_fist,csp_lda,16,0,21,15,0.666667
imagery_left_right_fist,csp_lda,30,0,21,15,0.6
imagery_left_right_fist,csp_lda,4,1,21,15,0.6
imagery_left_right_fist,csp_lda,8,1,21,15,0.666667
imagery_left_right_fist,csp_lda,16,1,21,15,0.466667
imagery_left_right_fist,csp_lda,30,1,21,15,0.6
imagery_left_right_fist,csp_lda,4,2,21,15,0.666667
imagery_left_right_fist,csp_lda,8,2,21,15,0.6
imagery_left_right_fist,csp_lda,16,2,21,15,0.666667
imagery_left_right_fist,csp_lda,30,2,21,15,0.6
imagery_left_right_fist,csp_lda,0,0,24,15,0.533333
imagery_left_right_fist,csp_lda,4,0,24,15,0.466667
imagery_left_right_fist,csp_lda,8,0,24,15,0.533333
imagery_left_right_fist,csp_lda,16,0,24,15,0.466667
imagery_left_right_fist,csp_lda,30,0,24,15,0.466667
imagery_left_right_fist,csp_lda,4,1,24,15,0.466667
imagery_left_right_fist,csp_lda,8,1,24,15,0.666667
imagery_left_right_fist,csp_lda,16,1,24,15,0.466667
imagery_left_right_fist,csp_lda,30,1,24,15,0.466667
imagery_left_right_fist,csp_lda,4,2,24,15,0.666667
imagery_left_right_fist,csp_lda,8,2,24,15,0.533333
imagery_left_right_fist,csp_lda,16,2,24,15,0.466667
imagery_left_right_fist,csp_lda,30,2,24,15,0.466667
imagery_left_right_fist,csp_lda,0,0,25,15,0.733333
imagery_left_right_fist,csp_lda,4,0,25,15,0.733333
imagery_left_right_fist,csp_lda,8,0,25,15,0.733333
imagery_left_right_fist,csp_lda,16,0,25,15,0.733333
imagery_left_right_fist,csp_lda,30,0,25,15,0.733333
imagery_left_right_fist,csp_lda,4,1,25,15,0.733333
imagery_left_right_fist,csp_lda,8,1,25,15,0.733333
imagery_left_right_fist,csp_lda,16,1,25,15,0.733333
imagery_left_right_fist,csp_lda,30,1,25,15,0.733333
imagery_left_right_fist,csp_lda,4,2,25,15,0.733333
imagery_left_right_fist,csp_lda,8,2,25,15,0.733333
imagery_left_right_fist,csp_lda,16,2,25,15,0.733333
imagery_left_right_fist,csp_lda,30,2,25,15,0.733333
imagery_left_right_fist,csp_lda,0,0,30,15,0.733333
imagery_left_right_fist,csp_lda,4,0,30,15,0.733333
imagery_left_right_fist,csp_lda,8,0,30,15,0.733333
imagery_left_right_fist,csp_lda,16,0,30,15,0.733333
imagery_left_right_fist,csp_lda,30,0,30,15,0.733333
imagery_left_right_fist,csp_lda,4,1,30,15,0.733333
imagery_left_right_fist,csp_lda,8,1,30,15,0.733333
imagery_left_right_fist,csp_lda,16,1,30,15,0.733333
imagery_left_right_fist,csp_lda,30,1,30,15,0.733333
imagery_left_right_fist,csp_lda,4,2,30,15,0.733333
imagery_left_right_fist,csp_lda,8,2,30,15,0.733333
imagery_left_right_fist,csp_lda,16,2,30,15,0.733333
imagery_left_right_fist,csp_lda,30,2,30,15,0.733333
imagery_left_right_fist,csp_lda,0,0,33,15,0.866667
imagery_left_right_fist,csp_lda,4,0,33,15,0.866667
imagery_left_right_fist,csp_lda,8,0,33,15,0.866667
imagery_left_right_fist,csp_lda,16,0,33,15,0.866667
imagery_left_right_fist,csp_lda,30,0,33,15,0.866667
imagery_left_right_fist,csp_lda,4,1,33,15,0.866667
imagery_left_right_fist,csp_lda,8,1,33,15,0.866667
imagery_left_right_fist,csp_lda,16,1,33,15,0.866667
imagery_left_right_fist,csp_lda,30,1,33,15,0.866667
imagery_left_right_fist,csp_lda,4,2,33,15,0.866667
imagery_left_right_fist,csp_lda,8,2,33,15,0.866667
imagery_left_right_fist,csp_lda,16,2,33,15,0.866667
imagery_left_right_fist,csp_lda,30,2,33,15,0.866667
imagery_left_right_fist,csp_lda,0,0,36,15,0.6
imagery_left_right_fist,csp_lda,4,0,36,15,0.6
imagery_left_right_fist,csp_lda,8,0,36,15,0.6
imagery_left_right_fist,csp_lda,16,0,36,15,0.6
imagery_left_right_fist,csp_lda,30,0,36,15,0.6
imagery_left_right_fist,csp_lda,4,1,36,15,0.6
imagery_left_right_fist,csp_lda,8,1,36,15,0.6
imagery_left_right_fist,csp_lda,16,1,36,15,0.6
imagery_left_right_fist,csp_lda,30,1,36,15,0.6
imagery_left_right_fist,csp_lda,4,2,36,15,0.6
imagery_left_right_fist,csp_lda,8,2,36,15,0.6
imagery_left_right_fist,csp_lda,16,2,36,15,0.6
imagery_left_right_fist,csp_lda,30,2,36,15,0.6
imagery_left_right_fist,csp_lda,0,0,44,15,0.666667
imagery_left_right_fist,csp_lda,4,0,44,15,0.666667
imagery_left_right_fist,csp_lda,8,0,44,15,0.666667
imagery_left_right_fist,csp_lda,16,0,44,15,0.6
imagery_left_right_fist,csp_lda,30,0,44,15,0.666667
imagery_left_right_fist,csp_lda,4,1,44,15,0.6
imagery_left_right_fist,csp_lda,8,1,44,15,0.666667
imagery_left_right_fist,csp_lda,16,1,44,15,0.533333
imagery_left_right_fist,csp_lda,30,1,44,15,0.666667
imagery_left_right_fist,csp_lda,4,2,44,15,0.6
imagery_left_right_fist,csp_lda,8,2,44,15,0.6
imagery_left_right_fist,csp_lda,16,2,44,15,0.666667
imagery_left_right_fist,csp_lda,30,2,44,15,0.666667
imagery_left_right_fist,csp_lda,0,0,46,15,0.8
imagery_left_right_fist,csp_lda,4,0,46,15,0.8
imagery_left_right_fist,csp_lda,8,0,46,15,0.8
imagery_left_right_fist,csp_lda,16,0,46,15,0.8
imagery_left_right_fist,csp_lda,30,0,46,15,0.8
imagery_left_right_fist,csp_lda,4,1,46,15,0.8
imagery_left_right_fist,csp_lda,8,1,46,15,0.8
imagery_left_right_fist,csp_lda,16,1,46,15,0.8
imagery_left_right_fist,csp_lda,30,1,46,15,0.8
imagery_left_right_fist,csp_lda,4,2,46,15,0.8
imagery_left_right_fist,csp_lda,8,2,46,15,0.8
imagery_left_right_fist,csp_lda,16,2,46,15,0.8
imagery_left_right_fist,csp_lda,30,2,46,15,0.8
imagery_left_right_fist,csp_lda,0,0,53,15,0.6
imagery_left_right_fist,csp_lda,4,0,53,15,0.6
imagery_left_right_fist,csp_lda,8,0,53,15,0.6
imagery_left_right_fist,csp_lda,16,0,53,15,0.6
imagery_left_right_fist,csp_lda,30,0,53,15,0.6
imagery_left_right_fist,csp_lda,4,1,53,15,0.6
imagery_left_right_fist,csp_lda,8,1,53,15,0.6
imagery_left_right_fist,csp_lda,16,1,53,15,0.6
imagery_left_right_fist,csp_lda,30,1,53,15,0.6
imagery_left_right_fist,csp_lda,4,2,53,15,0.6
imagery_left_right_fist,csp_lda,8,2,53,15,0.6
imagery_left_right_fist,csp_lda,16,2,53,15,0.6
imagery_left_right_fist,csp_lda,30,2,53,15,0.6
imagery_left_right_fist,csp_lda,0,0,54,15,0.6
imagery_left_right_fist,csp_lda,4,0,54,15,0.6
imagery_left_right_fist,csp_lda,8,0,54,15,0.6
imagery_left_right_fist,csp_lda,16,0,54,15,0.666667
imagery_left_right_fist,csp_lda,30,0,54,15,0.666667
imagery_left_right_fist,csp_lda,4,1,54,15,0.666667
imagery_left_right_fist,csp_lda,8,1,54,15,0.666667
imagery_left_right_fist,csp_lda,16,1,54,15,0.666667
imagery_left_right_fist,csp_lda,30,1,54,15,0.666667
imagery_left_right_fist,csp_lda,4,2,54,15,0.666667
imagery_left_right_fist,csp_lda,8,2,54,15,0.666667
imagery_left_right_fist,csp_lda,16,2,54,15,0.666667
imagery_left_right_fist,csp_lda,30,2,54,15,0.666667
imagery_left_right_fist,csp_lda,0,0,56,15,0.733333
imagery_left_right_fist,csp_lda,4,0,56,15,0.733333
imagery_left_right_fist,csp_lda,8,0,56,15,0.733333
imagery_left_right_fist,csp_lda,16,0,56,15,0.8
imagery_left_right_fist,csp_lda,30,0,56,15,0.8
imagery_left_right_fist,csp_lda,4,1,56,15,0.733333
imagery_left_right_fist,csp_lda,8,1,56,15,0.733333
imagery_left_right_fist,csp_lda,16,1,56,15,0.733333
imagery_left_right_fist,csp_lda,30,1,56,15,0.8
imagery_left_right_fist,csp_lda,4,2,56,15,0.733333
imagery_left_right_fist,csp_lda,8,2,56,15,0.8
imagery_left_right_fist,csp_lda,16,2,56,15,0.8
imagery_left_right_fist,csp_lda,30,2,56,15,0.8
imagery_left_right_fist,csp_lda,0,0,58,15,0.533333
imagery_left_right_fist,csp_lda,4,0,58,15,0.533333
imagery_left_right_fist,csp_lda,8,0,58,15,0.533333
imagery_left_right_fist,csp_lda,16,0,58,15,0.533333
imagery_left_right_fist,csp_lda,30,0,58,15,0.533333
imagery_left_right_fist,csp_lda,4,1,58,15,0.533333
imagery_left_right_fist,csp_lda,8,1,58,15,0.533333
imagery_left_right_fist,csp_lda,16,1,58,15,0.533333
imagery_left_right_fist,csp_lda,30,1,58,15,0.533333
imagery_left_right_fist,csp_lda,4,2,58,15,0.533333
imagery_left_right_fist,csp_lda,8,2,58,15,0.533333
imagery_left_right_fist,csp_lda,16,2,58,15,0.533333
imagery_left_right_fist,csp_lda,30,2,58,15,0.533333
imagery_left_right_fist,csp_lda,0,0,61,15,0.533333
imagery_left_right_fist,csp_lda,4,0,61,15,0.533333
imagery_left_right_fist,csp_lda,8,0,61,15,0.533333
imagery_left_right_fist,csp_lda,16,0,61,15,0.6
imagery_left_right_fist,csp_lda,30,0,61,15,0.533333
imagery_left_right_fist,csp_lda,4,1,61,15,0.6
imagery_left_right_fist,csp_lda,8,1,61,15,0.533333
imagery_left_right_fist,csp_lda,16,1,61,15,0.533333
imagery_left_right_fist,csp_lda,30,1,61,15,0.533333
imagery_left_right_fist,csp_lda,4,2,61,15,0.533333
imagery_left_right_fist,csp_lda,8,2,61,15,0.533333
imagery_left_right_fist,csp_lda,16,2,61,15,0.533333
imagery_left_right_fist,csp_lda,30,2,61,15,0.533333
imagery_left_right_fist,csp_lda,0,0,63,15,0.533333
imagery_left_right_fist,csp_lda,4,0,63,15,0.533333
imagery_left_right_fist,csp_lda,8,0,63,15,0.533333
imagery_left_right_fist,csp_lda,16,0,63,15,0.533333
imagery_left_right_fist,csp_lda,30,0,63,15,0.533333
imagery_left_right_fist,csp_lda,4,1,63,15,0.533333
imagery_left_right_fist,csp_lda,8,1,63,15,0.533333
imagery_left_right_fist,csp_lda,16,1,63,15,0.533333
imagery_left_right_fist,csp_lda,30,1,63,15,0.533333
imagery_left_right_fist,csp_lda,4,2,63,15,0.533333
imagery_left_right_fist,csp_lda,8,2,63,15,0.533333
imagery_left_right_fist,csp_lda,16,2,63,15,0.533333
imagery_left_right_fist,csp_lda,30,2,63,15,0.533333
imagery_left_right_fist,csp_lda,0,0,69,15,0.6
imagery_left_right_fist,csp_lda,4,0,69,15,0.6
imagery_left_right_fist,csp_lda,8,0,69,15,0.6
imagery_left_right_fist,csp_lda,16,0,69,15,0.6
imagery_left_right_fist,csp_lda,30,0,69,15,0.6
imagery_left_right_fist,csp_lda,4,1,69,15,0.6
imagery_left_right_fist,csp_lda,8,1,69,15,0.6
imagery_left_right_fist,csp_lda,16,1,69,15,0.6
imagery_left_right_fist,csp_lda,30,1,69,15,0.6
imagery_left_right_fist,csp_lda,4,2,69,15,0.6
imagery_left_right_fist,csp_lda,8,2,69,15,0.6
imagery_left_right_fist,csp_lda,16,2,69,15,0.6
imagery_left_right_fist,csp_lda,30,2,69,15,0.6
imagery_left_right_fist,csp_lda,0,0,74,14,0.642857
imagery_left_right_fist,csp_lda,4,0,74,14,0.642857
imagery_left_right_fist,csp_lda,8,0,74,14,0.642857
imagery_left_right_fist,csp_lda,16,0,74,14,0.642857
imagery_left_right_fist,csp_lda,30,0,74,14,0.642857
imagery_left_right_fist,csp_lda,4,1,74,14,0.642857
imagery_left_right_fist,csp_lda,8,1,74,14,0.642857
imagery_left_right_fist,csp_lda,16,1,74,14,0.642857
imagery_left_right_fist,csp_lda,30,1,74,14,0.642857
imagery_left_right_fist,csp_lda,4,2,74,14,0.642857
imagery_left_right_fist,csp_lda,8,2,74,14,0.642857
imagery_left_right_fist,csp_lda,16,2,74,14,0.642857
imagery_left_right_fist,csp_lda,30,2,74,14,0.642857
imagery_left_right_fist,csp_lda,0,0,76,14,0.5
imagery_left_right_fist,csp_lda,4,0,76,14,0.5
imagery_left_right_fist,csp_lda,8,0,76,14,0.5
imagery_left_right_fist,csp_lda,16,0,76,14,0.5
imagery_left_right_fist,csp_lda,30,0,76,14,0.5
imagery_left_right_fist,csp_lda,4,1,76,14,0.5
imagery_left_right_fist,csp_lda,8,1,76,14,0.5
imagery_left_right_fist,csp_lda,16,1,76,14,0.5
imagery_left_right_fist,csp_lda,30,1,76,14,0.5
imagery_left_right_fist,csp_lda,4,2,76,14,0.5
imagery_left_right_fist,csp_lda,8,2,76,14,0.5
imagery_left_right_fist,csp_lda,16,2,76,14,0.5
imagery_left_right_fist,csp_lda,30,2,76,14,0.5
imagery_left_right_fist,csp_lda,0,0,80,15,0.466667
imagery_left_right_fist,csp_lda,4,0,80,15,0.466667
imagery_left_right_fist,csp_lda,8,0,80,15,0.466667
imagery_left_right_fist,csp_lda,16,0,80,15,0.466667
imagery_left_right_fist,csp_lda,30,0,80,15,0.466667
imagery_left_right_fist,csp_lda,4,1,80,15,0.466667
imagery_left_right_fist,csp_lda,8,1,80,15,0.466667
imagery_left_right_fist,csp_lda,16,1,80,15,0.466667
imagery_left_right_fist,csp_lda,30,1,80,15,0.466667
imagery_left_right_fist,csp_lda,4,2,80,15,0.466667
imagery_left_right_fist,csp_lda,8,2,80,15,0.466667
imagery_left_right_fist,csp_lda,16,2,80,15,0.466667
imagery_left_right_fist,csp_lda,30,2,80,15,0.466667
imagery_left_right_fist,csp_lda,0,0,81,15,0.533333
imagery_left_right_fist,csp_lda,4,0,81,15,0.533333
imagery_left_right_fist,csp_lda,8,0,81,15,0.533333
imagery_left_right_fist,csp_lda,16,0,81,15,0.533333
imagery_left_right_fist,csp_lda,30,0,81,15,0.533333
imagery_left_right_fist,csp_lda,4,1,81,15,0.533333
imagery_left_right_fist,csp_lda,8,1,81,15,0.533333
imagery_left_right_fist,csp_lda,16,1,81,15,0.533333
imagery_left_right_fist,csp_lda,30,1,81,15,0.533333
imagery_left_right_fist,csp_lda,4,2,81,15,0.533333
imagery_left_right_fist,csp_lda,8,2,81,15,0.533333
imagery_left_right_fist,csp_lda,16,2,81,15,0.533333
imagery_left_right_fist,csp_lda,30,2,81,15,0.533333
imagery_left_right_fist,csp_lda,0,0,84,15,0.6
imagery_left_right_fist,csp_lda,4,0,84,15,0.6
imagery_left_right_fist,csp_lda,8,0,84,15,0.6
imagery_left_right_fist,csp_lda,16,0,84,15,0.6
imagery_left_right_fist,csp_lda,30,0,84,15,0.6
imagery_left_right_fist,csp_lda,4,1,84,15,0.6
imagery_left_right_fist,csp_lda,8,1,84,15,0.6
imagery_left_right_fist,csp_lda,16,1,84,15,0.6
imagery_left_right_fist,csp_lda,30,1,84,15,0.6
imagery_left_right_fist,csp_lda,4,2,84,15,0.6
imagery_left_right_fist,csp_lda,8,2,84,15,0.6
imagery_left_right_fist,csp_lda,16,2,84,15,0.6
imagery_left_right_fist,csp_lda,30,2,84,15,0.6
imagery_left_right_fist,csp_lda,0,0,90,15,0.466667
imagery_left_right_fist,csp_lda,4,0,90,15,0.533333
imagery_left_right_fist,csp_lda,8,0,90,15,0.533333
imagery_left_right_fist,csp_lda,16,0,90,15,0.466667
imagery_left_right_fist,csp_lda,30,0,90,15,0.4
imagery_left_right_fist,csp_lda,4,1,90,15,0.466667
imagery_left_right_fist,csp_lda,8,1,90,15,0.4
imagery_left_right_fist,csp_lda,16,1,90,15,0.466667
imagery_left_right_fist,csp_lda,30,1,90,15,0.4
imagery_left_right_fist,csp_lda,4,2,90,15,0.466667
imagery_left_right_fist,csp_lda,8,2,90,15,0.466667
imagery_left_right_fist,csp_lda,16,2,90,15,0.466667
imagery_left_right_fist,csp_lda,30,2,90,15,0.4
imagery_left_right_fist,csp_lda,0,0,92,19,0.631579
imagery_left_right_fist,csp_lda,4,0,92,19,0.631579
imagery_left_right_fist,csp_lda,8,0,92,19,0.631579
imagery_left_right_fist,csp_lda,16,0,92,19,0.631579
imagery_left_right_fist,csp_lda,30,0,92,19,0.631579
imagery_left_right_fist,csp_lda,4,1,92,19,0.631579
imagery_left_right_fist,csp_lda,8,1,92,19,0.684211
imagery_left_right_fist,csp_lda,16,1,92,19,0.631579
imagery_left_right_fist,csp_lda,30,1,92,19,0.631579
imagery_left_right_fist,csp_lda,4,2,92,19,0.631579
imagery_left_right_fist,csp_lda,8,2,92,19,0.684211
imagery_left_right_fist,csp_lda,16,2,92,19,0.631579
imagery_left_right_fist,csp_lda,30,2,92,19,0.631579
imagery_left_right_fist,csp_lda,0,0,93,15,0.8
imagery_left_right_fist,csp_lda,4,0,93,15,0.8
imagery_left_right_fist,csp_lda,8,0,93,15,0.8
imagery_left_right_fist,csp_lda,16,0,93,15,0.8
imagery_left_right_fist,csp_lda,30,0,93,15,0.8
imagery_left_right_fist,csp_lda,4,1,93,15,0.8
imagery_left_right_fist,csp_lda,8,1,93,15,0.8
imagery_left_right_fist,csp_lda,16,1,93,15,0.8
imagery_left_right_fist,csp_lda,30,1,93,15,0.8
imagery_left_right_fist,csp_lda,4,2,93,15,0.8
imagery_left_right_fist,csp_lda,8,2,93,15,0.8
imagery_left_right_fist,csp_lda,16,2,93,15,0.8
imagery_left_right_fist,csp_lda,30,2,93,15,0.8
imagery_left_right_fist,csp_lda,0,0,94,15,0.733333
imagery_left_right_fist,csp_lda,4,0,94,15,0.733333
imagery_left_right_fist,csp_lda,8,0,94,15,0.733333
imagery_left_right_fist,csp_lda,16,0,94,15,0.733333
imagery_left_right_fist,csp_lda,30,0,94,15,0.733333
imagery_left_right_fist,csp_lda,4,1,94,15,0.733333
imagery_left_right_fist,csp_lda,8,1,94,15,0.733333
imagery_left_right_fist,csp_lda,16,1,94,15,0.733333
imagery_left_right_fist,csp_lda,30,1,94,15,0.733333
imagery_left_right_fist,csp_lda,4,2,94,15,0.733333
imagery_left_right_fist,csp_lda,8,2,94,15,0.733333
imagery_left_right_fist,csp_lda,16,2,94,15,0.733333
imagery_left_right_fist,csp_lda,30,2,94,15,0.733333
imagery_left_right_fist,csp_lda,0,0,95,15,0.466667
imagery_left_right_fist,csp_lda,4,0,95,15,0.466667
imagery_left_right_fist,csp_lda,8,0,95,15,0.466667
imagery_left_right_fist,csp_lda,16,0,95,15,0.466667
imagery_left_right_fist,csp_lda,30,0,95,15,0.466667
imagery_left_right_fist,csp_lda,4,1,95,15,0.466667
imagery_left_right_fist,csp_lda,8,1,95,15,0.466667
imagery_left_right_fist,csp_lda,16,1,95,15,0.466667
imagery_left_right_fist,csp_lda,30,1,95,15,0.466667
imagery_left_right_fist,csp_lda,4,2,95,15,0.4
imagery_left_right_fist,csp_lda,8,2,95,15,0.333333
imagery_left_right_fist,csp_lda,16,2,95,15,0.4
imagery_left_right_fist,csp_lda,30,2,95,15,0.466667
imagery_left_right_fist,csp_lda,0,0,96,15,0.466667
imagery_left_right_fist,csp_lda,4,0,96,15,0.466667
imagery_left_right_fist,csp_lda,8,0,96,15,0.466667
imagery_left_right_fist,csp_lda,16,0,96,15,0.466667
imagery_left_right_fist,csp_lda,30,0,96,15,0.466667
imagery_left_right_fist,csp_lda,4,1,96,15,0.466667
imagery_left_right_fist,csp_lda,8,1,96,15,0.466667
imagery_left_right_fist,csp_lda,16,1,96,15,0.466667
imagery_left_right_fist,csp_lda,30,1,96,15,0.466667
imagery_left_right_fist,csp_lda,4,2,96,15,0.466667
imagery_left_right_fist,csp_lda,8,2,96,15,0.466667
imagery_left_right_fist,csp_lda,16,2,96,15,0.466667
imagery_left_right_fist,csp_lda,30,2,96,15,0.466667
imagery_left_right_fist,csp_lda,0,0,98,15,0.4
imagery_left_right_fist,csp_lda,4,0,98,15,0.466667
imagery_left_right_fist,csp_lda,8,0,98,15,0.4
imagery_left_right_fist,csp_lda,16,0,98,15,0.466667
imagery_left_right_fist,csp_lda,30,0,98,15,0.466667
imagery_left_right_fist,csp_lda,4,1,98,15,0.466667
imagery_left_right_fist,csp_lda,8,1,98,15,0.466667
imagery_left_right_fist,csp_lda,16,1,98,15,0.466667
imagery_left_right_fist,csp_lda,30,1,98,15,0.466667
imagery_left_right_fist,csp_lda,4,2,98,15,0.4
imagery_left_right_fist,csp_lda,8,2,98,15,0.466667
imagery_left_right_fist,csp_lda,16,2,98,15,0.4
imagery_left_right_fist,csp_lda,30,2,98,15,0.466667
imagery_left_right_fist,csp_lda,0,0,99,15,0.6
imagery_left_right_fist,csp_lda,4,0,99,15,0.666667
imagery_left_right_fist,csp_lda,8,0,99,15,0.666667
imagery_left_right_fist,csp_lda,16,0,99,15,0.6
imagery_left_right_fist,csp_lda,30,0,99,15,0.533333
imagery_left_right_fist,csp_lda,4,1,99,15,0.666667
imagery_left_right_fist,csp_lda,8,1,99,15,0.533333
imagery_left_right_fist,csp_lda,16,1,99,15,0.6
imagery_left_right_fist,csp_lda,30,1,99,15,0.533333
imagery_left_right_fist,csp_lda,4,2,99,15,0.6
imagery_left_right_fist,csp_lda,8,2,99,15,0.533333
imagery_left_right_fist,csp_lda,16,2,99,15,0.6
imagery_left_right_fist,csp_lda,30,2,99,15,0.533333
imagery_left_right_fist,csp_lda,0,0,100,12,0.666667
imagery_left_right_fist,csp_lda,4,0,100,12,0.666667
imagery_left_right_fist,csp_lda,8,0,100,12,0.666667
imagery_left_right_fist,csp_lda,16,0,100,12,0.666667
imagery_left_right_fist,csp_lda,30,0,100,12,0.666667
imagery_left_right_fist,csp_lda,4,1,100,12,0.583333
imagery_left_right_fist,csp_lda,8,1,100,12,0.583333
imagery_left_right_fist,csp_lda,16,1,100,12,0.583333
imagery_left_right_fist,csp_lda,30,1,100,12,0.666667
imagery_left_right_fist,csp_lda,4,2,100,12,0.666667
imagery_left_right_fist,csp_lda,8,2,100,12,0.666667
imagery_left_right_fist,csp_lda,16,2,100,12,0.666667
imagery_left_right_fist,csp_lda,30,2,100,12,0.666667
imagery_left_right_fist,csp_lda,0,0,105,15,0.6
imagery_left_right_fist,csp_lda,4,0,105,15,0.533333
imagery_left_right_fist,csp_lda,8,0,105,15,0.6
imagery_left_right_fist,csp_lda,16,0,105,15,0.6
imagery_left_right_fist,csp_lda,30,0,105,15,0.6
imagery_left_right_fist,csp_lda,4,1,105,15,0.6
imagery_left_right_fist,csp_lda,8,1,105,15,0.6
imagery_left_right_fist,csp_lda,16,1,105,15,0.6
imagery_left_right_fist,csp_lda,30,1,105,15,0.6
imagery_left_right_fist,csp_lda,4,2,105,15,0.6
imagery_left_right_fist,csp_lda,8,2,105,15,0.6
imagery_left_right_fist,csp_lda,16,2,105,15,0.6
imagery_left_right_fist,csp_lda,30,2,105,15,0.6
imagery_left_right_fist,csp_lda,0,0,108,15,0.733333
imagery_left_right_fist,csp_lda,4,0,108,15,0.8
imagery_left_right_fist,csp_lda,8,0,108,15,0.666667
imagery_left_right_fist,csp_lda,16,0,108,15,0.866667
imagery_left_right_fist,csp_lda,30,0,108,15,0.666667
imagery_left_right_fist,csp_lda,4,1,108,15,0.933333
imagery_left_right_fist,csp_lda,8,1,108,15,0.733333
imagery_left_right_fist,csp_lda,16,1,108,15,0.666667
imagery_left_right_fist,csp_lda,30,1,108,15,0.666667
imagery_left_right_fist,csp_lda,4,2,108,15,0.933333
imagery_left_right_fist,csp_lda,8,2,108,15,0.733333
imagery_left_right_fist,csp_lda,16,2,108,15,0.666667
imagery_left_right_fist,csp_lda,30,2,108,15,0.666667
imagery_left_right_fist,csp_lda,0,0,2,15,0.6
imagery_left_right_fist,csp_lda,4,0,2,15,0.6
imagery_left_right_fist,csp_lda,8,0,2,15,0.6
imagery_left_right_fist,csp_lda,16,0,2,15,0.6
imagery_left_right_fist,csp_lda,30,0,2,15,0.6
imagery_left_right_fist,csp_lda,4,1,2,15,0.6
imagery_left_right_fist,csp_lda,8,1,2,15,0.6
imagery_left_right_fist,csp_lda,16,1,2,15,0.6
imagery_left_right_fist,csp_lda,30,1,2,15,0.6
imagery_left_right_fist,csp_lda,4,2,2,15,0.6
imagery_left_right_fist,csp_lda,8,2,2,15,0.6
imagery_left_right_fist,csp_lda,16,2,2,15,0.6
imagery_left_right_fist,csp_lda,30,2,2,15,0.6
imagery_left_right_fist,csp_lda,0,0,3,15,0.466667
imagery_left_right_fist,csp_lda,4,0,3,15,0.466667
imagery_left_right_fist,csp_lda,8,0,3,15,0.466667
imagery_left_right_fist,csp_lda,16,0,3,15,0.466667
imagery_left_right_fist,csp_lda,30,0,3,15,0.466667
imagery_left_right_fist,csp_lda,4,1,3,15,0.466667
imagery_left_right_fist,csp_lda,8,1,3,15,0.466667
imagery_left_right_fist,csp_lda,16,1,3,15,0.466667
imagery_left_right_fist,csp_lda,30,1,3,15,0.466667
imagery_left_right_fist,csp_lda,4,2,3,15,0.466667
imagery_left_right_fist,csp_lda,8,2,3,15,0.466667
imagery_left_right_fist,csp_lda,16,2,3,15,0.466667
imagery_left_right_fist,csp_lda,30,2,3,15,0.466667
imagery_left_right_fist,csp_lda,0,0,8,15,0.533333
imagery_left_right_fist,csp_lda,4,0,8,15,0.533333
imagery_left_right_fist,csp_lda,8,0,8,15,0.533333
imagery_left_right_fist,csp_lda,16,0,8,15,0.533333
imagery_left_right_fist,csp_lda,30,0,8,15,0.533333
imagery_left_right_fist,csp_lda,4,1,8,15,0.533333
imagery_left_right_fist,csp_lda,8,1,8,15,0.533333
imagery_left_right_fist,csp_lda,16,1,8,15,0.533333
imagery_left_right_fist,csp_lda,30,1,8,15,0.533333
imagery_left_right_fist,csp_lda,4,2,8,15,0.533333
imagery_left_right_fist,csp_lda,8,2,8,15,0.533333
imagery_left_right_fist,csp_lda,16,2,8,15,0.533333
imagery_left_right_fist,csp_lda,30,2,8,15,0.533333
imagery_left_right_fist,csp_lda,0,0,11,15,0.466667
imagery_left_right_fist,csp_lda,4,0,11,15,0.466667
imagery_left_right_fist,csp_lda,8,0,11,15,0.466667
imagery_left_right_fist,csp_lda,16,0,11,15,0.466667
imagery_left_right_fist,csp_lda,30,0,11,15,0.466667
imagery_left_right_fist,csp_lda,4,1,11,15,0.466667
imagery_left_right_fist,csp_lda,8,1,11,15,0.466667
imagery_left_right_fist,csp_lda,16,1,11,15,0.466667
imagery_left_right_fist,csp_lda,30,1,11,15,0.466667
imagery_left_right_fist,csp_lda,4,2,11,15,0.466667
imagery_left_right_fist,csp_lda,8,2,11,15,0.466667
imagery_left_right_fist,csp_lda,16,2,11,15,0.466667
imagery_left_right_fist,csp_lda,30,2,11,15,0.466667
imagery_left_right_fist,csp_lda,0,0,12,15,0.666667
imagery_left_right_fist,csp_lda,4,0,12,15,0.666667
imagery_left_right_fist,csp_lda,8,0,12,15,0.666667
imagery_left_right_fist,csp_lda,16,0,12,15,0.733333
imagery_left_right_fist,csp_lda,30,0,12,15,0.666667
imagery_left_right_fist,csp_lda,4,1,12,15,0.666667
imagery_left_right_fist,csp_lda,8,1,12,15,0.666667
imagery_left_right_fist,csp_lda,16,1,12,15,0.733333
imagery_left_right_fist,csp_lda,30,1,12,15,0.666667
imagery_left_right_fist,csp_lda,4,2,12,15,0.666667
imagery_left_right_fist,csp_lda,8,2,12,15,0.666667
imagery_left_right_fist,csp_lda,16,2,12,15,0.733333
imagery_left_right_fist,csp_lda,30,2,12,15,0.666667
imagery_left_right_fist,csp_lda,0,0,18,15,0.6
imagery_left_right_fist,csp_lda,4,0,18,15,0.6
imagery_left_right_fist,csp_lda,8,0,18,15,0.6
imagery_left_right_fist,csp_lda,16,0,18,15,0.6
imagery_left_right_fist,csp_lda,30,0,18,15,0.6
imagery_left_right_fist,csp_lda,4,1,18,15,0.6
imagery_left_right_fist,csp_lda,8,1,18,15,0.6
imagery_left_right_fist,csp_lda,16,1,18,15,0.6
imagery_left_right_fist,csp_lda,30,1,18,15,0.6
imagery_left_right_fist,csp_lda,4,2,18,15,0.6
imagery_left_right_fist,csp_lda,8,2,18,15,0.6
imagery_left_right_fist,csp_lda,16,2,18,15,0.6
imagery_left_right_fist,csp_lda,30,2,18,15,0.6
imagery_left_right_fist,csp_lda,0,0,19,15,0.533333
imagery_left_right_fist,csp_lda,4,0,19,15,0.533333
imagery_left_right_fist,csp_lda,8,0,19,15,0.466667
imagery_left_right_fist,csp_lda,16,0,19,15,0.533333
imagery_left_right_fist,csp_lda,30,0,19,15,0.4
imagery_left_right_fist,csp_lda,4,1,19,15,0.6
imagery_left_right_fist,csp_lda,8,1,19,15,0.6
imagery_left_right_fist,csp_lda,16,1,19,15,0.466667
imagery_left_right_fist,csp_lda,30,1,19,15,0.4
imagery_left_right_fist,csp_lda,4,2,19,15,0.466667
imagery_left_right_fist,csp_lda,8,2,19,15,0.533333
imagery_left_right_fist,csp_lda,16,2,19,15,0.4
imagery_left_right_fist,csp_lda,30,2,19,15,0.4
imagery_left_right_fist,csp_lda,0,0,20,15,0.666667
imagery_left_right_fist,csp_lda,4,0,20,15,0.666667
imagery_left_right_fist,csp_lda,8,0,20,15,0.666667
imagery_left_right_fist,csp_lda,16,0,20,15,0.666667
imagery_left_right_fist,csp_lda,30,0,20,15,0.666667
imagery_left_right_fist,csp_lda,4,1,20,15,0.666667
imagery_left_right_fist,csp_lda,8,1,20,15,0.666667
imagery_left_right_fist,csp_lda,16,1,20,15,0.666667
imagery_left_right_fist,csp_lda,30,1,20,15,0.666667
imagery_left_right_fist,csp_lda,4,2,20,15,0.666667
imagery_left_right_fist,csp_lda,8,2,20,15,0.666667
imagery_left_right_fist,csp_lda,16,2,20,15,0.666667
imagery_left_right_fist,csp_lda,30,2,20,15,0.666667
imagery_left_right_fist,csp_lda,0,0,22,15,0.733333
imagery_left_right_fist,csp_lda,4,0,22,15,0.666667
imagery_left_right_fist,csp_lda,8,0,22,15,0.733333
imagery_left_right_fist,csp_lda,16,0,22,15,0.733333
imagery_left_right_fist,csp_lda,30,0,22,15,0.666667
imagery_left_right_fist,csp_lda,4,1,22,15,0.733333
imagery_left_right_fist,csp_lda,8,1,22,15,0.733333
imagery_left_right_fist,csp_lda,16,1,22,15,0.733333
imagery_left_right_fist,csp_lda,30,1,22,15,0.666667
imagery_left_right_fist,csp_lda,4,2,22,15,0.666667
imagery_left_right_fist,csp_lda,8,2,22,15,0.733333
imagery_left_right_fist,csp_lda,16,2,22,15,0.733333
imagery_left_right_fist,csp_lda,30,2,22,15,0.666667
imagery_left_right_fist,csp_lda,0,0,26,15,0.8
imagery_left_right_fist,csp_lda,4,0,26,15,0.8
imagery_left_right_fist,csp_lda,8,0,26,15,0.8
imagery_left_right_fist,csp_lda,16,0,26,15,0.8
imagery_left_right_fist,csp_lda,30,0,26,15,0.866667
imagery_left_right_fist,csp_lda,4,1,26,15,0.8
imagery_left_right_fist,csp_lda,8,1,26,15,0.8
imagery_left_right_fist,csp_lda,16,1,26,15,0.8
imagery_left_right_fist,csp_lda,30,1,26,15,0.866667
imagery_left_right_fist,csp_lda,4,2,26,15,0.8
imagery_left_right_fist,csp_lda,8,2,26,15,0.8
imagery_left_right_fist,csp_lda,16,2,26,15,0.8
imagery_left_right_fist,csp_lda,30,2,26,15,0.866667
imagery_left_right_fist,csp_lda,0,0,27,15,0.533333
imagery_left_right_fist,csp_lda,4,0,27,15,0.533333
imagery_left_right_fist,csp_lda,8,0,27,15,0.533333
imagery_left_right_fist,csp_lda,16,0,27,15,0.533333
imagery_left_right_fist,csp_lda,30,0,27,15,0.533333
imagery_left_right_fist,csp_lda,4,1,27,15,0.533333
imagery_left_right_fist,csp_lda,8,1,27,15,0.533333
imagery_left_right_fist,csp_lda,16,1,27,15,0.533333
imagery_left_right_fist,csp_lda,30,1,27,15,0.533333
imagery_left_right_fist,csp_lda,4,2,27,15,0.533333
imagery_left_right_fist,csp_lda,8,2,27,15,0.533333
imagery_left_right_fist,csp_lda,16,2,27,15,0.533333
imagery_left_right_fist,csp_lda,30,2,27,15,0.533333
imagery_left_right_fist,csp_lda,0,0,28,15,0.466667
imagery_left_right_fist,csp_lda,4,0,28,15,0.466667
imagery_left_right_fist,csp_lda,8,0,28,15,0.466667
imagery_left_right_fist,csp_lda,16,0,28,15,0.466667
imagery_left_right_fist,csp_lda,30,0,28,15,0.466667
imagery_left_right_fist,csp_lda,4,1,28,15,0.466667
imagery_left_right_fist,csp_lda,8,1,28,15,0.466667
imagery_left_right_fist,csp_lda,16,1,28,15,0.466667
imagery_left_right_fist,csp_lda,30,1,28,15,0.466667
imagery_left_right_fist,csp_lda,4,2,28,15,0.466667
imagery_left_right_fist,csp_lda,8,2,28,15,0.466667
imagery_left_right_fist,csp_lda,16,2,28,15,0.466667
imagery_left_right_fist,csp_lda,30,2,28,15,0.466667
imagery_left_right_fist,csp_lda,0,0,29,15,0.733333
imagery_left_right_fist,csp_lda,4,0,29,15,0.733333
imagery_left_right_fist,csp_lda,8,0,29,15,0.733333
imagery_left_right_fist,csp_lda,16,0,29,15,0.733333
imagery_left_right_fist,csp_lda,30,0,29,15,0.8
imagery_left_right_fist,csp_lda,4,1,29,15,0.733333
imagery_left_right_fist,csp_lda,8,1,29,15,0.733333
imagery_left_right_fist,csp_lda,16,1,29,15,0.733333
imagery_left_right_fist,csp_lda,30,1,29,15,0.8
imagery_left_right_fist,csp_lda,4,2,29,15,0.733333
imagery_left_right_fist,csp_lda,8,2,29,15,0.733333
imagery_left_right_fist,csp_lda,16,2,29,15,0.8
imagery_left_right_fist,csp_lda,30,2,29,15,0.8
imagery_left_right_fist,csp_lda,0,0,34,14,0.642857
imagery_left_right_fist,csp_lda,4,0,34,14,0.714286
imagery_left_right_fist,csp_lda,8,0,34,14,0.714286
imagery_left_right_fist,csp_lda,16,0,34,14,0.714286
imagery_left_right_fist,csp_lda,30,0,34,14,0.642857
imagery_left_right_fist,csp_lda,4,1,34,14,0.714286
imagery_left_right_fist,csp_lda,8,1,34,14,0.714286
imagery_left_right_fist,csp_lda,16,1,34,14,0.714286
imagery_left_right_fist,csp_lda,30,1,34,14,0.642857
imagery_left_right_fist,csp_lda,4,2,34,14,0.642857
imagery_left_right_fist,csp_lda,8,2,34,14,0.642857
imagery_left_right_fist,csp_lda,16,2,34,14,0.714286
imagery_left_right_fist,csp_lda,30,2,34,14,0.642857
imagery_left_right_fist,csp_lda,0,0,38,15,0.333333
imagery_left_right_fist,csp_lda,4,0,38,15,0.333333
imagery_left_right_fist,csp_lda,8,0,38,15,0.333333
imagery_left_right_fist,csp_lda,16,0,38,15,0.333333
imagery_left_right_fist,csp_lda,30,0,38,15,0.333333
imagery_left_right_fist,csp_lda,4,1,38,15,0.333333
imagery_left_right_fist,csp_lda,8,1,38,15,0.333333
imagery_left_right_fist,csp_lda,16,1,38,15,0.333333
imagery_left_right_fist,csp_lda,30,1,38,15,0.333333
imagery_left_right_fist,csp_lda,4,2,38,15,0.333333
imagery_left_right_fist,csp_lda,8,2,38,15,0.333333
imagery_left_right_fist,csp_lda,16,2,38,15,0.333333
imagery_left_right_fist,csp_lda,30,2,38,15,0.333333
imagery_left_right_fist,csp_lda,0,0,40,15,0.6
imagery_left_right_fist,csp_lda,4,0,40,15,0.6
imagery_left_right_fist,csp_lda,8,0,40,15,0.6
imagery_left_right_fist,csp_lda,16,0,40,15,0.533333
imagery_left_right_fist,csp_lda,30,0,40,15,0.666667
imagery_left_right_fist,csp_lda,4,1,40,15,0.6
imagery_left_right_fist,csp_lda,8,1,40,15,0.6
imagery_left_right_fist,csp_lda,16,1,40,15,0.6
imagery_left_right_fist,csp_lda,30,1,40,15,0.666667
imagery_left_right_fist,csp_lda,4,2,40,15,0.6
imagery_left_right_fist,csp_lda,8,2,40,15,0.6
imagery_left_right_fist,csp_lda,16,2,40,15,0.533333
imagery_left_right_fist,csp_lda,30,2,40,15,0.666667
imagery_left_right_fist,csp_lda,0,0,42,15,0.866667
imagery_left_right_fist,csp_lda,4,0,42,15,0.866667
imagery_left_right_fist,csp_lda,8,0,42,15,0.866667
imagery_left_right_fist,csp_lda,16,0,42,15,0.866667
imagery_left_right_fist,csp_lda,30,0,42,15,0.866667
imagery_left_right_fist,csp_lda,4,1,42,15,0.866667
imagery_left_right_fist,csp_lda,8,1,42,15,0.866667
imagery_left_right_fist,csp_lda,16,1,42,15,0.866667
imagery_left_right_fist,csp_lda,30,1,42,15,0.866667
imagery_left_right_fist,csp_lda,4,2,42,15,0.866667
imagery_left_right_fist,csp_lda,8,2,42,15,0.866667
imagery_left_right_fist,csp_lda,16,2,42,15,0.866667
imagery_left_right_fist,csp_lda,30,2,42,15,0.866667
imagery_left_right_fist,csp_lda,0,0,43,15,0.866667
imagery_left_right_fist,csp_lda,4,0,43,15,0.8
imagery_left_right_fist,csp_lda,8,0,43,15,0.8
imagery_left_right_fist,csp_lda,16,0,43,15,0.8
imagery_left_right_fist,csp_lda,30,0,43,15,0.8
imagery_left_right_fist,csp_lda,4,1,43,15,0.933333
imagery_left_right_fist,csp_lda,8,1,43,15,0.8
imagery_left_right_fist,csp_lda,16,1,43,15,0.8
imagery_left_right_fist,csp_lda,30,1,43,15,0.8
imagery_left_right_fist,csp_lda,4,2,43,15,0.8
imagery_left_right_fist,csp_lda,8,2,43,15,0.866667
imagery_left_right_fist,csp_lda,16,2,43,15,0.8
imagery_left_right_fist,csp_lda,30,2,43,15,0.8
imagery_left_right_fist,csp_lda,0,0,47,15,0.533333
imagery_left_right_fist,csp_lda,4,0,47,15,0.533333
imagery_left_right_fist,csp_lda,8,0,47,15,0.533333
imagery_left_right_fist,csp_lda,16,0,47,15,0.533333
imagery_left_right_fist,csp_lda,30,0,47,15,0.533333
imagery_left_right_fist,csp_lda,4,1,47,15,0.533333
imagery_left_right_fist,csp_lda,8,1,47,15,0.533333
imagery_left_right_fist,csp_lda,16,1,47,15,0.533333
imagery_left_right_fist,csp_lda,30,1,47,15,0.533333
imagery_left_right_fist,csp_lda,4,2,47,15,0.533333
imagery_left_right_fist,csp_lda,8,2,47,15,0.533333
imagery_left_right_fist,csp_lda,16,2,47,15,0.533333
imagery_left_right_fist,csp_lda,30,2,47,15,0.533333
imagery_left_right_fist,csp_lda,0,0,48,15,0.466667
imagery_left_right_fist,csp_lda,4,0,48,15,0.466667
imagery_left_right_fist,csp_lda,8,0,48,15,0.466667
imagery_left_right_fist,csp_lda,16,0,48,15,0.466667
imagery_left_right_fist,csp_lda,30,0,48,15,0.466667
imagery_left_right_fist,csp_lda,4,1,48,15,0.466667
imagery_left_right_fist,csp_lda,8,1,48,15,0.466667
imagery_left_right_fist,csp_lda,16,1,48,15,0.466667
imagery_left_right_fist,csp_lda,30,1,48,15,0.466667
imagery_left_right_fist,csp_lda,4,2,48,15,0.466667
imagery_left_right_fist,csp_lda,8,2,48,15,0.466667
imagery_left_right_fist,csp_lda,16,2,48,15,0.466667
imagery_left_right_fist,csp_lda,30,2,48,15,0.466667
imagery_left_right_fist,csp_lda,0,0,49,15,0.866667
imagery_left_right_fist,csp_lda,4,0,49,15,0.866667
imagery_left_right_fist,csp_lda,8,0,49,15,0.866667
imagery_left_right_fist,csp_lda,16,0,49,15,0.866667
imagery_left_right_fist,csp_lda,30,0,49,15,0.866667
imagery_left_right_fist,csp_lda,4,1,49,15,0.866667
imagery_left_right_fist,csp_lda,8,1,49,15,0.866667
imagery_left_right_fist,csp_lda,16,1,49,15,0.866667
imagery_left_right_fist,csp_lda,30,1,49,15,0.866667
imagery_left_right_fist,csp_lda,4,2,49,15,0.866667
imagery_left_right_fist,csp_lda,8,2,49,15,0.866667
imagery_left_right_fist,csp_lda,16,2,49,15,0.866667
imagery_left_right_fist,csp_lda,30,2,49,15,0.866667
imagery_left_right_fist,csp_lda,0,0,52,15,0.666667
imagery_left_right_fist,csp_lda,4,0,52,15,0.733333
imagery_left_right_fist,csp_lda,8,0,52,15,0.666667
imagery_left_right_fist,csp_lda,16,0,52,15,0.666667
imagery_left_right_fist,csp_lda,30,0,52,15,0.666667
imagery_left_right_fist,csp_lda,4,1,52,15,0.733333
imagery_left_right_fist,csp_lda,8,1,52,15,0.666667
imagery_left_right_fist,csp_lda,16,1,52,15,0.666667
imagery_left_right_fist,csp_lda,30,1,52,15,0.666667
imagery_left_right_fist,csp_lda,4,2,52,15,0.733333
imagery_left_right_fist,csp_lda,8,2,52,15,0.733333
imagery_left_right_fist,csp_lda,16,2,52,15,0.733333
imagery_left_right_fist,csp_lda,30,2,52,15,0.666667
imagery_left_right_fist,csp_lda,0,0,57,15,0.6
imagery_left_right_fist,csp_lda,4,0,57,15,0.666667
imagery_left_right_fist,csp_lda,8,0,57,15,0.466667
imagery_left_right_fist,csp_lda,16,0,57,15,0.6
imagery_left_right_fist,csp_lda,30,0,57,15,0.6
imagery_left_right_fist,csp_lda,4,1,57,15,0.6
imagery_left_right_fist,csp_lda,8,1,57,15,0.466667
imagery_left_right_fist,csp_lda,16,1,57,15,0.533333
imagery_left_right_fist,csp_lda,30,1,57,15,0.6
imagery_left_right_fist,csp_lda,4,2,57,15,0.466667
imagery_left_right_fist,csp_lda,8,2,57,15,0.533333
imagery_left_right_fist,csp_lda,16,2,57,15,0.466667
imagery_left_right_fist,csp_lda,30,2,57,15,0.6
imagery_left_right_fist,csp_lda,0,0,60,15,0.466667
imagery_left_right_fist,csp_lda,4,0,60,15,0.666667
imagery_left_right_fist,csp_lda,8,0,60,15,0.666667
imagery_left_right_fist,csp_lda,16,0,60,15,0.666667
imagery_left_right_fist,csp_lda,30,0,60,15,0.933333
imagery_left_right_fist,csp_lda,4,1,60,15,0.466667
imagery_left_right_fist,csp_lda,8,1,60,15,0.466667
imagery_left_right_fist,csp_lda,16,1,60,15,0.8
imagery_left_right_fist,csp_lda,30,1,60,15,0.933333
imagery_left_right_fist,csp_lda,4,2,60,15,0.466667
imagery_left_right_fist,csp_lda,8,2,60,15,0.666667
imagery_left_right_fist,csp_lda,16,2,60,15,0.8
imagery_left_right_fist,csp_lda,30,2,60,15,0.933333
imagery_left_right_fist,csp_lda,0,0,62,15,0.866667
imagery_left_right_fist,csp_lda,4,0,62,15,0.866667
imagery_left_right_fist,csp_lda,8,0,62,15,0.866667
imagery_left_right_fist,csp_lda,16,0,62,15,0.866667
imagery_left_right_fist,csp_lda,30,0,62,15,0.866667
imagery_left_right_fist,csp_lda,4,1,62,15,0.866667
imagery_left_right_fist,csp_lda,8,1,62,15,0.866667
imagery_left_right_fist,csp_lda,16,1,62,15,0.866667
imagery_left_right_fist,csp_lda,30,1,62,15,0.866667
imagery_left_right_fist,csp_lda,4,2,62,15,0.866667
imagery_left_right_fist,csp_lda,8,2,62,15,0.866667
imagery_left_right_fist,csp_lda,16,2,62,15,0.866667
imagery_left_right_fist,csp_lda,30,2,62,15,0.866667
imagery_left_right_fist,csp_lda,0,0,64,14,0.428571
imagery_left_right_fist,csp_lda,4,0,64,14,0.428571
imagery_left_right_fist,csp_lda,8,0,64,14,0.428571
imagery_left_right_fist,csp_lda,16,0,64,14,0.428571
imagery_left_right_fist,csp_lda,30,0,64,14,0.428571
imagery_left_right_fist,csp_lda,4,1,64,14,0.428571
imagery_left_right_fist,csp_lda,8,1,64,14,0.428571
imagery_left_right_fist,csp_lda,16,1,64,14,0.428571
imagery_left_right_fist,csp_lda,30,1,64,14,0.428571
imagery_left_right_fist,csp_lda,4,2,64,14,0.428571
imagery_left_right_fist,csp_lda,8,2,64,14,0.428571
imagery_left_right_fist,csp_lda,16,2,64,14,0.428571
imagery_left_right_fist,csp_lda,30,2,64,14,0.428571
imagery_left_right_fist,csp_lda,0,0,72,15,0.933333
imagery_left_right_fist,csp_lda,4,0,72,15,0.933333
imagery_left_right_fist,csp_lda,8,0,72,15,0.933333
imagery_left_right_fist,csp_lda,16,0,72,15,0.933333
imagery_left_right_fist,csp_lda,30,0,72,15,0.933333
imagery_left_right_fist,csp_lda,4,1,72,15,0.933333
imagery_left_right_fist,csp_lda,8,1,72,15,0.933333
imagery_left_right_fist,csp_lda,16,1,72,15,0.933333
imagery_left_right_fist,csp_lda,30,1,72,15,0.933333
imagery_left_right_fist,csp_lda,4,2,72,15,0.933333
imagery_left_right_fist,csp_lda,8,2,72,15,0.933333
imagery_left_right_fist,csp_lda,16,2,72,15,0.933333
imagery_left_right_fist,csp_lda,30,2,72,15,0.933333
imagery_left_right_fist,csp_lda,0,0,79,15,0.533333
imagery_left_right_fist,csp_lda,4,0,79,15,0.533333
imagery_left_right_fist,csp_lda,8,0,79,15,0.533333
imagery_left_right_fist,csp_lda,16,0,79,15,0.533333
imagery_left_right_fist,csp_lda,30,0,79,15,0.533333
imagery_left_right_fist,csp_lda,4,1,79,15,0.533333
imagery_left_right_fist,csp_lda,8,1,79,15,0.533333
imagery_left_right_fist,csp_lda,16,1,79,15,0.533333
imagery_left_right_fist,csp_lda,30,1,79,15,0.533333
imagery_left_right_fist,csp_lda,4,2,79,15,0.533333
imagery_left_right_fist,csp_lda,8,2,79,15,0.533333
imagery_left_right_fist,csp_lda,16,2,79,15,0.533333
imagery_left_right_fist,csp_lda,30,2,79,15,0.533333
imagery_left_right_fist,csp_lda,0,0,83,15,0.6
imagery_left_right_fist,csp_lda,4,0,83,15,0.6
imagery_left_right_fist,csp_lda,8,0,83,15,0.533333
imagery_left_right_fist,csp_lda,16,0,83,15,0.733333
imagery_left_right_fist,csp_lda,30,0,83,15,0.6
imagery_left_right_fist,csp_lda,4,1,83,15,0.6
imagery_left_right_fist,csp_lda,8,1,83,15,0.733333
imagery_left_right_fist,csp_lda,16,1,83,15,0.6
imagery_left_right_fist,csp_lda,30,1,83,15,0.6
imagery_left_right_fist,csp_lda,4,2,83,15,0.666667
imagery_left_right_fist,csp_lda,8,2,83,15,0.6
imagery_left_right_fist,csp_lda,16,2,83,15,0.6
imagery_left_right_fist,csp_lda,30,2,83,15,0.6
imagery_left_right_fist,csp_lda,0,0,86,15,0.6
imagery_left_right_fist,csp_lda,4,0,86,15,0.6
imagery_left_right_fist,csp_lda,8,0,86,15,0.466667
imagery_left_right_fist,csp_lda,16,0,86,15,0.666667
imagery_left_right_fist,csp_lda,30,0,86,15,0.466667
imagery_left_right_fist,csp_lda,4,1,86,15,0.533333
imagery_left_right_fist,csp_lda,8,1,86,15,0.466667
imagery_left_right_fist,csp_lda,16,1,86,15,0.466667
imagery_left_right_fist,csp_lda,30,1,86,15,0.466667
imagery_left_right_fist,csp_lda,4,2,86,15,0.466667
imagery_left_right_fist,csp_lda,8,2,86,15,0.466667
imagery_left_right_fist,csp_lda,16,2,86,15,0.466667
imagery_left_right_fist,csp_lda,30,2,86,15,0.466667
imagery_left_right_fist,csp_lda,0,0,88,19,0.368421
imagery_left_right_fist,csp_lda,4,0,88,19,0.368421
imagery_left_right_fist,csp_lda,8,0,88,19,0.368421
imagery_left_right_fist,csp_lda,16,0,88,19,0.368421
imagery_left_right_fist,csp_lda,30,0,88,19,0.368421
imagery_left_right_fist,csp_lda,4,1,88,19,0.368421
imagery_left_right_fist,csp_lda,8,1,88,19,0.368421
imagery_left_right_fist,csp_lda,16,1,88,19,0.368421
imagery_left_right_fist,csp_lda,30,1,88,19,0.421053
imagery_left_right_fist,csp_lda,4,2,88,19,0.368421
imagery_left_right_fist,csp_lda,8,2,88,19,0.368421
imagery_left_right_fist,csp_lda,16,2,88,19,0.368421
imagery_left_right_fist,csp_lda,30,2,88,19,0.421053
imagery_left_right_fist,csp_lda,0,0,97,15,0.533333
imagery_left_right_fist,csp_lda,4,0,97,15,0.533333
imagery_left_right_fist,csp_lda,8,0,97,15,0.533333
imagery_left_right_fist,csp_lda,16,0,97,15,0.533333
imagery_left_right_fist,csp_lda,30,0,97,15,0.533333
imagery_left_right_fist,csp_lda,4,1,97,15,0.533333
imagery_left_right_fist,csp_lda,8,1,97,15,0.533333
imagery_left_right_fist,csp_lda,16,1,97,15,0.533333
imagery_left_right_fist,csp_lda,30,1,97,15,0.533333
imagery_left_right_fist,csp_lda,4,2,97,15,0.533333
imagery_left_right_fist,csp_lda,8,2,97,15,0.533333
imagery_left_right_fist,csp_lda,16,2,97,15,0.533333
imagery_left_right_fist,csp_lda,30,2,97,15,0.533333
imagery_left_right_fist,csp_lda,0,0,103,15,0.8
imagery_left_right_fist,csp_lda,4,0,103,15,0.866667
imagery_left_right_fist,csp_lda,8,0,103,15,0.6
imagery_left_right_fist,csp_lda,16,0,103,15,0.8
imagery_left_right_fist,csp_lda,30,0,103,15,0.6
imagery_left_right_fist,csp_lda,4,1,103,15,0.866667
imagery_left_right_fist,csp_lda,8,1,103,15,0.666667
imagery_left_right_fist,csp_lda,16,1,103,15,0.8
imagery_left_right_fist,csp_lda,30,1,103,15,0.6
imagery_left_right_fist,csp_lda,4,2,103,15,0.6
imagery_left_right_fist,csp_lda,8,2,103,15,0.8
imagery_left_right_fist,csp_lda,16,2,103,15,0.6
imagery_left_right_fist,csp_lda,30,2,103,15,0.6
imagery_left_right_fist,csp_lda,0,0,104,15,0.4
imagery_left_right_fist,csp_lda,4,0,104,15,0.4
imagery_left_right_fist,csp_lda,8,0,104,15,0.4
imagery_left_right_fist,csp_lda,16,0,104,15,0.4
imagery_left_right_fist,csp_lda,30,0,104,15,0.4
imagery_left_right_fist,csp_lda,4,1,104,15,0.4
imagery_left_right_fist,csp_lda,8,1,104,15,0.4
imagery_left_right_fist,csp_lda,16,1,104,15,0.4
imagery_left_right_fist,csp_lda,30,1,104,15,0.4
imagery_left_right_fist,csp_lda,4,2,104,15,0.4
imagery_left_right_fist,csp_lda,8,2,104,15,0.4
imagery_left_right_fist,csp_lda,16,2,104,15,0.4
imagery_left_right_fist,csp_lda,30,2,104,15,0.4
imagery_left_right_fist,csp_lda,0,0,106,15,0.733333
imagery_left_right_fist,csp_lda,4,0,106,15,0.666667
imagery_left_right_fist,csp_lda,8,0,106,15,0.733333
imagery_left_right_fist,csp_lda,16,0,106,15,0.733333
imagery_left_right_fist,csp_lda,30,0,106,15,0.6
imagery_left_right_fist,csp_lda,4,1,106,15,0.733333
imagery_left_right_fist,csp_lda,8,1,106,15,0.733333
imagery_left_right_fist,csp_lda,16,1,106,15,0.733333
imagery_left_right_fist,csp_lda,30,1,106,15,0.6
imagery_left_right_fist,csp_lda,4,2,106,15,0.733333
imagery_left_right_fist,csp_lda,8,2,106,15,0.666667
imagery_left_right_fist,csp_lda,16,2,106,15,0.733333
imagery_left_right_fist,csp_lda,30,2,106,15,0.6
imagery_left_right_fist,csp_lda,0,0,107,15,0.533333
imagery_left_right_fist,csp_lda,4,0,107,15,0.533333
imagery_left_right_fist,csp_lda,8,0,107,15,0.533333
imagery_left_right_fist,csp_lda,16,0,107,15,0.533333
imagery_left_right_fist,csp_lda,30,0,107,15,0.533333
imagery_left_right_fist,csp_lda,4,1,107,15,0.533333
imagery_left_right_fist,csp_lda,8,1,107,15,0.533333
imagery_left_right_fist,csp_lda,16,1,107,15,0.533333
imagery_left_right_fist,csp_lda,30,1,107,15,0.533333
imagery_left_right_fist,csp_lda,4,2,107,15,0.533333
imagery_left_right_fist,csp_lda,8,2,107,15,0.6
imagery_left_right_fist,csp_lda,16,2,107,15,0.533333
imagery_left_right_fist,csp_lda,30,2,107,15,0.533333
imagery_left_right_fist,riemann_ts_lr,0,0,1,15,0.666667
imagery_left_right_fist,riemann_ts_lr,4,0,1,15,0.666667
imagery_left_right_fist,riemann_ts_lr,8,0,1,15,0.8
imagery_left_right_fist,riemann_ts_lr,16,0,1,15,0.8
imagery_left_right_fist,riemann_ts_lr,30,0,1,15,0.8
imagery_left_right_fist,riemann_ts_lr,4,1,1,15,0.733333
imagery_left_right_fist,riemann_ts_lr,8,1,1,15,0.666667
imagery_left_right_fist,riemann_ts_lr,16,1,1,15,0.8
imagery_left_right_fist,riemann_ts_lr,30,1,1,15,0.8
imagery_left_right_fist,riemann_ts_lr,4,2,1,15,0.666667
imagery_left_right_fist,riemann_ts_lr,8,2,1,15,0.8
imagery_left_right_fist,riemann_ts_lr,16,2,1,15,0.8
imagery_left_right_fist,riemann_ts_lr,30,2,1,15,0.8
imagery_left_right_fist,riemann_ts_lr,0,0,5,15,0.333333
imagery_left_right_fist,riemann_ts_lr,4,0,5,15,0.4
imagery_left_right_fist,riemann_ts_lr,8,0,5,15,0.466667
imagery_left_right_fist,riemann_ts_lr,16,0,5,15,0.533333
imagery_left_right_fist,riemann_ts_lr,30,0,5,15,0.533333
imagery_left_right_fist,riemann_ts_lr,4,1,5,15,0.533333
imagery_left_right_fist,riemann_ts_lr,8,1,5,15,0.533333
imagery_left_right_fist,riemann_ts_lr,16,1,5,15,0.533333
imagery_left_right_fist,riemann_ts_lr,30,1,5,15,0.533333
imagery_left_right_fist,riemann_ts_lr,4,2,5,15,0.333333
imagery_left_right_fist,riemann_ts_lr,8,2,5,15,0.466667
imagery_left_right_fist,riemann_ts_lr,16,2,5,15,0.533333
imagery_left_right_fist,riemann_ts_lr,30,2,5,15,0.533333
imagery_left_right_fist,riemann_ts_lr,0,0,6,15,0.466667
imagery_left_right_fist,riemann_ts_lr,4,0,6,15,0.466667
imagery_left_right_fist,riemann_ts_lr,8,0,6,15,0.466667
imagery_left_right_fist,riemann_ts_lr,16,0,6,15,0.466667
imagery_left_right_fist,riemann_ts_lr,30,0,6,15,0.466667
imagery_left_right_fist,riemann_ts_lr,4,1,6,15,0.466667
imagery_left_right_fist,riemann_ts_lr,8,1,6,15,0.466667
imagery_left_right_fist,riemann_ts_lr,16,1,6,15,0.466667
imagery_left_right_fist,riemann_ts_lr,30,1,6,15,0.466667
imagery_left_right_fist,riemann_ts_lr,4,2,6,15,0.466667
imagery_left_right_fist,riemann_ts_lr,8,2,6,15,0.466667
imagery_left_right_fist,riemann_ts_lr,16,2,6,15,0.533333
imagery_left_right_fist,riemann_ts_lr,30,2,6,15,0.466667
imagery_left_right_fist,riemann_ts_lr,0,0,13,15,0.6
imagery_left_right_fist,riemann_ts_lr,4,0,13,15,0.666667
imagery_left_right_fist,riemann_ts_lr,8,0,13,15,0.666667
imagery_left_right_fist,riemann_ts_lr,16,0,13,15,0.6
imagery_left_right_fist,riemann_ts_lr,30,0,13,15,0.733333
imagery_left_right_fist,riemann_ts_lr,4,1,13,15,0.6
imagery_left_right_fist,riemann_ts_lr,8,1,13,15,0.733333
imagery_left_right_fist,riemann_ts_lr,16,1,13,15,0.733333
imagery_left_right_fist,riemann_ts_lr,30,1,13,15,0.733333
imagery_left_right_fist,riemann_ts_lr,4,2,13,15,0.666667
imagery_left_right_fist,riemann_ts_lr,8,2,13,15,0.666667
imagery_left_right_fist,riemann_ts_lr,16,2,13,15,0.666667
imagery_left_right_fist,riemann_ts_lr,30,2,13,15,0.733333
imagery_left_right_fist,riemann_ts_lr,0,0,15,15,0.666667
imagery_left_right_fist,riemann_ts_lr,4,0,15,15,0.666667
imagery_left_right_fist,riemann_ts_lr,8,0,15,15,0.866667
imagery_left_right_fist,riemann_ts_lr,16,0,15,15,0.866667
imagery_left_right_fist,riemann_ts_lr,30,0,15,15,0.866667
imagery_left_right_fist,riemann_ts_lr,4,1,15,15,0.733333
imagery_left_right_fist,riemann_ts_lr,8,1,15,15,0.866667
imagery_left_right_fist,riemann_ts_lr,16,1,15,15,0.866667
imagery_left_right_fist,riemann_ts_lr,30,1,15,15,0.866667
imagery_left_right_fist,riemann_ts_lr,4,2,15,15,0.866667
imagery_left_right_fist,riemann_ts_lr,8,2,15,15,0.866667
imagery_left_right_fist,riemann_ts_lr,16,2,15,15,0.866667
imagery_left_right_fist,riemann_ts_lr,30,2,15,15,0.866667
imagery_left_right_fist,riemann_ts_lr,0,0,16,15,0.533333
imagery_left_right_fist,riemann_ts_lr,4,0,16,15,0.533333
imagery_left_right_fist,riemann_ts_lr,8,0,16,15,0.733333
imagery_left_right_fist,riemann_ts_lr,16,0,16,15,0.733333
imagery_left_right_fist,riemann_ts_lr,30,0,16,15,0.666667
imagery_left_right_fist,riemann_ts_lr,4,1,16,15,0.6
imagery_left_right_fist,riemann_ts_lr,8,1,16,15,0.733333
imagery_left_right_fist,riemann_ts_lr,16,1,16,15,0.733333
imagery_left_right_fist,riemann_ts_lr,30,1,16,15,0.666667
imagery_left_right_fist,riemann_ts_lr,4,2,16,15,0.533333
imagery_left_right_fist,riemann_ts_lr,8,2,16,15,0.733333
imagery_left_right_fist,riemann_ts_lr,16,2,16,15,0.733333
imagery_left_right_fist,riemann_ts_lr,30,2,16,15,0.666667
imagery_left_right_fist,riemann_ts_lr,0,0,17,15,0.533333
imagery_left_right_fist,riemann_ts_lr,4,0,17,15,0.4
imagery_left_right_fist,riemann_ts_lr,8,0,17,15,0.466667
imagery_left_right_fist,riemann_ts_lr,16,0,17,15,0.4
imagery_left_right_fist,riemann_ts_lr,30,0,17,15,0.533333
imagery_left_right_fist,riemann_ts_lr,4,1,17,15,0.466667
imagery_left_right_fist,riemann_ts_lr,8,1,17,15,0.4
imagery_left_right_fist,riemann_ts_lr,16,1,17,15,0.466667
imagery_left_right_fist,riemann_ts_lr,30,1,17,15,0.533333
imagery_left_right_fist,riemann_ts_lr,4,2,17,15,0.4
imagery_left_right_fist,riemann_ts_lr,8,2,17,15,0.466667
imagery_left_right_fist,riemann_ts_lr,16,2,17,15,0.466667
imagery_left_right_fist,riemann_ts_lr,30,2,17,15,0.533333
imagery_left_right_fist,riemann_ts_lr,0,0,23,15,0.666667
imagery_left_right_fist,riemann_ts_lr,4,0,23,15,0.533333
imagery_left_right_fist,riemann_ts_lr,8,0,23,15,0.533333
imagery_left_right_fist,riemann_ts_lr,16,0,23,15,0.666667
imagery_left_right_fist,riemann_ts_lr,30,0,23,15,0.666667
imagery_left_right_fist,riemann_ts_lr,4,1,23,15,0.666667
imagery_left_right_fist,riemann_ts_lr,8,1,23,15,0.666667
imagery_left_right_fist,riemann_ts_lr,16,1,23,15,0.6
imagery_left_right_fist,riemann_ts_lr,30,1,23,15,0.666667
imagery_left_right_fist,riemann_ts_lr,4,2,23,15,0.666667
imagery_left_right_fist,riemann_ts_lr,8,2,23,15,0.8
imagery_left_right_fist,riemann_ts_lr,16,2,23,15,0.666667
imagery_left_right_fist,riemann_ts_lr,30,2,23,15,0.666667
imagery_left_right_fist,riemann_ts_lr,0,0,31,15,0.8
imagery_left_right_fist,riemann_ts_lr,4,0,31,15,0.866667
imagery_left_right_fist,riemann_ts_lr,8,0,31,15,0.866667
imagery_left_right_fist,riemann_ts_lr,16,0,31,15,0.866667
imagery_left_right_fist,riemann_ts_lr,30,0,31,15,0.866667
imagery_left_right_fist,riemann_ts_lr,4,1,31,15,0.866667
imagery_left_right_fist,riemann_ts_lr,8,1,31,15,0.866667
imagery_left_right_fist,riemann_ts_lr,16,1,31,15,0.866667
imagery_left_right_fist,riemann_ts_lr,30,1,31,15,0.866667
imagery_left_right_fist,riemann_ts_lr,4,2,31,15,0.866667
imagery_left_right_fist,riemann_ts_lr,8,2,31,15,0.866667
imagery_left_right_fist,riemann_ts_lr,16,2,31,15,0.866667
imagery_left_right_fist,riemann_ts_lr,30,2,31,15,0.866667
imagery_left_right_fist,riemann_ts_lr,0,0,32,15,0.733333
imagery_left_right_fist,riemann_ts_lr,4,0,32,15,0.666667
imagery_left_right_fist,riemann_ts_lr,8,0,32,15,0.533333
imagery_left_right_fist,riemann_ts_lr,16,0,32,15,0.666667
imagery_left_right_fist,riemann_ts_lr,30,0,32,15,0.666667
imagery_left_right_fist,riemann_ts_lr,4,1,32,15,0.533333
imagery_left_right_fist,riemann_ts_lr,8,1,32,15,0.466667
imagery_left_right_fist,riemann_ts_lr,16,1,32,15,0.533333
imagery_left_right_fist,riemann_ts_lr,30,1,32,15,0.666667
imagery_left_right_fist,riemann_ts_lr,4,2,32,15,0.733333
imagery_left_right_fist,riemann_ts_lr,8,2,32,15,0.6
imagery_left_right_fist,riemann_ts_lr,16,2,32,15,0.666667
imagery_left_right_fist,riemann_ts_lr,30,2,32,15,0.666667
imagery_left_right_fist,riemann_ts_lr,0,0,35,15,0.733333
imagery_left_right_fist,riemann_ts_lr,4,0,35,15,0.6
imagery_left_right_fist,riemann_ts_lr,8,0,35,15,0.666667
imagery_left_right_fist,riemann_ts_lr,16,0,35,15,0.733333
imagery_left_right_fist,riemann_ts_lr,30,0,35,15,0.733333
imagery_left_right_fist,riemann_ts_lr,4,1,35,15,0.733333
imagery_left_right_fist,riemann_ts_lr,8,1,35,15,0.6
imagery_left_right_fist,riemann_ts_lr,16,1,35,15,0.733333
imagery_left_right_fist,riemann_ts_lr,30,1,35,15,0.733333
imagery_left_right_fist,riemann_ts_lr,4,2,35,15,0.666667
imagery_left_right_fist,riemann_ts_lr,8,2,35,15,0.733333
imagery_left_right_fist,riemann_ts_lr,16,2,35,15,0.666667
imagery_left_right_fist,riemann_ts_lr,30,2,35,15,0.733333
imagery_left_right_fist,riemann_ts_lr,0,0,37,14,0.571429
imagery_left_right_fist,riemann_ts_lr,4,0,37,14,0.5
imagery_left_right_fist,riemann_ts_lr,8,0,37,14,0.571429
imagery_left_right_fist,riemann_ts_lr,16,0,37,14,0.571429
imagery_left_right_fist,riemann_ts_lr,30,0,37,14,0.571429
imagery_left_right_fist,riemann_ts_lr,4,1,37,14,0.571429
imagery_left_right_fist,riemann_ts_lr,8,1,37,14,0.571429
imagery_left_right_fist,riemann_ts_lr,16,1,37,14,0.571429
imagery_left_right_fist,riemann_ts_lr,30,1,37,14,0.571429
imagery_left_right_fist,riemann_ts_lr,4,2,37,14,0.571429
imagery_left_right_fist,riemann_ts_lr,8,2,37,14,0.785714
imagery_left_right_fist,riemann_ts_lr,16,2,37,14,0.571429
imagery_left_right_fist,riemann_ts_lr,30,2,37,14,0.571429
imagery_left_right_fist,riemann_ts_lr,0,0,39,15,0.4
imagery_left_right_fist,riemann_ts_lr,4,0,39,15,0.4
imagery_left_right_fist,riemann_ts_lr,8,0,39,15,0.4
imagery_left_right_fist,riemann_ts_lr,16,0,39,15,0.4
imagery_left_right_fist,riemann_ts_lr,30,0,39,15,0.4
imagery_left_right_fist,riemann_ts_lr,4,1,39,15,0.466667
imagery_left_right_fist,riemann_ts_lr,8,1,39,15,0.4
imagery_left_right_fist,riemann_ts_lr,16,1,39,15,0.4
imagery_left_right_fist,riemann_ts_lr,30,1,39,15,0.4
imagery_left_right_fist,riemann_ts_lr,4,2,39,15,0.333333
imagery_left_right_fist,riemann_ts_lr,8,2,39,15,0.4
imagery_left_right_fist,riemann_ts_lr,16,2,39,15,0.466667
imagery_left_right_fist,riemann_ts_lr,30,2,39,15,0.4
imagery_left_right_fist,riemann_ts_lr,0,0,41,15,0.6
imagery_left_right_fist,riemann_ts_lr,4,0,41,15,0.733333
imagery_left_right_fist,riemann_ts_lr,8,0,41,15,0.733333
imagery_left_right_fist,riemann_ts_lr,16,0,41,15,0.733333
imagery_left_right_fist,riemann_ts_lr,30,0,41,15,0.733333
imagery_left_right_fist,riemann_ts_lr,4,1,41,15,0.733333
imagery_left_right_fist,riemann_ts_lr,8,1,41,15,0.733333
imagery_left_right_fist,riemann_ts_lr,16,1,41,15,0.733333
imagery_left_right_fist,riemann_ts_lr,30,1,41,15,0.733333
imagery_left_right_fist,riemann_ts_lr,4,2,41,15,0.733333
imagery_left_right_fist,riemann_ts_lr,8,2,41,15,0.733333
imagery_left_right_fist,riemann_ts_lr,16,2,41,15,0.733333
imagery_left_right_fist,riemann_ts_lr,30,2,41,15,0.733333
imagery_left_right_fist,riemann_ts_lr,0,0,45,15,0.533333
imagery_left_right_fist,riemann_ts_lr,4,0,45,15,0.6
imagery_left_right_fist,riemann_ts_lr,8,0,45,15,0.666667
imagery_left_right_fist,riemann_ts_lr,16,0,45,15,0.666667
imagery_left_right_fist,riemann_ts_lr,30,0,45,15,0.666667
imagery_left_right_fist,riemann_ts_lr,4,1,45,15,0.6
imagery_left_right_fist,riemann_ts_lr,8,1,45,15,0.6
imagery_left_right_fist,riemann_ts_lr,16,1,45,15,0.666667
imagery_left_right_fist,riemann_ts_lr,30,1,45,15,0.666667
imagery_left_right_fist,riemann_ts_lr,4,2,45,15,0.6
imagery_left_right_fist,riemann_ts_lr,8,2,45,15,0.666667
imagery_left_right_fist,riemann_ts_lr,16,2,45,15,0.666667
imagery_left_right_fist,riemann_ts_lr,30,2,45,15,0.666667
imagery_left_right_fist,riemann_ts_lr,0,0,50,15,0.733333
imagery_left_right_fist,riemann_ts_lr,4,0,50,15,0.733333
imagery_left_right_fist,riemann_ts_lr,8,0,50,15,0.733333
imagery_left_right_fist,riemann_ts_lr,16,0,50,15,0.733333
imagery_left_right_fist,riemann_ts_lr,30,0,50,15,0.733333
imagery_left_right_fist,riemann_ts_lr,4,1,50,15,0.733333
imagery_left_right_fist,riemann_ts_lr,8,1,50,15,0.533333
imagery_left_right_fist,riemann_ts_lr,16,1,50,15,0.533333
imagery_left_right_fist,riemann_ts_lr,30,1,50,15,0.733333
imagery_left_right_fist,riemann_ts_lr,4,2,50,15,0.533333
imagery_left_right_fist,riemann_ts_lr,8,2,50,15,0.733333
imagery_left_right_fist,riemann_ts_lr,16,2,50,15,0.733333
imagery_left_right_fist,riemann_ts_lr,30,2,50,15,0.733333
imagery_left_right_fist,riemann_ts_lr,0,0,51,15,0.933333
imagery_left_right_fist,riemann_ts_lr,4,0,51,15,0.933333
imagery_left_right_fist,riemann_ts_lr,8,0,51,15,0.933333
imagery_left_right_fist,riemann_ts_lr,16,0,51,15,0.933333
imagery_left_right_fist,riemann_ts_lr,30,0,51,15,0.933333
imagery_left_right_fist,riemann_ts_lr,4,1,51,15,0.933333
imagery_left_right_fist,riemann_ts_lr,8,1,51,15,0.933333
imagery_left_right_fist,riemann_ts_lr,16,1,51,15,0.933333
imagery_left_right_fist,riemann_ts_lr,30,1,51,15,0.933333
imagery_left_right_fist,riemann_ts_lr,4,2,51,15,0.866667
imagery_left_right_fist,riemann_ts_lr,8,2,51,15,0.933333
imagery_left_right_fist,riemann_ts_lr,16,2,51,15,0.933333
imagery_left_right_fist,riemann_ts_lr,30,2,51,15,0.933333
imagery_left_right_fist,riemann_ts_lr,0,0,55,15,0.666667
imagery_left_right_fist,riemann_ts_lr,4,0,55,15,0.866667
imagery_left_right_fist,riemann_ts_lr,8,0,55,15,0.866667
imagery_left_right_fist,riemann_ts_lr,16,0,55,15,0.866667
imagery_left_right_fist,riemann_ts_lr,30,0,55,15,0.866667
imagery_left_right_fist,riemann_ts_lr,4,1,55,15,0.866667
imagery_left_right_fist,riemann_ts_lr,8,1,55,15,0.866667
imagery_left_right_fist,riemann_ts_lr,16,1,55,15,0.866667
imagery_left_right_fist,riemann_ts_lr,30,1,55,15,0.866667
imagery_left_right_fist,riemann_ts_lr,4,2,55,15,0.8
imagery_left_right_fist,riemann_ts_lr,8,2,55,15,0.866667
imagery_left_right_fist,riemann_ts_lr,16,2,55,15,0.866667
imagery_left_right_fist,riemann_ts_lr,30,2,55,15,0.866667
imagery_left_right_fist,riemann_ts_lr,0,0,59,15,0.533333
imagery_left_right_fist,riemann_ts_lr,4,0,59,15,0.6
imagery_left_right_fist,riemann_ts_lr,8,0,59,15,0.533333
imagery_left_right_fist,riemann_ts_lr,16,0,59,15,0.6
imagery_left_right_fist,riemann_ts_lr,30,0,59,15,0.666667
imagery_left_right_fist,riemann_ts_lr,4,1,59,15,0.6
imagery_left_right_fist,riemann_ts_lr,8,1,59,15,0.666667
imagery_left_right_fist,riemann_ts_lr,16,1,59,15,0.6
imagery_left_right_fist,riemann_ts_lr,30,1,59,15,0.666667
imagery_left_right_fist,riemann_ts_lr,4,2,59,15,0.533333
imagery_left_right_fist,riemann_ts_lr,8,2,59,15,0.533333
imagery_left_right_fist,riemann_ts_lr,16,2,59,15,0.666667
imagery_left_right_fist,riemann_ts_lr,30,2,59,15,0.666667
imagery_left_right_fist,riemann_ts_lr,0,0,65,15,0.666667
imagery_left_right_fist,riemann_ts_lr,4,0,65,15,0.8
imagery_left_right_fist,riemann_ts_lr,8,0,65,15,0.8
imagery_left_right_fist,riemann_ts_lr,16,0,65,15,0.8
imagery_left_right_fist,riemann_ts_lr,30,0,65,15,0.8
imagery_left_right_fist,riemann_ts_lr,4,1,65,15,0.8
imagery_left_right_fist,riemann_ts_lr,8,1,65,15,0.8
imagery_left_right_fist,riemann_ts_lr,16,1,65,15,0.8
imagery_left_right_fist,riemann_ts_lr,30,1,65,15,0.8
imagery_left_right_fist,riemann_ts_lr,4,2,65,15,0.8
imagery_left_right_fist,riemann_ts_lr,8,2,65,15,0.8
imagery_left_right_fist,riemann_ts_lr,16,2,65,15,0.8
imagery_left_right_fist,riemann_ts_lr,30,2,65,15,0.8
imagery_left_right_fist,riemann_ts_lr,0,0,66,15,0.733333
imagery_left_right_fist,riemann_ts_lr,4,0,66,15,0.6
imagery_left_right_fist,riemann_ts_lr,8,0,66,15,0.733333
imagery_left_right_fist,riemann_ts_lr,16,0,66,15,0.666667
imagery_left_right_fist,riemann_ts_lr,30,0,66,15,0.6
imagery_left_right_fist,riemann_ts_lr,4,1,66,15,0.666667
imagery_left_right_fist,riemann_ts_lr,8,1,66,15,0.733333
imagery_left_right_fist,riemann_ts_lr,16,1,66,15,0.733333
imagery_left_right_fist,riemann_ts_lr,30,1,66,15,0.6
imagery_left_right_fist,riemann_ts_lr,4,2,66,15,0.666667
imagery_left_right_fist,riemann_ts_lr,8,2,66,15,0.733333
imagery_left_right_fist,riemann_ts_lr,16,2,66,15,0.666667
imagery_left_right_fist,riemann_ts_lr,30,2,66,15,0.6
imagery_left_right_fist,riemann_ts_lr,0,0,67,15,0.666667
imagery_left_right_fist,riemann_ts_lr,4,0,67,15,0.6
imagery_left_right_fist,riemann_ts_lr,8,0,67,15,0.666667
imagery_left_right_fist,riemann_ts_lr,16,0,67,15,0.733333
imagery_left_right_fist,riemann_ts_lr,30,0,67,15,0.733333
imagery_left_right_fist,riemann_ts_lr,4,1,67,15,0.733333
imagery_left_right_fist,riemann_ts_lr,8,1,67,15,0.666667
imagery_left_right_fist,riemann_ts_lr,16,1,67,15,0.6
imagery_left_right_fist,riemann_ts_lr,30,1,67,15,0.733333
imagery_left_right_fist,riemann_ts_lr,4,2,67,15,0.6
imagery_left_right_fist,riemann_ts_lr,8,2,67,15,0.6
imagery_left_right_fist,riemann_ts_lr,16,2,67,15,0.6
imagery_left_right_fist,riemann_ts_lr,30,2,67,15,0.733333
imagery_left_right_fist,riemann_ts_lr,0,0,68,15,0.666667
imagery_left_right_fist,riemann_ts_lr,4,0,68,15,0.733333
imagery_left_right_fist,riemann_ts_lr,8,0,68,15,0.666667
imagery_left_right_fist,riemann_ts_lr,16,0,68,15,0.733333
imagery_left_right_fist,riemann_ts_lr,30,0,68,15,0.733333
imagery_left_right_fist,riemann_ts_lr,4,1,68,15,0.666667
imagery_left_right_fist,riemann_ts_lr,8,1,68,15,0.666667
imagery_left_right_fist,riemann_ts_lr,16,1,68,15,0.666667
imagery_left_right_fist,riemann_ts_lr,30,1,68,15,0.733333
imagery_left_right_fist,riemann_ts_lr,4,2,68,15,0.666667
imagery_left_right_fist,riemann_ts_lr,8,2,68,15,0.733333
imagery_left_right_fist,riemann_ts_lr,16,2,68,15,0.6
imagery_left_right_fist,riemann_ts_lr,30,2,68,15,0.733333
imagery_left_right_fist,riemann_ts_lr,0,0,70,15,0.533333
imagery_left_right_fist,riemann_ts_lr,4,0,70,15,0.666667
imagery_left_right_fist,riemann_ts_lr,8,0,70,15,0.666667
imagery_left_right_fist,riemann_ts_lr,16,0,70,15,0.666667
imagery_left_right_fist,riemann_ts_lr,30,0,70,15,0.733333
imagery_left_right_fist,riemann_ts_lr,4,1,70,15,0.666667
imagery_left_right_fist,riemann_ts_lr,8,1,70,15,0.666667
imagery_left_right_fist,riemann_ts_lr,16,1,70,15,0.666667
imagery_left_right_fist,riemann_ts_lr,30,1,70,15,0.733333
imagery_left_right_fist,riemann_ts_lr,4,2,70,15,0.666667
imagery_left_right_fist,riemann_ts_lr,8,2,70,15,0.666667
imagery_left_right_fist,riemann_ts_lr,16,2,70,15,0.733333
imagery_left_right_fist,riemann_ts_lr,30,2,70,15,0.733333
imagery_left_right_fist,riemann_ts_lr,0,0,71,15,0.8
imagery_left_right_fist,riemann_ts_lr,4,0,71,15,0.8
imagery_left_right_fist,riemann_ts_lr,8,0,71,15,0.733333
imagery_left_right_fist,riemann_ts_lr,16,0,71,15,0.733333
imagery_left_right_fist,riemann_ts_lr,30,0,71,15,0.733333
imagery_left_right_fist,riemann_ts_lr,4,1,71,15,0.8
imagery_left_right_fist,riemann_ts_lr,8,1,71,15,0.666667
imagery_left_right_fist,riemann_ts_lr,16,1,71,15,0.733333
imagery_left_right_fist,riemann_ts_lr,30,1,71,15,0.733333
imagery_left_right_fist,riemann_ts_lr,4,2,71,15,0.733333
imagery_left_right_fist,riemann_ts_lr,8,2,71,15,0.8
imagery_left_right_fist,riemann_ts_lr,16,2,71,15,0.666667
imagery_left_right_fist,riemann_ts_lr,30,2,71,15,0.733333
imagery_left_right_fist,riemann_ts_lr,0,0,73,14,0.642857
imagery_left_right_fist,riemann_ts_lr,4,0,73,14,0.642857
imagery_left_right_fist,riemann_ts_lr,8,0,73,14,0.642857
imagery_left_right_fist,riemann_ts_lr,16,0,73,14,0.571429
imagery_left_right_fist,riemann_ts_lr,30,0,73,14,0.642857
imagery_left_right_fist,riemann_ts_lr,4,1,73,14,0.714286
imagery_left_right_fist,riemann_ts_lr,8,1,73,14,0.785714
imagery_left_right_fist,riemann_ts_lr,16,1,73,14,0.642857
imagery_left_right_fist,riemann_ts_lr,30,1,73,14,0.642857
imagery_left_right_fist,riemann_ts_lr,4,2,73,14,0.642857
imagery_left_right_fist,riemann_ts_lr,8,2,73,14,0.642857
imagery_left_right_fist,riemann_ts_lr,16,2,73,14,0.642857
imagery_left_right_fist,riemann_ts_lr,30,2,73,14,0.642857
imagery_left_right_fist,riemann_ts_lr,0,0,75,15,0.666667
imagery_left_right_fist,riemann_ts_lr,4,0,75,15,0.666667
imagery_left_right_fist,riemann_ts_lr,8,0,75,15,0.8
imagery_left_right_fist,riemann_ts_lr,16,0,75,15,0.8
imagery_left_right_fist,riemann_ts_lr,30,0,75,15,0.733333
imagery_left_right_fist,riemann_ts_lr,4,1,75,15,0.666667
imagery_left_right_fist,riemann_ts_lr,8,1,75,15,0.733333
imagery_left_right_fist,riemann_ts_lr,16,1,75,15,0.8
imagery_left_right_fist,riemann_ts_lr,30,1,75,15,0.733333
imagery_left_right_fist,riemann_ts_lr,4,2,75,15,0.733333
imagery_left_right_fist,riemann_ts_lr,8,2,75,15,0.866667
imagery_left_right_fist,riemann_ts_lr,16,2,75,15,0.8
imagery_left_right_fist,riemann_ts_lr,30,2,75,15,0.733333
imagery_left_right_fist,riemann_ts_lr,0,0,77,15,0.533333
imagery_left_right_fist,riemann_ts_lr,4,0,77,15,0.533333
imagery_left_right_fist,riemann_ts_lr,8,0,77,15,0.533333
imagery_left_right_fist,riemann_ts_lr,16,0,77,15,0.533333
imagery_left_right_fist,riemann_ts_lr,30,0,77,15,0.533333
imagery_left_right_fist,riemann_ts_lr,4,1,77,15,0.533333
imagery_left_right_fist,riemann_ts_lr,8,1,77,15,0.533333
imagery_left_right_fist,riemann_ts_lr,16,1,77,15,0.533333
imagery_left_right_fist,riemann_ts_lr,30,1,77,15,0.533333
imagery_left_right_fist,riemann_ts_lr,4,2,77,15,0.533333
imagery_left_right_fist,riemann_ts_lr,8,2,77,15,0.533333
imagery_left_right_fist,riemann_ts_lr,16,2,77,15,0.533333
imagery_left_right_fist,riemann_ts_lr,30,2,77,15,0.533333
imagery_left_right_fist,riemann_ts_lr,0,0,78,15,0.533333
imagery_left_right_fist,riemann_ts_lr,4,0,78,15,0.466667
imagery_left_right_fist,riemann_ts_lr,8,0,78,15,0.466667
imagery_left_right_fist,riemann_ts_lr,16,0,78,15,0.466667
imagery_left_right_fist,riemann_ts_lr,30,0,78,15,0.533333
imagery_left_right_fist,riemann_ts_lr,4,1,78,15,0.466667
imagery_left_right_fist,riemann_ts_lr,8,1,78,15,0.466667
imagery_left_right_fist,riemann_ts_lr,16,1,78,15,0.466667
imagery_left_right_fist,riemann_ts_lr,30,1,78,15,0.533333
imagery_left_right_fist,riemann_ts_lr,4,2,78,15,0.466667
imagery_left_right_fist,riemann_ts_lr,8,2,78,15,0.466667
imagery_left_right_fist,riemann_ts_lr,16,2,78,15,0.533333
imagery_left_right_fist,riemann_ts_lr,30,2,78,15,0.533333
imagery_left_right_fist,riemann_ts_lr,0,0,82,15,0.666667
imagery_left_right_fist,riemann_ts_lr,4,0,82,15,0.8
imagery_left_right_fist,riemann_ts_lr,8,0,82,15,0.733333
imagery_left_right_fist,riemann_ts_lr,16,0,82,15,0.733333
imagery_left_right_fist,riemann_ts_lr,30,0,82,15,0.733333
imagery_left_right_fist,riemann_ts_lr,4,1,82,15,0.466667
imagery_left_right_fist,riemann_ts_lr,8,1,82,15,0.866667
imagery_left_right_fist,riemann_ts_lr,16,1,82,15,0.733333
imagery_left_right_fist,riemann_ts_lr,30,1,82,15,0.733333
imagery_left_right_fist,riemann_ts_lr,4,2,82,15,0.8
imagery_left_right_fist,riemann_ts_lr,8,2,82,15,0.466667
imagery_left_right_fist,riemann_ts_lr,16,2,82,15,0.6
imagery_left_right_fist,riemann_ts_lr,30,2,82,15,0.733333
imagery_left_right_fist,riemann_ts_lr,0,0,85,15,0.866667
imagery_left_right_fist,riemann_ts_lr,4,0,85,15,0.933333
imagery_left_right_fist,riemann_ts_lr,8,0,85,15,0.866667
imagery_left_right_fist,riemann_ts_lr,16,0,85,15,0.866667
imagery_left_right_fist,riemann_ts_lr,30,0,85,15,0.933333
imagery_left_right_fist,riemann_ts_lr,4,1,85,15,0.866667
imagery_left_right_fist,riemann_ts_lr,8,1,85,15,0.933333
imagery_left_right_fist,riemann_ts_lr,16,1,85,15,0.933333
imagery_left_right_fist,riemann_ts_lr,30,1,85,15,0.933333
imagery_left_right_fist,riemann_ts_lr,4,2,85,15,0.933333
imagery_left_right_fist,riemann_ts_lr,8,2,85,15,0.933333
imagery_left_right_fist,riemann_ts_lr,16,2,85,15,0.933333
imagery_left_right_fist,riemann_ts_lr,30,2,85,15,0.933333
imagery_left_right_fist,riemann_ts_lr,0,0,87,15,0.466667
imagery_left_right_fist,riemann_ts_lr,4,0,87,15,0.533333
imagery_left_right_fist,riemann_ts_lr,8,0,87,15,0.466667
imagery_left_right_fist,riemann_ts_lr,16,0,87,15,0.533333
imagery_left_right_fist,riemann_ts_lr,30,0,87,15,0.466667
imagery_left_right_fist,riemann_ts_lr,4,1,87,15,0.533333
imagery_left_right_fist,riemann_ts_lr,8,1,87,15,0.533333
imagery_left_right_fist,riemann_ts_lr,16,1,87,15,0.533333
imagery_left_right_fist,riemann_ts_lr,30,1,87,15,0.466667
imagery_left_right_fist,riemann_ts_lr,4,2,87,15,0.6
imagery_left_right_fist,riemann_ts_lr,8,2,87,15,0.533333
imagery_left_right_fist,riemann_ts_lr,16,2,87,15,0.466667
imagery_left_right_fist,riemann_ts_lr,30,2,87,15,0.466667
imagery_left_right_fist,riemann_ts_lr,0,0,89,15,0.533333
imagery_left_right_fist,riemann_ts_lr,4,0,89,15,0.6
imagery_left_right_fist,riemann_ts_lr,8,0,89,15,0.6
imagery_left_right_fist,riemann_ts_lr,16,0,89,15,0.533333
imagery_left_right_fist,riemann_ts_lr,30,0,89,15,0.533333
imagery_left_right_fist,riemann_ts_lr,4,1,89,15,0.6
imagery_left_right_fist,riemann_ts_lr,8,1,89,15,0.533333
imagery_left_right_fist,riemann_ts_lr,16,1,89,15,0.533333
imagery_left_right_fist,riemann_ts_lr,30,1,89,15,0.533333
imagery_left_right_fist,riemann_ts_lr,4,2,89,15,0.6
imagery_left_right_fist,riemann_ts_lr,8,2,89,15,0.6
imagery_left_right_fist,riemann_ts_lr,16,2,89,15,0.6
imagery_left_right_fist,riemann_ts_lr,30,2,89,15,0.533333
imagery_left_right_fist,riemann_ts_lr,0,0,91,15,0.533333
imagery_left_right_fist,riemann_ts_lr,4,0,91,15,0.6
imagery_left_right_fist,riemann_ts_lr,8,0,91,15,0.733333
imagery_left_right_fist,riemann_ts_lr,16,0,91,15,0.666667
imagery_left_right_fist,riemann_ts_lr,30,0,91,15,0.733333
imagery_left_right_fist,riemann_ts_lr,4,1,91,15,0.666667
imagery_left_right_fist,riemann_ts_lr,8,1,91,15,0.666667
imagery_left_right_fist,riemann_ts_lr,16,1,91,15,0.733333
imagery_left_right_fist,riemann_ts_lr,30,1,91,15,0.733333
imagery_left_right_fist,riemann_ts_lr,4,2,91,15,0.666667
imagery_left_right_fist,riemann_ts_lr,8,2,91,15,0.666667
imagery_left_right_fist,riemann_ts_lr,16,2,91,15,0.733333
imagery_left_right_fist,riemann_ts_lr,30,2,91,15,0.733333
imagery_left_right_fist,riemann_ts_lr,0,0,101,15,0.466667
imagery_left_right_fist,riemann_ts_lr,4,0,101,15,0.533333
imagery_left_right_fist,riemann_ts_lr,8,0,101,15,0.466667
imagery_left_right_fist,riemann_ts_lr,16,0,101,15,0.533333
imagery_left_right_fist,riemann_ts_lr,30,0,101,15,0.666667
imagery_left_right_fist,riemann_ts_lr,4,1,101,15,0.466667
imagery_left_right_fist,riemann_ts_lr,8,1,101,15,0.533333
imagery_left_right_fist,riemann_ts_lr,16,1,101,15,0.6
imagery_left_right_fist,riemann_ts_lr,30,1,101,15,0.666667
imagery_left_right_fist,riemann_ts_lr,4,2,101,15,0.466667
imagery_left_right_fist,riemann_ts_lr,8,2,101,15,0.466667
imagery_left_right_fist,riemann_ts_lr,16,2,101,15,0.6
imagery_left_right_fist,riemann_ts_lr,30,2,101,15,0.666667
imagery_left_right_fist,riemann_ts_lr,0,0,102,14,0.5
imagery_left_right_fist,riemann_ts_lr,4,0,102,14,0.714286
imagery_left_right_fist,riemann_ts_lr,8,0,102,14,0.714286
imagery_left_right_fist,riemann_ts_lr,16,0,102,14,0.642857
imagery_left_right_fist,riemann_ts_lr,30,0,102,14,0.714286
imagery_left_right_fist,riemann_ts_lr,4,1,102,14,0.642857
imagery_left_right_fist,riemann_ts_lr,8,1,102,14,0.714286
imagery_left_right_fist,riemann_ts_lr,16,1,102,14,0.714286
imagery_left_right_fist,riemann_ts_lr,30,1,102,14,0.714286
imagery_left_right_fist,riemann_ts_lr,4,2,102,14,0.642857
imagery_left_right_fist,riemann_ts_lr,8,2,102,14,0.642857
imagery_left_right_fist,riemann_ts_lr,16,2,102,14,0.714286
imagery_left_right_fist,riemann_ts_lr,30,2,102,14,0.714286
imagery_left_right_fist,riemann_ts_lr,0,0,109,15,0.466667
imagery_left_right_fist,riemann_ts_lr,4,0,109,15,0.666667
imagery_left_right_fist,riemann_ts_lr,8,0,109,15,0.6
imagery_left_right_fist,riemann_ts_lr,16,0,109,15,0.533333
imagery_left_right_fist,riemann_ts_lr,30,0,109,15,0.533333
imagery_left_right_fist,riemann_ts_lr,4,1,109,15,0.6
imagery_left_right_fist,riemann_ts_lr,8,1,109,15,0.533333
imagery_left_right_fist,riemann_ts_lr,16,1,109,15,0.533333
imagery_left_right_fist,riemann_ts_lr,30,1,109,15,0.533333
imagery_left_right_fist,riemann_ts_lr,4,2,109,15,0.6
imagery_left_right_fist,riemann_ts_lr,8,2,109,15,0.533333
imagery_left_right_fist,riemann_ts_lr,16,2,109,15,0.533333
imagery_left_right_fist,riemann_ts_lr,30,2,109,15,0.533333
imagery_left_right_fist,riemann_ts_lr,0,0,4,15,0.466667
imagery_left_right_fist,riemann_ts_lr,4,0,4,15,0.466667
imagery_left_right_fist,riemann_ts_lr,8,0,4,15,0.6
imagery_left_right_fist,riemann_ts_lr,16,0,4,15,0.6
imagery_left_right_fist,riemann_ts_lr,30,0,4,15,0.6
imagery_left_right_fist,riemann_ts_lr,4,1,4,15,0.6
imagery_left_right_fist,riemann_ts_lr,8,1,4,15,0.466667
imagery_left_right_fist,riemann_ts_lr,16,1,4,15,0.6
imagery_left_right_fist,riemann_ts_lr,30,1,4,15,0.6
imagery_left_right_fist,riemann_ts_lr,4,2,4,15,0.466667
imagery_left_right_fist,riemann_ts_lr,8,2,4,15,0.666667
imagery_left_right_fist,riemann_ts_lr,16,2,4,15,0.6
imagery_left_right_fist,riemann_ts_lr,30,2,4,15,0.6
imagery_left_right_fist,riemann_ts_lr,0,0,7,15,0.466667
imagery_left_right_fist,riemann_ts_lr,4,0,7,15,0.666667
imagery_left_right_fist,riemann_ts_lr,8,0,7,15,0.666667
imagery_left_right_fist,riemann_ts_lr,16,0,7,15,0.866667
imagery_left_right_fist,riemann_ts_lr,30,0,7,15,0.933333
imagery_left_right_fist,riemann_ts_lr,4,1,7,15,0.666667
imagery_left_right_fist,riemann_ts_lr,8,1,7,15,0.866667
imagery_left_right_fist,riemann_ts_lr,16,1,7,15,0.866667
imagery_left_right_fist,riemann_ts_lr,30,1,7,15,0.933333
imagery_left_right_fist,riemann_ts_lr,4,2,7,15,0.666667
imagery_left_right_fist,riemann_ts_lr,8,2,7,15,0.666667
imagery_left_right_fist,riemann_ts_lr,16,2,7,15,0.866667
imagery_left_right_fist,riemann_ts_lr,30,2,7,15,0.933333
imagery_left_right_fist,riemann_ts_lr,0,0,9,15,0.666667
imagery_left_right_fist,riemann_ts_lr,4,0,9,15,0.6
imagery_left_right_fist,riemann_ts_lr,8,0,9,15,0.6
imagery_left_right_fist,riemann_ts_lr,16,0,9,15,0.666667
imagery_left_right_fist,riemann_ts_lr,30,0,9,15,0.6
imagery_left_right_fist,riemann_ts_lr,4,1,9,15,0.666667
imagery_left_right_fist,riemann_ts_lr,8,1,9,15,0.666667
imagery_left_right_fist,riemann_ts_lr,16,1,9,15,0.6
imagery_left_right_fist,riemann_ts_lr,30,1,9,15,0.6
imagery_left_right_fist,riemann_ts_lr,4,2,9,15,0.666667
imagery_left_right_fist,riemann_ts_lr,8,2,9,15,0.666667
imagery_left_right_fist,riemann_ts_lr,16,2,9,15,0.6
imagery_left_right_fist,riemann_ts_lr,30,2,9,15,0.6
imagery_left_right_fist,riemann_ts_lr,0,0,10,15,0.466667
imagery_left_right_fist,riemann_ts_lr,4,0,10,15,0.466667
imagery_left_right_fist,riemann_ts_lr,8,0,10,15,0.466667
imagery_left_right_fist,riemann_ts_lr,16,0,10,15,0.533333
imagery_left_right_fist,riemann_ts_lr,30,0,10,15,0.6
imagery_left_right_fist,riemann_ts_lr,4,1,10,15,0.466667
imagery_left_right_fist,riemann_ts_lr,8,1,10,15,0.466667
imagery_left_right_fist,riemann_ts_lr,16,1,10,15,0.533333
imagery_left_right_fist,riemann_ts_lr,30,1,10,15,0.6
imagery_left_right_fist,riemann_ts_lr,4,2,10,15,0.466667
imagery_left_right_fist,riemann_ts_lr,8,2,10,15,0.466667
imagery_left_right_fist,riemann_ts_lr,16,2,10,15,0.6
imagery_left_right_fist,riemann_ts_lr,30,2,10,15,0.6
imagery_left_right_fist,riemann_ts_lr,0,0,14,15,0.533333
imagery_left_right_fist,riemann_ts_lr,4,0,14,15,0.6
imagery_left_right_fist,riemann_ts_lr,8,0,14,15,0.733333
imagery_left_right_fist,riemann_ts_lr,16,0,14,15,0.666667
imagery_left_right_fist,riemann_ts_lr,30,0,14,15,0.733333
imagery_left_right_fist,riemann_ts_lr,4,1,14,15,0.6
imagery_left_right_fist,riemann_ts_lr,8,1,14,15,0.6
imagery_left_right_fist,riemann_ts_lr,16,1,14,15,0.666667
imagery_left_right_fist,riemann_ts_lr,30,1,14,15,0.733333
imagery_left_right_fist,riemann_ts_lr,4,2,14,15,0.6
imagery_left_right_fist,riemann_ts_lr,8,2,14,15,0.733333
imagery_left_right_fist,riemann_ts_lr,16,2,14,15,0.733333
imagery_left_right_fist,riemann_ts_lr,30,2,14,15,0.733333
imagery_left_right_fist,riemann_ts_lr,0,0,21,15,0.466667
imagery_left_right_fist,riemann_ts_lr,4,0,21,15,0.533333
imagery_left_right_fist,riemann_ts_lr,8,0,21,15,0.533333
imagery_left_right_fist,riemann_ts_lr,16,0,21,15,0.666667
imagery_left_right_fist,riemann_ts_lr,30,0,21,15,0.666667
imagery_left_right_fist,riemann_ts_lr,4,1,21,15,0.666667
imagery_left_right_fist,riemann_ts_lr,8,1,21,15,0.733333
imagery_left_right_fist,riemann_ts_lr,16,1,21,15,0.666667
imagery_left_right_fist,riemann_ts_lr,30,1,21,15,0.666667
imagery_left_right_fist,riemann_ts_lr,4,2,21,15,0.666667
imagery_left_right_fist,riemann_ts_lr,8,2,21,15,0.8
imagery_left_right_fist,riemann_ts_lr,16,2,21,15,0.733333
imagery_left_right_fist,riemann_ts_lr,30,2,21,15,0.666667
imagery_left_right_fist,riemann_ts_lr,0,0,24,15,0.466667
imagery_left_right_fist,riemann_ts_lr,4,0,24,15,0.466667
imagery_left_right_fist,riemann_ts_lr,8,0,24,15,0.533333
imagery_left_right_fist,riemann_ts_lr,16,0,24,15,0.466667
imagery_left_right_fist,riemann_ts_lr,30,0,24,15,0.466667
imagery_left_right_fist,riemann_ts_lr,4,1,24,15,0.466667
imagery_left_right_fist,riemann_ts_lr,8,1,24,15,0.533333
imagery_left_right_fist,riemann_ts_lr,16,1,24,15,0.466667
imagery_left_right_fist,riemann_ts_lr,30,1,24,15,0.466667
imagery_left_right_fist,riemann_ts_lr,4,2,24,15,0.466667
imagery_left_right_fist,riemann_ts_lr,8,2,24,15,0.466667
imagery_left_right_fist,riemann_ts_lr,16,2,24,15,0.466667
imagery_left_right_fist,riemann_ts_lr,30,2,24,15,0.466667
imagery_left_right_fist,riemann_ts_lr,0,0,25,15,0.533333
imagery_left_right_fist,riemann_ts_lr,4,0,25,15,0.4
imagery_left_right_fist,riemann_ts_lr,8,0,25,15,0.4
imagery_left_right_fist,riemann_ts_lr,16,0,25,15,0.4
imagery_left_right_fist,riemann_ts_lr,30,0,25,15,0.4
imagery_left_right_fist,riemann_ts_lr,4,1,25,15,0.4
imagery_left_right_fist,riemann_ts_lr,8,1,25,15,0.333333
imagery_left_right_fist,riemann_ts_lr,16,1,25,15,0.4
imagery_left_right_fist,riemann_ts_lr,30,1,25,15,0.4
imagery_left_right_fist,riemann_ts_lr,4,2,25,15,0.4
imagery_left_right_fist,riemann_ts_lr,8,2,25,15,0.4
imagery_left_right_fist,riemann_ts_lr,16,2,25,15,0.333333
imagery_left_right_fist,riemann_ts_lr,30,2,25,15,0.4
imagery_left_right_fist,riemann_ts_lr,0,0,30,15,0.6
imagery_left_right_fist,riemann_ts_lr,4,0,30,15,0.733333
imagery_left_right_fist,riemann_ts_lr,8,0,30,15,0.666667
imagery_left_right_fist,riemann_ts_lr,16,0,30,15,0.533333
imagery_left_right_fist,riemann_ts_lr,30,0,30,15,0.533333
imagery_left_right_fist,riemann_ts_lr,4,1,30,15,0.533333
imagery_left_right_fist,riemann_ts_lr,8,1,30,15,0.666667
imagery_left_right_fist,riemann_ts_lr,16,1,30,15,0.6
imagery_left_right_fist,riemann_ts_lr,30,1,30,15,0.533333
imagery_left_right_fist,riemann_ts_lr,4,2,30,15,0.533333
imagery_left_right_fist,riemann_ts_lr,8,2,30,15,0.666667
imagery_left_right_fist,riemann_ts_lr,16,2,30,15,0.533333
imagery_left_right_fist,riemann_ts_lr,30,2,30,15,0.533333
imagery_left_right_fist,riemann_ts_lr,0,0,33,15,0.866667
imagery_left_right_fist,riemann_ts_lr,4,0,33,15,0.8
imagery_left_right_fist,riemann_ts_lr,8,0,33,15,0.8
imagery_left_right_fist,riemann_ts_lr,16,0,33,15,0.8
imagery_left_right_fist,riemann_ts_lr,30,0,33,15,0.8
imagery_left_right_fist,riemann_ts_lr,4,1,33,15,0.866667
imagery_left_right_fist,riemann_ts_lr,8,1,33,15,0.866667
imagery_left_right_fist,riemann_ts_lr,16,1,33,15,0.8
imagery_left_right_fist,riemann_ts_lr,30,1,33,15,0.8
imagery_left_right_fist,riemann_ts_lr,4,2,33,15,0.866667
imagery_left_right_fist,riemann_ts_lr,8,2,33,15,0.8
imagery_left_right_fist,riemann_ts_lr,16,2,33,15,0.8
imagery_left_right_fist,riemann_ts_lr,30,2,33,15,0.8
imagery_left_right_fist,riemann_ts_lr,0,0,36,15,0.466667
imagery_left_right_fist,riemann_ts_lr,4,0,36,15,0.6
imagery_left_right_fist,riemann_ts_lr,8,0,36,15,0.6
imagery_left_right_fist,riemann_ts_lr,16,0,36,15,0.6
imagery_left_right_fist,riemann_ts_lr,30,0,36,15,0.6
imagery_left_right_fist,riemann_ts_lr,4,1,36,15,0.6
imagery_left_right_fist,riemann_ts_lr,8,1,36,15,0.6
imagery_left_right_fist,riemann_ts_lr,16,1,36,15,0.6
imagery_left_right_fist,riemann_ts_lr,30,1,36,15,0.6
imagery_left_right_fist,riemann_ts_lr,4,2,36,15,0.6
imagery_left_right_fist,riemann_ts_lr,8,2,36,15,0.6
imagery_left_right_fist,riemann_ts_lr,16,2,36,15,0.6
imagery_left_right_fist,riemann_ts_lr,30,2,36,15,0.6
imagery_left_right_fist,riemann_ts_lr,0,0,44,15,0.533333
imagery_left_right_fist,riemann_ts_lr,4,0,44,15,0.733333
imagery_left_right_fist,riemann_ts_lr,8,0,44,15,0.666667
imagery_left_right_fist,riemann_ts_lr,16,0,44,15,0.666667
imagery_left_right_fist,riemann_ts_lr,30,0,44,15,0.666667
imagery_left_right_fist,riemann_ts_lr,4,1,44,15,0.666667
imagery_left_right_fist,riemann_ts_lr,8,1,44,15,0.666667
imagery_left_right_fist,riemann_ts_lr,16,1,44,15,0.666667
imagery_left_right_fist,riemann_ts_lr,30,1,44,15,0.666667
imagery_left_right_fist,riemann_ts_lr,4,2,44,15,0.666667
imagery_left_right_fist,riemann_ts_lr,8,2,44,15,0.733333
imagery_left_right_fist,riemann_ts_lr,16,2,44,15,0.666667
imagery_left_right_fist,riemann_ts_lr,30,2,44,15,0.666667
imagery_left_right_fist,riemann_ts_lr,0,0,46,15,0.533333
imagery_left_right_fist,riemann_ts_lr,4,0,46,15,0.666667
imagery_left_right_fist,riemann_ts_lr,8,0,46,15,0.466667
imagery_left_right_fist,riemann_ts_lr,16,0,46,15,0.6
imagery_left_right_fist,riemann_ts_lr,30,0,46,15,0.666667
imagery_left_right_fist,riemann_ts_lr,4,1,46,15,0.6
imagery_left_right_fist,riemann_ts_lr,8,1,46,15,0.666667
imagery_left_right_fist,riemann_ts_lr,16,1,46,15,0.533333
imagery_left_right_fist,riemann_ts_lr,30,1,46,15,0.666667
imagery_left_right_fist,riemann_ts_lr,4,2,46,15,0.466667
imagery_left_right_fist,riemann_ts_lr,8,2,46,15,0.533333
imagery_left_right_fist,riemann_ts_lr,16,2,46,15,0.533333
imagery_left_right_fist,riemann_ts_lr,30,2,46,15,0.666667
imagery_left_right_fist,riemann_ts_lr,0,0,53,15,0.466667
imagery_left_right_fist,riemann_ts_lr,4,0,53,15,0.6
imagery_left_right_fist,riemann_ts_lr,8,0,53,15,0.6
imagery_left_right_fist,riemann_ts_lr,16,0,53,15,0.733333
imagery_left_right_fist,riemann_ts_lr,30,0,53,15,0.6
imagery_left_right_fist,riemann_ts_lr,4,1,53,15,0.6
imagery_left_right_fist,riemann_ts_lr,8,1,53,15,0.666667
imagery_left_right_fist,riemann_ts_lr,16,1,53,15,0.733333
imagery_left_right_fist,riemann_ts_lr,30,1,53,15,0.6
imagery_left_right_fist,riemann_ts_lr,4,2,53,15,0.6
imagery_left_right_fist,riemann_ts_lr,8,2,53,15,0.6
imagery_left_right_fist,riemann_ts_lr,16,2,53,15,0.666667
imagery_left_right_fist,riemann_ts_lr,30,2,53,15,0.6
imagery_left_right_fist,riemann_ts_lr,0,0,54,15,0.466667
imagery_left_right_fist,riemann_ts_lr,4,0,54,15,0.6
imagery_left_right_fist,riemann_ts_lr,8,0,54,15,0.6
imagery_left_right_fist,riemann_ts_lr,16,0,54,15,0.733333
imagery_left_right_fist,riemann_ts_lr,30,0,54,15,0.666667
imagery_left_right_fist,riemann_ts_lr,4,1,54,15,0.6
imagery_left_right_fist,riemann_ts_lr,8,1,54,15,0.666667
imagery_left_right_fist,riemann_ts_lr,16,1,54,15,0.666667
imagery_left_right_fist,riemann_ts_lr,30,1,54,15,0.666667
imagery_left_right_fist,riemann_ts_lr,4,2,54,15,0.6
imagery_left_right_fist,riemann_ts_lr,8,2,54,15,0.666667
imagery_left_right_fist,riemann_ts_lr,16,2,54,15,0.733333
imagery_left_right_fist,riemann_ts_lr,30,2,54,15,0.666667
imagery_left_right_fist,riemann_ts_lr,0,0,56,15,0.8
imagery_left_right_fist,riemann_ts_lr,4,0,56,15,0.733333
imagery_left_right_fist,riemann_ts_lr,8,0,56,15,0.8
imagery_left_right_fist,riemann_ts_lr,16,0,56,15,0.733333
imagery_left_right_fist,riemann_ts_lr,30,0,56,15,0.733333
imagery_left_right_fist,riemann_ts_lr,4,1,56,15,0.733333
imagery_left_right_fist,riemann_ts_lr,8,1,56,15,0.733333
imagery_left_right_fist,riemann_ts_lr,16,1,56,15,0.733333
imagery_left_right_fist,riemann_ts_lr,30,1,56,15,0.733333
imagery_left_right_fist,riemann_ts_lr,4,2,56,15,0.733333
imagery_left_right_fist,riemann_ts_lr,8,2,56,15,0.733333
imagery_left_right_fist,riemann_ts_lr,16,2,56,15,0.733333
imagery_left_right_fist,riemann_ts_lr,30,2,56,15,0.733333
imagery_left_right_fist,riemann_ts_lr,0,0,58,15,0.6
imagery_left_right_fist,riemann_ts_lr,4,0,58,15,0.6
imagery_left_right_fist,riemann_ts_lr,8,0,58,15,0.466667
imagery_left_right_fist,riemann_ts_lr,16,0,58,15,0.533333
imagery_left_right_fist,riemann_ts_lr,30,0,58,15,0.466667
imagery_left_right_fist,riemann_ts_lr,4,1,58,15,0.466667
imagery_left_right_fist,riemann_ts_lr,8,1,58,15,0.6
imagery_left_right_fist,riemann_ts_lr,16,1,58,15,0.466667
imagery_left_right_fist,riemann_ts_lr,30,1,58,15,0.466667
imagery_left_right_fist,riemann_ts_lr,4,2,58,15,0.533333
imagery_left_right_fist,riemann_ts_lr,8,2,58,15,0.533333
imagery_left_right_fist,riemann_ts_lr,16,2,58,15,0.533333
imagery_left_right_fist,riemann_ts_lr,30,2,58,15,0.466667
imagery_left_right_fist,riemann_ts_lr,0,0,61,15,0.6
imagery_left_right_fist,riemann_ts_lr,4,0,61,15,0.666667
imagery_left_right_fist,riemann_ts_lr,8,0,61,15,0.733333
imagery_left_right_fist,riemann_ts_lr,16,0,61,15,0.866667
imagery_left_right_fist,riemann_ts_lr,30,0,61,15,0.866667
imagery_left_right_fist,riemann_ts_lr,4,1,61,15,0.733333
imagery_left_right_fist,riemann_ts_lr,8,1,61,15,0.733333
imagery_left_right_fist,riemann_ts_lr,16,1,61,15,0.866667
imagery_left_right_fist,riemann_ts_lr,30,1,61,15,0.866667
imagery_left_right_fist,riemann_ts_lr,4,2,61,15,0.666667
imagery_left_right_fist,riemann_ts_lr,8,2,61,15,0.866667
imagery_left_right_fist,riemann_ts_lr,16,2,61,15,0.866667
imagery_left_right_fist,riemann_ts_lr,30,2,61,15,0.866667
imagery_left_right_fist,riemann_ts_lr,0,0,63,15,0.533333
imagery_left_right_fist,riemann_ts_lr,4,0,63,15,0.6
imagery_left_right_fist,riemann_ts_lr,8,0,63,15,0.533333
imagery_left_right_fist,riemann_ts_lr,16,0,63,15,0.533333
imagery_left_right_fist,riemann_ts_lr,30,0,63,15,0.733333
imagery_left_right_fist,riemann_ts_lr,4,1,63,15,0.6
imagery_left_right_fist,riemann_ts_lr,8,1,63,15,0.666667
imagery_left_right_fist,riemann_ts_lr,16,1,63,15,0.666667
imagery_left_right_fist,riemann_ts_lr,30,1,63,15,0.733333
imagery_left_right_fist,riemann_ts_lr,4,2,63,15,0.666667
imagery_left_right_fist,riemann_ts_lr,8,2,63,15,0.666667
imagery_left_right_fist,riemann_ts_lr,16,2,63,15,0.666667
imagery_left_right_fist,riemann_ts_lr,30,2,63,15,0.733333
imagery_left_right_fist,riemann_ts_lr,0,0,69,15,0.733333
imagery_left_right_fist,riemann_ts_lr,4,0,69,15,0.666667
imagery_left_right_fist,riemann_ts_lr,8,0,69,15,0.733333
imagery_left_right_fist,riemann_ts_lr,16,0,69,15,0.733333
imagery_left_right_fist,riemann_ts_lr,30,0,69,15,0.733333
imagery_left_right_fist,riemann_ts_lr,4,1,69,15,0.733333
imagery_left_right_fist,riemann_ts_lr,8,1,69,15,0.733333
imagery_left_right_fist,riemann_ts_lr,16,1,69,15,0.733333
imagery_left_right_fist,riemann_ts_lr,30,1,69,15,0.733333
imagery_left_right_fist,riemann_ts_lr,4,2,69,15,0.733333
imagery_left_right_fist,riemann_ts_lr,8,2,69,15,0.733333
imagery_left_right_fist,riemann_ts_lr,16,2,69,15,0.733333
imagery_left_right_fist,riemann_ts_lr,30,2,69,15,0.733333
imagery_left_right_fist,riemann_ts_lr,0,0,74,14,0.5
imagery_left_right_fist,riemann_ts_lr,4,0,74,14,0.571429
imagery_left_right_fist,riemann_ts_lr,8,0,74,14,0.714286
imagery_left_right_fist,riemann_ts_lr,16,0,74,14,0.785714
imagery_left_right_fist,riemann_ts_lr,30,0,74,14,0.714286
imagery_left_right_fist,riemann_ts_lr,4,1,74,14,0.642857
imagery_left_right_fist,riemann_ts_lr,8,1,74,14,0.642857
imagery_left_right_fist,riemann_ts_lr,16,1,74,14,0.642857
imagery_left_right_fist,riemann_ts_lr,30,1,74,14,0.714286
imagery_left_right_fist,riemann_ts_lr,4,2,74,14,0.571429
imagery_left_right_fist,riemann_ts_lr,8,2,74,14,0.642857
imagery_left_right_fist,riemann_ts_lr,16,2,74,14,0.785714
imagery_left_right_fist,riemann_ts_lr,30,2,74,14,0.714286
imagery_left_right_fist,riemann_ts_lr,0,0,76,14,0.642857
imagery_left_right_fist,riemann_ts_lr,4,0,76,14,0.642857
imagery_left_right_fist,riemann_ts_lr,8,0,76,14,0.714286
imagery_left_right_fist,riemann_ts_lr,16,0,76,14,0.714286
imagery_left_right_fist,riemann_ts_lr,30,0,76,14,0.714286
imagery_left_right_fist,riemann_ts_lr,4,1,76,14,0.642857
imagery_left_right_fist,riemann_ts_lr,8,1,76,14,0.642857
imagery_left_right_fist,riemann_ts_lr,16,1,76,14,0.714286
imagery_left_right_fist,riemann_ts_lr,30,1,76,14,0.714286
imagery_left_right_fist,riemann_ts_lr,4,2,76,14,0.714286
imagery_left_right_fist,riemann_ts_lr,8,2,76,14,0.642857
imagery_left_right_fist,riemann_ts_lr,16,2,76,14,0.642857
imagery_left_right_fist,riemann_ts_lr,30,2,76,14,0.714286
imagery_left_right_fist,riemann_ts_lr,0,0,80,15,0.4
imagery_left_right_fist,riemann_ts_lr,4,0,80,15,0.333333
imagery_left_right_fist,riemann_ts_lr,8,0,80,15,0.266667
imagery_left_right_fist,riemann_ts_lr,16,0,80,15,0.333333
imagery_left_right_fist,riemann_ts_lr,30,0,80,15,0.4
imagery_left_right_fist,riemann_ts_lr,4,1,80,15,0.333333
imagery_left_right_fist,riemann_ts_lr,8,1,80,15,0.333333
imagery_left_right_fist,riemann_ts_lr,16,1,80,15,0.4
imagery_left_right_fist,riemann_ts_lr,30,1,80,15,0.4
imagery_left_right_fist,riemann_ts_lr,4,2,80,15,0.266667
imagery_left_right_fist,riemann_ts_lr,8,2,80,15,0.266667
imagery_left_right_fist,riemann_ts_lr,16,2,80,15,0.4
imagery_left_right_fist,riemann_ts_lr,30,2,80,15,0.4
imagery_left_right_fist,riemann_ts_lr,0,0,81,15,0.533333
imagery_left_right_fist,riemann_ts_lr,4,0,81,15,0.666667
imagery_left_right_fist,riemann_ts_lr,8,0,81,15,0.733333
imagery_left_right_fist,riemann_ts_lr,16,0,81,15,0.933333
imagery_left_right_fist,riemann_ts_lr,30,0,81,15,0.866667
imagery_left_right_fist,riemann_ts_lr,4,1,81,15,0.666667
imagery_left_right_fist,riemann_ts_lr,8,1,81,15,0.733333
imagery_left_right_fist,riemann_ts_lr,16,1,81,15,0.733333
imagery_left_right_fist,riemann_ts_lr,30,1,81,15,0.866667
imagery_left_right_fist,riemann_ts_lr,4,2,81,15,0.666667
imagery_left_right_fist,riemann_ts_lr,8,2,81,15,0.733333
imagery_left_right_fist,riemann_ts_lr,16,2,81,15,0.733333
imagery_left_right_fist,riemann_ts_lr,30,2,81,15,0.866667
imagery_left_right_fist,riemann_ts_lr,0,0,84,15,0.733333
imagery_left_right_fist,riemann_ts_lr,4,0,84,15,0.6
imagery_left_right_fist,riemann_ts_lr,8,0,84,15,0.666667
imagery_left_right_fist,riemann_ts_lr,16,0,84,15,0.666667
imagery_left_right_fist,riemann_ts_lr,30,0,84,15,0.666667
imagery_left_right_fist,riemann_ts_lr,4,1,84,15,0.6
imagery_left_right_fist,riemann_ts_lr,8,1,84,15,0.666667
imagery_left_right_fist,riemann_ts_lr,16,1,84,15,0.666667
imagery_left_right_fist,riemann_ts_lr,30,1,84,15,0.666667
imagery_left_right_fist,riemann_ts_lr,4,2,84,15,0.666667
imagery_left_right_fist,riemann_ts_lr,8,2,84,15,0.6
imagery_left_right_fist,riemann_ts_lr,16,2,84,15,0.666667
imagery_left_right_fist,riemann_ts_lr,30,2,84,15,0.666667
imagery_left_right_fist,riemann_ts_lr,0,0,90,15,0.533333
imagery_left_right_fist,riemann_ts_lr,4,0,90,15,0.6
imagery_left_right_fist,riemann_ts_lr,8,0,90,15,0.6
imagery_left_right_fist,riemann_ts_lr,16,0,90,15,0.666667
imagery_left_right_fist,riemann_ts_lr,30,0,90,15,0.666667
imagery_left_right_fist,riemann_ts_lr,4,1,90,15,0.6
imagery_left_right_fist,riemann_ts_lr,8,1,90,15,0.6
imagery_left_right_fist,riemann_ts_lr,16,1,90,15,0.666667
imagery_left_right_fist,riemann_ts_lr,30,1,90,15,0.666667
imagery_left_right_fist,riemann_ts_lr,4,2,90,15,0.6
imagery_left_right_fist,riemann_ts_lr,8,2,90,15,0.6
imagery_left_right_fist,riemann_ts_lr,16,2,90,15,0.666667
imagery_left_right_fist,riemann_ts_lr,30,2,90,15,0.666667
imagery_left_right_fist,riemann_ts_lr,0,0,92,19,0.578947
imagery_left_right_fist,riemann_ts_lr,4,0,92,19,0.578947
imagery_left_right_fist,riemann_ts_lr,8,0,92,19,0.684211
imagery_left_right_fist,riemann_ts_lr,16,0,92,19,0.631579
imagery_left_right_fist,riemann_ts_lr,30,0,92,19,0.736842
imagery_left_right_fist,riemann_ts_lr,4,1,92,19,0.578947
imagery_left_right_fist,riemann_ts_lr,8,1,92,19,0.631579
imagery_left_right_fist,riemann_ts_lr,16,1,92,19,0.684211
imagery_left_right_fist,riemann_ts_lr,30,1,92,19,0.631579
imagery_left_right_fist,riemann_ts_lr,4,2,92,19,0.578947
imagery_left_right_fist,riemann_ts_lr,8,2,92,19,0.578947
imagery_left_right_fist,riemann_ts_lr,16,2,92,19,0.631579
imagery_left_right_fist,riemann_ts_lr,30,2,92,19,0.631579
imagery_left_right_fist,riemann_ts_lr,0,0,93,15,0.666667
imagery_left_right_fist,riemann_ts_lr,4,0,93,15,0.8
imagery_left_right_fist,riemann_ts_lr,8,0,93,15,0.8
imagery_left_right_fist,riemann_ts_lr,16,0,93,15,0.8
imagery_left_right_fist,riemann_ts_lr,30,0,93,15,0.8
imagery_left_right_fist,riemann_ts_lr,4,1,93,15,0.733333
imagery_left_right_fist,riemann_ts_lr,8,1,93,15,0.666667
imagery_left_right_fist,riemann_ts_lr,16,1,93,15,0.8
imagery_left_right_fist,riemann_ts_lr,30,1,93,15,0.8
imagery_left_right_fist,riemann_ts_lr,4,2,93,15,0.8
imagery_left_right_fist,riemann_ts_lr,8,2,93,15,0.8
imagery_left_right_fist,riemann_ts_lr,16,2,93,15,0.733333
imagery_left_right_fist,riemann_ts_lr,30,2,93,15,0.8
imagery_left_right_fist,riemann_ts_lr,0,0,94,15,0.6
imagery_left_right_fist,riemann_ts_lr,4,0,94,15,0.866667
imagery_left_right_fist,riemann_ts_lr,8,0,94,15,0.866667
imagery_left_right_fist,riemann_ts_lr,16,0,94,15,0.866667
imagery_left_right_fist,riemann_ts_lr,30,0,94,15,0.866667
imagery_left_right_fist,riemann_ts_lr,4,1,94,15,0.866667
imagery_left_right_fist,riemann_ts_lr,8,1,94,15,0.866667
imagery_left_right_fist,riemann_ts_lr,16,1,94,15,0.866667
imagery_left_right_fist,riemann_ts_lr,30,1,94,15,0.866667
imagery_left_right_fist,riemann_ts_lr,4,2,94,15,0.666667
imagery_left_right_fist,riemann_ts_lr,8,2,94,15,0.666667
imagery_left_right_fist,riemann_ts_lr,16,2,94,15,0.866667
imagery_left_right_fist,riemann_ts_lr,30,2,94,15,0.866667
imagery_left_right_fist,riemann_ts_lr,0,0,95,15,0.466667
imagery_left_right_fist,riemann_ts_lr,4,0,95,15,0.533333
imagery_left_right_fist,riemann_ts_lr,8,0,95,15,0.533333
imagery_left_right_fist,riemann_ts_lr,16,0,95,15,0.6
imagery_left_right_fist,riemann_ts_lr,30,0,95,15,0.6
imagery_left_right_fist,riemann_ts_lr,4,1,95,15,0.533333
imagery_left_right_fist,riemann_ts_lr,8,1,95,15,0.666667
imagery_left_right_fist,riemann_ts_lr,16,1,95,15,0.666667
imagery_left_right_fist,riemann_ts_lr,30,1,95,15,0.6
imagery_left_right_fist,riemann_ts_lr,4,2,95,15,0.466667
imagery_left_right_fist,riemann_ts_lr,8,2,95,15,0.666667
imagery_left_right_fist,riemann_ts_lr,16,2,95,15,0.6
imagery_left_right_fist,riemann_ts_lr,30,2,95,15,0.6
imagery_left_right_fist,riemann_ts_lr,0,0,96,15,0.533333
imagery_left_right_fist,riemann_ts_lr,4,0,96,15,0.6
imagery_left_right_fist,riemann_ts_lr,8,0,96,15,0.533333
imagery_left_right_fist,riemann_ts_lr,16,0,96,15,0.6
imagery_left_right_fist,riemann_ts_lr,30,0,96,15,0.6
imagery_left_right_fist,riemann_ts_lr,4,1,96,15,0.533333
imagery_left_right_fist,riemann_ts_lr,8,1,96,15,0.533333
imagery_left_right_fist,riemann_ts_lr,16,1,96,15,0.6
imagery_left_right_fist,riemann_ts_lr,30,1,96,15,0.6
imagery_left_right_fist,riemann_ts_lr,4,2,96,15,0.466667
imagery_left_right_fist,riemann_ts_lr,8,2,96,15,0.466667
imagery_left_right_fist,riemann_ts_lr,16,2,96,15,0.533333
imagery_left_right_fist,riemann_ts_lr,30,2,96,15,0.6
imagery_left_right_fist,riemann_ts_lr,0,0,98,15,0.333333
imagery_left_right_fist,riemann_ts_lr,4,0,98,15,0.333333
imagery_left_right_fist,riemann_ts_lr,8,0,98,15,0.333333
imagery_left_right_fist,riemann_ts_lr,16,0,98,15,0.333333
imagery_left_right_fist,riemann_ts_lr,30,0,98,15,0.333333
imagery_left_right_fist,riemann_ts_lr,4,1,98,15,0.333333
imagery_left_right_fist,riemann_ts_lr,8,1,98,15,0.466667
imagery_left_right_fist,riemann_ts_lr,16,1,98,15,0.333333
imagery_left_right_fist,riemann_ts_lr,30,1,98,15,0.333333
imagery_left_right_fist,riemann_ts_lr,4,2,98,15,0.333333
imagery_left_right_fist,riemann_ts_lr,8,2,98,15,0.333333
imagery_left_right_fist,riemann_ts_lr,16,2,98,15,0.333333
imagery_left_right_fist,riemann_ts_lr,30,2,98,15,0.333333
imagery_left_right_fist,riemann_ts_lr,0,0,99,15,0.533333
imagery_left_right_fist,riemann_ts_lr,4,0,99,15,0.6
imagery_left_right_fist,riemann_ts_lr,8,0,99,15,0.533333
imagery_left_right_fist,riemann_ts_lr,16,0,99,15,0.6
imagery_left_right_fist,riemann_ts_lr,30,0,99,15,0.666667
imagery_left_right_fist,riemann_ts_lr,4,1,99,15,0.6
imagery_left_right_fist,riemann_ts_lr,8,1,99,15,0.6
imagery_left_right_fist,riemann_ts_lr,16,1,99,15,0.6
imagery_left_right_fist,riemann_ts_lr,30,1,99,15,0.666667
imagery_left_right_fist,riemann_ts_lr,4,2,99,15,0.6
imagery_left_right_fist,riemann_ts_lr,8,2,99,15,0.533333
imagery_left_right_fist,riemann_ts_lr,16,2,99,15,0.6
imagery_left_right_fist,riemann_ts_lr,30,2,99,15,0.666667
imagery_left_right_fist,riemann_ts_lr,0,0,100,12,0.5
imagery_left_right_fist,riemann_ts_lr,4,0,100,12,0.666667
imagery_left_right_fist,riemann_ts_lr,8,0,100,12,0.916667
imagery_left_right_fist,riemann_ts_lr,16,0,100,12,1
imagery_left_right_fist,riemann_ts_lr,30,0,100,12,1
imagery_left_right_fist,riemann_ts_lr,4,1,100,12,0.916667
imagery_left_right_fist,riemann_ts_lr,8,1,100,12,1
imagery_left_right_fist,riemann_ts_lr,16,1,100,12,1
imagery_left_right_fist,riemann_ts_lr,30,1,100,12,1
imagery_left_right_fist,riemann_ts_lr,4,2,100,12,1
imagery_left_right_fist,riemann_ts_lr,8,2,100,12,1
imagery_left_right_fist,riemann_ts_lr,16,2,100,12,1
imagery_left_right_fist,riemann_ts_lr,30,2,100,12,1
imagery_left_right_fist,riemann_ts_lr,0,0,105,15,0.666667
imagery_left_right_fist,riemann_ts_lr,4,0,105,15,0.466667
imagery_left_right_fist,riemann_ts_lr,8,0,105,15,0.466667
imagery_left_right_fist,riemann_ts_lr,16,0,105,15,0.533333
imagery_left_right_fist,riemann_ts_lr,30,0,105,15,0.466667
imagery_left_right_fist,riemann_ts_lr,4,1,105,15,0.533333
imagery_left_right_fist,riemann_ts_lr,8,1,105,15,0.533333
imagery_left_right_fist,riemann_ts_lr,16,1,105,15,0.533333
imagery_left_right_fist,riemann_ts_lr,30,1,105,15,0.466667
imagery_left_right_fist,riemann_ts_lr,4,2,105,15,0.533333
imagery_left_right_fist,riemann_ts_lr,8,2,105,15,0.533333
imagery_left_right_fist,riemann_ts_lr,16,2,105,15,0.466667
imagery_left_right_fist,riemann_ts_lr,30,2,105,15,0.466667
imagery_left_right_fist,riemann_ts_lr,0,0,108,15,0.533333
imagery_left_right_fist,riemann_ts_lr,4,0,108,15,0.533333
imagery_left_right_fist,riemann_ts_lr,8,0,108,15,0.533333
imagery_left_right_fist,riemann_ts_lr,16,0,108,15,0.533333
imagery_left_right_fist,riemann_ts_lr,30,0,108,15,0.533333
imagery_left_right_fist,riemann_ts_lr,4,1,108,15,0.533333
imagery_left_right_fist,riemann_ts_lr,8,1,108,15,0.533333
imagery_left_right_fist,riemann_ts_lr,16,1,108,15,0.533333
imagery_left_right_fist,riemann_ts_lr,30,1,108,15,0.533333
imagery_left_right_fist,riemann_ts_lr,4,2,108,15,0.533333
imagery_left_right_fist,riemann_ts_lr,8,2,108,15,0.533333
imagery_left_right_fist,riemann_ts_lr,16,2,108,15,0.533333
imagery_left_right_fist,riemann_ts_lr,30,2,108,15,0.533333
imagery_left_right_fist,riemann_ts_lr,0,0,2,15,0.866667
imagery_left_right_fist,riemann_ts_lr,4,0,2,15,0.866667
imagery_left_right_fist,riemann_ts_lr,8,0,2,15,0.866667
imagery_left_right_fist,riemann_ts_lr,16,0,2,15,0.866667
imagery_left_right_fist,riemann_ts_lr,30,0,2,15,0.866667
imagery_left_right_fist,riemann_ts_lr,4,1,2,15,0.866667
imagery_left_right_fist,riemann_ts_lr,8,1,2,15,0.866667
imagery_left_right_fist,riemann_ts_lr,16,1,2,15,0.866667
imagery_left_right_fist,riemann_ts_lr,30,1,2,15,0.866667
imagery_left_right_fist,riemann_ts_lr,4,2,2,15,0.866667
imagery_left_right_fist,riemann_ts_lr,8,2,2,15,0.866667
imagery_left_right_fist,riemann_ts_lr,16,2,2,15,0.866667
imagery_left_right_fist,riemann_ts_lr,30,2,2,15,0.866667
imagery_left_right_fist,riemann_ts_lr,0,0,3,15,0.4
imagery_left_right_fist,riemann_ts_lr,4,0,3,15,0.4
imagery_left_right_fist,riemann_ts_lr,8,0,3,15,0.4
imagery_left_right_fist,riemann_ts_lr,16,0,3,15,0.4
imagery_left_right_fist,riemann_ts_lr,30,0,3,15,0.466667
imagery_left_right_fist,riemann_ts_lr,4,1,3,15,0.333333
imagery_left_right_fist,riemann_ts_lr,8,1,3,15,0.333333
imagery_left_right_fist,riemann_ts_lr,16,1,3,15,0.466667
imagery_left_right_fist,riemann_ts_lr,30,1,3,15,0.466667
imagery_left_right_fist,riemann_ts_lr,4,2,3,15,0.4
imagery_left_right_fist,riemann_ts_lr,8,2,3,15,0.466667
imagery_left_right_fist,riemann_ts_lr,16,2,3,15,0.466667
imagery_left_right_fist,riemann_ts_lr,30,2,3,15,0.466667
imagery_left_right_fist,riemann_ts_lr,0,0,8,15,0.6
imagery_left_right_fist,riemann_ts_lr,4,0,8,15,0.666667
imagery_left_right_fist,riemann_ts_lr,8,0,8,15,0.666667
imagery_left_right_fist,riemann_ts_lr,16,0,8,15,0.466667
imagery_left_right_fist,riemann_ts_lr,30,0,8,15,0.4
imagery_left_right_fist,riemann_ts_lr,4,1,8,15,0.466667
imagery_left_right_fist,riemann_ts_lr,8,1,8,15,0.666667
imagery_left_right_fist,riemann_ts_lr,16,1,8,15,0.4
imagery_left_right_fist,riemann_ts_lr,30,1,8,15,0.4
imagery_left_right_fist,riemann_ts_lr,4,2,8,15,0.4
imagery_left_right_fist,riemann_ts_lr,8,2,8,15,0.533333
imagery_left_right_fist,riemann_ts_lr,16,2,8,15,0.6
imagery_left_right_fist,riemann_ts_lr,30,2,8,15,0.4
imagery_left_right_fist,riemann_ts_lr,0,0,11,15,0.533333
imagery_left_right_fist,riemann_ts_lr,4,0,11,15,0.666667
imagery_left_right_fist,riemann_ts_lr,8,0,11,15,0.666667
imagery_left_right_fist,riemann_ts_lr,16,0,11,15,0.533333
imagery_left_right_fist,riemann_ts_lr,30,0,11,15,0.533333
imagery_left_right_fist,riemann_ts_lr,4,1,11,15,0.533333
imagery_left_right_fist,riemann_ts_lr,8,1,11,15,0.533333
imagery_left_right_fist,riemann_ts_lr,16,1,11,15,0.533333
imagery_left_right_fist,riemann_ts_lr,30,1,11,15,0.533333
imagery_left_right_fist,riemann_ts_lr,4,2,11,15,0.666667
imagery_left_right_fist,riemann_ts_lr,8,2,11,15,0.6
imagery_left_right_fist,riemann_ts_lr,16,2,11,15,0.533333
imagery_left_right_fist,riemann_ts_lr,30,2,11,15,0.533333
imagery_left_right_fist,riemann_ts_lr,0,0,12,15,0.466667
imagery_left_right_fist,riemann_ts_lr,4,0,12,15,0.733333
imagery_left_right_fist,riemann_ts_lr,8,0,12,15,0.8
imagery_left_right_fist,riemann_ts_lr,16,0,12,15,0.8
imagery_left_right_fist,riemann_ts_lr,30,0,12,15,0.8
imagery_left_right_fist,riemann_ts_lr,4,1,12,15,0.6
imagery_left_right_fist,riemann_ts_lr,8,1,12,15,0.733333
imagery_left_right_fist,riemann_ts_lr,16,1,12,15,0.8
imagery_left_right_fist,riemann_ts_lr,30,1,12,15,0.8
imagery_left_right_fist,riemann_ts_lr,4,2,12,15,0.733333
imagery_left_right_fist,riemann_ts_lr,8,2,12,15,0.666667
imagery_left_right_fist,riemann_ts_lr,16,2,12,15,0.733333
imagery_left_right_fist,riemann_ts_lr,30,2,12,15,0.8
imagery_left_right_fist,riemann_ts_lr,0,0,18,15,0.533333
imagery_left_right_fist,riemann_ts_lr,4,0,18,15,0.466667
imagery_left_right_fist,riemann_ts_lr,8,0,18,15,0.466667
imagery_left_right_fist,riemann_ts_lr,16,0,18,15,0.533333
imagery_left_right_fist,riemann_ts_lr,30,0,18,15,0.466667
imagery_left_right_fist,riemann_ts_lr,4,1,18,15,0.533333
imagery_left_right_fist,riemann_ts_lr,8,1,18,15,0.466667
imagery_left_right_fist,riemann_ts_lr,16,1,18,15,0.466667
imagery_left_right_fist,riemann_ts_lr,30,1,18,15,0.466667
imagery_left_right_fist,riemann_ts_lr,4,2,18,15,0.533333
imagery_left_right_fist,riemann_ts_lr,8,2,18,15,0.466667
imagery_left_right_fist,riemann_ts_lr,16,2,18,15,0.533333
imagery_left_right_fist,riemann_ts_lr,30,2,18,15,0.466667
imagery_left_right_fist,riemann_ts_lr,0,0,19,15,0.533333
imagery_left_right_fist,riemann_ts_lr,4,0,19,15,0.6
imagery_left_right_fist,riemann_ts_lr,8,0,19,15,0.733333
imagery_left_right_fist,riemann_ts_lr,16,0,19,15,0.8
imagery_left_right_fist,riemann_ts_lr,30,0,19,15,0.8
imagery_left_right_fist,riemann_ts_lr,4,1,19,15,0.533333
imagery_left_right_fist,riemann_ts_lr,8,1,19,15,0.8
imagery_left_right_fist,riemann_ts_lr,16,1,19,15,0.733333
imagery_left_right_fist,riemann_ts_lr,30,1,19,15,0.8
imagery_left_right_fist,riemann_ts_lr,4,2,19,15,0.533333
imagery_left_right_fist,riemann_ts_lr,8,2,19,15,0.733333
imagery_left_right_fist,riemann_ts_lr,16,2,19,15,0.8
imagery_left_right_fist,riemann_ts_lr,30,2,19,15,0.8
imagery_left_right_fist,riemann_ts_lr,0,0,20,15,0.533333
imagery_left_right_fist,riemann_ts_lr,4,0,20,15,0.533333
imagery_left_right_fist,riemann_ts_lr,8,0,20,15,0.533333
imagery_left_right_fist,riemann_ts_lr,16,0,20,15,0.533333
imagery_left_right_fist,riemann_ts_lr,30,0,20,15,0.533333
imagery_left_right_fist,riemann_ts_lr,4,1,20,15,0.466667
imagery_left_right_fist,riemann_ts_lr,8,1,20,15,0.533333
imagery_left_right_fist,riemann_ts_lr,16,1,20,15,0.533333
imagery_left_right_fist,riemann_ts_lr,30,1,20,15,0.533333
imagery_left_right_fist,riemann_ts_lr,4,2,20,15,0.533333
imagery_left_right_fist,riemann_ts_lr,8,2,20,15,0.533333
imagery_left_right_fist,riemann_ts_lr,16,2,20,15,0.533333
imagery_left_right_fist,riemann_ts_lr,30,2,20,15,0.533333
imagery_left_right_fist,riemann_ts_lr,0,0,22,15,0.6
imagery_left_right_fist,riemann_ts_lr,4,0,22,15,0.733333
imagery_left_right_fist,riemann_ts_lr,8,0,22,15,0.8
imagery_left_right_fist,riemann_ts_lr,16,0,22,15,0.8
imagery_left_right_fist,riemann_ts_lr,30,0,22,15,0.8
imagery_left_right_fist,riemann_ts_lr,4,1,22,15,0.866667
imagery_left_right_fist,riemann_ts_lr,8,1,22,15,0.866667
imagery_left_right_fist,riemann_ts_lr,16,1,22,15,0.8
imagery_left_right_fist,riemann_ts_lr,30,1,22,15,0.8
imagery_left_right_fist,riemann_ts_lr,4,2,22,15,0.8
imagery_left_right_fist,riemann_ts_lr,8,2,22,15,0.8
imagery_left_right_fist,riemann_ts_lr,16,2,22,15,0.8
imagery_left_right_fist,riemann_ts_lr,30,2,22,15,0.8
imagery_left_right_fist,riemann_ts_lr,0,0,26,15,0.6
imagery_left_right_fist,riemann_ts_lr,4,0,26,15,0.6
imagery_left_right_fist,riemann_ts_lr,8,0,26,15,0.6
imagery_left_right_fist,riemann_ts_lr,16,0,26,15,0.6
imagery_left_right_fist,riemann_ts_lr,30,0,26,15,0.733333
imagery_left_right_fist,riemann_ts_lr,4,1,26,15,0.6
imagery_left_right_fist,riemann_ts_lr,8,1,26,15,0.6
imagery_left_right_fist,riemann_ts_lr,16,1,26,15,0.6
imagery_left_right_fist,riemann_ts_lr,30,1,26,15,0.733333
imagery_left_right_fist,riemann_ts_lr,4,2,26,15,0.6
imagery_left_right_fist,riemann_ts_lr,8,2,26,15,0.6
imagery_left_right_fist,riemann_ts_lr,16,2,26,15,0.6
imagery_left_right_fist,riemann_ts_lr,30,2,26,15,0.733333
imagery_left_right_fist,riemann_ts_lr,0,0,27,15,0.733333
imagery_left_right_fist,riemann_ts_lr,4,0,27,15,0.733333
imagery_left_right_fist,riemann_ts_lr,8,0,27,15,0.666667
imagery_left_right_fist,riemann_ts_lr,16,0,27,15,0.733333
imagery_left_right_fist,riemann_ts_lr,30,0,27,15,0.733333
imagery_left_right_fist,riemann_ts_lr,4,1,27,15,0.6
imagery_left_right_fist,riemann_ts_lr,8,1,27,15,0.666667
imagery_left_right_fist,riemann_ts_lr,16,1,27,15,0.733333
imagery_left_right_fist,riemann_ts_lr,30,1,27,15,0.733333
imagery_left_right_fist,riemann_ts_lr,4,2,27,15,0.666667
imagery_left_right_fist,riemann_ts_lr,8,2,27,15,0.733333
imagery_left_right_fist,riemann_ts_lr,16,2,27,15,0.733333
imagery_left_right_fist,riemann_ts_lr,30,2,27,15,0.733333
imagery_left_right_fist,riemann_ts_lr,0,0,28,15,0.533333
imagery_left_right_fist,riemann_ts_lr,4,0,28,15,0.466667
imagery_left_right_fist,riemann_ts_lr,8,0,28,15,0.333333
imagery_left_right_fist,riemann_ts_lr,16,0,28,15,0.333333
imagery_left_right_fist,riemann_ts_lr,30,0,28,15,0.333333
imagery_left_right_fist,riemann_ts_lr,4,1,28,15,0.533333
imagery_left_right_fist,riemann_ts_lr,8,1,28,15,0.4
imagery_left_right_fist,riemann_ts_lr,16,1,28,15,0.333333
imagery_left_right_fist,riemann_ts_lr,30,1,28,15,0.333333
imagery_left_right_fist,riemann_ts_lr,4,2,28,15,0.333333
imagery_left_right_fist,riemann_ts_lr,8,2,28,15,0.333333
imagery_left_right_fist,riemann_ts_lr,16,2,28,15,0.333333
imagery_left_right_fist,riemann_ts_lr,30,2,28,15,0.333333
imagery_left_right_fist,riemann_ts_lr,0,0,29,15,0.8
imagery_left_right_fist,riemann_ts_lr,4,0,29,15,0.933333
imagery_left_right_fist,riemann_ts_lr,8,0,29,15,0.866667
imagery_left_right_fist,riemann_ts_lr,16,0,29,15,0.8
imagery_left_right_fist,riemann_ts_lr,30,0,29,15,0.866667
imagery_left_right_fist,riemann_ts_lr,4,1,29,15,0.8
imagery_left_right_fist,riemann_ts_lr,8,1,29,15,0.933333
imagery_left_right_fist,riemann_ts_lr,16,1,29,15,0.866667
imagery_left_right_fist,riemann_ts_lr,30,1,29,15,0.866667
imagery_left_right_fist,riemann_ts_lr,4,2,29,15,0.933333
imagery_left_right_fist,riemann_ts_lr,8,2,29,15,0.933333
imagery_left_right_fist,riemann_ts_lr,16,2,29,15,0.866667
imagery_left_right_fist,riemann_ts_lr,30,2,29,15,0.866667
imagery_left_right_fist,riemann_ts_lr,0,0,34,14,0.857143
imagery_left_right_fist,riemann_ts_lr,4,0,34,14,0.785714
imagery_left_right_fist,riemann_ts_lr,8,0,34,14,0.785714
imagery_left_right_fist,riemann_ts_lr,16,0,34,14,0.785714
imagery_left_right_fist,riemann_ts_lr,30,0,34,14,0.785714
imagery_left_right_fist,riemann_ts_lr,4,1,34,14,0.785714
imagery_left_right_fist,riemann_ts_lr,8,1,34,14,0.785714
imagery_left_right_fist,riemann_ts_lr,16,1,34,14,0.785714
imagery_left_right_fist,riemann_ts_lr,30,1,34,14,0.785714
imagery_left_right_fist,riemann_ts_lr,4,2,34,14,0.785714
imagery_left_right_fist,riemann_ts_lr,8,2,34,14,0.785714
imagery_left_right_fist,riemann_ts_lr,16,2,34,14,0.785714
imagery_left_right_fist,riemann_ts_lr,30,2,34,14,0.785714
imagery_left_right_fist,riemann_ts_lr,0,0,38,15,0.4
imagery_left_right_fist,riemann_ts_lr,4,0,38,15,0.4
imagery_left_right_fist,riemann_ts_lr,8,0,38,15,0.4
imagery_left_right_fist,riemann_ts_lr,16,0,38,15,0.4
imagery_left_right_fist,riemann_ts_lr,30,0,38,15,0.4
imagery_left_right_fist,riemann_ts_lr,4,1,38,15,0.4
imagery_left_right_fist,riemann_ts_lr,8,1,38,15,0.466667
imagery_left_right_fist,riemann_ts_lr,16,1,38,15,0.4
imagery_left_right_fist,riemann_ts_lr,30,1,38,15,0.4
imagery_left_right_fist,riemann_ts_lr,4,2,38,15,0.4
imagery_left_right_fist,riemann_ts_lr,8,2,38,15,0.4
imagery_left_right_fist,riemann_ts_lr,16,2,38,15,0.4
imagery_left_right_fist,riemann_ts_lr,30,2,38,15,0.4
imagery_left_right_fist,riemann_ts_lr,0,0,40,15,0.6
imagery_left_right_fist,riemann_ts_lr,4,0,40,15,0.6
imagery_left_right_fist,riemann_ts_lr,8,0,40,15,0.6
imagery_left_right_fist,riemann_ts_lr,16,0,40,15,0.533333
imagery_left_right_fist,riemann_ts_lr,30,0,40,15,0.533333
imagery_left_right_fist,riemann_ts_lr,4,1,40,15,0.533333
imagery_left_right_fist,riemann_ts_lr,8,1,40,15,0.6
imagery_left_right_fist,riemann_ts_lr,16,1,40,15,0.533333
imagery_left_right_fist,riemann_ts_lr,30,1,40,15,0.533333
imagery_left_right_fist,riemann_ts_lr,4,2,40,15,0.6
imagery_left_right_fist,riemann_ts_lr,8,2,40,15,0.6
imagery_left_right_fist,riemann_ts_lr,16,2,40,15,0.533333
imagery_left_right_fist,riemann_ts_lr,30,2,40,15,0.533333
imagery_left_right_fist,riemann_ts_lr,0,0,42,15,1
imagery_left_right_fist,riemann_ts_lr,4,0,42,15,1
imagery_left_right_fist,riemann_ts_lr,8,0,42,15,1
imagery_left_right_fist,riemann_ts_lr,16,0,42,15,1
imagery_left_right_fist,riemann_ts_lr,30,0,42,15,1
imagery_left_right_fist,riemann_ts_lr,4,1,42,15,1
imagery_left_right_fist,riemann_ts_lr,8,1,42,15,1
imagery_left_right_fist,riemann_ts_lr,16,1,42,15,1
imagery_left_right_fist,riemann_ts_lr,30,1,42,15,1
imagery_left_right_fist,riemann_ts_lr,4,2,42,15,1
imagery_left_right_fist,riemann_ts_lr,8,2,42,15,1
imagery_left_right_fist,riemann_ts_lr,16,2,42,15,1
imagery_left_right_fist,riemann_ts_lr,30,2,42,15,1
imagery_left_right_fist,riemann_ts_lr,0,0,43,15,0.4
imagery_left_right_fist,riemann_ts_lr,4,0,43,15,0.666667
imagery_left_right_fist,riemann_ts_lr,8,0,43,15,0.4
imagery_left_right_fist,riemann_ts_lr,16,0,43,15,0.8
imagery_left_right_fist,riemann_ts_lr,30,0,43,15,0.8
imagery_left_right_fist,riemann_ts_lr,4,1,43,15,0.6
imagery_left_right_fist,riemann_ts_lr,8,1,43,15,0.8
imagery_left_right_fist,riemann_ts_lr,16,1,43,15,0.8
imagery_left_right_fist,riemann_ts_lr,30,1,43,15,0.8
imagery_left_right_fist,riemann_ts_lr,4,2,43,15,0.466667
imagery_left_right_fist,riemann_ts_lr,8,2,43,15,0.466667
imagery_left_right_fist,riemann_ts_lr,16,2,43,15,0.666667
imagery_left_right_fist,riemann_ts_lr,30,2,43,15,0.8
imagery_left_right_fist,riemann_ts_lr,0,0,47,15,0.266667
imagery_left_right_fist,riemann_ts_lr,4,0,47,15,0.266667
imagery_left_right_fist,riemann_ts_lr,8,0,47,15,0.266667
imagery_left_right_fist,riemann_ts_lr,16,0,47,15,0.266667
imagery_left_right_fist,riemann_ts_lr,30,0,47,15,0.266667
imagery_left_right_fist,riemann_ts_lr,4,1,47,15,0.266667
imagery_left_right_fist,riemann_ts_lr,8,1,47,15,0.266667
imagery_left_right_fist,riemann_ts_lr,16,1,47,15,0.266667
imagery_left_right_fist,riemann_ts_lr,30,1,47,15,0.266667
imagery_left_right_fist,riemann_ts_lr,4,2,47,15,0.266667
imagery_left_right_fist,riemann_ts_lr,8,2,47,15,0.333333
imagery_left_right_fist,riemann_ts_lr,16,2,47,15,0.266667
imagery_left_right_fist,riemann_ts_lr,30,2,47,15,0.266667
imagery_left_right_fist,riemann_ts_lr,0,0,48,15,0.666667
imagery_left_right_fist,riemann_ts_lr,4,0,48,15,0.666667
imagery_left_right_fist,riemann_ts_lr,8,0,48,15,0.733333
imagery_left_right_fist,riemann_ts_lr,16,0,48,15,0.666667
imagery_left_right_fist,riemann_ts_lr,30,0,48,15,0.6
imagery_left_right_fist,riemann_ts_lr,4,1,48,15,0.733333
imagery_left_right_fist,riemann_ts_lr,8,1,48,15,0.666667
imagery_left_right_fist,riemann_ts_lr,16,1,48,15,0.666667
imagery_left_right_fist,riemann_ts_lr,30,1,48,15,0.6
imagery_left_right_fist,riemann_ts_lr,4,2,48,15,0.733333
imagery_left_right_fist,riemann_ts_lr,8,2,48,15,0.6
imagery_left_right_fist,riemann_ts_lr,16,2,48,15,0.6
imagery_left_right_fist,riemann_ts_lr,30,2,48,15,0.6
imagery_left_right_fist,riemann_ts_lr,0,0,49,15,0.666667
imagery_left_right_fist,riemann_ts_lr,4,0,49,15,0.8
imagery_left_right_fist,riemann_ts_lr,8,0,49,15,0.666667
imagery_left_right_fist,riemann_ts_lr,16,0,49,15,0.866667
imagery_left_right_fist,riemann_ts_lr,30,0,49,15,0.866667
imagery_left_right_fist,riemann_ts_lr,4,1,49,15,0.8
imagery_left_right_fist,riemann_ts_lr,8,1,49,15,0.8
imagery_left_right_fist,riemann_ts_lr,16,1,49,15,0.8
imagery_left_right_fist,riemann_ts_lr,30,1,49,15,0.866667
imagery_left_right_fist,riemann_ts_lr,4,2,49,15,0.866667
imagery_left_right_fist,riemann_ts_lr,8,2,49,15,0.8
imagery_left_right_fist,riemann_ts_lr,16,2,49,15,0.8
imagery_left_right_fist,riemann_ts_lr,30,2,49,15,0.866667
imagery_left_right_fist,riemann_ts_lr,0,0,52,15,0.533333
imagery_left_right_fist,riemann_ts_lr,4,0,52,15,0.6
imagery_left_right_fist,riemann_ts_lr,8,0,52,15,0.6
imagery_left_right_fist,riemann_ts_lr,16,0,52,15,0.6
imagery_left_right_fist,riemann_ts_lr,30,0,52,15,0.666667
imagery_left_right_fist,riemann_ts_lr,4,1,52,15,0.6
imagery_left_right_fist,riemann_ts_lr,8,1,52,15,0.6
imagery_left_right_fist,riemann_ts_lr,16,1,52,15,0.666667
imagery_left_right_fist,riemann_ts_lr,30,1,52,15,0.666667
imagery_left_right_fist,riemann_ts_lr,4,2,52,15,0.666667
imagery_left_right_fist,riemann_ts_lr,8,2,52,15,0.6
imagery_left_right_fist,riemann_ts_lr,16,2,52,15,0.6
imagery_left_right_fist,riemann_ts_lr,30,2,52,15,0.666667
imagery_left_right_fist,riemann_ts_lr,0,0,57,15,0.666667
imagery_left_right_fist,riemann_ts_lr,4,0,57,15,0.666667
imagery_left_right_fist,riemann_ts_lr,8,0,57,15,0.666667
imagery_left_right_fist,riemann_ts_lr,16,0,57,15,0.6
imagery_left_right_fist,riemann_ts_lr,30,0,57,15,0.666667
imagery_left_right_fist,riemann_ts_lr,4,1,57,15,0.666667
imagery_left_right_fist,riemann_ts_lr,8,1,57,15,0.666667
imagery_left_right_fist,riemann_ts_lr,16,1,57,15,0.666667
imagery_left_right_fist,riemann_ts_lr,30,1,57,15,0.666667
imagery_left_right_fist,riemann_ts_lr,4,2,57,15,0.666667
imagery_left_right_fist,riemann_ts_lr,8,2,57,15,0.6
imagery_left_right_fist,riemann_ts_lr,16,2,57,15,0.6
imagery_left_right_fist,riemann_ts_lr,30,2,57,15,0.666667
imagery_left_right_fist,riemann_ts_lr,0,0,60,15,0.8
imagery_left_right_fist,riemann_ts_lr,4,0,60,15,0.866667
imagery_left_right_fist,riemann_ts_lr,8,0,60,15,0.866667
imagery_left_right_fist,riemann_ts_lr,16,0,60,15,0.866667
imagery_left_right_fist,riemann_ts_lr,30,0,60,15,0.866667
imagery_left_right_fist,riemann_ts_lr,4,1,60,15,0.866667
imagery_left_right_fist,riemann_ts_lr,8,1,60,15,0.866667
imagery_left_right_fist,riemann_ts_lr,16,1,60,15,0.866667
imagery_left_right_fist,riemann_ts_lr,30,1,60,15,0.866667
imagery_left_right_fist,riemann_ts_lr,4,2,60,15,0.933333
imagery_left_right_fist,riemann_ts_lr,8,2,60,15,0.866667
imagery_left_right_fist,riemann_ts_lr,16,2,60,15,0.866667
imagery_left_right_fist,riemann_ts_lr,30,2,60,15,0.866667
imagery_left_right_fist,riemann_ts_lr,0,0,62,15,0.6
imagery_left_right_fist,riemann_ts_lr,4,0,62,15,0.6
imagery_left_right_fist,riemann_ts_lr,8,0,62,15,0.8
imagery_left_right_fist,riemann_ts_lr,16,0,62,15,0.666667
imagery_left_right_fist,riemann_ts_lr,30,0,62,15,0.666667
imagery_left_right_fist,riemann_ts_lr,4,1,62,15,0.733333
imagery_left_right_fist,riemann_ts_lr,8,1,62,15,0.666667
imagery_left_right_fist,riemann_ts_lr,16,1,62,15,0.666667
imagery_left_right_fist,riemann_ts_lr,30,1,62,15,0.666667
imagery_left_right_fist,riemann_ts_lr,4,2,62,15,0.6
imagery_left_right_fist,riemann_ts_lr,8,2,62,15,0.6
imagery_left_right_fist,riemann_ts_lr,16,2,62,15,0.6
imagery_left_right_fist,riemann_ts_lr,30,2,62,15,0.666667
imagery_left_right_fist,riemann_ts_lr,0,0,64,14,0.571429
imagery_left_right_fist,riemann_ts_lr,4,0,64,14,0.5
imagery_left_right_fist,riemann_ts_lr,8,0,64,14,0.571429
imagery_left_right_fist,riemann_ts_lr,16,0,64,14,0.571429
imagery_left_right_fist,riemann_ts_lr,30,0,64,14,0.642857
imagery_left_right_fist,riemann_ts_lr,4,1,64,14,0.642857
imagery_left_right_fist,riemann_ts_lr,8,1,64,14,0.714286
imagery_left_right_fist,riemann_ts_lr,16,1,64,14,0.571429
imagery_left_right_fist,riemann_ts_lr,30,1,64,14,0.642857
imagery_left_right_fist,riemann_ts_lr,4,2,64,14,0.5
imagery_left_right_fist,riemann_ts_lr,8,2,64,14,0.571429
imagery_left_right_fist,riemann_ts_lr,16,2,64,14,0.571429
imagery_left_right_fist,riemann_ts_lr,30,2,64,14,0.642857
imagery_left_right_fist,riemann_ts_lr,0,0,72,15,0.733333
imagery_left_right_fist,riemann_ts_lr,4,0,72,15,0.733333
imagery_left_right_fist,riemann_ts_lr,8,0,72,15,0.733333
imagery_left_right_fist,riemann_ts_lr,16,0,72,15,0.8
imagery_left_right_fist,riemann_ts_lr,30,0,72,15,0.733333
imagery_left_right_fist,riemann_ts_lr,4,1,72,15,0.733333
imagery_left_right_fist,riemann_ts_lr,8,1,72,15,0.733333
imagery_left_right_fist,riemann_ts_lr,16,1,72,15,0.733333
imagery_left_right_fist,riemann_ts_lr,30,1,72,15,0.733333
imagery_left_right_fist,riemann_ts_lr,4,2,72,15,0.733333
imagery_left_right_fist,riemann_ts_lr,8,2,72,15,0.733333
imagery_left_right_fist,riemann_ts_lr,16,2,72,15,0.733333
imagery_left_right_fist,riemann_ts_lr,30,2,72,15,0.733333
imagery_left_right_fist,riemann_ts_lr,0,0,79,15,0.6
imagery_left_right_fist,riemann_ts_lr,4,0,79,15,0.6
imagery_left_right_fist,riemann_ts_lr,8,0,79,15,0.6
imagery_left_right_fist,riemann_ts_lr,16,0,79,15,0.533333
imagery_left_right_fist,riemann_ts_lr,30,0,79,15,0.6
imagery_left_right_fist,riemann_ts_lr,4,1,79,15,0.466667
imagery_left_right_fist,riemann_ts_lr,8,1,79,15,0.533333
imagery_left_right_fist,riemann_ts_lr,16,1,79,15,0.6
imagery_left_right_fist,riemann_ts_lr,30,1,79,15,0.6
imagery_left_right_fist,riemann_ts_lr,4,2,79,15,0.6
imagery_left_right_fist,riemann_ts_lr,8,2,79,15,0.6
imagery_left_right_fist,riemann_ts_lr,16,2,79,15,0.533333
imagery_left_right_fist,riemann_ts_lr,30,2,79,15,0.6
imagery_left_right_fist,riemann_ts_lr,0,0,83,15,0.466667
imagery_left_right_fist,riemann_ts_lr,4,0,83,15,0.533333
imagery_left_right_fist,riemann_ts_lr,8,0,83,15,0.533333
imagery_left_right_fist,riemann_ts_lr,16,0,83,15,0.6
imagery_left_right_fist,riemann_ts_lr,30,0,83,15,0.8
imagery_left_right_fist,riemann_ts_lr,4,1,83,15,0.533333
imagery_left_right_fist,riemann_ts_lr,8,1,83,15,0.6
imagery_left_right_fist,riemann_ts_lr,16,1,83,15,0.6
imagery_left_right_fist,riemann_ts_lr,30,1,83,15,0.8
imagery_left_right_fist,riemann_ts_lr,4,2,83,15,0.6
imagery_left_right_fist,riemann_ts_lr,8,2,83,15,0.6
imagery_left_right_fist,riemann_ts_lr,16,2,83,15,0.6
imagery_left_right_fist,riemann_ts_lr,30,2,83,15,0.8
imagery_left_right_fist,riemann_ts_lr,0,0,86,15,0.933333
imagery_left_right_fist,riemann_ts_lr,4,0,86,15,0.666667
imagery_left_right_fist,riemann_ts_lr,8,0,86,15,0.733333
imagery_left_right_fist,riemann_ts_lr,16,0,86,15,0.666667
imagery_left_right_fist,riemann_ts_lr,30,0,86,15,0.8
imagery_left_right_fist,riemann_ts_lr,4,1,86,15,0.866667
imagery_left_right_fist,riemann_ts_lr,8,1,86,15,0.8
imagery_left_right_fist,riemann_ts_lr,16,1,86,15,0.933333
imagery_left_right_fist,riemann_ts_lr,30,1,86,15,0.8
imagery_left_right_fist,riemann_ts_lr,4,2,86,15,0.866667
imagery_left_right_fist,riemann_ts_lr,8,2,86,15,0.666667
imagery_left_right_fist,riemann_ts_lr,16,2,86,15,0.8
imagery_left_right_fist,riemann_ts_lr,30,2,86,15,0.8
imagery_left_right_fist,riemann_ts_lr,0,0,88,19,0.526316
imagery_left_right_fist,riemann_ts_lr,4,0,88,19,0.526316
imagery_left_right_fist,riemann_ts_lr,8,0,88,19,0.526316
imagery_left_right_fist,riemann_ts_lr,16,0,88,19,0.578947
imagery_left_right_fist,riemann_ts_lr,30,0,88,19,0.526316
imagery_left_right_fist,riemann_ts_lr,4,1,88,19,0.526316
imagery_left_right_fist,riemann_ts_lr,8,1,88,19,0.526316
imagery_left_right_fist,riemann_ts_lr,16,1,88,19,0.526316
imagery_left_right_fist,riemann_ts_lr,30,1,88,19,0.526316
imagery_left_right_fist,riemann_ts_lr,4,2,88,19,0.526316
imagery_left_right_fist,riemann_ts_lr,8,2,88,19,0.473684
imagery_left_right_fist,riemann_ts_lr,16,2,88,19,0.526316
imagery_left_right_fist,riemann_ts_lr,30,2,88,19,0.578947
imagery_left_right_fist,riemann_ts_lr,0,0,97,15,0.466667
imagery_left_right_fist,riemann_ts_lr,4,0,97,15,0.6
imagery_left_right_fist,riemann_ts_lr,8,0,97,15,0.733333
imagery_left_right_fist,riemann_ts_lr,16,0,97,15,0.666667
imagery_left_right_fist,riemann_ts_lr,30,0,97,15,0.733333
imagery_left_right_fist,riemann_ts_lr,4,1,97,15,0.733333
imagery_left_right_fist,riemann_ts_lr,8,1,97,15,0.733333
imagery_left_right_fist,riemann_ts_lr,16,1,97,15,0.6
imagery_left_right_fist,riemann_ts_lr,30,1,97,15,0.733333
imagery_left_right_fist,riemann_ts_lr,4,2,97,15,0.733333
imagery_left_right_fist,riemann_ts_lr,8,2,97,15,0.666667
imagery_left_right_fist,riemann_ts_lr,16,2,97,15,0.666667
imagery_left_right_fist,riemann_ts_lr,30,2,97,15,0.733333
imagery_left_right_fist,riemann_ts_lr,0,0,103,15,0.466667
imagery_left_right_fist,riemann_ts_lr,4,0,103,15,0.533333
imagery_left_right_fist,riemann_ts_lr,8,0,103,15,0.466667
imagery_left_right_fist,riemann_ts_lr,16,0,103,15,0.466667
imagery_left_right_fist,riemann_ts_lr,30,0,103,15,0.533333
imagery_left_right_fist,riemann_ts_lr,4,1,103,15,0.533333
imagery_left_right_fist,riemann_ts_lr,8,1,103,15,0.466667
imagery_left_right_fist,riemann_ts_lr,16,1,103,15,0.533333
imagery_left_right_fist,riemann_ts_lr,30,1,103,15,0.533333
imagery_left_right_fist,riemann_ts_lr,4,2,103,15,0.466667
imagery_left_right_fist,riemann_ts_lr,8,2,103,15,0.533333
imagery_left_right_fist,riemann_ts_lr,16,2,103,15,0.466667
imagery_left_right_fist,riemann_ts_lr,30,2,103,15,0.533333
imagery_left_right_fist,riemann_ts_lr,0,0,104,15,0.133333
imagery_left_right_fist,riemann_ts_lr,4,0,104,15,0.133333
imagery_left_right_fist,riemann_ts_lr,8,0,104,15,0.133333
imagery_left_right_fist,riemann_ts_lr,16,0,104,15,0.2
imagery_left_right_fist,riemann_ts_lr,30,0,104,15,0.133333
imagery_left_right_fist,riemann_ts_lr,4,1,104,15,0.133333
imagery_left_right_fist,riemann_ts_lr,8,1,104,15,0.133333
imagery_left_right_fist,riemann_ts_lr,16,1,104,15,0.2
imagery_left_right_fist,riemann_ts_lr,30,1,104,15,0.133333
imagery_left_right_fist,riemann_ts_lr,4,2,104,15,0.133333
imagery_left_right_fist,riemann_ts_lr,8,2,104,15,0.266667
imagery_left_right_fist,riemann_ts_lr,16,2,104,15,0.2
imagery_left_right_fist,riemann_ts_lr,30,2,104,15,0.133333
imagery_left_right_fist,riemann_ts_lr,0,0,106,15,0.6
imagery_left_right_fist,riemann_ts_lr,4,0,106,15,0.8
imagery_left_right_fist,riemann_ts_lr,8,0,106,15,0.6
imagery_left_right_fist,riemann_ts_lr,16,0,106,15,0.866667
imagery_left_right_fist,riemann_ts_lr,30,0,106,15,0.733333
imagery_left_right_fist,riemann_ts_lr,4,1,106,15,0.733333
imagery_left_right_fist,riemann_ts_lr,8,1,106,15,0.866667
imagery_left_right_fist,riemann_ts_lr,16,1,106,15,0.866667
imagery_left_right_fist,riemann_ts_lr,30,1,106,15,0.733333
imagery_left_right_fist,riemann_ts_lr,4,2,106,15,0.733333
imagery_left_right_fist,riemann_ts_lr,8,2,106,15,0.733333
imagery_left_right_fist,riemann_ts_lr,16,2,106,15,0.8
imagery_left_right_fist,riemann_ts_lr,30,2,106,15,0.733333
imagery_left_right_fist,riemann_ts_lr,0,0,107,15,0.533333
imagery_left_right_fist,riemann_ts_lr,4,0,107,15,0.666667
imagery_left_right_fist,riemann_ts_lr,8,0,107,15,0.666667
imagery_left_right_fist,riemann_ts_lr,16,0,107,15,0.8
imagery_left_right_fist,riemann_ts_lr,30,0,107,15,0.733333
imagery_left_right_fist,riemann_ts_lr,4,1,107,15,0.6
imagery_left_right_fist,riemann_ts_lr,8,1,107,15,0.666667
imagery_left_right_fist,riemann_ts_lr,16,1,107,15,0.733333
imagery_left_right_fist,riemann_ts_lr,30,1,107,15,0.733333
imagery_left_right_fist,riemann_ts_lr,4,2,107,15,0.6
imagery_left_right_fist,riemann_ts_lr,8,2,107,15,0.666667
imagery_left_right_fist,riemann_ts_lr,16,2,107,15,0.733333
imagery_left_right_fist,riemann_ts_lr,30,2,107,15,0.733333
imagery_left_right_fist,eegnet_v4,0,0,1,15,0.8
imagery_left_right_fist,eegnet_v4,4,0,1,15,0.866667
imagery_left_right_fist,eegnet_v4,8,0,1,15,0.733333
imagery_left_right_fist,eegnet_v4,16,0,1,15,0.8
imagery_left_right_fist,eegnet_v4,30,0,1,15,0.733333
imagery_left_right_fist,eegnet_v4,4,1,1,15,0.866667
imagery_left_right_fist,eegnet_v4,8,1,1,15,0.8
imagery_left_right_fist,eegnet_v4,16,1,1,15,0.733333
imagery_left_right_fist,eegnet_v4,30,1,1,15,0.733333
imagery_left_right_fist,eegnet_v4,4,2,1,15,0.866667
imagery_left_right_fist,eegnet_v4,8,2,1,15,0.6
imagery_left_right_fist,eegnet_v4,16,2,1,15,0.733333
imagery_left_right_fist,eegnet_v4,30,2,1,15,0.733333
imagery_left_right_fist,eegnet_v4,0,0,5,15,0.8
imagery_left_right_fist,eegnet_v4,4,0,5,15,0.666667
imagery_left_right_fist,eegnet_v4,8,0,5,15,0.666667
imagery_left_right_fist,eegnet_v4,16,0,5,15,0.666667
imagery_left_right_fist,eegnet_v4,30,0,5,15,0.866667
imagery_left_right_fist,eegnet_v4,4,1,5,15,0.733333
imagery_left_right_fist,eegnet_v4,8,1,5,15,0.8
imagery_left_right_fist,eegnet_v4,16,1,5,15,0.8
imagery_left_right_fist,eegnet_v4,30,1,5,15,0.866667
imagery_left_right_fist,eegnet_v4,4,2,5,15,0.666667
imagery_left_right_fist,eegnet_v4,8,2,5,15,0.733333
imagery_left_right_fist,eegnet_v4,16,2,5,15,0.733333
imagery_left_right_fist,eegnet_v4,30,2,5,15,0.866667
imagery_left_right_fist,eegnet_v4,0,0,6,15,0.8
imagery_left_right_fist,eegnet_v4,4,0,6,15,0.933333
imagery_left_right_fist,eegnet_v4,8,0,6,15,0.8
imagery_left_right_fist,eegnet_v4,16,0,6,15,0.733333
imagery_left_right_fist,eegnet_v4,30,0,6,15,0.8
imagery_left_right_fist,eegnet_v4,4,1,6,15,1
imagery_left_right_fist,eegnet_v4,8,1,6,15,0.6
imagery_left_right_fist,eegnet_v4,16,1,6,15,0.8
imagery_left_right_fist,eegnet_v4,30,1,6,15,0.8
imagery_left_right_fist,eegnet_v4,4,2,6,15,0.733333
imagery_left_right_fist,eegnet_v4,8,2,6,15,0.933333
imagery_left_right_fist,eegnet_v4,16,2,6,15,0.666667
imagery_left_right_fist,eegnet_v4,30,2,6,15,0.8
imagery_left_right_fist,eegnet_v4,0,0,13,15,0.6
imagery_left_right_fist,eegnet_v4,4,0,13,15,0.666667
imagery_left_right_fist,eegnet_v4,8,0,13,15,0.733333
imagery_left_right_fist,eegnet_v4,16,0,13,15,0.6
imagery_left_right_fist,eegnet_v4,30,0,13,15,0.8
imagery_left_right_fist,eegnet_v4,4,1,13,15,0.6
imagery_left_right_fist,eegnet_v4,8,1,13,15,0.666667
imagery_left_right_fist,eegnet_v4,16,1,13,15,0.533333
imagery_left_right_fist,eegnet_v4,30,1,13,15,0.8
imagery_left_right_fist,eegnet_v4,4,2,13,15,0.466667
imagery_left_right_fist,eegnet_v4,8,2,13,15,0.733333
imagery_left_right_fist,eegnet_v4,16,2,13,15,0.6
imagery_left_right_fist,eegnet_v4,30,2,13,15,0.8
imagery_left_right_fist,eegnet_v4,0,0,15,15,1
imagery_left_right_fist,eegnet_v4,4,0,15,15,0.933333
imagery_left_right_fist,eegnet_v4,8,0,15,15,1
imagery_left_right_fist,eegnet_v4,16,0,15,15,1
imagery_left_right_fist,eegnet_v4,30,0,15,15,1
imagery_left_right_fist,eegnet_v4,4,1,15,15,1
imagery_left_right_fist,eegnet_v4,8,1,15,15,1
imagery_left_right_fist,eegnet_v4,16,1,15,15,1
imagery_left_right_fist,eegnet_v4,30,1,15,15,1
imagery_left_right_fist,eegnet_v4,4,2,15,15,0.933333
imagery_left_right_fist,eegnet_v4,8,2,15,15,1
imagery_left_right_fist,eegnet_v4,16,2,15,15,1
imagery_left_right_fist,eegnet_v4,30,2,15,15,1
imagery_left_right_fist,eegnet_v4,0,0,16,15,0.533333
imagery_left_right_fist,eegnet_v4,4,0,16,15,0.533333
imagery_left_right_fist,eegnet_v4,8,0,16,15,0.533333
imagery_left_right_fist,eegnet_v4,16,0,16,15,0.6
imagery_left_right_fist,eegnet_v4,30,0,16,15,0.533333
imagery_left_right_fist,eegnet_v4,4,1,16,15,0.533333
imagery_left_right_fist,eegnet_v4,8,1,16,15,0.666667
imagery_left_right_fist,eegnet_v4,16,1,16,15,0.533333
imagery_left_right_fist,eegnet_v4,30,1,16,15,0.533333
imagery_left_right_fist,eegnet_v4,4,2,16,15,0.533333
imagery_left_right_fist,eegnet_v4,8,2,16,15,0.466667
imagery_left_right_fist,eegnet_v4,16,2,16,15,0.466667
imagery_left_right_fist,eegnet_v4,30,2,16,15,0.533333
imagery_left_right_fist,eegnet_v4,0,0,17,15,0.8
imagery_left_right_fist,eegnet_v4,4,0,17,15,0.666667
imagery_left_right_fist,eegnet_v4,8,0,17,15,0.866667
imagery_left_right_fist,eegnet_v4,16,0,17,15,0.733333
imagery_left_right_fist,eegnet_v4,30,0,17,15,0.8
imagery_left_right_fist,eegnet_v4,4,1,17,15,0.6
imagery_left_right_fist,eegnet_v4,8,1,17,15,0.733333
imagery_left_right_fist,eegnet_v4,16,1,17,15,0.8
imagery_left_right_fist,eegnet_v4,30,1,17,15,0.8
imagery_left_right_fist,eegnet_v4,4,2,17,15,0.733333
imagery_left_right_fist,eegnet_v4,8,2,17,15,0.666667
imagery_left_right_fist,eegnet_v4,16,2,17,15,0.8
imagery_left_right_fist,eegnet_v4,30,2,17,15,0.8
imagery_left_right_fist,eegnet_v4,0,0,23,15,0.866667
imagery_left_right_fist,eegnet_v4,4,0,23,15,0.733333
imagery_left_right_fist,eegnet_v4,8,0,23,15,0.8
imagery_left_right_fist,eegnet_v4,16,0,23,15,0.8
imagery_left_right_fist,eegnet_v4,30,0,23,15,0.666667
imagery_left_right_fist,eegnet_v4,4,1,23,15,0.733333
imagery_left_right_fist,eegnet_v4,8,1,23,15,0.6
imagery_left_right_fist,eegnet_v4,16,1,23,15,0.733333
imagery_left_right_fist,eegnet_v4,30,1,23,15,0.666667
imagery_left_right_fist,eegnet_v4,4,2,23,15,0.8
imagery_left_right_fist,eegnet_v4,8,2,23,15,0.666667
imagery_left_right_fist,eegnet_v4,16,2,23,15,0.733333
imagery_left_right_fist,eegnet_v4,30,2,23,15,0.666667
imagery_left_right_fist,eegnet_v4,0,0,31,15,0.533333
imagery_left_right_fist,eegnet_v4,4,0,31,15,0.733333
imagery_left_right_fist,eegnet_v4,8,0,31,15,0.666667
imagery_left_right_fist,eegnet_v4,16,0,31,15,0.666667
imagery_left_right_fist,eegnet_v4,30,0,31,15,0.733333
imagery_left_right_fist,eegnet_v4,4,1,31,15,0.6
imagery_left_right_fist,eegnet_v4,8,1,31,15,0.533333
imagery_left_right_fist,eegnet_v4,16,1,31,15,0.6
imagery_left_right_fist,eegnet_v4,30,1,31,15,0.733333
imagery_left_right_fist,eegnet_v4,4,2,31,15,0.733333
imagery_left_right_fist,eegnet_v4,8,2,31,15,0.6
imagery_left_right_fist,eegnet_v4,16,2,31,15,0.6
imagery_left_right_fist,eegnet_v4,30,2,31,15,0.733333
imagery_left_right_fist,eegnet_v4,0,0,32,15,1
imagery_left_right_fist,eegnet_v4,4,0,32,15,1
imagery_left_right_fist,eegnet_v4,8,0,32,15,1
imagery_left_right_fist,eegnet_v4,16,0,32,15,0.933333
imagery_left_right_fist,eegnet_v4,30,0,32,15,0.933333
imagery_left_right_fist,eegnet_v4,4,1,32,15,1
imagery_left_right_fist,eegnet_v4,8,1,32,15,1
imagery_left_right_fist,eegnet_v4,16,1,32,15,0.933333
imagery_left_right_fist,eegnet_v4,30,1,32,15,0.933333
imagery_left_right_fist,eegnet_v4,4,2,32,15,0.933333
imagery_left_right_fist,eegnet_v4,8,2,32,15,0.933333
imagery_left_right_fist,eegnet_v4,16,2,32,15,1
imagery_left_right_fist,eegnet_v4,30,2,32,15,0.933333
imagery_left_right_fist,eegnet_v4,0,0,35,15,0.866667
imagery_left_right_fist,eegnet_v4,4,0,35,15,0.866667
imagery_left_right_fist,eegnet_v4,8,0,35,15,0.866667
imagery_left_right_fist,eegnet_v4,16,0,35,15,0.866667
imagery_left_right_fist,eegnet_v4,30,0,35,15,0.666667
imagery_left_right_fist,eegnet_v4,4,1,35,15,0.866667
imagery_left_right_fist,eegnet_v4,8,1,35,15,0.933333
imagery_left_right_fist,eegnet_v4,16,1,35,15,0.933333
imagery_left_right_fist,eegnet_v4,30,1,35,15,0.666667
imagery_left_right_fist,eegnet_v4,4,2,35,15,0.933333
imagery_left_right_fist,eegnet_v4,8,2,35,15,0.8
imagery_left_right_fist,eegnet_v4,16,2,35,15,0.8
imagery_left_right_fist,eegnet_v4,30,2,35,15,0.666667
imagery_left_right_fist,eegnet_v4,0,0,37,14,0.928571
imagery_left_right_fist,eegnet_v4,4,0,37,14,0.928571
imagery_left_right_fist,eegnet_v4,8,0,37,14,0.857143
imagery_left_right_fist,eegnet_v4,16,0,37,14,0.785714
imagery_left_right_fist,eegnet_v4,30,0,37,14,0.714286
imagery_left_right_fist,eegnet_v4,4,1,37,14,0.642857
imagery_left_right_fist,eegnet_v4,8,1,37,14,0.714286
imagery_left_right_fist,eegnet_v4,16,1,37,14,0.642857
imagery_left_right_fist,eegnet_v4,30,1,37,14,0.714286
imagery_left_right_fist,eegnet_v4,4,2,37,14,0.642857
imagery_left_right_fist,eegnet_v4,8,2,37,14,0.785714
imagery_left_right_fist,eegnet_v4,16,2,37,14,0.785714
imagery_left_right_fist,eegnet_v4,30,2,37,14,0.714286
imagery_left_right_fist,eegnet_v4,0,0,39,15,0.733333
imagery_left_right_fist,eegnet_v4,4,0,39,15,0.666667
imagery_left_right_fist,eegnet_v4,8,0,39,15,0.533333
imagery_left_right_fist,eegnet_v4,16,0,39,15,0.666667
imagery_left_right_fist,eegnet_v4,30,0,39,15,0.666667
imagery_left_right_fist,eegnet_v4,4,1,39,15,0.733333
imagery_left_right_fist,eegnet_v4,8,1,39,15,0.6
imagery_left_right_fist,eegnet_v4,16,1,39,15,0.666667
imagery_left_right_fist,eegnet_v4,30,1,39,15,0.666667
imagery_left_right_fist,eegnet_v4,4,2,39,15,0.666667
imagery_left_right_fist,eegnet_v4,8,2,39,15,0.6
imagery_left_right_fist,eegnet_v4,16,2,39,15,0.466667
imagery_left_right_fist,eegnet_v4,30,2,39,15,0.666667
imagery_left_right_fist,eegnet_v4,0,0,41,15,1
imagery_left_right_fist,eegnet_v4,4,0,41,15,1
imagery_left_right_fist,eegnet_v4,8,0,41,15,0.8
imagery_left_right_fist,eegnet_v4,16,0,41,15,0.933333
imagery_left_right_fist,eegnet_v4,30,0,41,15,0.866667
imagery_left_right_fist,eegnet_v4,4,1,41,15,0.866667
imagery_left_right_fist,eegnet_v4,8,1,41,15,0.8
imagery_left_right_fist,eegnet_v4,16,1,41,15,0.866667
imagery_left_right_fist,eegnet_v4,30,1,41,15,0.866667
imagery_left_right_fist,eegnet_v4,4,2,41,15,0.866667
imagery_left_right_fist,eegnet_v4,8,2,41,15,0.866667
imagery_left_right_fist,eegnet_v4,16,2,41,15,0.866667
imagery_left_right_fist,eegnet_v4,30,2,41,15,0.866667
imagery_left_right_fist,eegnet_v4,0,0,45,15,0.666667
imagery_left_right_fist,eegnet_v4,4,0,45,15,0.533333
imagery_left_right_fist,eegnet_v4,8,0,45,15,0.6
imagery_left_right_fist,eegnet_v4,16,0,45,15,0.6
imagery_left_right_fist,eegnet_v4,30,0,45,15,0.6
imagery_left_right_fist,eegnet_v4,4,1,45,15,0.666667
imagery_left_right_fist,eegnet_v4,8,1,45,15,0.533333
imagery_left_right_fist,eegnet_v4,16,1,45,15,0.666667
imagery_left_right_fist,eegnet_v4,30,1,45,15,0.666667
imagery_left_right_fist,eegnet_v4,4,2,45,15,0.733333
imagery_left_right_fist,eegnet_v4,8,2,45,15,0.6
imagery_left_right_fist,eegnet_v4,16,2,45,15,0.6
imagery_left_right_fist,eegnet_v4,30,2,45,15,0.666667
imagery_left_right_fist,eegnet_v4,0,0,50,15,0.666667
imagery_left_right_fist,eegnet_v4,4,0,50,15,0.6
imagery_left_right_fist,eegnet_v4,8,0,50,15,0.6
imagery_left_right_fist,eegnet_v4,16,0,50,15,0.533333
imagery_left_right_fist,eegnet_v4,30,0,50,15,0.6
imagery_left_right_fist,eegnet_v4,4,1,50,15,0.666667
imagery_left_right_fist,eegnet_v4,8,1,50,15,0.6
imagery_left_right_fist,eegnet_v4,16,1,50,15,0.733333
imagery_left_right_fist,eegnet_v4,30,1,50,15,0.6
imagery_left_right_fist,eegnet_v4,4,2,50,15,0.6
imagery_left_right_fist,eegnet_v4,8,2,50,15,0.6
imagery_left_right_fist,eegnet_v4,16,2,50,15,0.666667
imagery_left_right_fist,eegnet_v4,30,2,50,15,0.6
imagery_left_right_fist,eegnet_v4,0,0,51,15,0.933333
imagery_left_right_fist,eegnet_v4,4,0,51,15,0.866667
imagery_left_right_fist,eegnet_v4,8,0,51,15,0.933333
imagery_left_right_fist,eegnet_v4,16,0,51,15,0.866667
imagery_left_right_fist,eegnet_v4,30,0,51,15,0.866667
imagery_left_right_fist,eegnet_v4,4,1,51,15,0.866667
imagery_left_right_fist,eegnet_v4,8,1,51,15,0.8
imagery_left_right_fist,eegnet_v4,16,1,51,15,0.933333
imagery_left_right_fist,eegnet_v4,30,1,51,15,0.866667
imagery_left_right_fist,eegnet_v4,4,2,51,15,0.933333
imagery_left_right_fist,eegnet_v4,8,2,51,15,0.933333
imagery_left_right_fist,eegnet_v4,16,2,51,15,0.866667
imagery_left_right_fist,eegnet_v4,30,2,51,15,0.866667
imagery_left_right_fist,eegnet_v4,0,0,55,15,0.933333
imagery_left_right_fist,eegnet_v4,4,0,55,15,0.933333
imagery_left_right_fist,eegnet_v4,8,0,55,15,0.866667
imagery_left_right_fist,eegnet_v4,16,0,55,15,0.866667
imagery_left_right_fist,eegnet_v4,30,0,55,15,0.933333
imagery_left_right_fist,eegnet_v4,4,1,55,15,0.933333
imagery_left_right_fist,eegnet_v4,8,1,55,15,0.866667
imagery_left_right_fist,eegnet_v4,16,1,55,15,0.8
imagery_left_right_fist,eegnet_v4,30,1,55,15,0.933333
imagery_left_right_fist,eegnet_v4,4,2,55,15,0.8
imagery_left_right_fist,eegnet_v4,8,2,55,15,0.933333
imagery_left_right_fist,eegnet_v4,16,2,55,15,0.866667
imagery_left_right_fist,eegnet_v4,30,2,55,15,0.933333
imagery_left_right_fist,eegnet_v4,0,0,59,15,0.733333
imagery_left_right_fist,eegnet_v4,4,0,59,15,0.666667
imagery_left_right_fist,eegnet_v4,8,0,59,15,0.733333
imagery_left_right_fist,eegnet_v4,16,0,59,15,0.666667
imagery_left_right_fist,eegnet_v4,30,0,59,15,0.8
imagery_left_right_fist,eegnet_v4,4,1,59,15,0.666667
imagery_left_right_fist,eegnet_v4,8,1,59,15,0.666667
imagery_left_right_fist,eegnet_v4,16,1,59,15,0.733333
imagery_left_right_fist,eegnet_v4,30,1,59,15,0.8
imagery_left_right_fist,eegnet_v4,4,2,59,15,0.733333
imagery_left_right_fist,eegnet_v4,8,2,59,15,0.666667
imagery_left_right_fist,eegnet_v4,16,2,59,15,0.733333
imagery_left_right_fist,eegnet_v4,30,2,59,15,0.8
imagery_left_right_fist,eegnet_v4,0,0,65,15,1
imagery_left_right_fist,eegnet_v4,4,0,65,15,0.533333
imagery_left_right_fist,eegnet_v4,8,0,65,15,0.933333
imagery_left_right_fist,eegnet_v4,16,0,65,15,0.733333
imagery_left_right_fist,eegnet_v4,30,0,65,15,0.733333
imagery_left_right_fist,eegnet_v4,4,1,65,15,0.933333
imagery_left_right_fist,eegnet_v4,8,1,65,15,1
imagery_left_right_fist,eegnet_v4,16,1,65,15,1
imagery_left_right_fist,eegnet_v4,30,1,65,15,0.733333
imagery_left_right_fist,eegnet_v4,4,2,65,15,0.933333
imagery_left_right_fist,eegnet_v4,8,2,65,15,0.933333
imagery_left_right_fist,eegnet_v4,16,2,65,15,0.866667
imagery_left_right_fist,eegnet_v4,30,2,65,15,0.733333
imagery_left_right_fist,eegnet_v4,0,0,66,15,0.8
imagery_left_right_fist,eegnet_v4,4,0,66,15,0.533333
imagery_left_right_fist,eegnet_v4,8,0,66,15,0.733333
imagery_left_right_fist,eegnet_v4,16,0,66,15,0.666667
imagery_left_right_fist,eegnet_v4,30,0,66,15,0.6
imagery_left_right_fist,eegnet_v4,4,1,66,15,0.533333
imagery_left_right_fist,eegnet_v4,8,1,66,15,0.6
imagery_left_right_fist,eegnet_v4,16,1,66,15,0.6
imagery_left_right_fist,eegnet_v4,30,1,66,15,0.6
imagery_left_right_fist,eegnet_v4,4,2,66,15,0.6
imagery_left_right_fist,eegnet_v4,8,2,66,15,0.733333
imagery_left_right_fist,eegnet_v4,16,2,66,15,0.533333
imagery_left_right_fist,eegnet_v4,30,2,66,15,0.6
imagery_left_right_fist,eegnet_v4,0,0,67,15,0.6
imagery_left_right_fist,eegnet_v4,4,0,67,15,0.733333
imagery_left_right_fist,eegnet_v4,8,0,67,15,0.666667
imagery_left_right_fist,eegnet_v4,16,0,67,15,0.733333
imagery_left_right_fist,eegnet_v4,30,0,67,15,0.666667
imagery_left_right_fist,eegnet_v4,4,1,67,15,0.666667
imagery_left_right_fist,eegnet_v4,8,1,67,15,0.466667
imagery_left_right_fist,eegnet_v4,16,1,67,15,0.933333
imagery_left_right_fist,eegnet_v4,30,1,67,15,0.666667
imagery_left_right_fist,eegnet_v4,4,2,67,15,0.8
imagery_left_right_fist,eegnet_v4,8,2,67,15,0.866667
imagery_left_right_fist,eegnet_v4,16,2,67,15,0.8
imagery_left_right_fist,eegnet_v4,30,2,67,15,0.666667
imagery_left_right_fist,eegnet_v4,0,0,68,15,0.666667
imagery_left_right_fist,eegnet_v4,4,0,68,15,0.733333
imagery_left_right_fist,eegnet_v4,8,0,68,15,0.6
imagery_left_right_fist,eegnet_v4,16,0,68,15,0.866667
imagery_left_right_fist,eegnet_v4,30,0,68,15,0.666667
imagery_left_right_fist,eegnet_v4,4,1,68,15,0.666667
imagery_left_right_fist,eegnet_v4,8,1,68,15,0.666667
imagery_left_right_fist,eegnet_v4,16,1,68,15,0.733333
imagery_left_right_fist,eegnet_v4,30,1,68,15,0.666667
imagery_left_right_fist,eegnet_v4,4,2,68,15,0.733333
imagery_left_right_fist,eegnet_v4,8,2,68,15,0.533333
imagery_left_right_fist,eegnet_v4,16,2,68,15,0.733333
imagery_left_right_fist,eegnet_v4,30,2,68,15,0.666667
imagery_left_right_fist,eegnet_v4,0,0,70,15,0.933333
imagery_left_right_fist,eegnet_v4,4,0,70,15,1
imagery_left_right_fist,eegnet_v4,8,0,70,15,0.866667
imagery_left_right_fist,eegnet_v4,16,0,70,15,0.933333
imagery_left_right_fist,eegnet_v4,30,0,70,15,1
imagery_left_right_fist,eegnet_v4,4,1,70,15,1
imagery_left_right_fist,eegnet_v4,8,1,70,15,0.866667
imagery_left_right_fist,eegnet_v4,16,1,70,15,0.866667
imagery_left_right_fist,eegnet_v4,30,1,70,15,1
imagery_left_right_fist,eegnet_v4,4,2,70,15,1
imagery_left_right_fist,eegnet_v4,8,2,70,15,0.933333
imagery_left_right_fist,eegnet_v4,16,2,70,15,0.933333
imagery_left_right_fist,eegnet_v4,30,2,70,15,1
imagery_left_right_fist,eegnet_v4,0,0,71,15,0.666667
imagery_left_right_fist,eegnet_v4,4,0,71,15,0.666667
imagery_left_right_fist,eegnet_v4,8,0,71,15,0.733333
imagery_left_right_fist,eegnet_v4,16,0,71,15,0.8
imagery_left_right_fist,eegnet_v4,30,0,71,15,0.733333
imagery_left_right_fist,eegnet_v4,4,1,71,15,0.6
imagery_left_right_fist,eegnet_v4,8,1,71,15,0.733333
imagery_left_right_fist,eegnet_v4,16,1,71,15,0.8
imagery_left_right_fist,eegnet_v4,30,1,71,15,0.733333
imagery_left_right_fist,eegnet_v4,4,2,71,15,0.8
imagery_left_right_fist,eegnet_v4,8,2,71,15,0.866667
imagery_left_right_fist,eegnet_v4,16,2,71,15,0.666667
imagery_left_right_fist,eegnet_v4,30,2,71,15,0.733333
imagery_left_right_fist,eegnet_v4,0,0,73,14,0.785714
imagery_left_right_fist,eegnet_v4,4,0,73,14,0.785714
imagery_left_right_fist,eegnet_v4,8,0,73,14,0.642857
imagery_left_right_fist,eegnet_v4,16,0,73,14,0.5
imagery_left_right_fist,eegnet_v4,30,0,73,14,0.642857
imagery_left_right_fist,eegnet_v4,4,1,73,14,0.642857
imagery_left_right_fist,eegnet_v4,8,1,73,14,0.857143
imagery_left_right_fist,eegnet_v4,16,1,73,14,0.714286
imagery_left_right_fist,eegnet_v4,30,1,73,14,0.642857
imagery_left_right_fist,eegnet_v4,4,2,73,14,0.785714
imagery_left_right_fist,eegnet_v4,8,2,73,14,0.428571
imagery_left_right_fist,eegnet_v4,16,2,73,14,0.714286
imagery_left_right_fist,eegnet_v4,30,2,73,14,0.642857
imagery_left_right_fist,eegnet_v4,0,0,75,15,0.666667
imagery_left_right_fist,eegnet_v4,4,0,75,15,0.8
imagery_left_right_fist,eegnet_v4,8,0,75,15,0.866667
imagery_left_right_fist,eegnet_v4,16,0,75,15,0.933333
imagery_left_right_fist,eegnet_v4,30,0,75,15,0.8
imagery_left_right_fist,eegnet_v4,4,1,75,15,0.933333
imagery_left_right_fist,eegnet_v4,8,1,75,15,0.933333
imagery_left_right_fist,eegnet_v4,16,1,75,15,1
imagery_left_right_fist,eegnet_v4,30,1,75,15,0.8
imagery_left_right_fist,eegnet_v4,4,2,75,15,0.866667
imagery_left_right_fist,eegnet_v4,8,2,75,15,0.6
imagery_left_right_fist,eegnet_v4,16,2,75,15,0.866667
imagery_left_right_fist,eegnet_v4,30,2,75,15,0.8
imagery_left_right_fist,eegnet_v4,0,0,77,15,0.8
imagery_left_right_fist,eegnet_v4,4,0,77,15,0.733333
imagery_left_right_fist,eegnet_v4,8,0,77,15,0.6
imagery_left_right_fist,eegnet_v4,16,0,77,15,0.733333
imagery_left_right_fist,eegnet_v4,30,0,77,15,0.733333
imagery_left_right_fist,eegnet_v4,4,1,77,15,0.8
imagery_left_right_fist,eegnet_v4,8,1,77,15,0.8
imagery_left_right_fist,eegnet_v4,16,1,77,15,0.733333
imagery_left_right_fist,eegnet_v4,30,1,77,15,0.733333
imagery_left_right_fist,eegnet_v4,4,2,77,15,0.6
imagery_left_right_fist,eegnet_v4,8,2,77,15,0.8
imagery_left_right_fist,eegnet_v4,16,2,77,15,0.666667
imagery_left_right_fist,eegnet_v4,30,2,77,15,0.733333
imagery_left_right_fist,eegnet_v4,0,0,78,15,0.666667
imagery_left_right_fist,eegnet_v4,4,0,78,15,0.6
imagery_left_right_fist,eegnet_v4,8,0,78,15,0.666667
imagery_left_right_fist,eegnet_v4,16,0,78,15,0.866667
imagery_left_right_fist,eegnet_v4,30,0,78,15,0.733333
imagery_left_right_fist,eegnet_v4,4,1,78,15,0.8
imagery_left_right_fist,eegnet_v4,8,1,78,15,0.533333
imagery_left_right_fist,eegnet_v4,16,1,78,15,0.6
imagery_left_right_fist,eegnet_v4,30,1,78,15,0.733333
imagery_left_right_fist,eegnet_v4,4,2,78,15,0.6
imagery_left_right_fist,eegnet_v4,8,2,78,15,0.6
imagery_left_right_fist,eegnet_v4,16,2,78,15,0.533333
imagery_left_right_fist,eegnet_v4,30,2,78,15,0.733333
imagery_left_right_fist,eegnet_v4,0,0,82,15,0.866667
imagery_left_right_fist,eegnet_v4,4,0,82,15,0.866667
imagery_left_right_fist,eegnet_v4,8,0,82,15,0.866667
imagery_left_right_fist,eegnet_v4,16,0,82,15,0.933333
imagery_left_right_fist,eegnet_v4,30,0,82,15,0.933333
imagery_left_right_fist,eegnet_v4,4,1,82,15,1
imagery_left_right_fist,eegnet_v4,8,1,82,15,0.866667
imagery_left_right_fist,eegnet_v4,16,1,82,15,0.933333
imagery_left_right_fist,eegnet_v4,30,1,82,15,0.933333
imagery_left_right_fist,eegnet_v4,4,2,82,15,0.866667
imagery_left_right_fist,eegnet_v4,8,2,82,15,0.8
imagery_left_right_fist,eegnet_v4,16,2,82,15,0.866667
imagery_left_right_fist,eegnet_v4,30,2,82,15,0.933333
imagery_left_right_fist,eegnet_v4,0,0,85,15,0.933333
imagery_left_right_fist,eegnet_v4,4,0,85,15,1
imagery_left_right_fist,eegnet_v4,8,0,85,15,0.8
imagery_left_right_fist,eegnet_v4,16,0,85,15,0.933333
imagery_left_right_fist,eegnet_v4,30,0,85,15,0.866667
imagery_left_right_fist,eegnet_v4,4,1,85,15,0.933333
imagery_left_right_fist,eegnet_v4,8,1,85,15,1
imagery_left_right_fist,eegnet_v4,16,1,85,15,0.933333
imagery_left_right_fist,eegnet_v4,30,1,85,15,0.866667
imagery_left_right_fist,eegnet_v4,4,2,85,15,0.933333
imagery_left_right_fist,eegnet_v4,8,2,85,15,0.866667
imagery_left_right_fist,eegnet_v4,16,2,85,15,0.866667
imagery_left_right_fist,eegnet_v4,30,2,85,15,0.866667
imagery_left_right_fist,eegnet_v4,0,0,87,15,0.666667
imagery_left_right_fist,eegnet_v4,4,0,87,15,0.4
imagery_left_right_fist,eegnet_v4,8,0,87,15,0.533333
imagery_left_right_fist,eegnet_v4,16,0,87,15,0.533333
imagery_left_right_fist,eegnet_v4,30,0,87,15,0.533333
imagery_left_right_fist,eegnet_v4,4,1,87,15,0.466667
imagery_left_right_fist,eegnet_v4,8,1,87,15,0.266667
imagery_left_right_fist,eegnet_v4,16,1,87,15,0.4
imagery_left_right_fist,eegnet_v4,30,1,87,15,0.533333
imagery_left_right_fist,eegnet_v4,4,2,87,15,0.466667
imagery_left_right_fist,eegnet_v4,8,2,87,15,0.466667
imagery_left_right_fist,eegnet_v4,16,2,87,15,0.466667
imagery_left_right_fist,eegnet_v4,30,2,87,15,0.533333
imagery_left_right_fist,eegnet_v4,0,0,89,15,0.866667
imagery_left_right_fist,eegnet_v4,4,0,89,15,0.666667
imagery_left_right_fist,eegnet_v4,8,0,89,15,0.733333
imagery_left_right_fist,eegnet_v4,16,0,89,15,0.933333
imagery_left_right_fist,eegnet_v4,30,0,89,15,0.8
imagery_left_right_fist,eegnet_v4,4,1,89,15,0.866667
imagery_left_right_fist,eegnet_v4,8,1,89,15,0.733333
imagery_left_right_fist,eegnet_v4,16,1,89,15,0.666667
imagery_left_right_fist,eegnet_v4,30,1,89,15,0.8
imagery_left_right_fist,eegnet_v4,4,2,89,15,0.733333
imagery_left_right_fist,eegnet_v4,8,2,89,15,0.666667
imagery_left_right_fist,eegnet_v4,16,2,89,15,0.866667
imagery_left_right_fist,eegnet_v4,30,2,89,15,0.8
imagery_left_right_fist,eegnet_v4,0,0,91,15,0.933333
imagery_left_right_fist,eegnet_v4,4,0,91,15,0.733333
imagery_left_right_fist,eegnet_v4,8,0,91,15,0.933333
imagery_left_right_fist,eegnet_v4,16,0,91,15,0.866667
imagery_left_right_fist,eegnet_v4,30,0,91,15,0.8
imagery_left_right_fist,eegnet_v4,4,1,91,15,1
imagery_left_right_fist,eegnet_v4,8,1,91,15,1
imagery_left_right_fist,eegnet_v4,16,1,91,15,0.8
imagery_left_right_fist,eegnet_v4,30,1,91,15,0.8
imagery_left_right_fist,eegnet_v4,4,2,91,15,0.866667
imagery_left_right_fist,eegnet_v4,8,2,91,15,0.866667
imagery_left_right_fist,eegnet_v4,16,2,91,15,1
imagery_left_right_fist,eegnet_v4,30,2,91,15,0.8
imagery_left_right_fist,eegnet_v4,0,0,101,15,1
imagery_left_right_fist,eegnet_v4,4,0,101,15,1
imagery_left_right_fist,eegnet_v4,8,0,101,15,1
imagery_left_right_fist,eegnet_v4,16,0,101,15,1
imagery_left_right_fist,eegnet_v4,30,0,101,15,1
imagery_left_right_fist,eegnet_v4,4,1,101,15,1
imagery_left_right_fist,eegnet_v4,8,1,101,15,1
imagery_left_right_fist,eegnet_v4,16,1,101,15,1
imagery_left_right_fist,eegnet_v4,30,1,101,15,1
imagery_left_right_fist,eegnet_v4,4,2,101,15,0.933333
imagery_left_right_fist,eegnet_v4,8,2,101,15,1
imagery_left_right_fist,eegnet_v4,16,2,101,15,1
imagery_left_right_fist,eegnet_v4,30,2,101,15,1
imagery_left_right_fist,eegnet_v4,0,0,102,14,0.785714
imagery_left_right_fist,eegnet_v4,4,0,102,14,0.5
imagery_left_right_fist,eegnet_v4,8,0,102,14,0.714286
imagery_left_right_fist,eegnet_v4,16,0,102,14,0.5
imagery_left_right_fist,eegnet_v4,30,0,102,14,0.642857
imagery_left_right_fist,eegnet_v4,4,1,102,14,0.785714
imagery_left_right_fist,eegnet_v4,8,1,102,14,0.714286
imagery_left_right_fist,eegnet_v4,16,1,102,14,0.714286
imagery_left_right_fist,eegnet_v4,30,1,102,14,0.642857
imagery_left_right_fist,eegnet_v4,4,2,102,14,0.285714
imagery_left_right_fist,eegnet_v4,8,2,102,14,0.857143
imagery_left_right_fist,eegnet_v4,16,2,102,14,0.642857
imagery_left_right_fist,eegnet_v4,30,2,102,14,0.642857
imagery_left_right_fist,eegnet_v4,0,0,109,15,0.533333
imagery_left_right_fist,eegnet_v4,4,0,109,15,0.666667
imagery_left_right_fist,eegnet_v4,8,0,109,15,0.6
imagery_left_right_fist,eegnet_v4,16,0,109,15,0.533333
imagery_left_right_fist,eegnet_v4,30,0,109,15,0.533333
imagery_left_right_fist,eegnet_v4,4,1,109,15,0.666667
imagery_left_right_fist,eegnet_v4,8,1,109,15,0.6
imagery_left_right_fist,eegnet_v4,16,1,109,15,0.533333
imagery_left_right_fist,eegnet_v4,30,1,109,15,0.533333
imagery_left_right_fist,eegnet_v4,4,2,109,15,0.6
imagery_left_right_fist,eegnet_v4,8,2,109,15,0.666667
imagery_left_right_fist,eegnet_v4,16,2,109,15,0.533333
imagery_left_right_fist,eegnet_v4,30,2,109,15,0.533333
imagery_left_right_fist,eegnet_v4,0,0,4,15,1
imagery_left_right_fist,eegnet_v4,4,0,4,15,0.8
imagery_left_right_fist,eegnet_v4,8,0,4,15,1
imagery_left_right_fist,eegnet_v4,16,0,4,15,1
imagery_left_right_fist,eegnet_v4,30,0,4,15,1
imagery_left_right_fist,eegnet_v4,4,1,4,15,1
imagery_left_right_fist,eegnet_v4,8,1,4,15,1
imagery_left_right_fist,eegnet_v4,16,1,4,15,0.933333
imagery_left_right_fist,eegnet_v4,30,1,4,15,1
imagery_left_right_fist,eegnet_v4,4,2,4,15,1
imagery_left_right_fist,eegnet_v4,8,2,4,15,1
imagery_left_right_fist,eegnet_v4,16,2,4,15,1
imagery_left_right_fist,eegnet_v4,30,2,4,15,1
imagery_left_right_fist,eegnet_v4,0,0,7,15,1
imagery_left_right_fist,eegnet_v4,4,0,7,15,0.933333
imagery_left_right_fist,eegnet_v4,8,0,7,15,0.933333
imagery_left_right_fist,eegnet_v4,16,0,7,15,1
imagery_left_right_fist,eegnet_v4,30,0,7,15,1
imagery_left_right_fist,eegnet_v4,4,1,7,15,0.733333
imagery_left_right_fist,eegnet_v4,8,1,7,15,0.933333
imagery_left_right_fist,eegnet_v4,16,1,7,15,0.933333
imagery_left_right_fist,eegnet_v4,30,1,7,15,1
imagery_left_right_fist,eegnet_v4,4,2,7,15,0.933333
imagery_left_right_fist,eegnet_v4,8,2,7,15,0.933333
imagery_left_right_fist,eegnet_v4,16,2,7,15,1
imagery_left_right_fist,eegnet_v4,30,2,7,15,1
imagery_left_right_fist,eegnet_v4,0,0,9,15,0.8
imagery_left_right_fist,eegnet_v4,4,0,9,15,0.6
imagery_left_right_fist,eegnet_v4,8,0,9,15,0.933333
imagery_left_right_fist,eegnet_v4,16,0,9,15,0.8
imagery_left_right_fist,eegnet_v4,30,0,9,15,0.8
imagery_left_right_fist,eegnet_v4,4,1,9,15,0.6
imagery_left_right_fist,eegnet_v4,8,1,9,15,0.933333
imagery_left_right_fist,eegnet_v4,16,1,9,15,0.866667
imagery_left_right_fist,eegnet_v4,30,1,9,15,0.8
imagery_left_right_fist,eegnet_v4,4,2,9,15,0.866667
imagery_left_right_fist,eegnet_v4,8,2,9,15,0.6
imagery_left_right_fist,eegnet_v4,16,2,9,15,0.733333
imagery_left_right_fist,eegnet_v4,30,2,9,15,0.8
imagery_left_right_fist,eegnet_v4,0,0,10,15,0.733333
imagery_left_right_fist,eegnet_v4,4,0,10,15,0.6
imagery_left_right_fist,eegnet_v4,8,0,10,15,0.8
imagery_left_right_fist,eegnet_v4,16,0,10,15,0.8
imagery_left_right_fist,eegnet_v4,30,0,10,15,0.8
imagery_left_right_fist,eegnet_v4,4,1,10,15,0.666667
imagery_left_right_fist,eegnet_v4,8,1,10,15,0.533333
imagery_left_right_fist,eegnet_v4,16,1,10,15,0.8
imagery_left_right_fist,eegnet_v4,30,1,10,15,0.8
imagery_left_right_fist,eegnet_v4,4,2,10,15,0.6
imagery_left_right_fist,eegnet_v4,8,2,10,15,0.666667
imagery_left_right_fist,eegnet_v4,16,2,10,15,0.666667
imagery_left_right_fist,eegnet_v4,30,2,10,15,0.8
imagery_left_right_fist,eegnet_v4,0,0,14,15,0.733333
imagery_left_right_fist,eegnet_v4,4,0,14,15,0.666667
imagery_left_right_fist,eegnet_v4,8,0,14,15,0.666667
imagery_left_right_fist,eegnet_v4,16,0,14,15,0.666667
imagery_left_right_fist,eegnet_v4,30,0,14,15,0.533333
imagery_left_right_fist,eegnet_v4,4,1,14,15,0.733333
imagery_left_right_fist,eegnet_v4,8,1,14,15,0.666667
imagery_left_right_fist,eegnet_v4,16,1,14,15,0.666667
imagery_left_right_fist,eegnet_v4,30,1,14,15,0.6
imagery_left_right_fist,eegnet_v4,4,2,14,15,0.533333
imagery_left_right_fist,eegnet_v4,8,2,14,15,0.666667
imagery_left_right_fist,eegnet_v4,16,2,14,15,0.6
imagery_left_right_fist,eegnet_v4,30,2,14,15,0.6
imagery_left_right_fist,eegnet_v4,0,0,21,15,0.8
imagery_left_right_fist,eegnet_v4,4,0,21,15,0.6
imagery_left_right_fist,eegnet_v4,8,0,21,15,0.666667
imagery_left_right_fist,eegnet_v4,16,0,21,15,0.733333
imagery_left_right_fist,eegnet_v4,30,0,21,15,0.866667
imagery_left_right_fist,eegnet_v4,4,1,21,15,0.6
imagery_left_right_fist,eegnet_v4,8,1,21,15,0.8
imagery_left_right_fist,eegnet_v4,16,1,21,15,0.8
imagery_left_right_fist,eegnet_v4,30,1,21,15,0.866667
imagery_left_right_fist,eegnet_v4,4,2,21,15,0.733333
imagery_left_right_fist,eegnet_v4,8,2,21,15,0.733333
imagery_left_right_fist,eegnet_v4,16,2,21,15,0.6
imagery_left_right_fist,eegnet_v4,30,2,21,15,0.8
imagery_left_right_fist,eegnet_v4,0,0,24,15,0.6
imagery_left_right_fist,eegnet_v4,4,0,24,15,0.466667
imagery_left_right_fist,eegnet_v4,8,0,24,15,0.666667
imagery_left_right_fist,eegnet_v4,16,0,24,15,0.533333
imagery_left_right_fist,eegnet_v4,30,0,24,15,0.6
imagery_left_right_fist,eegnet_v4,4,1,24,15,0.333333
imagery_left_right_fist,eegnet_v4,8,1,24,15,0.6
imagery_left_right_fist,eegnet_v4,16,1,24,15,0.666667
imagery_left_right_fist,eegnet_v4,30,1,24,15,0.6
imagery_left_right_fist,eegnet_v4,4,2,24,15,0.6
imagery_left_right_fist,eegnet_v4,8,2,24,15,0.666667
imagery_left_right_fist,eegnet_v4,16,2,24,15,0.733333
imagery_left_right_fist,eegnet_v4,30,2,24,15,0.6
imagery_left_right_fist,eegnet_v4,0,0,25,15,0.466667
imagery_left_right_fist,eegnet_v4,4,0,25,15,0.4
imagery_left_right_fist,eegnet_v4,8,0,25,15,0.4
imagery_left_right_fist,eegnet_v4,16,0,25,15,0.533333
imagery_left_right_fist,eegnet_v4,30,0,25,15,0.666667
imagery_left_right_fist,eegnet_v4,4,1,25,15,0.466667
imagery_left_right_fist,eegnet_v4,8,1,25,15,0.733333
imagery_left_right_fist,eegnet_v4,16,1,25,15,0.533333
imagery_left_right_fist,eegnet_v4,30,1,25,15,0.666667
imagery_left_right_fist,eegnet_v4,4,2,25,15,0.466667
imagery_left_right_fist,eegnet_v4,8,2,25,15,0.533333
imagery_left_right_fist,eegnet_v4,16,2,25,15,0.466667
imagery_left_right_fist,eegnet_v4,30,2,25,15,0.666667
imagery_left_right_fist,eegnet_v4,0,0,30,15,0.866667
imagery_left_right_fist,eegnet_v4,4,0,30,15,0.666667
imagery_left_right_fist,eegnet_v4,8,0,30,15,0.733333
imagery_left_right_fist,eegnet_v4,16,0,30,15,0.8
imagery_left_right_fist,eegnet_v4,30,0,30,15,0.666667
imagery_left_right_fist,eegnet_v4,4,1,30,15,0.8
imagery_left_right_fist,eegnet_v4,8,1,30,15,0.666667
imagery_left_right_fist,eegnet_v4,16,1,30,15,0.866667
imagery_left_right_fist,eegnet_v4,30,1,30,15,0.666667
imagery_left_right_fist,eegnet_v4,4,2,30,15,0.666667
imagery_left_right_fist,eegnet_v4,8,2,30,15,0.533333
imagery_left_right_fist,eegnet_v4,16,2,30,15,0.6
imagery_left_right_fist,eegnet_v4,30,2,30,15,0.666667
imagery_left_right_fist,eegnet_v4,0,0,33,15,1
imagery_left_right_fist,eegnet_v4,4,0,33,15,0.8
imagery_left_right_fist,eegnet_v4,8,0,33,15,0.933333
imagery_left_right_fist,eegnet_v4,16,0,33,15,0.933333
imagery_left_right_fist,eegnet_v4,30,0,33,15,1
imagery_left_right_fist,eegnet_v4,4,1,33,15,0.733333
imagery_left_right_fist,eegnet_v4,8,1,33,15,1
imagery_left_right_fist,eegnet_v4,16,1,33,15,0.933333
imagery_left_right_fist,eegnet_v4,30,1,33,15,1
imagery_left_right_fist,eegnet_v4,4,2,33,15,0.666667
imagery_left_right_fist,eegnet_v4,8,2,33,15,1
imagery_left_right_fist,eegnet_v4,16,2,33,15,1
imagery_left_right_fist,eegnet_v4,30,2,33,15,1
imagery_left_right_fist,eegnet_v4,0,0,36,15,0.8
imagery_left_right_fist,eegnet_v4,4,0,36,15,0.733333
imagery_left_right_fist,eegnet_v4,8,0,36,15,0.8
imagery_left_right_fist,eegnet_v4,16,0,36,15,0.666667
imagery_left_right_fist,eegnet_v4,30,0,36,15,0.666667
imagery_left_right_fist,eegnet_v4,4,1,36,15,0.733333
imagery_left_right_fist,eegnet_v4,8,1,36,15,0.733333
imagery_left_right_fist,eegnet_v4,16,1,36,15,0.733333
imagery_left_right_fist,eegnet_v4,30,1,36,15,0.666667
imagery_left_right_fist,eegnet_v4,4,2,36,15,0.666667
imagery_left_right_fist,eegnet_v4,8,2,36,15,0.866667
imagery_left_right_fist,eegnet_v4,16,2,36,15,0.8
imagery_left_right_fist,eegnet_v4,30,2,36,15,0.666667
imagery_left_right_fist,eegnet_v4,0,0,44,15,0.666667
imagery_left_right_fist,eegnet_v4,4,0,44,15,0.733333
imagery_left_right_fist,eegnet_v4,8,0,44,15,0.8
imagery_left_right_fist,eegnet_v4,16,0,44,15,0.866667
imagery_left_right_fist,eegnet_v4,30,0,44,15,0.8
imagery_left_right_fist,eegnet_v4,4,1,44,15,0.733333
imagery_left_right_fist,eegnet_v4,8,1,44,15,0.733333
imagery_left_right_fist,eegnet_v4,16,1,44,15,0.8
imagery_left_right_fist,eegnet_v4,30,1,44,15,0.8
imagery_left_right_fist,eegnet_v4,4,2,44,15,0.733333
imagery_left_right_fist,eegnet_v4,8,2,44,15,0.866667
imagery_left_right_fist,eegnet_v4,16,2,44,15,0.866667
imagery_left_right_fist,eegnet_v4,30,2,44,15,0.8
imagery_left_right_fist,eegnet_v4,0,0,46,15,0.6
imagery_left_right_fist,eegnet_v4,4,0,46,15,0.733333
imagery_left_right_fist,eegnet_v4,8,0,46,15,0.533333
imagery_left_right_fist,eegnet_v4,16,0,46,15,0.6
imagery_left_right_fist,eegnet_v4,30,0,46,15,0.466667
imagery_left_right_fist,eegnet_v4,4,1,46,15,0.666667
imagery_left_right_fist,eegnet_v4,8,1,46,15,0.6
imagery_left_right_fist,eegnet_v4,16,1,46,15,0.4
imagery_left_right_fist,eegnet_v4,30,1,46,15,0.466667
imagery_left_right_fist,eegnet_v4,4,2,46,15,0.6
imagery_left_right_fist,eegnet_v4,8,2,46,15,0.533333
imagery_left_right_fist,eegnet_v4,16,2,46,15,0.6
imagery_left_right_fist,eegnet_v4,30,2,46,15,0.466667
imagery_left_right_fist,eegnet_v4,0,0,53,15,0.733333
imagery_left_right_fist,eegnet_v4,4,0,53,15,0.666667
imagery_left_right_fist,eegnet_v4,8,0,53,15,0.666667
imagery_left_right_fist,eegnet_v4,16,0,53,15,0.666667
imagery_left_right_fist,eegnet_v4,30,0,53,15,0.466667
imagery_left_right_fist,eegnet_v4,4,1,53,15,0.733333
imagery_left_right_fist,eegnet_v4,8,1,53,15,0.666667
imagery_left_right_fist,eegnet_v4,16,1,53,15,0.666667
imagery_left_right_fist,eegnet_v4,30,1,53,15,0.466667
imagery_left_right_fist,eegnet_v4,4,2,53,15,1
imagery_left_right_fist,eegnet_v4,8,2,53,15,0.8
imagery_left_right_fist,eegnet_v4,16,2,53,15,0.866667
imagery_left_right_fist,eegnet_v4,30,2,53,15,0.466667
imagery_left_right_fist,eegnet_v4,0,0,54,15,0.866667
imagery_left_right_fist,eegnet_v4,4,0,54,15,0.933333
imagery_left_right_fist,eegnet_v4,8,0,54,15,0.866667
imagery_left_right_fist,eegnet_v4,16,0,54,15,1
imagery_left_right_fist,eegnet_v4,30,0,54,15,0.933333
imagery_left_right_fist,eegnet_v4,4,1,54,15,0.866667
imagery_left_right_fist,eegnet_v4,8,1,54,15,0.866667
imagery_left_right_fist,eegnet_v4,16,1,54,15,0.933333
imagery_left_right_fist,eegnet_v4,30,1,54,15,0.933333
imagery_left_right_fist,eegnet_v4,4,2,54,15,0.933333
imagery_left_right_fist,eegnet_v4,8,2,54,15,0.866667
imagery_left_right_fist,eegnet_v4,16,2,54,15,1
imagery_left_right_fist,eegnet_v4,30,2,54,15,0.933333
imagery_left_right_fist,eegnet_v4,0,0,56,15,0.8
imagery_left_right_fist,eegnet_v4,4,0,56,15,0.733333
imagery_left_right_fist,eegnet_v4,8,0,56,15,0.8
imagery_left_right_fist,eegnet_v4,16,0,56,15,0.933333
imagery_left_right_fist,eegnet_v4,30,0,56,15,0.933333
imagery_left_right_fist,eegnet_v4,4,1,56,15,0.933333
imagery_left_right_fist,eegnet_v4,8,1,56,15,0.733333
imagery_left_right_fist,eegnet_v4,16,1,56,15,0.733333
imagery_left_right_fist,eegnet_v4,30,1,56,15,0.933333
imagery_left_right_fist,eegnet_v4,4,2,56,15,0.666667
imagery_left_right_fist,eegnet_v4,8,2,56,15,0.8
imagery_left_right_fist,eegnet_v4,16,2,56,15,0.8
imagery_left_right_fist,eegnet_v4,30,2,56,15,0.933333
imagery_left_right_fist,eegnet_v4,0,0,58,15,0.666667
imagery_left_right_fist,eegnet_v4,4,0,58,15,0.6
imagery_left_right_fist,eegnet_v4,8,0,58,15,0.8
imagery_left_right_fist,eegnet_v4,16,0,58,15,0.733333
imagery_left_right_fist,eegnet_v4,30,0,58,15,0.8
imagery_left_right_fist,eegnet_v4,4,1,58,15,0.8
imagery_left_right_fist,eegnet_v4,8,1,58,15,0.666667
imagery_left_right_fist,eegnet_v4,16,1,58,15,0.733333
imagery_left_right_fist,eegnet_v4,30,1,58,15,0.8
imagery_left_right_fist,eegnet_v4,4,2,58,15,0.733333
imagery_left_right_fist,eegnet_v4,8,2,58,15,0.733333
imagery_left_right_fist,eegnet_v4,16,2,58,15,0.866667
imagery_left_right_fist,eegnet_v4,30,2,58,15,0.733333
imagery_left_right_fist,eegnet_v4,0,0,61,15,0.933333
imagery_left_right_fist,eegnet_v4,4,0,61,15,0.866667
imagery_left_right_fist,eegnet_v4,8,0,61,15,0.866667
imagery_left_right_fist,eegnet_v4,16,0,61,15,1
imagery_left_right_fist,eegnet_v4,30,0,61,15,1
imagery_left_right_fist,eegnet_v4,4,1,61,15,0.8
imagery_left_right_fist,eegnet_v4,8,1,61,15,0.933333
imagery_left_right_fist,eegnet_v4,16,1,61,15,0.933333
imagery_left_right_fist,eegnet_v4,30,1,61,15,1
imagery_left_right_fist,eegnet_v4,4,2,61,15,0.866667
imagery_left_right_fist,eegnet_v4,8,2,61,15,0.866667
imagery_left_right_fist,eegnet_v4,16,2,61,15,0.866667
imagery_left_right_fist,eegnet_v4,30,2,61,15,1
imagery_left_right_fist,eegnet_v4,0,0,63,15,0.733333
imagery_left_right_fist,eegnet_v4,4,0,63,15,0.533333
imagery_left_right_fist,eegnet_v4,8,0,63,15,0.666667
imagery_left_right_fist,eegnet_v4,16,0,63,15,0.666667
imagery_left_right_fist,eegnet_v4,30,0,63,15,0.733333
imagery_left_right_fist,eegnet_v4,4,1,63,15,0.533333
imagery_left_right_fist,eegnet_v4,8,1,63,15,0.533333
imagery_left_right_fist,eegnet_v4,16,1,63,15,0.733333
imagery_left_right_fist,eegnet_v4,30,1,63,15,0.733333
imagery_left_right_fist,eegnet_v4,4,2,63,15,0.666667
imagery_left_right_fist,eegnet_v4,8,2,63,15,0.6
imagery_left_right_fist,eegnet_v4,16,2,63,15,0.733333
imagery_left_right_fist,eegnet_v4,30,2,63,15,0.733333
imagery_left_right_fist,eegnet_v4,0,0,69,15,0.733333
imagery_left_right_fist,eegnet_v4,4,0,69,15,0.6
imagery_left_right_fist,eegnet_v4,8,0,69,15,0.6
imagery_left_right_fist,eegnet_v4,16,0,69,15,0.733333
imagery_left_right_fist,eegnet_v4,30,0,69,15,0.8
imagery_left_right_fist,eegnet_v4,4,1,69,15,0.666667
imagery_left_right_fist,eegnet_v4,8,1,69,15,0.6
imagery_left_right_fist,eegnet_v4,16,1,69,15,0.666667
imagery_left_right_fist,eegnet_v4,30,1,69,15,0.8
imagery_left_right_fist,eegnet_v4,4,2,69,15,0.6
imagery_left_right_fist,eegnet_v4,8,2,69,15,0.666667
imagery_left_right_fist,eegnet_v4,16,2,69,15,0.466667
imagery_left_right_fist,eegnet_v4,30,2,69,15,0.8
imagery_left_right_fist,eegnet_v4,0,0,74,14,0.5
imagery_left_right_fist,eegnet_v4,4,0,74,14,0.5
imagery_left_right_fist,eegnet_v4,8,0,74,14,0.357143
imagery_left_right_fist,eegnet_v4,16,0,74,14,0.428571
imagery_left_right_fist,eegnet_v4,30,0,74,14,0.5
imagery_left_right_fist,eegnet_v4,4,1,74,14,0.357143
imagery_left_right_fist,eegnet_v4,8,1,74,14,0.428571
imagery_left_right_fist,eegnet_v4,16,1,74,14,0.428571
imagery_left_right_fist,eegnet_v4,30,1,74,14,0.5
imagery_left_right_fist,eegnet_v4,4,2,74,14,0.5
imagery_left_right_fist,eegnet_v4,8,2,74,14,0.285714
imagery_left_right_fist,eegnet_v4,16,2,74,14,0.428571
imagery_left_right_fist,eegnet_v4,30,2,74,14,0.5
imagery_left_right_fist,eegnet_v4,0,0,76,14,0.642857
imagery_left_right_fist,eegnet_v4,4,0,76,14,0.785714
imagery_left_right_fist,eegnet_v4,8,0,76,14,0.571429
imagery_left_right_fist,eegnet_v4,16,0,76,14,0.642857
imagery_left_right_fist,eegnet_v4,30,0,76,14,0.571429
imagery_left_right_fist,eegnet_v4,4,1,76,14,0.714286
imagery_left_right_fist,eegnet_v4,8,1,76,14,0.785714
imagery_left_right_fist,eegnet_v4,16,1,76,14,0.642857
imagery_left_right_fist,eegnet_v4,30,1,76,14,0.571429
imagery_left_right_fist,eegnet_v4,4,2,76,14,0.5
imagery_left_right_fist,eegnet_v4,8,2,76,14,0.5
imagery_left_right_fist,eegnet_v4,16,2,76,14,0.785714
imagery_left_right_fist,eegnet_v4,30,2,76,14,0.571429
imagery_left_right_fist,eegnet_v4,0,0,80,15,0.6
imagery_left_right_fist,eegnet_v4,4,0,80,15,0.666667
imagery_left_right_fist,eegnet_v4,8,0,80,15,0.666667
imagery_left_right_fist,eegnet_v4,16,0,80,15,0.6
imagery_left_right_fist,eegnet_v4,30,0,80,15,0.733333
imagery_left_right_fist,eegnet_v4,4,1,80,15,0.533333
imagery_left_right_fist,eegnet_v4,8,1,80,15,0.6
imagery_left_right_fist,eegnet_v4,16,1,80,15,0.6
imagery_left_right_fist,eegnet_v4,30,1,80,15,0.733333
imagery_left_right_fist,eegnet_v4,4,2,80,15,0.733333
imagery_left_right_fist,eegnet_v4,8,2,80,15,0.6
imagery_left_right_fist,eegnet_v4,16,2,80,15,0.6
imagery_left_right_fist,eegnet_v4,30,2,80,15,0.733333
imagery_left_right_fist,eegnet_v4,0,0,81,15,0.8
imagery_left_right_fist,eegnet_v4,4,0,81,15,0.8
imagery_left_right_fist,eegnet_v4,8,0,81,15,0.8
imagery_left_right_fist,eegnet_v4,16,0,81,15,0.933333
imagery_left_right_fist,eegnet_v4,30,0,81,15,0.866667
imagery_left_right_fist,eegnet_v4,4,1,81,15,0.866667
imagery_left_right_fist,eegnet_v4,8,1,81,15,0.8
imagery_left_right_fist,eegnet_v4,16,1,81,15,0.866667
imagery_left_right_fist,eegnet_v4,30,1,81,15,0.866667
imagery_left_right_fist,eegnet_v4,4,2,81,15,0.8
imagery_left_right_fist,eegnet_v4,8,2,81,15,0.866667
imagery_left_right_fist,eegnet_v4,16,2,81,15,0.866667
imagery_left_right_fist,eegnet_v4,30,2,81,15,0.866667
imagery_left_right_fist,eegnet_v4,0,0,84,15,0.866667
imagery_left_right_fist,eegnet_v4,4,0,84,15,0.533333
imagery_left_right_fist,eegnet_v4,8,0,84,15,0.733333
imagery_left_right_fist,eegnet_v4,16,0,84,15,0.733333
imagery_left_right_fist,eegnet_v4,30,0,84,15,0.8
imagery_left_right_fist,eegnet_v4,4,1,84,15,0.733333
imagery_left_right_fist,eegnet_v4,8,1,84,15,0.8
imagery_left_right_fist,eegnet_v4,16,1,84,15,0.733333
imagery_left_right_fist,eegnet_v4,30,1,84,15,0.8
imagery_left_right_fist,eegnet_v4,4,2,84,15,0.8
imagery_left_right_fist,eegnet_v4,8,2,84,15,0.8
imagery_left_right_fist,eegnet_v4,16,2,84,15,0.666667
imagery_left_right_fist,eegnet_v4,30,2,84,15,0.8
imagery_left_right_fist,eegnet_v4,0,0,90,15,0.8
imagery_left_right_fist,eegnet_v4,4,0,90,15,0.666667
imagery_left_right_fist,eegnet_v4,8,0,90,15,0.866667
imagery_left_right_fist,eegnet_v4,16,0,90,15,0.8
imagery_left_right_fist,eegnet_v4,30,0,90,15,0.533333
imagery_left_right_fist,eegnet_v4,4,1,90,15,0.6
imagery_left_right_fist,eegnet_v4,8,1,90,15,1
imagery_left_right_fist,eegnet_v4,16,1,90,15,0.866667
imagery_left_right_fist,eegnet_v4,30,1,90,15,0.533333
imagery_left_right_fist,eegnet_v4,4,2,90,15,0.933333
imagery_left_right_fist,eegnet_v4,8,2,90,15,0.533333
imagery_left_right_fist,eegnet_v4,16,2,90,15,0.533333
imagery_left_right_fist,eegnet_v4,30,2,90,15,0.533333
imagery_left_right_fist,eegnet_v4,0,0,92,19,0.842105
imagery_left_right_fist,eegnet_v4,4,0,92,19,0.736842
imagery_left_right_fist,eegnet_v4,8,0,92,19,0.842105
imagery_left_right_fist,eegnet_v4,16,0,92,19,0.578947
imagery_left_right_fist,eegnet_v4,30,0,92,19,0.684211
imagery_left_right_fist,eegnet_v4,4,1,92,19,0.684211
imagery_left_right_fist,eegnet_v4,8,1,92,19,0.684211
imagery_left_right_fist,eegnet_v4,16,1,92,19,0.842105
imagery_left_right_fist,eegnet_v4,30,1,92,19,0.736842
imagery_left_right_fist,eegnet_v4,4,2,92,19,0.631579
imagery_left_right_fist,eegnet_v4,8,2,92,19,0.736842
imagery_left_right_fist,eegnet_v4,16,2,92,19,0.736842
imagery_left_right_fist,eegnet_v4,30,2,92,19,0.631579
imagery_left_right_fist,eegnet_v4,0,0,93,15,0.8
imagery_left_right_fist,eegnet_v4,4,0,93,15,0.8
imagery_left_right_fist,eegnet_v4,8,0,93,15,0.933333
imagery_left_right_fist,eegnet_v4,16,0,93,15,0.666667
imagery_left_right_fist,eegnet_v4,30,0,93,15,0.8
imagery_left_right_fist,eegnet_v4,4,1,93,15,0.733333
imagery_left_right_fist,eegnet_v4,8,1,93,15,0.733333
imagery_left_right_fist,eegnet_v4,16,1,93,15,0.8
imagery_left_right_fist,eegnet_v4,30,1,93,15,0.8
imagery_left_right_fist,eegnet_v4,4,2,93,15,0.866667
imagery_left_right_fist,eegnet_v4,8,2,93,15,0.8
imagery_left_right_fist,eegnet_v4,16,2,93,15,0.8
imagery_left_right_fist,eegnet_v4,30,2,93,15,0.8
imagery_left_right_fist,eegnet_v4,0,0,94,15,0.733333
imagery_left_right_fist,eegnet_v4,4,0,94,15,0.866667
imagery_left_right_fist,eegnet_v4,8,0,94,15,0.866667
imagery_left_right_fist,eegnet_v4,16,0,94,15,0.8
imagery_left_right_fist,eegnet_v4,30,0,94,15,0.933333
imagery_left_right_fist,eegnet_v4,4,1,94,15,0.733333
imagery_left_right_fist,eegnet_v4,8,1,94,15,0.866667
imagery_left_right_fist,eegnet_v4,16,1,94,15,0.866667
imagery_left_right_fist,eegnet_v4,30,1,94,15,0.933333
imagery_left_right_fist,eegnet_v4,4,2,94,15,0.8
imagery_left_right_fist,eegnet_v4,8,2,94,15,0.733333
imagery_left_right_fist,eegnet_v4,16,2,94,15,0.933333
imagery_left_right_fist,eegnet_v4,30,2,94,15,0.933333
imagery_left_right_fist,eegnet_v4,0,0,95,15,0.733333
imagery_left_right_fist,eegnet_v4,4,0,95,15,0.666667
imagery_left_right_fist,eegnet_v4,8,0,95,15,0.733333
imagery_left_right_fist,eegnet_v4,16,0,95,15,0.866667
imagery_left_right_fist,eegnet_v4,30,0,95,15,0.733333
imagery_left_right_fist,eegnet_v4,4,1,95,15,0.533333
imagery_left_right_fist,eegnet_v4,8,1,95,15,0.533333
imagery_left_right_fist,eegnet_v4,16,1,95,15,0.8
imagery_left_right_fist,eegnet_v4,30,1,95,15,0.733333
imagery_left_right_fist,eegnet_v4,4,2,95,15,0.466667
imagery_left_right_fist,eegnet_v4,8,2,95,15,0.6
imagery_left_right_fist,eegnet_v4,16,2,95,15,0.666667
imagery_left_right_fist,eegnet_v4,30,2,95,15,0.733333
imagery_left_right_fist,eegnet_v4,0,0,96,15,0.866667
imagery_left_right_fist,eegnet_v4,4,0,96,15,0.866667
imagery_left_right_fist,eegnet_v4,8,0,96,15,0.733333
imagery_left_right_fist,eegnet_v4,16,0,96,15,0.933333
imagery_left_right_fist,eegnet_v4,30,0,96,15,0.866667
imagery_left_right_fist,eegnet_v4,4,1,96,15,0.866667
imagery_left_right_fist,eegnet_v4,8,1,96,15,0.866667
imagery_left_right_fist,eegnet_v4,16,1,96,15,0.8
imagery_left_right_fist,eegnet_v4,30,1,96,15,0.866667
imagery_left_right_fist,eegnet_v4,4,2,96,15,0.866667
imagery_left_right_fist,eegnet_v4,8,2,96,15,0.866667
imagery_left_right_fist,eegnet_v4,16,2,96,15,0.8
imagery_left_right_fist,eegnet_v4,30,2,96,15,0.866667
imagery_left_right_fist,eegnet_v4,0,0,98,15,0.266667
imagery_left_right_fist,eegnet_v4,4,0,98,15,0.4
imagery_left_right_fist,eegnet_v4,8,0,98,15,0.6
imagery_left_right_fist,eegnet_v4,16,0,98,15,0.4
imagery_left_right_fist,eegnet_v4,30,0,98,15,0.466667
imagery_left_right_fist,eegnet_v4,4,1,98,15,0.4
imagery_left_right_fist,eegnet_v4,8,1,98,15,0.333333
imagery_left_right_fist,eegnet_v4,16,1,98,15,0.533333
imagery_left_right_fist,eegnet_v4,30,1,98,15,0.466667
imagery_left_right_fist,eegnet_v4,4,2,98,15,0.4
imagery_left_right_fist,eegnet_v4,8,2,98,15,0.533333
imagery_left_right_fist,eegnet_v4,16,2,98,15,0.466667
imagery_left_right_fist,eegnet_v4,30,2,98,15,0.466667
imagery_left_right_fist,eegnet_v4,0,0,99,15,0.333333
imagery_left_right_fist,eegnet_v4,4,0,99,15,0.4
imagery_left_right_fist,eegnet_v4,8,0,99,15,0.466667
imagery_left_right_fist,eegnet_v4,16,0,99,15,0.4
imagery_left_right_fist,eegnet_v4,30,0,99,15,0.466667
imagery_left_right_fist,eegnet_v4,4,1,99,15,0.466667
imagery_left_right_fist,eegnet_v4,8,1,99,15,0.533333
imagery_left_right_fist,eegnet_v4,16,1,99,15,0.4
imagery_left_right_fist,eegnet_v4,30,1,99,15,0.466667
imagery_left_right_fist,eegnet_v4,4,2,99,15,0.4
imagery_left_right_fist,eegnet_v4,8,2,99,15,0.533333
imagery_left_right_fist,eegnet_v4,16,2,99,15,0.466667
imagery_left_right_fist,eegnet_v4,30,2,99,15,0.466667
imagery_left_right_fist,eegnet_v4,0,0,100,12,0.75
imagery_left_right_fist,eegnet_v4,4,0,100,12,0.666667
imagery_left_right_fist,eegnet_v4,8,0,100,12,0.416667
imagery_left_right_fist,eegnet_v4,16,0,100,12,0.666667
imagery_left_right_fist,eegnet_v4,30,0,100,12,0.75
imagery_left_right_fist,eegnet_v4,4,1,100,12,0.5
imagery_left_right_fist,eegnet_v4,8,1,100,12,0.75
imagery_left_right_fist,eegnet_v4,16,1,100,12,0.833333
imagery_left_right_fist,eegnet_v4,30,1,100,12,0.75
imagery_left_right_fist,eegnet_v4,4,2,100,12,0.583333
imagery_left_right_fist,eegnet_v4,8,2,100,12,0.5
imagery_left_right_fist,eegnet_v4,16,2,100,12,0.5
imagery_left_right_fist,eegnet_v4,30,2,100,12,0.75
imagery_left_right_fist,eegnet_v4,0,0,105,15,1
imagery_left_right_fist,eegnet_v4,4,0,105,15,1
imagery_left_right_fist,eegnet_v4,8,0,105,15,0.933333
imagery_left_right_fist,eegnet_v4,16,0,105,15,1
imagery_left_right_fist,eegnet_v4,30,0,105,15,0.866667
imagery_left_right_fist,eegnet_v4,4,1,105,15,0.866667
imagery_left_right_fist,eegnet_v4,8,1,105,15,0.533333
imagery_left_right_fist,eegnet_v4,16,1,105,15,1
imagery_left_right_fist,eegnet_v4,30,1,105,15,0.866667
imagery_left_right_fist,eegnet_v4,4,2,105,15,1
imagery_left_right_fist,eegnet_v4,8,2,105,15,1
imagery_left_right_fist,eegnet_v4,16,2,105,15,0.8
imagery_left_right_fist,eegnet_v4,30,2,105,15,0.866667
imagery_left_right_fist,eegnet_v4,0,0,108,15,0.733333
imagery_left_right_fist,eegnet_v4,4,0,108,15,0.6
imagery_left_right_fist,eegnet_v4,8,0,108,15,0.666667
imagery_left_right_fist,eegnet_v4,16,0,108,15,0.8
imagery_left_right_fist,eegnet_v4,30,0,108,15,0.733333
imagery_left_right_fist,eegnet_v4,4,1,108,15,0.666667
imagery_left_right_fist,eegnet_v4,8,1,108,15,0.733333
imagery_left_right_fist,eegnet_v4,16,1,108,15,0.666667
imagery_left_right_fist,eegnet_v4,30,1,108,15,0.733333
imagery_left_right_fist,eegnet_v4,4,2,108,15,0.533333
imagery_left_right_fist,eegnet_v4,8,2,108,15,0.8
imagery_left_right_fist,eegnet_v4,16,2,108,15,0.666667
imagery_left_right_fist,eegnet_v4,30,2,108,15,0.733333
imagery_left_right_fist,eegnet_v4,0,0,2,15,0.866667
imagery_left_right_fist,eegnet_v4,4,0,2,15,0.933333
imagery_left_right_fist,eegnet_v4,8,0,2,15,1
imagery_left_right_fist,eegnet_v4,16,0,2,15,0.933333
imagery_left_right_fist,eegnet_v4,30,0,2,15,1
imagery_left_right_fist,eegnet_v4,4,1,2,15,0.8
imagery_left_right_fist,eegnet_v4,8,1,2,15,0.933333
imagery_left_right_fist,eegnet_v4,16,1,2,15,0.933333
imagery_left_right_fist,eegnet_v4,30,1,2,15,1
imagery_left_right_fist,eegnet_v4,4,2,2,15,0.933333
imagery_left_right_fist,eegnet_v4,8,2,2,15,0.933333
imagery_left_right_fist,eegnet_v4,16,2,2,15,1
imagery_left_right_fist,eegnet_v4,30,2,2,15,1
imagery_left_right_fist,eegnet_v4,0,0,3,15,0.933333
imagery_left_right_fist,eegnet_v4,4,0,3,15,0.733333
imagery_left_right_fist,eegnet_v4,8,0,3,15,0.733333
imagery_left_right_fist,eegnet_v4,16,0,3,15,0.8
imagery_left_right_fist,eegnet_v4,30,0,3,15,0.866667
imagery_left_right_fist,eegnet_v4,4,1,3,15,0.8
imagery_left_right_fist,eegnet_v4,8,1,3,15,0.733333
imagery_left_right_fist,eegnet_v4,16,1,3,15,0.933333
imagery_left_right_fist,eegnet_v4,30,1,3,15,0.866667
imagery_left_right_fist,eegnet_v4,4,2,3,15,0.733333
imagery_left_right_fist,eegnet_v4,8,2,3,15,0.933333
imagery_left_right_fist,eegnet_v4,16,2,3,15,0.933333
imagery_left_right_fist,eegnet_v4,30,2,3,15,0.866667
imagery_left_right_fist,eegnet_v4,0,0,8,15,0.866667
imagery_left_right_fist,eegnet_v4,4,0,8,15,0.666667
imagery_left_right_fist,eegnet_v4,8,0,8,15,0.933333
imagery_left_right_fist,eegnet_v4,16,0,8,15,0.866667
imagery_left_right_fist,eegnet_v4,30,0,8,15,0.866667
imagery_left_right_fist,eegnet_v4,4,1,8,15,0.8
imagery_left_right_fist,eegnet_v4,8,1,8,15,0.8
imagery_left_right_fist,eegnet_v4,16,1,8,15,0.8
imagery_left_right_fist,eegnet_v4,30,1,8,15,0.866667
imagery_left_right_fist,eegnet_v4,4,2,8,15,0.666667
imagery_left_right_fist,eegnet_v4,8,2,8,15,0.866667
imagery_left_right_fist,eegnet_v4,16,2,8,15,0.666667
imagery_left_right_fist,eegnet_v4,30,2,8,15,0.866667
imagery_left_right_fist,eegnet_v4,0,0,11,15,0.8
imagery_left_right_fist,eegnet_v4,4,0,11,15,0.6
imagery_left_right_fist,eegnet_v4,8,0,11,15,0.866667
imagery_left_right_fist,eegnet_v4,16,0,11,15,0.8
imagery_left_right_fist,eegnet_v4,30,0,11,15,0.8
imagery_left_right_fist,eegnet_v4,4,1,11,15,0.6
imagery_left_right_fist,eegnet_v4,8,1,11,15,0.8
imagery_left_right_fist,eegnet_v4,16,1,11,15,0.733333
imagery_left_right_fist,eegnet_v4,30,1,11,15,0.8
imagery_left_right_fist,eegnet_v4,4,2,11,15,0.666667
imagery_left_right_fist,eegnet_v4,8,2,11,15,0.733333
imagery_left_right_fist,eegnet_v4,16,2,11,15,0.8
imagery_left_right_fist,eegnet_v4,30,2,11,15,0.8
imagery_left_right_fist,eegnet_v4,0,0,12,15,0.733333
imagery_left_right_fist,eegnet_v4,4,0,12,15,0.866667
imagery_left_right_fist,eegnet_v4,8,0,12,15,0.866667
imagery_left_right_fist,eegnet_v4,16,0,12,15,0.866667
imagery_left_right_fist,eegnet_v4,30,0,12,15,0.933333
imagery_left_right_fist,eegnet_v4,4,1,12,15,0.933333
imagery_left_right_fist,eegnet_v4,8,1,12,15,0.8
imagery_left_right_fist,eegnet_v4,16,1,12,15,0.8
imagery_left_right_fist,eegnet_v4,30,1,12,15,0.933333
imagery_left_right_fist,eegnet_v4,4,2,12,15,0.666667
imagery_left_right_fist,eegnet_v4,8,2,12,15,0.866667
imagery_left_right_fist,eegnet_v4,16,2,12,15,0.666667
imagery_left_right_fist,eegnet_v4,30,2,12,15,0.933333
imagery_left_right_fist,eegnet_v4,0,0,18,15,1
imagery_left_right_fist,eegnet_v4,4,0,18,15,0.933333
imagery_left_right_fist,eegnet_v4,8,0,18,15,0.933333
imagery_left_right_fist,eegnet_v4,16,0,18,15,1
imagery_left_right_fist,eegnet_v4,30,0,18,15,1
imagery_left_right_fist,eegnet_v4,4,1,18,15,1
imagery_left_right_fist,eegnet_v4,8,1,18,15,1
imagery_left_right_fist,eegnet_v4,16,1,18,15,0.933333
imagery_left_right_fist,eegnet_v4,30,1,18,15,1
imagery_left_right_fist,eegnet_v4,4,2,18,15,0.866667
imagery_left_right_fist,eegnet_v4,8,2,18,15,1
imagery_left_right_fist,eegnet_v4,16,2,18,15,0.933333
imagery_left_right_fist,eegnet_v4,30,2,18,15,1
imagery_left_right_fist,eegnet_v4,0,0,19,15,0.8
imagery_left_right_fist,eegnet_v4,4,0,19,15,0.666667
imagery_left_right_fist,eegnet_v4,8,0,19,15,0.733333
imagery_left_right_fist,eegnet_v4,16,0,19,15,0.666667
imagery_left_right_fist,eegnet_v4,30,0,19,15,0.6
imagery_left_right_fist,eegnet_v4,4,1,19,15,0.666667
imagery_left_right_fist,eegnet_v4,8,1,19,15,0.4
imagery_left_right_fist,eegnet_v4,16,1,19,15,0.6
imagery_left_right_fist,eegnet_v4,30,1,19,15,0.6
imagery_left_right_fist,eegnet_v4,4,2,19,15,0.6
imagery_left_right_fist,eegnet_v4,8,2,19,15,0.666667
imagery_left_right_fist,eegnet_v4,16,2,19,15,0.733333
imagery_left_right_fist,eegnet_v4,30,2,19,15,0.6
imagery_left_right_fist,eegnet_v4,0,0,20,15,0.933333
imagery_left_right_fist,eegnet_v4,4,0,20,15,0.8
imagery_left_right_fist,eegnet_v4,8,0,20,15,0.866667
imagery_left_right_fist,eegnet_v4,16,0,20,15,1
imagery_left_right_fist,eegnet_v4,30,0,20,15,1
imagery_left_right_fist,eegnet_v4,4,1,20,15,0.933333
imagery_left_right_fist,eegnet_v4,8,1,20,15,0.933333
imagery_left_right_fist,eegnet_v4,16,1,20,15,0.933333
imagery_left_right_fist,eegnet_v4,30,1,20,15,1
imagery_left_right_fist,eegnet_v4,4,2,20,15,0.866667
imagery_left_right_fist,eegnet_v4,8,2,20,15,0.866667
imagery_left_right_fist,eegnet_v4,16,2,20,15,0.933333
imagery_left_right_fist,eegnet_v4,30,2,20,15,1
imagery_left_right_fist,eegnet_v4,0,0,22,15,1
imagery_left_right_fist,eegnet_v4,4,0,22,15,1
imagery_left_right_fist,eegnet_v4,8,0,22,15,1
imagery_left_right_fist,eegnet_v4,16,0,22,15,1
imagery_left_right_fist,eegnet_v4,30,0,22,15,1
imagery_left_right_fist,eegnet_v4,4,1,22,15,1
imagery_left_right_fist,eegnet_v4,8,1,22,15,1
imagery_left_right_fist,eegnet_v4,16,1,22,15,1
imagery_left_right_fist,eegnet_v4,30,1,22,15,1
imagery_left_right_fist,eegnet_v4,4,2,22,15,1
imagery_left_right_fist,eegnet_v4,8,2,22,15,0.933333
imagery_left_right_fist,eegnet_v4,16,2,22,15,1
imagery_left_right_fist,eegnet_v4,30,2,22,15,1
imagery_left_right_fist,eegnet_v4,0,0,26,15,0.8
imagery_left_right_fist,eegnet_v4,4,0,26,15,0.533333
imagery_left_right_fist,eegnet_v4,8,0,26,15,0.466667
imagery_left_right_fist,eegnet_v4,16,0,26,15,0.6
imagery_left_right_fist,eegnet_v4,30,0,26,15,0.666667
imagery_left_right_fist,eegnet_v4,4,1,26,15,0.8
imagery_left_right_fist,eegnet_v4,8,1,26,15,0.6
imagery_left_right_fist,eegnet_v4,16,1,26,15,0.533333
imagery_left_right_fist,eegnet_v4,30,1,26,15,0.666667
imagery_left_right_fist,eegnet_v4,4,2,26,15,0.533333
imagery_left_right_fist,eegnet_v4,8,2,26,15,0.533333
imagery_left_right_fist,eegnet_v4,16,2,26,15,0.466667
imagery_left_right_fist,eegnet_v4,30,2,26,15,0.666667
imagery_left_right_fist,eegnet_v4,0,0,27,15,0.8
imagery_left_right_fist,eegnet_v4,4,0,27,15,0.866667
imagery_left_right_fist,eegnet_v4,8,0,27,15,0.8
imagery_left_right_fist,eegnet_v4,16,0,27,15,0.866667
imagery_left_right_fist,eegnet_v4,30,0,27,15,0.8
imagery_left_right_fist,eegnet_v4,4,1,27,15,0.6
imagery_left_right_fist,eegnet_v4,8,1,27,15,0.8
imagery_left_right_fist,eegnet_v4,16,1,27,15,0.933333
imagery_left_right_fist,eegnet_v4,30,1,27,15,0.8
imagery_left_right_fist,eegnet_v4,4,2,27,15,0.733333
imagery_left_right_fist,eegnet_v4,8,2,27,15,0.8
imagery_left_right_fist,eegnet_v4,16,2,27,15,0.933333
imagery_left_right_fist,eegnet_v4,30,2,27,15,0.8
imagery_left_right_fist,eegnet_v4,0,0,28,15,0.666667
imagery_left_right_fist,eegnet_v4,4,0,28,15,0.6
imagery_left_right_fist,eegnet_v4,8,0,28,15,0.666667
imagery_left_right_fist,eegnet_v4,16,0,28,15,0.666667
imagery_left_right_fist,eegnet_v4,30,0,28,15,0.666667
imagery_left_right_fist,eegnet_v4,4,1,28,15,0.466667
imagery_left_right_fist,eegnet_v4,8,1,28,15,0.866667
imagery_left_right_fist,eegnet_v4,16,1,28,15,0.666667
imagery_left_right_fist,eegnet_v4,30,1,28,15,0.666667
imagery_left_right_fist,eegnet_v4,4,2,28,15,0.733333
imagery_left_right_fist,eegnet_v4,8,2,28,15,0.8
imagery_left_right_fist,eegnet_v4,16,2,28,15,0.533333
imagery_left_right_fist,eegnet_v4,30,2,28,15,0.666667
imagery_left_right_fist,eegnet_v4,0,0,29,15,0.933333
imagery_left_right_fist,eegnet_v4,4,0,29,15,0.866667
imagery_left_right_fist,eegnet_v4,8,0,29,15,0.8
imagery_left_right_fist,eegnet_v4,16,0,29,15,1
imagery_left_right_fist,eegnet_v4,30,0,29,15,0.866667
imagery_left_right_fist,eegnet_v4,4,1,29,15,0.8
imagery_left_right_fist,eegnet_v4,8,1,29,15,0.933333
imagery_left_right_fist,eegnet_v4,16,1,29,15,0.866667
imagery_left_right_fist,eegnet_v4,30,1,29,15,0.866667
imagery_left_right_fist,eegnet_v4,4,2,29,15,0.733333
imagery_left_right_fist,eegnet_v4,8,2,29,15,0.866667
imagery_left_right_fist,eegnet_v4,16,2,29,15,0.933333
imagery_left_right_fist,eegnet_v4,30,2,29,15,0.866667
imagery_left_right_fist,eegnet_v4,0,0,34,14,0.785714
imagery_left_right_fist,eegnet_v4,4,0,34,14,0.642857
imagery_left_right_fist,eegnet_v4,8,0,34,14,0.857143
imagery_left_right_fist,eegnet_v4,16,0,34,14,0.928571
imagery_left_right_fist,eegnet_v4,30,0,34,14,0.714286
imagery_left_right_fist,eegnet_v4,4,1,34,14,0.642857
imagery_left_right_fist,eegnet_v4,8,1,34,14,0.714286
imagery_left_right_fist,eegnet_v4,16,1,34,14,0.642857
imagery_left_right_fist,eegnet_v4,30,1,34,14,0.714286
imagery_left_right_fist,eegnet_v4,4,2,34,14,0.714286
imagery_left_right_fist,eegnet_v4,8,2,34,14,0.714286
imagery_left_right_fist,eegnet_v4,16,2,34,14,0.785714
imagery_left_right_fist,eegnet_v4,30,2,34,14,0.714286
imagery_left_right_fist,eegnet_v4,0,0,38,15,0.333333
imagery_left_right_fist,eegnet_v4,4,0,38,15,0.466667
imagery_left_right_fist,eegnet_v4,8,0,38,15,0.4
imagery_left_right_fist,eegnet_v4,16,0,38,15,0.4
imagery_left_right_fist,eegnet_v4,30,0,38,15,0.266667
imagery_left_right_fist,eegnet_v4,4,1,38,15,0.4
imagery_left_right_fist,eegnet_v4,8,1,38,15,0.4
imagery_left_right_fist,eegnet_v4,16,1,38,15,0.2
imagery_left_right_fist,eegnet_v4,30,1,38,15,0.266667
imagery_left_right_fist,eegnet_v4,4,2,38,15,0.4
imagery_left_right_fist,eegnet_v4,8,2,38,15,0.4
imagery_left_right_fist,eegnet_v4,16,2,38,15,0.4
imagery_left_right_fist,eegnet_v4,30,2,38,15,0.266667
imagery_left_right_fist,eegnet_v4,0,0,40,15,1
imagery_left_right_fist,eegnet_v4,4,0,40,15,1
imagery_left_right_fist,eegnet_v4,8,0,40,15,1
imagery_left_right_fist,eegnet_v4,16,0,40,15,1
imagery_left_right_fist,eegnet_v4,30,0,40,15,1
imagery_left_right_fist,eegnet_v4,4,1,40,15,1
imagery_left_right_fist,eegnet_v4,8,1,40,15,1
imagery_left_right_fist,eegnet_v4,16,1,40,15,1
imagery_left_right_fist,eegnet_v4,30,1,40,15,1
imagery_left_right_fist,eegnet_v4,4,2,40,15,1
imagery_left_right_fist,eegnet_v4,8,2,40,15,1
imagery_left_right_fist,eegnet_v4,16,2,40,15,1
imagery_left_right_fist,eegnet_v4,30,2,40,15,1
imagery_left_right_fist,eegnet_v4,0,0,42,15,0.6
imagery_left_right_fist,eegnet_v4,4,0,42,15,0.6
imagery_left_right_fist,eegnet_v4,8,0,42,15,0.6
imagery_left_right_fist,eegnet_v4,16,0,42,15,0.733333
imagery_left_right_fist,eegnet_v4,30,0,42,15,0.733333
imagery_left_right_fist,eegnet_v4,4,1,42,15,0.733333
imagery_left_right_fist,eegnet_v4,8,1,42,15,0.733333
imagery_left_right_fist,eegnet_v4,16,1,42,15,0.733333
imagery_left_right_fist,eegnet_v4,30,1,42,15,0.733333
imagery_left_right_fist,eegnet_v4,4,2,42,15,0.733333
imagery_left_right_fist,eegnet_v4,8,2,42,15,0.533333
imagery_left_right_fist,eegnet_v4,16,2,42,15,0.6
imagery_left_right_fist,eegnet_v4,30,2,42,15,0.733333
imagery_left_right_fist,eegnet_v4,0,0,43,15,0.866667
imagery_left_right_fist,eegnet_v4,4,0,43,15,0.933333
imagery_left_right_fist,eegnet_v4,8,0,43,15,0.866667
imagery_left_right_fist,eegnet_v4,16,0,43,15,1
imagery_left_right_fist,eegnet_v4,30,0,43,15,1
imagery_left_right_fist,eegnet_v4,4,1,43,15,0.933333
imagery_left_right_fist,eegnet_v4,8,1,43,15,0.8
imagery_left_right_fist,eegnet_v4,16,1,43,15,1
imagery_left_right_fist,eegnet_v4,30,1,43,15,1
imagery_left_right_fist,eegnet_v4,4,2,43,15,0.8
imagery_left_right_fist,eegnet_v4,8,2,43,15,0.866667
imagery_left_right_fist,eegnet_v4,16,2,43,15,0.866667
imagery_left_right_fist,eegnet_v4,30,2,43,15,1
imagery_left_right_fist,eegnet_v4,0,0,47,15,0.866667
imagery_left_right_fist,eegnet_v4,4,0,47,15,0.666667
imagery_left_right_fist,eegnet_v4,8,0,47,15,0.466667
imagery_left_right_fist,eegnet_v4,16,0,47,15,0.733333
imagery_left_right_fist,eegnet_v4,30,0,47,15,0.8
imagery_left_right_fist,eegnet_v4,4,1,47,15,0.8
imagery_left_right_fist,eegnet_v4,8,1,47,15,0.6
imagery_left_right_fist,eegnet_v4,16,1,47,15,0.666667
imagery_left_right_fist,eegnet_v4,30,1,47,15,0.8
imagery_left_right_fist,eegnet_v4,4,2,47,15,0.733333
imagery_left_right_fist,eegnet_v4,8,2,47,15,0.6
imagery_left_right_fist,eegnet_v4,16,2,47,15,0.933333
imagery_left_right_fist,eegnet_v4,30,2,47,15,0.8
imagery_left_right_fist,eegnet_v4,0,0,48,15,0.933333
imagery_left_right_fist,eegnet_v4,4,0,48,15,0.733333
imagery_left_right_fist,eegnet_v4,8,0,48,15,0.866667
imagery_left_right_fist,eegnet_v4,16,0,48,15,0.866667
imagery_left_right_fist,eegnet_v4,30,0,48,15,0.866667
imagery_left_right_fist,eegnet_v4,4,1,48,15,0.733333
imagery_left_right_fist,eegnet_v4,8,1,48,15,0.866667
imagery_left_right_fist,eegnet_v4,16,1,48,15,0.666667
imagery_left_right_fist,eegnet_v4,30,1,48,15,0.866667
imagery_left_right_fist,eegnet_v4,4,2,48,15,0.733333
imagery_left_right_fist,eegnet_v4,8,2,48,15,0.733333
imagery_left_right_fist,eegnet_v4,16,2,48,15,0.666667
imagery_left_right_fist,eegnet_v4,30,2,48,15,0.866667
imagery_left_right_fist,eegnet_v4,0,0,49,15,0.933333
imagery_left_right_fist,eegnet_v4,4,0,49,15,1
imagery_left_right_fist,eegnet_v4,8,0,49,15,1
imagery_left_right_fist,eegnet_v4,16,0,49,15,0.866667
imagery_left_right_fist,eegnet_v4,30,0,49,15,0.933333
imagery_left_right_fist,eegnet_v4,4,1,49,15,0.866667
imagery_left_right_fist,eegnet_v4,8,1,49,15,0.933333
imagery_left_right_fist,eegnet_v4,16,1,49,15,0.8
imagery_left_right_fist,eegnet_v4,30,1,49,15,0.933333
imagery_left_right_fist,eegnet_v4,4,2,49,15,0.866667
imagery_left_right_fist,eegnet_v4,8,2,49,15,0.8
imagery_left_right_fist,eegnet_v4,16,2,49,15,0.933333
imagery_left_right_fist,eegnet_v4,30,2,49,15,0.933333
imagery_left_right_fist,eegnet_v4,0,0,52,15,0.866667
imagery_left_right_fist,eegnet_v4,4,0,52,15,0.8
imagery_left_right_fist,eegnet_v4,8,0,52,15,0.8
imagery_left_right_fist,eegnet_v4,16,0,52,15,0.8
imagery_left_right_fist,eegnet_v4,30,0,52,15,0.8
imagery_left_right_fist,eegnet_v4,4,1,52,15,0.933333
imagery_left_right_fist,eegnet_v4,8,1,52,15,0.866667
imagery_left_right_fist,eegnet_v4,16,1,52,15,0.933333
imagery_left_right_fist,eegnet_v4,30,1,52,15,0.8
imagery_left_right_fist,eegnet_v4,4,2,52,15,0.933333
imagery_left_right_fist,eegnet_v4,8,2,52,15,0.933333
imagery_left_right_fist,eegnet_v4,16,2,52,15,0.8
imagery_left_right_fist,eegnet_v4,30,2,52,15,0.8
imagery_left_right_fist,eegnet_v4,0,0,57,15,0.8
imagery_left_right_fist,eegnet_v4,4,0,57,15,0.866667
imagery_left_right_fist,eegnet_v4,8,0,57,15,0.933333
imagery_left_right_fist,eegnet_v4,16,0,57,15,0.866667
imagery_left_right_fist,eegnet_v4,30,0,57,15,0.933333
imagery_left_right_fist,eegnet_v4,4,1,57,15,0.933333
imagery_left_right_fist,eegnet_v4,8,1,57,15,0.8
imagery_left_right_fist,eegnet_v4,16,1,57,15,1
imagery_left_right_fist,eegnet_v4,30,1,57,15,0.933333
imagery_left_right_fist,eegnet_v4,4,2,57,15,0.733333
imagery_left_right_fist,eegnet_v4,8,2,57,15,0.933333
imagery_left_right_fist,eegnet_v4,16,2,57,15,0.933333
imagery_left_right_fist,eegnet_v4,30,2,57,15,0.933333
imagery_left_right_fist,eegnet_v4,0,0,60,15,0.866667
imagery_left_right_fist,eegnet_v4,4,0,60,15,0.866667
imagery_left_right_fist,eegnet_v4,8,0,60,15,0.866667
imagery_left_right_fist,eegnet_v4,16,0,60,15,0.8
imagery_left_right_fist,eegnet_v4,30,0,60,15,0.866667
imagery_left_right_fist,eegnet_v4,4,1,60,15,0.866667
imagery_left_right_fist,eegnet_v4,8,1,60,15,0.8
imagery_left_right_fist,eegnet_v4,16,1,60,15,0.866667
imagery_left_right_fist,eegnet_v4,30,1,60,15,0.866667
imagery_left_right_fist,eegnet_v4,4,2,60,15,0.733333
imagery_left_right_fist,eegnet_v4,8,2,60,15,0.8
imagery_left_right_fist,eegnet_v4,16,2,60,15,0.866667
imagery_left_right_fist,eegnet_v4,30,2,60,15,0.866667
imagery_left_right_fist,eegnet_v4,0,0,62,15,0.933333
imagery_left_right_fist,eegnet_v4,4,0,62,15,0.933333
imagery_left_right_fist,eegnet_v4,8,0,62,15,0.933333
imagery_left_right_fist,eegnet_v4,16,0,62,15,0.933333
imagery_left_right_fist,eegnet_v4,30,0,62,15,0.933333
imagery_left_right_fist,eegnet_v4,4,1,62,15,0.933333
imagery_left_right_fist,eegnet_v4,8,1,62,15,0.933333
imagery_left_right_fist,eegnet_v4,16,1,62,15,0.933333
imagery_left_right_fist,eegnet_v4,30,1,62,15,0.933333
imagery_left_right_fist,eegnet_v4,4,2,62,15,0.933333
imagery_left_right_fist,eegnet_v4,8,2,62,15,0.933333
imagery_left_right_fist,eegnet_v4,16,2,62,15,0.933333
imagery_left_right_fist,eegnet_v4,30,2,62,15,0.933333
imagery_left_right_fist,eegnet_v4,0,0,64,14,0.857143
imagery_left_right_fist,eegnet_v4,4,0,64,14,0.642857
imagery_left_right_fist,eegnet_v4,8,0,64,14,0.714286
imagery_left_right_fist,eegnet_v4,16,0,64,14,0.714286
imagery_left_right_fist,eegnet_v4,30,0,64,14,0.857143
imagery_left_right_fist,eegnet_v4,4,1,64,14,0.928571
imagery_left_right_fist,eegnet_v4,8,1,64,14,0.714286
imagery_left_right_fist,eegnet_v4,16,1,64,14,0.785714
imagery_left_right_fist,eegnet_v4,30,1,64,14,0.857143
imagery_left_right_fist,eegnet_v4,4,2,64,14,0.857143
imagery_left_right_fist,eegnet_v4,8,2,64,14,0.928571
imagery_left_right_fist,eegnet_v4,16,2,64,14,0.714286
imagery_left_right_fist,eegnet_v4,30,2,64,14,0.857143
imagery_left_right_fist,eegnet_v4,0,0,72,15,0.666667
imagery_left_right_fist,eegnet_v4,4,0,72,15,0.866667
imagery_left_right_fist,eegnet_v4,8,0,72,15,0.866667
imagery_left_right_fist,eegnet_v4,16,0,72,15,0.866667
imagery_left_right_fist,eegnet_v4,30,0,72,15,0.933333
imagery_left_right_fist,eegnet_v4,4,1,72,15,0.6
imagery_left_right_fist,eegnet_v4,8,1,72,15,0.933333
imagery_left_right_fist,eegnet_v4,16,1,72,15,0.866667
imagery_left_right_fist,eegnet_v4,30,1,72,15,0.933333
imagery_left_right_fist,eegnet_v4,4,2,72,15,0.866667
imagery_left_right_fist,eegnet_v4,8,2,72,15,0.933333
imagery_left_right_fist,eegnet_v4,16,2,72,15,0.933333
imagery_left_right_fist,eegnet_v4,30,2,72,15,0.933333
imagery_left_right_fist,eegnet_v4,0,0,79,15,0.8
imagery_left_right_fist,eegnet_v4,4,0,79,15,0.666667
imagery_left_right_fist,eegnet_v4,8,0,79,15,0.8
imagery_left_right_fist,eegnet_v4,16,0,79,15,0.666667
imagery_left_right_fist,eegnet_v4,30,0,79,15,0.733333
imagery_left_right_fist,eegnet_v4,4,1,79,15,0.8
imagery_left_right_fist,eegnet_v4,8,1,79,15,0.533333
imagery_left_right_fist,eegnet_v4,16,1,79,15,0.866667
imagery_left_right_fist,eegnet_v4,30,1,79,15,0.733333
imagery_left_right_fist,eegnet_v4,4,2,79,15,0.733333
imagery_left_right_fist,eegnet_v4,8,2,79,15,0.733333
imagery_left_right_fist,eegnet_v4,16,2,79,15,0.866667
imagery_left_right_fist,eegnet_v4,30,2,79,15,0.733333
imagery_left_right_fist,eegnet_v4,0,0,83,15,0.666667
imagery_left_right_fist,eegnet_v4,4,0,83,15,0.666667
imagery_left_right_fist,eegnet_v4,8,0,83,15,0.6
imagery_left_right_fist,eegnet_v4,16,0,83,15,0.6
imagery_left_right_fist,eegnet_v4,30,0,83,15,0.666667
imagery_left_right_fist,eegnet_v4,4,1,83,15,0.533333
imagery_left_right_fist,eegnet_v4,8,1,83,15,0.533333
imagery_left_right_fist,eegnet_v4,16,1,83,15,0.6
imagery_left_right_fist,eegnet_v4,30,1,83,15,0.666667
imagery_left_right_fist,eegnet_v4,4,2,83,15,0.533333
imagery_left_right_fist,eegnet_v4,8,2,83,15,0.666667
imagery_left_right_fist,eegnet_v4,16,2,83,15,0.533333
imagery_left_right_fist,eegnet_v4,30,2,83,15,0.666667
imagery_left_right_fist,eegnet_v4,0,0,86,15,1
imagery_left_right_fist,eegnet_v4,4,0,86,15,1
imagery_left_right_fist,eegnet_v4,8,0,86,15,0.933333
imagery_left_right_fist,eegnet_v4,16,0,86,15,0.933333
imagery_left_right_fist,eegnet_v4,30,0,86,15,1
imagery_left_right_fist,eegnet_v4,4,1,86,15,1
imagery_left_right_fist,eegnet_v4,8,1,86,15,0.933333
imagery_left_right_fist,eegnet_v4,16,1,86,15,1
imagery_left_right_fist,eegnet_v4,30,1,86,15,1
imagery_left_right_fist,eegnet_v4,4,2,86,15,0.933333
imagery_left_right_fist,eegnet_v4,8,2,86,15,0.933333
imagery_left_right_fist,eegnet_v4,16,2,86,15,1
imagery_left_right_fist,eegnet_v4,30,2,86,15,1
imagery_left_right_fist,eegnet_v4,0,0,88,19,0.684211
imagery_left_right_fist,eegnet_v4,4,0,88,19,0.736842
imagery_left_right_fist,eegnet_v4,8,0,88,19,0.526316
imagery_left_right_fist,eegnet_v4,16,0,88,19,0.789474
imagery_left_right_fist,eegnet_v4,30,0,88,19,0.684211
imagery_left_right_fist,eegnet_v4,4,1,88,19,0.947368
imagery_left_right_fist,eegnet_v4,8,1,88,19,0.684211
imagery_left_right_fist,eegnet_v4,16,1,88,19,0.736842
imagery_left_right_fist,eegnet_v4,30,1,88,19,0.736842
imagery_left_right_fist,eegnet_v4,4,2,88,19,0.526316
imagery_left_right_fist,eegnet_v4,8,2,88,19,0.578947
imagery_left_right_fist,eegnet_v4,16,2,88,19,0.473684
imagery_left_right_fist,eegnet_v4,30,2,88,19,0.684211
imagery_left_right_fist,eegnet_v4,0,0,97,15,0.8
imagery_left_right_fist,eegnet_v4,4,0,97,15,0.6
imagery_left_right_fist,eegnet_v4,8,0,97,15,0.533333
imagery_left_right_fist,eegnet_v4,16,0,97,15,0.533333
imagery_left_right_fist,eegnet_v4,30,0,97,15,0.533333
imagery_left_right_fist,eegnet_v4,4,1,97,15,0.533333
imagery_left_right_fist,eegnet_v4,8,1,97,15,0.8
imagery_left_right_fist,eegnet_v4,16,1,97,15,0.8
imagery_left_right_fist,eegnet_v4,30,1,97,15,0.533333
imagery_left_right_fist,eegnet_v4,4,2,97,15,0.666667
imagery_left_right_fist,eegnet_v4,8,2,97,15,0.666667
imagery_left_right_fist,eegnet_v4,16,2,97,15,0.733333
imagery_left_right_fist,eegnet_v4,30,2,97,15,0.533333
imagery_left_right_fist,eegnet_v4,0,0,103,15,1
imagery_left_right_fist,eegnet_v4,4,0,103,15,1
imagery_left_right_fist,eegnet_v4,8,0,103,15,0.866667
imagery_left_right_fist,eegnet_v4,16,0,103,15,0.8
imagery_left_right_fist,eegnet_v4,30,0,103,15,0.733333
imagery_left_right_fist,eegnet_v4,4,1,103,15,0.733333
imagery_left_right_fist,eegnet_v4,8,1,103,15,0.8
imagery_left_right_fist,eegnet_v4,16,1,103,15,0.8
imagery_left_right_fist,eegnet_v4,30,1,103,15,0.733333
imagery_left_right_fist,eegnet_v4,4,2,103,15,0.933333
imagery_left_right_fist,eegnet_v4,8,2,103,15,0.8
imagery_left_right_fist,eegnet_v4,16,2,103,15,0.933333
imagery_left_right_fist,eegnet_v4,30,2,103,15,0.733333
imagery_left_right_fist,eegnet_v4,0,0,104,15,0.933333
imagery_left_right_fist,eegnet_v4,4,0,104,15,0.733333
imagery_left_right_fist,eegnet_v4,8,0,104,15,0.8
imagery_left_right_fist,eegnet_v4,16,0,104,15,0.733333
imagery_left_right_fist,eegnet_v4,30,0,104,15,0.733333
imagery_left_right_fist,eegnet_v4,4,1,104,15,0.8
imagery_left_right_fist,eegnet_v4,8,1,104,15,0.733333
imagery_left_right_fist,eegnet_v4,16,1,104,15,0.8
imagery_left_right_fist,eegnet_v4,30,1,104,15,0.733333
imagery_left_right_fist,eegnet_v4,4,2,104,15,0.733333
imagery_left_right_fist,eegnet_v4,8,2,104,15,0.666667
imagery_left_right_fist,eegnet_v4,16,2,104,15,0.733333
imagery_left_right_fist,eegnet_v4,30,2,104,15,0.733333
imagery_left_right_fist,eegnet_v4,0,0,106,15,0.733333
imagery_left_right_fist,eegnet_v4,4,0,106,15,0.533333
imagery_left_right_fist,eegnet_v4,8,0,106,15,0.6
imagery_left_right_fist,eegnet_v4,16,0,106,15,0.666667
imagery_left_right_fist,eegnet_v4,30,0,106,15,0.733333
imagery_left_right_fist,eegnet_v4,4,1,106,15,0.6
imagery_left_right_fist,eegnet_v4,8,1,106,15,0.533333
imagery_left_right_fist,eegnet_v4,16,1,106,15,0.666667
imagery_left_right_fist,eegnet_v4,30,1,106,15,0.733333
imagery_left_right_fist,eegnet_v4,4,2,106,15,0.866667
imagery_left_right_fist,eegnet_v4,8,2,106,15,0.533333
imagery_left_right_fist,eegnet_v4,16,2,106,15,0.733333
imagery_left_right_fist,eegnet_v4,30,2,106,15,0.733333
imagery_left_right_fist,eegnet_v4,0,0,107,15,0.733333
imagery_left_right_fist,eegnet_v4,4,0,107,15,0.466667
imagery_left_right_fist,eegnet_v4,8,0,107,15,0.6
imagery_left_right_fist,eegnet_v4,16,0,107,15,0.6
imagery_left_right_fist,eegnet_v4,30,0,107,15,0.666667
imagery_left_right_fist,eegnet_v4,4,1,107,15,0.666667
imagery_left_right_fist,eegnet_v4,8,1,107,15,0.6
imagery_left_right_fist,eegnet_v4,16,1,107,15,0.6
imagery_left_right_fist,eegnet_v4,30,1,107,15,0.666667
imagery_left_right_fist,eegnet_v4,4,2,107,15,0.466667
imagery_left_right_fist,eegnet_v4,8,2,107,15,0.666667
imagery_left_right_fist,eegnet_v4,16,2,107,15,0.666667
imagery_left_right_fist,eegnet_v4,30,2,107,15,0.666667
