task,protocol,seed,subject,train_class1_fraction,test_class1_fraction,subject_prior_accuracy
imagery_left_right_fist,trial_random,20260916,1,0.473728,0.488889,0.355556
imagery_left_right_fist,trial_random,20260916,2,0.481391,0.488889,0.444444
imagery_left_right_fist,trial_random,20260916,3,0.489017,0.488889,0.466667
imagery_left_right_fist,trial_random,20260916,4,0.485177,0.488889,0.422222
imagery_left_right_fist,trial_random,20260916,5,0.533549,0.533333,0.444444
imagery_left_right_fist,trial_random,20260916,6,0.460418,0.466667,0.444444
imagery_left_right_fist,trial_random,20260916,7,0.479464,0.488889,0.466667
imagery_left_right_fist,trial_random,20260916,8,0.509028,0.511111,0.466667
imagery_left_right_fist,trial_random,20260916,9,0.48405,0.466667,0.444444
imagery_left_right_fist,trial_random,20260916,10,0.467779,0.466667,0.444444
imagery_left_right_fist,trial_random,20260916,11,0.494874,0.488889,0.422222
imagery_left_right_fist,trial_random,20260916,12,0.529167,0.533333,0.466667
imagery_left_right_fist,trial_random,20260916,13,0.5256,0.488889,0.333333
imagery_left_right_fist,trial_random,20260916,14,0.526885,0.511111,0.333333
imagery_left_right_fist,trial_random,20260916,15,0.489418,0.488889,0.511111
imagery_left_right_fist,trial_random,20260916,16,0.504563,0.511111,0.422222
imagery_left_right_fist,trial_random,20260916,17,0.481274,0.488889,0.355556
imagery_left_right_fist,trial_random,20260916,18,0.517601,0.511111,0.466667
imagery_left_right_fist,trial_random,20260916,19,0.485552,0.488889,0.422222
imagery_left_right_fist,trial_random,20260916,20,0.486462,0.488889,0.511111
imagery_left_right_fist,trial_random,20260916,21,0.486667,0.466667,0.444444
imagery_left_right_fist,trial_random,20260916,22,0.512261,0.511111,0.444444
imagery_left_right_fist,trial_random,20260916,23,0.5135,0.511111,0.355556
imagery_left_right_fist,trial_random,20260916,24,0.497306,0.511111,0.377778
imagery_left_right_fist,trial_random,20260916,25,0.496296,0.511111,0.422222
imagery_left_right_fist,trial_random,20260916,26,0.465406,0.466667,0.422222
imagery_left_right_fist,trial_random,20260916,27,0.504571,0.488889,0.422222
imagery_left_right_fist,trial_random,20260916,28,0.511417,0.511111,0.466667
imagery_left_right_fist,trial_random,20260916,29,0.486881,0.488889,0.4
imagery_left_right_fist,trial_random,20260916,30,0.466014,0.466667,0.533333
imagery_left_right_fist,trial_random,20260916,31,0.512261,0.511111,0.488889
imagery_left_right_fist,trial_random,20260916,32,0.521569,0.533333,0.4
imagery_left_right_fist,trial_random,20260916,33,0.477374,0.488889,0.466667
imagery_left_right_fist,trial_random,20260916,34,0.511798,0.511628,0.44186
imagery_left_right_fist,trial_random,20260916,35,0.502116,0.511111,0.444444
imagery_left_right_fist,trial_random,20260916,36,0.495241,0.488889,0.444444
imagery_left_right_fist,trial_random,20260916,37,0.489922,0.488372,0.44186
imagery_left_right_fist,trial_random,20260916,38,0.46342,0.488889,0.444444
imagery_left_right_fist,trial_random,20260916,39,0.49596,0.488889,0.422222
imagery_left_right_fist,trial_random,20260916,40,0.560177,0.533333,0.444444
imagery_left_right_fist,trial_random,20260916,41,0.474747,0.477273,0.522727
imagery_left_right_fist,trial_random,20260916,42,0.495436,0.511111,0.4
imagery_left_right_fist,trial_random,20260916,43,0.457884,0.488889,0.377778
imagery_left_right_fist,trial_random,20260916,44,0.51379,0.511111,0.4
imagery_left_right_fist,trial_random,20260916,45,0.491807,0.488889,0.511111
imagery_left_right_fist,trial_random,20260916,46,0.459062,0.488889,0.4
imagery_left_right_fist,trial_random,20260916,47,0.454278,0.466667,0.444444
imagery_left_right_fist,trial_random,20260916,48,0.455096,0.511111,0.244444
imagery_left_right_fist,trial_random,20260916,49,0.482399,0.488889,0.466667
imagery_left_right_fist,trial_random,20260916,50,0.471746,0.488889,0.422222
imagery_left_right_fist,trial_random,20260916,51,0.475306,0.466667,0.444444
imagery_left_right_fist,trial_random,20260916,52,0.487505,0.466667,0.444444
imagery_left_right_fist,trial_random,20260916,53,0.511111,0.511111,0.466667
imagery_left_right_fist,trial_random,20260916,54,0.493353,0.488889,0.444444
imagery_left_right_fist,trial_random,20260916,55,0.488552,0.488889,0.511111
imagery_left_right_fist,trial_random,20260916,56,0.513373,0.511111,0.444444
imagery_left_right_fist,trial_random,20260916,57,0.476131,0.466667,0.377778
imagery_left_right_fist,trial_random,20260916,58,0.469444,0.466667,0.533333
imagery_left_right_fist,trial_random,20260916,59,0.472391,0.466667,0.533333
imagery_left_right_fist,trial_random,20260916,60,0.481274,0.488889,0.4
imagery_left_right_fist,trial_random,20260916,61,0.505148,0.511111,0.4
imagery_left_right_fist,trial_random,20260916,62,0.478632,0.488889,0.444444
imagery_left_right_fist,trial_random,20260916,63,0.523451,0.511111,0.422222
imagery_left_right_fist,trial_random,20260916,64,0.465723,0.477273,0.454545
imagery_left_right_fist,trial_random,20260916,65,0.469488,0.466667,0.533333
imagery_left_right_fist,trial_random,20260916,66,0.508467,0.511111,0.466667
imagery_left_right_fist,trial_random,20260916,67,0.513447,0.511111,0.4
imagery_left_right_fist,trial_random,20260916,68,0.537874,0.511111,0.333333
imagery_left_right_fist,trial_random,20260916,69,0.471131,0.466667,0.422222
imagery_left_right_fist,trial_random,20260916,70,0.491147,0.511111,0.422222
imagery_left_right_fist,trial_random,20260916,71,0.511124,0.511111,0.444444
imagery_left_right_fist,trial_random,20260916,72,0.478407,0.488372,0.465116
imagery_left_right_fist,trial_random,20260916,73,0.494762,0.5,0.404762
imagery_left_right_fist,trial_random,20260916,74,0.488131,0.488372,0.418605
imagery_left_right_fist,trial_random,20260916,75,0.510171,0.511111,0.488889
imagery_left_right_fist,trial_random,20260916,76,0.497611,0.5,0.47619
imagery_left_right_fist,trial_random,20260916,77,0.519915,0.533333,0.4
imagery_left_right_fist,trial_random,20260916,78,0.494603,0.488889,0.466667
imagery_left_right_fist,trial_random,20260916,79,0.52368,0.511111,0.4
imagery_left_right_fist,trial_random,20260916,80,0.495378,0.488889,0.377778
imagery_left_right_fist,trial_random,20260916,81,0.513831,0.511111,0.422222
imagery_left_right_fist,trial_random,20260916,82,0.470609,0.488889,0.422222
imagery_left_right_fist,trial_random,20260916,83,0.511111,0.511111,0.466667
imagery_left_right_fist,trial_random,20260916,84,0.495452,0.488889,0.311111
imagery_left_right_fist,trial_random,20260916,85,0.462126,0.488889,0.333333
imagery_left_right_fist,trial_random,20260916,86,0.511111,0.511111,0.466667
imagery_left_right_fist,trial_random,20260916,87,0.509058,0.511111,0.488889
imagery_left_right_fist,trial_random,20260916,88,0.498625,0.491228,0.333333
imagery_left_right_fist,trial_random,20260916,89,0.487121,0.466667,0.422222
imagery_left_right_fist,trial_random,20260916,90,0.529211,0.511111,0.4
imagery_left_right_fist,trial_random,20260916,91,0.507744,0.511111,0.466667
imagery_left_right_fist,trial_random,20260916,92,0.534153,0.526316,0.45614
imagery_left_right_fist,trial_random,20260916,93,0.491061,0.488889,0.444444
imagery_left_right_fist,trial_random,20260916,94,0.507646,0.511111,0.444444
imagery_left_right_fist,trial_random,20260916,95,0.490972,0.488889,0.466667
imagery_left_right_fist,trial_random,20260916,96,0.498184,0.488889,0.377778
imagery_left_right_fist,trial_random,20260916,97,0.497438,0.488889,0.377778
imagery_left_right_fist,trial_random,20260916,98,0.503632,0.488889,0.4
imagery_left_right_fist,trial_random,20260916,99,0.502855,0.511111,0.444444
imagery_left_right_fist,trial_random,20260916,100,0.488519,0.5,0.444444
imagery_left_right_fist,trial_random,20260916,101,0.520405,0.511111,0.377778
imagery_left_right_fist,trial_random,20260916,102,0.433144,0.5,0.261905
imagery_left_right_fist,trial_random,20260916,103,0.50658,0.511111,0.4
imagery_left_right_fist,trial_random,20260916,104,0.501277,0.5,0.47619
imagery_left_right_fist,trial_random,20260916,105,0.476283,0.488889,0.4
imagery_left_right_fist,trial_random,20260916,106,0.467012,0.466667,0.533333
imagery_left_right_fist,trial_random,20260916,107,0.458665,0.466667,0.444444
imagery_left_right_fist,trial_random,20260916,108,0.509028,0.511111,0.466667
imagery_left_right_fist,trial_random,20260916,109,0.493353,0.488889,0.444444
imagery_left_right_fist,trial_random,20260917,1,0.485522,0.488889,0.466667
imagery_left_right_fist,trial_random,20260917,2,0.49281,0.488889,0.466667
imagery_left_right_fist,trial_random,20260917,3,0.488889,0.488889,0.422222
imagery_left_right_fist,trial_random,20260917,4,0.484127,0.488889,0.422222
imagery_left_right_fist,trial_random,20260917,5,0.535417,0.533333,0.422222
imagery_left_right_fist,trial_random,20260917,6,0.461607,0.466667,0.422222
imagery_left_right_fist,trial_random,20260917,7,0.486135,0.488889,0.377778
imagery_left_right_fist,trial_random,20260917,8,0.529624,0.511111,0.377778
imagery_left_right_fist,trial_random,20260917,9,0.413877,0.466667,0.244444
imagery_left_right_fist,trial_random,20260917,10,0.466436,0.466667,0.533333
imagery_left_right_fist,trial_random,20260917,11,0.486881,0.488889,0.4
imagery_left_right_fist,trial_random,20260917,12,0.534446,0.533333,0.444444
imagery_left_right_fist,trial_random,20260917,13,0.501181,0.488889,0.377778
imagery_left_right_fist,trial_random,20260917,14,0.527341,0.511111,0.4
imagery_left_right_fist,trial_random,20260917,15,0.484127,0.488889,0.422222
imagery_left_right_fist,trial_random,20260917,16,0.513492,0.511111,0.377778
imagery_left_right_fist,trial_random,20260917,17,0.503227,0.488889,0.444444
imagery_left_right_fist,trial_random,20260917,18,0.504759,0.511111,0.444444
imagery_left_right_fist,trial_random,20260917,19,0.488889,0.488889,0.466667
imagery_left_right_fist,trial_random,20260917,20,0.496768,0.488889,0.444444
imagery_left_right_fist,trial_random,20260917,21,0.47072,0.466667,0.422222
imagery_left_right_fist,trial_random,20260917,22,0.484444,0.511111,0.355556
imagery_left_right_fist,trial_random,20260917,23,0.511021,0.511111,0.422222
imagery_left_right_fist,trial_random,20260917,24,0.523573,0.511111,0.422222
imagery_left_right_fist,trial_random,20260917,25,0.511013,0.511111,0.466667
imagery_left_right_fist,trial_random,20260917,26,0.448485,0.466667,0.333333
imagery_left_right_fist,trial_random,20260917,27,0.490972,0.488889,0.422222
imagery_left_right_fist,trial_random,20260917,28,0.508396,0.511111,0.4
imagery_left_right_fist,trial_random,20260917,29,0.484812,0.488889,0.377778
imagery_left_right_fist,trial_random,20260917,30,0.47072,0.466667,0.422222
imagery_left_right_fist,trial_random,20260917,31,0.5221,0.511111,0.466667
imagery_left_right_fist,trial_random,20260917,32,0.545714,0.533333,0.444444
imagery_left_right_fist,trial_random,20260917,33,0.459646,0.488889,0.333333
imagery_left_right_fist,trial_random,20260917,34,0.513909,0.511628,0.418605
imagery_left_right_fist,trial_random,20260917,35,0.511074,0.511111,0.422222
imagery_left_right_fist,trial_random,20260917,36,0.506473,0.488889,0.311111
imagery_left_right_fist,trial_random,20260917,37,0.490452,0.488372,0.488372
imagery_left_right_fist,trial_random,20260917,38,0.473969,0.488889,0.444444
imagery_left_right_fist,trial_random,20260917,39,0.479007,0.488889,0.422222
imagery_left_right_fist,trial_random,20260917,40,0.530316,0.533333,0.4
imagery_left_right_fist,trial_random,20260917,41,0.483916,0.477273,0.386364
imagery_left_right_fist,trial_random,20260917,42,0.507646,0.511111,0.466667
imagery_left_right_fist,trial_random,20260917,43,0.496606,0.488889,0.444444
imagery_left_right_fist,trial_random,20260917,44,0.518646,0.511111,0.422222
imagery_left_right_fist,trial_random,20260917,45,0.487739,0.488889,0.444444
imagery_left_right_fist,trial_random,20260917,46,0.468301,0.488889,0.422222
imagery_left_right_fist,trial_random,20260917,47,0.456287,0.466667,0.444444
imagery_left_right_fist,trial_random,20260917,48,0.505795,0.511111,0.422222
imagery_left_right_fist,trial_random,20260917,49,0.489187,0.488889,0.377778
imagery_left_right_fist,trial_random,20260917,50,0.466466,0.488889,0.377778
imagery_left_right_fist,trial_random,20260917,51,0.461904,0.466667,0.444444
imagery_left_right_fist,trial_random,20260917,52,0.466369,0.466667,0.533333
imagery_left_right_fist,trial_random,20260917,53,0.497626,0.511111,0.377778
imagery_left_right_fist,trial_random,20260917,54,0.483261,0.488889,0.488889
imagery_left_right_fist,trial_random,20260917,55,0.493056,0.488889,0.422222
imagery_left_right_fist,trial_random,20260917,56,0.504759,0.511111,0.444444
imagery_left_right_fist,trial_random,20260917,57,0.474074,0.466667,0.377778
imagery_left_right_fist,trial_random,20260917,58,0.465308,0.466667,0.466667
imagery_left_right_fist,trial_random,20260917,59,0.477381,0.466667,0.355556
imagery_left_right_fist,trial_random,20260917,60,0.492256,0.488889,0.466667
imagery_left_right_fist,trial_random,20260917,61,0.505795,0.511111,0.377778
imagery_left_right_fist,trial_random,20260917,62,0.487777,0.488889,0.466667
imagery_left_right_fist,trial_random,20260917,63,0.500851,0.511111,0.422222
imagery_left_right_fist,trial_random,20260917,64,0.476398,0.477273,0.454545
imagery_left_right_fist,trial_random,20260917,65,0.461716,0.466667,0.422222
imagery_left_right_fist,trial_random,20260917,66,0.50101,0.511111,0.422222
imagery_left_right_fist,trial_random,20260917,67,0.497626,0.511111,0.377778
imagery_left_right_fist,trial_random,20260917,68,0.493968,0.511111,0.422222
imagery_left_right_fist,trial_random,20260917,69,0.457143,0.466667,0.355556
imagery_left_right_fist,trial_random,20260917,70,0.540278,0.511111,0.4
imagery_left_right_fist,trial_random,20260917,71,0.487879,0.511111,0.444444
imagery_left_right_fist,trial_random,20260917,72,0.470799,0.488372,0.348837
imagery_left_right_fist,trial_random,20260917,73,0.499954,0.5,0.452381
imagery_left_right_fist,trial_random,20260917,74,0.490742,0.488372,0.395349
imagery_left_right_fist,trial_random,20260917,75,0.515672,0.511111,0.355556
imagery_left_right_fist,trial_random,20260917,76,0.497611,0.5,0.47619
imagery_left_right_fist,trial_random,20260917,77,0.536819,0.533333,0.422222
imagery_left_right_fist,trial_random,20260917,78,0.49128,0.488889,0.311111
imagery_left_right_fist,trial_random,20260917,79,0.513575,0.511111,0.377778
imagery_left_right_fist,trial_random,20260917,80,0.499113,0.488889,0.422222
imagery_left_right_fist,trial_random,20260917,81,0.494585,0.511111,0.355556
imagery_left_right_fist,trial_random,20260917,82,0.4468,0.488889,0.333333
imagery_left_right_fist,trial_random,20260917,83,0.484518,0.511111,0.4
imagery_left_right_fist,trial_random,20260917,84,0.487739,0.488889,0.4
imagery_left_right_fist,trial_random,20260917,85,0.486124,0.488889,0.466667
imagery_left_right_fist,trial_random,20260917,86,0.520337,0.511111,0.377778
imagery_left_right_fist,trial_random,20260917,87,0.500095,0.511111,0.288889
imagery_left_right_fist,trial_random,20260917,88,0.476931,0.491228,0.45614
imagery_left_right_fist,trial_random,20260917,89,0.47661,0.466667,0.444444
imagery_left_right_fist,trial_random,20260917,90,0.510036,0.511111,0.377778
imagery_left_right_fist,trial_random,20260917,91,0.520405,0.511111,0.377778
imagery_left_right_fist,trial_random,20260917,92,0.522368,0.526316,0.526316
imagery_left_right_fist,trial_random,20260917,93,0.47729,0.488889,0.355556
imagery_left_right_fist,trial_random,20260917,94,0.550146,0.511111,0.4
imagery_left_right_fist,trial_random,20260917,95,0.480556,0.488889,0.466667
imagery_left_right_fist,trial_random,20260917,96,0.4991,0.488889,0.444444
imagery_left_right_fist,trial_random,20260917,97,0.489829,0.488889,0.488889
imagery_left_right_fist,trial_random,20260917,98,0.491077,0.488889,0.444444
imagery_left_right_fist,trial_random,20260917,99,0.469465,0.511111,0.422222
imagery_left_right_fist,trial_random,20260917,100,0.525,0.5,0.333333
imagery_left_right_fist,trial_random,20260917,101,0.491641,0.511111,0.311111
imagery_left_right_fist,trial_random,20260917,102,0.498228,0.5,0.404762
imagery_left_right_fist,trial_random,20260917,103,0.510745,0.511111,0.444444
imagery_left_right_fist,trial_random,20260917,104,0.484245,0.5,0.428571
imagery_left_right_fist,trial_random,20260917,105,0.485522,0.488889,0.466667
imagery_left_right_fist,trial_random,20260917,106,0.477765,0.466667,0.444444
imagery_left_right_fist,trial_random,20260917,107,0.477679,0.466667,0.377778
imagery_left_right_fist,trial_random,20260917,108,0.508923,0.511111,0.466667
imagery_left_right_fist,trial_random,20260917,109,0.476549,0.488889,0.4
imagery_left_right_fist,trial_random,20260918,1,0.489829,0.488889,0.511111
imagery_left_right_fist,trial_random,20260918,2,0.481818,0.488889,0.466667
imagery_left_right_fist,trial_random,20260918,3,0.484425,0.488889,0.444444
imagery_left_right_fist,trial_random,20260918,4,0.481788,0.488889,0.444444
imagery_left_right_fist,trial_random,20260918,5,0.536572,0.533333,0.377778
imagery_left_right_fist,trial_random,20260918,6,0.463218,0.466667,0.533333
imagery_left_right_fist,trial_random,20260918,7,0.487739,0.488889,0.466667
imagery_left_right_fist,trial_random,20260918,8,0.503968,0.511111,0.333333
imagery_left_right_fist,trial_random,20260918,9,0.460149,0.466667,0.4
imagery_left_right_fist,trial_random,20260918,10,0.449784,0.466667,0.533333
imagery_left_right_fist,trial_random,20260918,11,0.503928,0.488889,0.377778
imagery_left_right_fist,trial_random,20260918,12,0.546746,0.533333,0.4
imagery_left_right_fist,trial_random,20260918,13,0.49342,0.488889,0.355556
imagery_left_right_fist,trial_random,20260918,14,0.501684,0.511111,0.4
imagery_left_right_fist,trial_random,20260918,15,0.49746,0.488889,0.4
imagery_left_right_fist,trial_random,20260918,16,0.489387,0.511111,0.377778
imagery_left_right_fist,trial_random,20260918,17,0.496877,0.488889,0.355556
imagery_left_right_fist,trial_random,20260918,18,0.491667,0.511111,0.422222
imagery_left_right_fist,trial_random,20260918,19,0.488889,0.488889,0.511111
imagery_left_right_fist,trial_random,20260918,20,0.483829,0.488889,0.355556
imagery_left_right_fist,trial_random,20260918,21,0.465308,0.466667,0.533333
imagery_left_right_fist,trial_random,20260918,22,0.522367,0.511111,0.466667
imagery_left_right_fist,trial_random,20260918,23,0.513492,0.511111,0.422222
imagery_left_right_fist,trial_random,20260918,24,0.523232,0.511111,0.444444
imagery_left_right_fist,trial_random,20260918,25,0.525589,0.511111,0.355556
imagery_left_right_fist,trial_random,20260918,26,0.464479,0.466667,0.4
imagery_left_right_fist,trial_random,20260918,27,0.483052,0.488889,0.422222
imagery_left_right_fist,trial_random,20260918,28,0.493096,0.511111,0.377778
imagery_left_right_fist,trial_random,20260918,29,0.488889,0.488889,0.444444
imagery_left_right_fist,trial_random,20260918,30,0.453166,0.466667,0.444444
imagery_left_right_fist,trial_random,20260918,31,0.512261,0.511111,0.444444
imagery_left_right_fist,trial_random,20260918,32,0.529704,0.533333,0.4
imagery_left_right_fist,trial_random,20260918,33,0.54053,0.488889,0.355556
imagery_left_right_fist,trial_random,20260918,34,0.499821,0.511628,0.395349
imagery_left_right_fist,trial_random,20260918,35,0.511111,0.511111,0.333333
imagery_left_right_fist,trial_random,20260918,36,0.487739,0.488889,0.422222
imagery_left_right_fist,trial_random,20260918,37,0.49005,0.488372,0.465116
imagery_left_right_fist,trial_random,20260918,38,0.463587,0.488889,0.355556
imagery_left_right_fist,trial_random,20260918,39,0.478351,0.488889,0.466667
imagery_left_right_fist,trial_random,20260918,40,0.535595,0.533333,0.444444
imagery_left_right_fist,trial_random,20260918,41,0.492886,0.477273,0.363636
imagery_left_right_fist,trial_random,20260918,42,0.532237,0.511111,0.4
imagery_left_right_fist,trial_random,20260918,43,0.492256,0.488889,0.466667
imagery_left_right_fist,trial_random,20260918,44,0.509502,0.511111,0.444444
imagery_left_right_fist,trial_random,20260918,45,0.511682,0.488889,0.422222
imagery_left_right_fist,trial_random,20260918,46,0.481145,0.488889,0.4
imagery_left_right_fist,trial_random,20260918,47,0.479709,0.466667,0.444444
imagery_left_right_fist,trial_random,20260918,48,0.508504,0.511111,0.333333
imagery_left_right_fist,trial_random,20260918,49,0.470609,0.488889,0.422222
imagery_left_right_fist,trial_random,20260918,50,0.498184,0.488889,0.444444
imagery_left_right_fist,trial_random,20260918,51,0.473214,0.466667,0.422222
imagery_left_right_fist,trial_random,20260918,52,0.453922,0.466667,0.533333
imagery_left_right_fist,trial_random,20260918,53,0.513228,0.511111,0.4
imagery_left_right_fist,trial_random,20260918,54,0.480556,0.488889,0.466667
imagery_left_right_fist,trial_random,20260918,55,0.490942,0.488889,0.511111
imagery_left_right_fist,trial_random,20260918,56,0.509028,0.511111,0.422222
imagery_left_right_fist,trial_random,20260918,57,0.463255,0.466667,0.444444
imagery_left_right_fist,trial_random,20260918,58,0.470034,0.466667,0.444444
imagery_left_right_fist,trial_random,20260918,59,0.480845,0.466667,0.377778
imagery_left_right_fist,trial_random,20260918,60,0.484423,0.488889,0.444444
imagery_left_right_fist,trial_random,20260918,61,0.508081,0.511111,0.444444
imagery_left_right_fist,trial_random,20260918,62,0.494649,0.488889,0.444444
imagery_left_right_fist,trial_random,20260918,63,0.509028,0.511111,0.466667
imagery_left_right_fist,trial_random,20260918,64,0.495157,0.477273,0.454545
imagery_left_right_fist,trial_random,20260918,65,0.470536,0.466667,0.422222
imagery_left_right_fist,trial_random,20260918,66,0.513373,0.511111,0.444444
imagery_left_right_fist,trial_random,20260918,67,0.508214,0.511111,0.422222
imagery_left_right_fist,trial_random,20260918,68,0.495168,0.511111,0.355556
imagery_left_right_fist,trial_random,20260918,69,0.492072,0.466667,0.444444
imagery_left_right_fist,trial_random,20260918,70,0.476931,0.511111,0.355556
imagery_left_right_fist,trial_random,20260918,71,0.507222,0.511111,0.422222
imagery_left_right_fist,trial_random,20260918,72,0.493387,0.488372,0.465116
imagery_left_right_fist,trial_random,20260918,73,0.497491,0.5,0.428571
imagery_left_right_fist,trial_random,20260918,74,0.493844,0.488372,0.511628
imagery_left_right_fist,trial_random,20260918,75,0.523573,0.511111,0.422222
imagery_left_right_fist,trial_random,20260918,76,0.5,0.5,0.428571
imagery_left_right_fist,trial_random,20260918,77,0.545684,0.533333,0.422222
imagery_left_right_fist,trial_random,20260918,78,0.494088,0.488889,0.466667
imagery_left_right_fist,trial_random,20260918,79,0.512261,0.511111,0.488889
imagery_left_right_fist,trial_random,20260918,80,0.488889,0.488889,0.444444
imagery_left_right_fist,trial_random,20260918,81,0.512261,0.511111,0.355556
imagery_left_right_fist,trial_random,20260918,82,0.496386,0.488889,0.333333
imagery_left_right_fist,trial_random,20260918,83,0.516239,0.511111,0.444444
imagery_left_right_fist,trial_random,20260918,84,0.487682,0.488889,0.444444
imagery_left_right_fist,trial_random,20260918,85,0.505518,0.488889,0.422222
imagery_left_right_fist,trial_random,20260918,86,0.49814,0.511111,0.422222
imagery_left_right_fist,trial_random,20260918,87,0.512261,0.511111,0.4
imagery_left_right_fist,trial_random,20260918,88,0.488696,0.491228,0.403509
imagery_left_right_fist,trial_random,20260918,89,0.452158,0.466667,0.422222
imagery_left_right_fist,trial_random,20260918,90,0.515577,0.511111,0.444444
imagery_left_right_fist,trial_random,20260918,91,0.494605,0.511111,0.4
imagery_left_right_fist,trial_random,20260918,92,0.513499,0.526316,0.421053
imagery_left_right_fist,trial_random,20260918,93,0.49127,0.488889,0.444444
imagery_left_right_fist,trial_random,20260918,94,0.513492,0.511111,0.333333
imagery_left_right_fist,trial_random,20260918,95,0.489187,0.488889,0.377778
imagery_left_right_fist,trial_random,20260918,96,0.523965,0.488889,0.333333
imagery_left_right_fist,trial_random,20260918,97,0.483052,0.488889,0.422222
imagery_left_right_fist,trial_random,20260918,98,0.486508,0.488889,0.444444
imagery_left_right_fist,trial_random,20260918,99,0.508654,0.511111,0.4
imagery_left_right_fist,trial_random,20260918,100,0.499928,0.5,0.444444
imagery_left_right_fist,trial_random,20260918,101,0.525375,0.511111,0.422222
imagery_left_right_fist,trial_random,20260918,102,0.495465,0.5,0.452381
imagery_left_right_fist,trial_random,20260918,103,0.529211,0.511111,0.4
imagery_left_right_fist,trial_random,20260918,104,0.48974,0.5,0.380952
imagery_left_right_fist,trial_random,20260918,105,0.487777,0.488889,0.466667
imagery_left_right_fist,trial_random,20260918,106,0.465714,0.466667,0.533333
imagery_left_right_fist,trial_random,20260918,107,0.477154,0.466667,0.444444
imagery_left_right_fist,trial_random,20260918,108,0.509058,0.511111,0.488889
imagery_left_right_fist,trial_random,20260918,109,0.472683,0.488889,0.288889
imagery_left_right_fist,trial_random,20260919,1,0.488889,0.488889,0.466667
imagery_left_right_fist,trial_random,20260919,2,0.497817,0.488889,0.4
imagery_left_right_fist,trial_random,20260919,3,0.468421,0.488889,0.377778
imagery_left_right_fist,trial_random,20260919,4,0.486093,0.488889,0.488889
imagery_left_right_fist,trial_random,20260919,5,0.558333,0.533333,0.4
imagery_left_right_fist,trial_random,20260919,6,0.462373,0.466667,0.4
imagery_left_right_fist,trial_random,20260919,7,0.489927,0.488889,0.444444
imagery_left_right_fist,trial_random,20260919,8,0.510036,0.511111,0.466667
imagery_left_right_fist,trial_random,20260919,9,0.464253,0.466667,0.422222
imagery_left_right_fist,trial_random,20260919,10,0.452862,0.466667,0.4
imagery_left_right_fist,trial_random,20260919,11,0.461914,0.488889,0.4
imagery_left_right_fist,trial_random,20260919,12,0.534252,0.533333,0.4
imagery_left_right_fist,trial_random,20260919,13,0.486806,0.488889,0.422222
imagery_left_right_fist,trial_random,20260919,14,0.502797,0.511111,0.466667
imagery_left_right_fist,trial_random,20260919,15,0.533856,0.488889,0.333333
imagery_left_right_fist,trial_random,20260919,16,0.495577,0.511111,0.422222
imagery_left_right_fist,trial_random,20260919,17,0.485478,0.488889,0.4
imagery_left_right_fist,trial_random,20260919,18,0.517508,0.511111,0.422222
imagery_left_right_fist,trial_random,20260919,19,0.49899,0.488889,0.422222
imagery_left_right_fist,trial_random,20260919,20,0.508889,0.488889,0.355556
imagery_left_right_fist,trial_random,20260919,21,0.455717,0.466667,0.4
imagery_left_right_fist,trial_random,20260919,22,0.509028,0.511111,0.377778
imagery_left_right_fist,trial_random,20260919,23,0.510073,0.511111,0.444444
imagery_left_right_fist,trial_random,20260919,24,0.513492,0.511111,0.511111
imagery_left_right_fist,trial_random,20260919,25,0.511061,0.511111,0.466667
imagery_left_right_fist,trial_random,20260919,26,0.450245,0.466667,0.422222
imagery_left_right_fist,trial_random,20260919,27,0.482399,0.488889,0.466667
imagery_left_right_fist,trial_random,20260919,28,0.506961,0.511111,0.4
imagery_left_right_fist,trial_random,20260919,29,0.486111,0.488889,0.444444
imagery_left_right_fist,trial_random,20260919,30,0.472085,0.466667,0.466667
imagery_left_right_fist,trial_random,20260919,31,0.521201,0.511111,0.377778
imagery_left_right_fist,trial_random,20260919,32,0.535592,0.533333,0.333333
imagery_left_right_fist,trial_random,20260919,33,0.458413,0.488889,0.355556
imagery_left_right_fist,trial_random,20260919,34,0.520749,0.511628,0.395349
imagery_left_right_fist,trial_random,20260919,35,0.50873,0.511111,0.444444
imagery_left_right_fist,trial_random,20260919,36,0.507937,0.488889,0.444444
imagery_left_right_fist,trial_random,20260919,37,0.482387,0.488372,0.395349
imagery_left_right_fist,trial_random,20260919,38,0.487071,0.488889,0.488889
imagery_left_right_fist,trial_random,20260919,39,0.500577,0.488889,0.444444
imagery_left_right_fist,trial_random,20260919,40,0.533564,0.533333,0.4
imagery_left_right_fist,trial_random,20260919,41,0.449866,0.477273,0.386364
imagery_left_right_fist,trial_random,20260919,42,0.494585,0.511111,0.4
imagery_left_right_fist,trial_random,20260919,43,0.47381,0.488889,0.422222
imagery_left_right_fist,trial_random,20260919,44,0.489539,0.511111,0.222222
imagery_left_right_fist,trial_random,20260919,45,0.490338,0.488889,0.355556
imagery_left_right_fist,trial_random,20260919,46,0.49596,0.488889,0.422222
imagery_left_right_fist,trial_random,20260919,47,0.468928,0.466667,0.4
imagery_left_right_fist,trial_random,20260919,48,0.511417,0.511111,0.466667
imagery_left_right_fist,trial_random,20260919,49,0.487739,0.488889,0.488889
imagery_left_right_fist,trial_random,20260919,50,0.48127,0.488889,0.444444
imagery_left_right_fist,trial_random,20260919,51,0.471079,0.466667,0.4
imagery_left_right_fist,trial_random,20260919,52,0.455892,0.466667,0.444444
imagery_left_right_fist,trial_random,20260919,53,0.511222,0.511111,0.4
imagery_left_right_fist,trial_random,20260919,54,0.495241,0.488889,0.444444
imagery_left_right_fist,trial_random,20260919,55,0.512963,0.488889,0.377778
imagery_left_right_fist,trial_random,20260919,56,0.490989,0.511111,0.311111
imagery_left_right_fist,trial_random,20260919,57,0.452381,0.466667,0.466667
imagery_left_right_fist,trial_random,20260919,58,0.46663,0.466667,0.533333
imagery_left_right_fist,trial_random,20260919,59,0.475758,0.466667,0.466667
imagery_left_right_fist,trial_random,20260919,60,0.498321,0.488889,0.422222
imagery_left_right_fist,trial_random,20260919,61,0.511111,0.511111,0.511111
imagery_left_right_fist,trial_random,20260919,62,0.486806,0.488889,0.422222
imagery_left_right_fist,trial_random,20260919,63,0.516948,0.511111,0.422222
imagery_left_right_fist,trial_random,20260919,64,0.478788,0.477273,0.431818
imagery_left_right_fist,trial_random,20260919,65,0.439828,0.466667,0.422222
imagery_left_right_fist,trial_random,20260919,66,0.510983,0.511111,0.466667
imagery_left_right_fist,trial_random,20260919,67,0.494165,0.511111,0.4
imagery_left_right_fist,trial_random,20260919,68,0.515575,0.511111,0.444444
imagery_left_right_fist,trial_random,20260919,69,0.464128,0.466667,0.444444
imagery_left_right_fist,trial_random,20260919,70,0.523451,0.511111,0.4
imagery_left_right_fist,trial_random,20260919,71,0.511402,0.511111,0.466667
imagery_left_right_fist,trial_random,20260919,72,0.481535,0.488372,0.395349
imagery_left_right_fist,trial_random,20260919,73,0.502037,0.5,0.380952
imagery_left_right_fist,trial_random,20260919,74,0.487286,0.488372,0.44186
imagery_left_right_fist,trial_random,20260919,75,0.495602,0.511111,0.4
imagery_left_right_fist,trial_random,20260919,76,0.467927,0.5,0.309524
imagery_left_right_fist,trial_random,20260919,77,0.536268,0.533333,0.533333
imagery_left_right_fist,trial_random,20260919,78,0.49246,0.488889,0.422222
imagery_left_right_fist,trial_random,20260919,79,0.516239,0.511111,0.511111
imagery_left_right_fist,trial_random,20260919,80,0.487702,0.488889,0.444444
imagery_left_right_fist,trial_random,20260919,81,0.489377,0.511111,0.355556
imagery_left_right_fist,trial_random,20260919,82,0.497884,0.488889,0.444444
imagery_left_right_fist,trial_random,20260919,83,0.513538,0.511111,0.511111
imagery_left_right_fist,trial_random,20260919,84,0.482701,0.488889,0.355556
imagery_left_right_fist,trial_random,20260919,85,0.514268,0.488889,0.377778
imagery_left_right_fist,trial_random,20260919,86,0.565394,0.511111,0.311111
imagery_left_right_fist,trial_random,20260919,87,0.532112,0.511111,0.4
imagery_left_right_fist,trial_random,20260919,88,0.494752,0.491228,0.473684
imagery_left_right_fist,trial_random,20260919,89,0.467012,0.466667,0.533333
imagery_left_right_fist,trial_random,20260919,90,0.516196,0.511111,0.422222
imagery_left_right_fist,trial_random,20260919,91,0.509028,0.511111,0.444444
imagery_left_right_fist,trial_random,20260919,92,0.537341,0.526316,0.438596
imagery_left_right_fist,trial_random,20260919,93,0.502282,0.488889,0.355556
imagery_left_right_fist,trial_random,20260919,94,0.53844,0.511111,0.355556
imagery_left_right_fist,trial_random,20260919,95,0.485522,0.488889,0.466667
imagery_left_right_fist,trial_random,20260919,96,0.468083,0.488889,0.288889
imagery_left_right_fist,trial_random,20260919,97,0.480952,0.488889,0.444444
imagery_left_right_fist,trial_random,20260919,98,0.488926,0.488889,0.422222
imagery_left_right_fist,trial_random,20260919,99,0.505368,0.511111,0.377778
imagery_left_right_fist,trial_random,20260919,100,0.503968,0.5,0.388889
imagery_left_right_fist,trial_random,20260919,101,0.498016,0.511111,0.333333
imagery_left_right_fist,trial_random,20260919,102,0.5047,0.5,0.404762
imagery_left_right_fist,trial_random,20260919,103,0.521886,0.511111,0.4
imagery_left_right_fist,trial_random,20260919,104,0.499634,0.5,0.404762
imagery_left_right_fist,trial_random,20260919,105,0.477554,0.488889,0.355556
imagery_left_right_fist,trial_random,20260919,106,0.475397,0.466667,0.422222
imagery_left_right_fist,trial_random,20260919,107,0.485954,0.466667,0.377778
imagery_left_right_fist,trial_random,20260919,108,0.509925,0.511111,0.377778
imagery_left_right_fist,trial_random,20260919,109,0.506838,0.488889,0.377778
imagery_left_right_fist,trial_random,20260920,1,0.499149,0.488889,0.422222
imagery_left_right_fist,trial_random,20260920,2,0.496606,0.488889,0.466667
imagery_left_right_fist,trial_random,20260920,3,0.481818,0.488889,0.466667
imagery_left_right_fist,trial_random,20260920,4,0.49899,0.488889,0.422222
imagery_left_right_fist,trial_random,20260920,5,0.500735,0.533333,0.377778
imagery_left_right_fist,trial_random,20260920,6,0.47265,0.466667,0.533333
imagery_left_right_fist,trial_random,20260920,7,0.494205,0.488889,0.422222
imagery_left_right_fist,trial_random,20260920,8,0.518855,0.511111,0.4
imagery_left_right_fist,trial_random,20260920,9,0.469665,0.466667,0.355556
imagery_left_right_fist,trial_random,20260920,10,0.453968,0.466667,0.444444
imagery_left_right_fist,trial_random,20260920,11,0.483052,0.488889,0.422222
imagery_left_right_fist,trial_random,20260920,12,0.543247,0.533333,0.288889
imagery_left_right_fist,trial_random,20260920,13,0.491571,0.488889,0.422222
imagery_left_right_fist,trial_random,20260920,14,0.507646,0.511111,0.444444
imagery_left_right_fist,trial_random,20260920,15,0.484425,0.488889,0.444444
imagery_left_right_fist,trial_random,20260920,16,0.511013,0.511111,0.444444
imagery_left_right_fist,trial_random,20260920,17,0.489964,0.488889,0.511111
imagery_left_right_fist,trial_random,20260920,18,0.511111,0.511111,0.466667
imagery_left_right_fist,trial_random,20260920,19,0.510613,0.488889,0.377778
imagery_left_right_fist,trial_random,20260920,20,0.486508,0.488889,0.511111
imagery_left_right_fist,trial_random,20260920,21,0.469962,0.466667,0.533333
imagery_left_right_fist,trial_random,20260920,22,0.512318,0.511111,0.444444
imagery_left_right_fist,trial_random,20260920,23,0.505556,0.511111,0.466667
imagery_left_right_fist,trial_random,20260920,24,0.515493,0.511111,0.444444
imagery_left_right_fist,trial_random,20260920,25,0.514522,0.511111,0.4
imagery_left_right_fist,trial_random,20260920,26,0.47456,0.466667,0.444444
imagery_left_right_fist,trial_random,20260920,27,0.480205,0.488889,0.444444
imagery_left_right_fist,trial_random,20260920,28,0.512634,0.511111,0.422222
imagery_left_right_fist,trial_random,20260920,29,0.479595,0.488889,0.377778
imagery_left_right_fist,trial_random,20260920,30,0.462724,0.466667,0.533333
imagery_left_right_fist,trial_random,20260920,31,0.509028,0.511111,0.466667
imagery_left_right_fist,trial_random,20260920,32,0.560177,0.533333,0.444444
imagery_left_right_fist,trial_random,20260920,33,0.483804,0.488889,0.422222
imagery_left_right_fist,trial_random,20260920,34,0.509137,0.511628,0.488372
imagery_left_right_fist,trial_random,20260920,35,0.525375,0.511111,0.422222
imagery_left_right_fist,trial_random,20260920,36,0.485552,0.488889,0.422222
imagery_left_right_fist,trial_random,20260920,37,0.498624,0.488372,0.418605
imagery_left_right_fist,trial_random,20260920,38,0.47996,0.488889,0.4
imagery_left_right_fist,trial_random,20260920,39,0.488889,0.488889,0.444444
imagery_left_right_fist,trial_random,20260920,40,0.523906,0.533333,0.444444
imagery_left_right_fist,trial_random,20260920,41,0.406528,0.477273,0.295455
imagery_left_right_fist,trial_random,20260920,42,0.511879,0.511111,0.444444
imagery_left_right_fist,trial_random,20260920,43,0.483287,0.488889,0.466667
imagery_left_right_fist,trial_random,20260920,44,0.507937,0.511111,0.422222
imagery_left_right_fist,trial_random,20260920,45,0.500496,0.488889,0.311111
imagery_left_right_fist,trial_random,20260920,46,0.509425,0.488889,0.422222
imagery_left_right_fist,trial_random,20260920,47,0.464282,0.466667,0.533333
imagery_left_right_fist,trial_random,20260920,48,0.510983,0.511111,0.444444
imagery_left_right_fist,trial_random,20260920,49,0.490972,0.488889,0.511111
imagery_left_right_fist,trial_random,20260920,50,0.480952,0.488889,0.466667
imagery_left_right_fist,trial_random,20260920,51,0.443711,0.466667,0.444444
imagery_left_right_fist,trial_random,20260920,52,0.451724,0.466667,0.4
imagery_left_right_fist,trial_random,20260920,53,0.520993,0.511111,0.422222
imagery_left_right_fist,trial_random,20260920,54,0.460536,0.488889,0.4
imagery_left_right_fist,trial_random,20260920,55,0.466868,0.488889,0.355556
imagery_left_right_fist,trial_random,20260920,56,0.513492,0.511111,0.466667
imagery_left_right_fist,trial_random,20260920,57,0.478069,0.466667,0.4
imagery_left_right_fist,trial_random,20260920,58,0.474298,0.466667,0.444444
imagery_left_right_fist,trial_random,20260920,59,0.487719,0.466667,0.422222
imagery_left_right_fist,trial_random,20260920,60,0.488018,0.488889,0.444444
imagery_left_right_fist,trial_random,20260920,61,0.493535,0.511111,0.4
imagery_left_right_fist,trial_random,20260920,62,0.495241,0.488889,0.444444
imagery_left_right_fist,trial_random,20260920,63,0.509028,0.511111,0.466667
imagery_left_right_fist,trial_random,20260920,64,0.503664,0.477273,0.409091
imagery_left_right_fist,trial_random,20260920,65,0.477765,0.466667,0.444444
imagery_left_right_fist,trial_random,20260920,66,0.503232,0.511111,0.444444
imagery_left_right_fist,trial_random,20260920,67,0.529085,0.511111,0.422222
imagery_left_right_fist,trial_random,20260920,68,0.493216,0.511111,0.377778
imagery_left_right_fist,trial_random,20260920,69,0.480845,0.466667,0.377778
imagery_left_right_fist,trial_random,20260920,70,0.498945,0.511111,0.4
imagery_left_right_fist,trial_random,20260920,71,0.512137,0.511111,0.444444
imagery_left_right_fist,trial_random,20260920,72,0.489415,0.488372,0.348837
imagery_left_right_fist,trial_random,20260920,73,0.499634,0.5,0.404762
imagery_left_right_fist,trial_random,20260920,74,0.531344,0.488372,0.395349
imagery_left_right_fist,trial_random,20260920,75,0.516673,0.511111,0.377778
imagery_left_right_fist,trial_random,20260920,76,0.505562,0.5,0.380952
imagery_left_right_fist,trial_random,20260920,77,0.543493,0.533333,0.244444
imagery_left_right_fist,trial_random,20260920,78,0.489964,0.488889,0.511111
imagery_left_right_fist,trial_random,20260920,79,0.527946,0.511111,0.377778
imagery_left_right_fist,trial_random,20260920,80,0.494017,0.488889,0.444444
imagery_left_right_fist,trial_random,20260920,81,0.503439,0.511111,0.444444
imagery_left_right_fist,trial_random,20260920,82,0.492354,0.488889,0.466667
imagery_left_right_fist,trial_random,20260920,83,0.51105,0.511111,0.4
imagery_left_right_fist,trial_random,20260920,84,0.462763,0.488889,0.422222
imagery_left_right_fist,trial_random,20260920,85,0.486553,0.488889,0.4
imagery_left_right_fist,trial_random,20260920,86,0.511074,0.511111,0.422222
imagery_left_right_fist,trial_random,20260920,87,0.522421,0.511111,0.377778
imagery_left_right_fist,trial_random,20260920,88,0.48312,0.491228,0.421053
imagery_left_right_fist,trial_random,20260920,89,0.459524,0.466667,0.533333
imagery_left_right_fist,trial_random,20260920,90,0.528429,0.511111,0.4
imagery_left_right_fist,trial_random,20260920,91,0.505126,0.511111,0.422222
imagery_left_right_fist,trial_random,20260920,92,0.522155,0.526316,0.438596
imagery_left_right_fist,trial_random,20260920,93,0.47658,0.488889,0.422222
imagery_left_right_fist,trial_random,20260920,94,0.513492,0.511111,0.422222
imagery_left_right_fist,trial_random,20260920,95,0.492152,0.488889,0.4
imagery_left_right_fist,trial_random,20260920,96,0.487575,0.488889,0.511111
imagery_left_right_fist,trial_random,20260920,97,0.491686,0.488889,0.466667
imagery_left_right_fist,trial_random,20260920,98,0.493386,0.488889,0.377778
imagery_left_right_fist,trial_random,20260920,99,0.516215,0.511111,0.444444
imagery_left_right_fist,trial_random,20260920,100,0.496594,0.5,0.416667
imagery_left_right_fist,trial_random,20260920,101,0.520161,0.511111,0.444444
imagery_left_right_fist,trial_random,20260920,102,0.478824,0.5,0.238095
imagery_left_right_fist,trial_random,20260920,103,0.496717,0.511111,0.4
imagery_left_right_fist,trial_random,20260920,104,0.511442,0.5,0.357143
imagery_left_right_fist,trial_random,20260920,105,0.488598,0.488889,0.466667
imagery_left_right_fist,trial_random,20260920,106,0.454286,0.466667,0.444444
imagery_left_right_fist,trial_random,20260920,107,0.468577,0.466667,0.444444
imagery_left_right_fist,trial_random,20260920,108,0.494974,0.511111,0.4
imagery_left_right_fist,trial_random,20260920,109,0.486508,0.488889,0.311111
imagery_left_right_fist,run_disjoint,20260916,1,0.488889,0.488889,0.511111
imagery_left_right_fist,run_disjoint,20260916,2,0.488889,0.488889,0.511111
imagery_left_right_fist,run_disjoint,20260916,3,0.488889,0.488889,0.511111
imagery_left_right_fist,run_disjoint,20260916,4,0.488889,0.488889,0.511111
imagery_left_right_fist,run_disjoint,20260916,5,0.533333,0.533333,0.533333
imagery_left_right_fist,run_disjoint,20260916,6,0.466667,0.466667,0.533333
imagery_left_right_fist,run_disjoint,20260916,7,0.488889,0.488889,0.511111
imagery_left_right_fist,run_disjoint,20260916,8,0.511111,0.511111,0.466667
imagery_left_right_fist,run_disjoint,20260916,9,0.466667,0.466667,0.533333
imagery_left_right_fist,run_disjoint,20260916,10,0.466667,0.466667,0.533333
imagery_left_right_fist,run_disjoint,20260916,11,0.488889,0.488889,0.511111
imagery_left_right_fist,run_disjoint,20260916,12,0.533333,0.533333,0.533333
imagery_left_right_fist,run_disjoint,20260916,13,0.488889,0.488889,0.511111
imagery_left_right_fist,run_disjoint,20260916,14,0.511111,0.511111,0.466667
imagery_left_right_fist,run_disjoint,20260916,15,0.488889,0.488889,0.511111
imagery_left_right_fist,run_disjoint,20260916,16,0.511111,0.511111,0.466667
imagery_left_right_fist,run_disjoint,20260916,17,0.488889,0.488889,0.511111
imagery_left_right_fist,run_disjoint,20260916,18,0.511111,0.511111,0.466667
imagery_left_right_fist,run_disjoint,20260916,19,0.488889,0.488889,0.511111
imagery_left_right_fist,run_disjoint,20260916,20,0.488889,0.488889,0.511111
imagery_left_right_fist,run_disjoint,20260916,21,0.466667,0.466667,0.533333
imagery_left_right_fist,run_disjoint,20260916,22,0.511111,0.511111,0.466667
imagery_left_right_fist,run_disjoint,20260916,23,0.511111,0.511111,0.466667
imagery_left_right_fist,run_disjoint,20260916,24,0.511111,0.511111,0.466667
imagery_left_right_fist,run_disjoint,20260916,25,0.511111,0.511111,0.466667
imagery_left_right_fist,run_disjoint,20260916,26,0.466667,0.466667,0.533333
imagery_left_right_fist,run_disjoint,20260916,27,0.488889,0.488889,0.511111
imagery_left_right_fist,run_disjoint,20260916,28,0.511111,0.511111,0.466667
imagery_left_right_fist,run_disjoint,20260916,29,0.488889,0.488889,0.511111
imagery_left_right_fist,run_disjoint,20260916,30,0.466667,0.466667,0.533333
imagery_left_right_fist,run_disjoint,20260916,31,0.511111,0.511111,0.466667
imagery_left_right_fist,run_disjoint,20260916,32,0.533333,0.533333,0.533333
imagery_left_right_fist,run_disjoint,20260916,33,0.488889,0.488889,0.511111
imagery_left_right_fist,run_disjoint,20260916,34,0.511227,0.511628,0.488372
imagery_left_right_fist,run_disjoint,20260916,35,0.511111,0.511111,0.466667
imagery_left_right_fist,run_disjoint,20260916,36,0.488889,0.488889,0.511111
imagery_left_right_fist,run_disjoint,20260916,37,0.488773,0.488372,0.511628
imagery_left_right_fist,run_disjoint,20260916,38,0.488889,0.488889,0.511111
imagery_left_right_fist,run_disjoint,20260916,39,0.488889,0.488889,0.511111
imagery_left_right_fist,run_disjoint,20260916,40,0.533333,0.533333,0.533333
imagery_left_right_fist,run_disjoint,20260916,41,0.477638,0.477273,0.522727
imagery_left_right_fist,run_disjoint,20260916,42,0.511111,0.511111,0.466667
imagery_left_right_fist,run_disjoint,20260916,43,0.488889,0.488889,0.511111
imagery_left_right_fist,run_disjoint,20260916,44,0.511111,0.511111,0.466667
imagery_left_right_fist,run_disjoint,20260916,45,0.488889,0.488889,0.511111
imagery_left_right_fist,run_disjoint,20260916,46,0.488889,0.488889,0.511111
imagery_left_right_fist,run_disjoint,20260916,47,0.466667,0.466667,0.533333
imagery_left_right_fist,run_disjoint,20260916,48,0.511111,0.511111,0.466667
imagery_left_right_fist,run_disjoint,20260916,49,0.488889,0.488889,0.511111
imagery_left_right_fist,run_disjoint,20260916,50,0.488889,0.488889,0.511111
imagery_left_right_fist,run_disjoint,20260916,51,0.466667,0.466667,0.533333
imagery_left_right_fist,run_disjoint,20260916,52,0.466667,0.466667,0.533333
imagery_left_right_fist,run_disjoint,20260916,53,0.511111,0.511111,0.466667
imagery_left_right_fist,run_disjoint,20260916,54,0.488889,0.488889,0.511111
imagery_left_right_fist,run_disjoint,20260916,55,0.488889,0.488889,0.511111
imagery_left_right_fist,run_disjoint,20260916,56,0.511111,0.511111,0.466667
imagery_left_right_fist,run_disjoint,20260916,57,0.466667,0.466667,0.533333
imagery_left_right_fist,run_disjoint,20260916,58,0.466667,0.466667,0.533333
imagery_left_right_fist,run_disjoint,20260916,59,0.466667,0.466667,0.533333
imagery_left_right_fist,run_disjoint,20260916,60,0.488889,0.488889,0.511111
imagery_left_right_fist,run_disjoint,20260916,61,0.511111,0.511111,0.466667
imagery_left_right_fist,run_disjoint,20260916,62,0.488889,0.488889,0.511111
imagery_left_right_fist,run_disjoint,20260916,63,0.511111,0.511111,0.466667
imagery_left_right_fist,run_disjoint,20260916,64,0.477638,0.477273,0.522727
imagery_left_right_fist,run_disjoint,20260916,65,0.466667,0.466667,0.533333
imagery_left_right_fist,run_disjoint,20260916,66,0.511111,0.511111,0.466667
imagery_left_right_fist,run_disjoint,20260916,67,0.511111,0.511111,0.466667
imagery_left_right_fist,run_disjoint,20260916,68,0.511111,0.511111,0.466667
imagery_left_right_fist,run_disjoint,20260916,69,0.466667,0.466667,0.533333
imagery_left_right_fist,run_disjoint,20260916,70,0.511111,0.511111,0.466667
imagery_left_right_fist,run_disjoint,20260916,71,0.511111,0.511111,0.466667
imagery_left_right_fist,run_disjoint,20260916,72,0.488773,0.488372,0.511628
imagery_left_right_fist,run_disjoint,20260916,73,0.5,0.5,0.5
imagery_left_right_fist,run_disjoint,20260916,74,0.488773,0.488372,0.511628
imagery_left_right_fist,run_disjoint,20260916,75,0.511111,0.511111,0.466667
imagery_left_right_fist,run_disjoint,20260916,76,0.5,0.5,0.5
imagery_left_right_fist,run_disjoint,20260916,77,0.533333,0.533333,0.533333
imagery_left_right_fist,run_disjoint,20260916,78,0.488889,0.488889,0.511111
imagery_left_right_fist,run_disjoint,20260916,79,0.511111,0.511111,0.466667
imagery_left_right_fist,run_disjoint,20260916,80,0.488889,0.488889,0.511111
imagery_left_right_fist,run_disjoint,20260916,81,0.511111,0.511111,0.466667
imagery_left_right_fist,run_disjoint,20260916,82,0.488889,0.488889,0.511111
imagery_left_right_fist,run_disjoint,20260916,83,0.511111,0.511111,0.466667
imagery_left_right_fist,run_disjoint,20260916,84,0.488889,0.488889,0.511111
imagery_left_right_fist,run_disjoint,20260916,85,0.488889,0.488889,0.511111
imagery_left_right_fist,run_disjoint,20260916,86,0.511111,0.511111,0.466667
imagery_left_right_fist,run_disjoint,20260916,87,0.511111,0.511111,0.466667
imagery_left_right_fist,run_disjoint,20260916,88,0.491228,0.491228,0.508772
imagery_left_right_fist,run_disjoint,20260916,89,0.466667,0.466667,0.533333
imagery_left_right_fist,run_disjoint,20260916,90,0.511111,0.511111,0.466667
imagery_left_right_fist,run_disjoint,20260916,91,0.511111,0.511111,0.466667
imagery_left_right_fist,run_disjoint,20260916,92,0.526316,0.526316,0.526316
imagery_left_right_fist,run_disjoint,20260916,93,0.488889,0.488889,0.511111
imagery_left_right_fist,run_disjoint,20260916,94,0.511111,0.511111,0.466667
imagery_left_right_fist,run_disjoint,20260916,95,0.488889,0.488889,0.511111
imagery_left_right_fist,run_disjoint,20260916,96,0.488889,0.488889,0.511111
imagery_left_right_fist,run_disjoint,20260916,97,0.488889,0.488889,0.511111
imagery_left_right_fist,run_disjoint,20260916,98,0.488889,0.488889,0.511111
imagery_left_right_fist,run_disjoint,20260916,99,0.511111,0.511111,0.466667
imagery_left_right_fist,run_disjoint,20260916,100,0.5,0.5,0.5
imagery_left_right_fist,run_disjoint,20260916,101,0.511111,0.511111,0.466667
imagery_left_right_fist,run_disjoint,20260916,102,0.5,0.5,0.5
imagery_left_right_fist,run_disjoint,20260916,103,0.511111,0.511111,0.466667
imagery_left_right_fist,run_disjoint,20260916,104,0.5,0.5,0.47619
imagery_left_right_fist,run_disjoint,20260916,105,0.488889,0.488889,0.511111
imagery_left_right_fist,run_disjoint,20260916,106,0.466667,0.466667,0.533333
imagery_left_right_fist,run_disjoint,20260916,107,0.466667,0.466667,0.533333
imagery_left_right_fist,run_disjoint,20260916,108,0.511111,0.511111,0.466667
imagery_left_right_fist,run_disjoint,20260916,109,0.488889,0.488889,0.511111
imagery_left_right_fist,subject_disjoint,20260916,1,0.494756,0.488889,0.511111
imagery_left_right_fist,subject_disjoint,20260916,2,0.496335,0.488889,0.511111
imagery_left_right_fist,subject_disjoint,20260916,3,0.496335,0.488889,0.511111
imagery_left_right_fist,subject_disjoint,20260916,4,0.496037,0.488889,0.511111
imagery_left_right_fist,subject_disjoint,20260916,5,0.494756,0.533333,0.466667
imagery_left_right_fist,subject_disjoint,20260916,6,0.494756,0.466667,0.533333
imagery_left_right_fist,subject_disjoint,20260916,7,0.496037,0.488889,0.511111
imagery_left_right_fist,subject_disjoint,20260916,8,0.496335,0.511111,0.488889
imagery_left_right_fist,subject_disjoint,20260916,9,0.496037,0.466667,0.533333
imagery_left_right_fist,subject_disjoint,20260916,10,0.496037,0.466667,0.533333
imagery_left_right_fist,subject_disjoint,20260916,11,0.496335,0.488889,0.511111
imagery_left_right_fist,subject_disjoint,20260916,12,0.496335,0.533333,0.466667
imagery_left_right_fist,subject_disjoint,20260916,13,0.494756,0.488889,0.511111
imagery_left_right_fist,subject_disjoint,20260916,14,0.496037,0.511111,0.488889
imagery_left_right_fist,subject_disjoint,20260916,15,0.494756,0.488889,0.511111
imagery_left_right_fist,subject_disjoint,20260916,16,0.494756,0.511111,0.488889
imagery_left_right_fist,subject_disjoint,20260916,17,0.494756,0.488889,0.511111
imagery_left_right_fist,subject_disjoint,20260916,18,0.496335,0.511111,0.488889
imagery_left_right_fist,subject_disjoint,20260916,19,0.496335,0.488889,0.511111
imagery_left_right_fist,subject_disjoint,20260916,20,0.496335,0.488889,0.511111
imagery_left_right_fist,subject_disjoint,20260916,21,0.496037,0.466667,0.533333
imagery_left_right_fist,subject_disjoint,20260916,22,0.496335,0.511111,0.488889
imagery_left_right_fist,subject_disjoint,20260916,23,0.494756,0.511111,0.488889
imagery_left_right_fist,subject_disjoint,20260916,24,0.496037,0.511111,0.488889
imagery_left_right_fist,subject_disjoint,20260916,25,0.496037,0.511111,0.488889
imagery_left_right_fist,subject_disjoint,20260916,26,0.496335,0.466667,0.533333
imagery_left_right_fist,subject_disjoint,20260916,27,0.496335,0.488889,0.511111
imagery_left_right_fist,subject_disjoint,20260916,28,0.496335,0.511111,0.488889
imagery_left_right_fist,subject_disjoint,20260916,29,0.496335,0.488889,0.511111
imagery_left_right_fist,subject_disjoint,20260916,30,0.496037,0.466667,0.533333
imagery_left_right_fist,subject_disjoint,20260916,31,0.494756,0.511111,0.488889
imagery_left_right_fist,subject_disjoint,20260916,32,0.494756,0.533333,0.466667
imagery_left_right_fist,subject_disjoint,20260916,33,0.496037,0.488889,0.511111
imagery_left_right_fist,subject_disjoint,20260916,34,0.496335,0.511628,0.488372
imagery_left_right_fist,subject_disjoint,20260916,35,0.494756,0.511111,0.488889
imagery_left_right_fist,subject_disjoint,20260916,36,0.496037,0.488889,0.511111
imagery_left_right_fist,subject_disjoint,20260916,37,0.494756,0.488372,0.511628
imagery_left_right_fist,subject_disjoint,20260916,38,0.496335,0.488889,0.511111
imagery_left_right_fist,subject_disjoint,20260916,39,0.494756,0.488889,0.511111
imagery_left_right_fist,subject_disjoint,20260916,40,0.496335,0.533333,0.466667
imagery_left_right_fist,subject_disjoint,20260916,41,0.494756,0.477273,0.522727
imagery_left_right_fist,subject_disjoint,20260916,42,0.496335,0.511111,0.488889
imagery_left_right_fist,subject_disjoint,20260916,43,0.496335,0.488889,0.511111
imagery_left_right_fist,subject_disjoint,20260916,44,0.496037,0.511111,0.488889
imagery_left_right_fist,subject_disjoint,20260916,45,0.494756,0.488889,0.511111
imagery_left_right_fist,subject_disjoint,20260916,46,0.496037,0.488889,0.511111
imagery_left_right_fist,subject_disjoint,20260916,47,0.496335,0.466667,0.533333
imagery_left_right_fist,subject_disjoint,20260916,48,0.496335,0.511111,0.488889
imagery_left_right_fist,subject_disjoint,20260916,49,0.496335,0.488889,0.511111
imagery_left_right_fist,subject_disjoint,20260916,50,0.494756,0.488889,0.511111
imagery_left_right_fist,subject_disjoint,20260916,51,0.494756,0.466667,0.533333
imagery_left_right_fist,subject_disjoint,20260916,52,0.496335,0.466667,0.533333
imagery_left_right_fist,subject_disjoint,20260916,53,0.496037,0.511111,0.488889
imagery_left_right_fist,subject_disjoint,20260916,54,0.496037,0.488889,0.511111
imagery_left_right_fist,subject_disjoint,20260916,55,0.494756,0.488889,0.511111
imagery_left_right_fist,subject_disjoint,20260916,56,0.496037,0.511111,0.488889
imagery_left_right_fist,subject_disjoint,20260916,57,0.496335,0.466667,0.533333
imagery_left_right_fist,subject_disjoint,20260916,58,0.496037,0.466667,0.533333
imagery_left_right_fist,subject_disjoint,20260916,59,0.494756,0.466667,0.533333
imagery_left_right_fist,subject_disjoint,20260916,60,0.496335,0.488889,0.511111
imagery_left_right_fist,subject_disjoint,20260916,61,0.496037,0.511111,0.488889
imagery_left_right_fist,subject_disjoint,20260916,62,0.496335,0.488889,0.511111
imagery_left_right_fist,subject_disjoint,20260916,63,0.496037,0.511111,0.488889
imagery_left_right_fist,subject_disjoint,20260916,64,0.496335,0.477273,0.522727
imagery_left_right_fist,subject_disjoint,20260916,65,0.494756,0.466667,0.533333
imagery_left_right_fist,subject_disjoint,20260916,66,0.494756,0.511111,0.488889
imagery_left_right_fist,subject_disjoint,20260916,67,0.494756,0.511111,0.488889
imagery_left_right_fist,subject_disjoint,20260916,68,0.494756,0.511111,0.488889
imagery_left_right_fist,subject_disjoint,20260916,69,0.496037,0.466667,0.533333
imagery_left_right_fist,subject_disjoint,20260916,70,0.494756,0.511111,0.488889
imagery_left_right_fist,subject_disjoint,20260916,71,0.494756,0.511111,0.488889
imagery_left_right_fist,subject_disjoint,20260916,72,0.496335,0.488372,0.511628
imagery_left_right_fist,subject_disjoint,20260916,73,0.494756,0.5,0.5
imagery_left_right_fist,subject_disjoint,20260916,74,0.496037,0.488372,0.511628
imagery_left_right_fist,subject_disjoint,20260916,75,0.494756,0.511111,0.488889
imagery_left_right_fist,subject_disjoint,20260916,76,0.496037,0.5,0.5
imagery_left_right_fist,subject_disjoint,20260916,77,0.494756,0.533333,0.466667
imagery_left_right_fist,subject_disjoint,20260916,78,0.494756,0.488889,0.511111
imagery_left_right_fist,subject_disjoint,20260916,79,0.496335,0.511111,0.488889
imagery_left_right_fist,subject_disjoint,20260916,80,0.496037,0.488889,0.511111
imagery_left_right_fist,subject_disjoint,20260916,81,0.496037,0.511111,0.488889
imagery_left_right_fist,subject_disjoint,20260916,82,0.494756,0.488889,0.511111
imagery_left_right_fist,subject_disjoint,20260916,83,0.496335,0.511111,0.488889
imagery_left_right_fist,subject_disjoint,20260916,84,0.496037,0.488889,0.511111
imagery_left_right_fist,subject_disjoint,20260916,85,0.494756,0.488889,0.511111
imagery_left_right_fist,subject_disjoint,20260916,86,0.496335,0.511111,0.488889
imagery_left_right_fist,subject_disjoint,20260916,87,0.494756,0.511111,0.488889
imagery_left_right_fist,subject_disjoint,20260916,88,0.496335,0.491228,0.508772
imagery_left_right_fist,subject_disjoint,20260916,89,0.494756,0.466667,0.533333
imagery_left_right_fist,subject_disjoint,20260916,90,0.496037,0.511111,0.488889
imagery_left_right_fist,subject_disjoint,20260916,91,0.494756,0.511111,0.488889
imagery_left_right_fist,subject_disjoint,20260916,92,0.496037,0.526316,0.473684
imagery_left_right_fist,subject_disjoint,20260916,93,0.496037,0.488889,0.511111
imagery_left_right_fist,subject_disjoint,20260916,94,0.496037,0.511111,0.488889
imagery_left_right_fist,subject_disjoint,20260916,95,0.496037,0.488889,0.511111
imagery_left_right_fist,subject_disjoint,20260916,96,0.496037,0.488889,0.511111
imagery_left_right_fist,subject_disjoint,20260916,97,0.496335,0.488889,0.511111
imagery_left_right_fist,subject_disjoint,20260916,98,0.496037,0.488889,0.511111
imagery_left_right_fist,subject_disjoint,20260916,99,0.496037,0.511111,0.488889
imagery_left_right_fist,subject_disjoint,20260916,100,0.496037,0.5,0.5
imagery_left_right_fist,subject_disjoint,20260916,101,0.494756,0.511111,0.488889
imagery_left_right_fist,subject_disjoint,20260916,102,0.494756,0.5,0.5
imagery_left_right_fist,subject_disjoint,20260916,103,0.496335,0.511111,0.488889
imagery_left_right_fist,subject_disjoint,20260916,104,0.496335,0.5,0.5
imagery_left_right_fist,subject_disjoint,20260916,105,0.496037,0.488889,0.511111
imagery_left_right_fist,subject_disjoint,20260916,106,0.496335,0.466667,0.533333
imagery_left_right_fist,subject_disjoint,20260916,107,0.496335,0.466667,0.533333
imagery_left_right_fist,subject_disjoint,20260916,108,0.496037,0.511111,0.488889
imagery_left_right_fist,subject_disjoint,20260916,109,0.494756,0.488889,0.511111
imagery_left_right_fist,subject_disjoint,20260917,1,0.495282,0.488889,0.511111
imagery_left_right_fist,subject_disjoint,20260917,2,0.495282,0.488889,0.511111
imagery_left_right_fist,subject_disjoint,20260917,3,0.495282,0.488889,0.511111
imagery_left_right_fist,subject_disjoint,20260917,4,0.495893,0.488889,0.511111
imagery_left_right_fist,subject_disjoint,20260917,5,0.495282,0.533333,0.466667
imagery_left_right_fist,subject_disjoint,20260917,6,0.495968,0.466667,0.533333
imagery_left_right_fist,subject_disjoint,20260917,7,0.495968,0.488889,0.511111
imagery_left_right_fist,subject_disjoint,20260917,8,0.495968,0.511111,0.488889
imagery_left_right_fist,subject_disjoint,20260917,9,0.495282,0.466667,0.533333
imagery_left_right_fist,subject_disjoint,20260917,10,0.495968,0.466667,0.533333
imagery_left_right_fist,subject_disjoint,20260917,11,0.495893,0.488889,0.511111
imagery_left_right_fist,subject_disjoint,20260917,12,0.495968,0.533333,0.466667
imagery_left_right_fist,subject_disjoint,20260917,13,0.495968,0.488889,0.511111
imagery_left_right_fist,subject_disjoint,20260917,14,0.495968,0.511111,0.488889
imagery_left_right_fist,subject_disjoint,20260917,15,0.495968,0.488889,0.511111
imagery_left_right_fist,subject_disjoint,20260917,16,0.495893,0.511111,0.488889
imagery_left_right_fist,subject_disjoint,20260917,17,0.495282,0.488889,0.511111
imagery_left_right_fist,subject_disjoint,20260917,18,0.495968,0.511111,0.488889
imagery_left_right_fist,subject_disjoint,20260917,19,0.495282,0.488889,0.511111
imagery_left_right_fist,subject_disjoint,20260917,20,0.495968,0.488889,0.511111
imagery_left_right_fist,subject_disjoint,20260917,21,0.495968,0.466667,0.533333
imagery_left_right_fist,subject_disjoint,20260917,22,0.495893,0.511111,0.488889
imagery_left_right_fist,subject_disjoint,20260917,23,0.495968,0.511111,0.488889
imagery_left_right_fist,subject_disjoint,20260917,24,0.495893,0.511111,0.488889
imagery_left_right_fist,subject_disjoint,20260917,25,0.495968,0.511111,0.488889
imagery_left_right_fist,subject_disjoint,20260917,26,0.495893,0.466667,0.533333
imagery_left_right_fist,subject_disjoint,20260917,27,0.495282,0.488889,0.511111
imagery_left_right_fist,subject_disjoint,20260917,28,0.495968,0.511111,0.488889
imagery_left_right_fist,subject_disjoint,20260917,29,0.495968,0.488889,0.511111
imagery_left_right_fist,subject_disjoint,20260917,30,0.495893,0.466667,0.533333
imagery_left_right_fist,subject_disjoint,20260917,31,0.495968,0.511111,0.488889
imagery_left_right_fist,subject_disjoint,20260917,32,0.495282,0.533333,0.466667
imagery_left_right_fist,subject_disjoint,20260917,33,0.495282,0.488889,0.511111
imagery_left_right_fist,subject_disjoint,20260917,34,0.495893,0.511628,0.488372
imagery_left_right_fist,subject_disjoint,20260917,35,0.495968,0.511111,0.488889
imagery_left_right_fist,subject_disjoint,20260917,36,0.495968,0.488889,0.511111
imagery_left_right_fist,subject_disjoint,20260917,37,0.495893,0.488372,0.511628
imagery_left_right_fist,subject_disjoint,20260917,38,0.495968,0.488889,0.511111
imagery_left_right_fist,subject_disjoint,20260917,39,0.495893,0.488889,0.511111
imagery_left_right_fist,subject_disjoint,20260917,40,0.495968,0.533333,0.466667
imagery_left_right_fist,subject_disjoint,20260917,41,0.495893,0.477273,0.522727
imagery_left_right_fist,subject_disjoint,20260917,42,0.495893,0.511111,0.488889
imagery_left_right_fist,subject_disjoint,20260917,43,0.495893,0.488889,0.511111
imagery_left_right_fist,subject_disjoint,20260917,44,0.495282,0.511111,0.488889
imagery_left_right_fist,subject_disjoint,20260917,45,0.495282,0.488889,0.511111
imagery_left_right_fist,subject_disjoint,20260917,46,0.495893,0.488889,0.511111
imagery_left_right_fist,subject_disjoint,20260917,47,0.495282,0.466667,0.533333
imagery_left_right_fist,subject_disjoint,20260917,48,0.495893,0.511111,0.488889
imagery_left_right_fist,subject_disjoint,20260917,49,0.495893,0.488889,0.511111
imagery_left_right_fist,subject_disjoint,20260917,50,0.495282,0.488889,0.511111
imagery_left_right_fist,subject_disjoint,20260917,51,0.495968,0.466667,0.533333
imagery_left_right_fist,subject_disjoint,20260917,52,0.495968,0.466667,0.533333
imagery_left_right_fist,subject_disjoint,20260917,53,0.495282,0.511111,0.488889
imagery_left_right_fist,subject_disjoint,20260917,54,0.495282,0.488889,0.511111
imagery_left_right_fist,subject_disjoint,20260917,55,0.495282,0.488889,0.511111
imagery_left_right_fist,subject_disjoint,20260917,56,0.495893,0.511111,0.488889
imagery_left_right_fist,subject_disjoint,20260917,57,0.495282,0.466667,0.533333
imagery_left_right_fist,subject_disjoint,20260917,58,0.495968,0.466667,0.533333
imagery_left_right_fist,subject_disjoint,20260917,59,0.495893,0.466667,0.533333
imagery_left_right_fist,subject_disjoint,20260917,60,0.495282,0.488889,0.511111
imagery_left_right_fist,subject_disjoint,20260917,61,0.495893,0.511111,0.488889
imagery_left_right_fist,subject_disjoint,20260917,62,0.495968,0.488889,0.511111
imagery_left_right_fist,subject_disjoint,20260917,63,0.495893,0.511111,0.488889
imagery_left_right_fist,subject_disjoint,20260917,64,0.495893,0.477273,0.522727
imagery_left_right_fist,subject_disjoint,20260917,65,0.495968,0.466667,0.533333
imagery_left_right_fist,subject_disjoint,20260917,66,0.495282,0.511111,0.488889
imagery_left_right_fist,subject_disjoint,20260917,67,0.495282,0.511111,0.488889
imagery_left_right_fist,subject_disjoint,20260917,68,0.495893,0.511111,0.488889
imagery_left_right_fist,subject_disjoint,20260917,69,0.495893,0.466667,0.533333
imagery_left_right_fist,subject_disjoint,20260917,70,0.495282,0.511111,0.488889
imagery_left_right_fist,subject_disjoint,20260917,71,0.495282,0.511111,0.488889
imagery_left_right_fist,subject_disjoint,20260917,72,0.495282,0.488372,0.511628
imagery_left_right_fist,subject_disjoint,20260917,73,0.495282,0.5,0.5
imagery_left_right_fist,subject_disjoint,20260917,74,0.495282,0.488372,0.511628
imagery_left_right_fist,subject_disjoint,20260917,75,0.495893,0.511111,0.488889
imagery_left_right_fist,subject_disjoint,20260917,76,0.495893,0.5,0.5
imagery_left_right_fist,subject_disjoint,20260917,77,0.495282,0.533333,0.466667
imagery_left_right_fist,subject_disjoint,20260917,78,0.495282,0.488889,0.511111
imagery_left_right_fist,subject_disjoint,20260917,79,0.495893,0.511111,0.488889
imagery_left_right_fist,subject_disjoint,20260917,80,0.495893,0.488889,0.511111
imagery_left_right_fist,subject_disjoint,20260917,81,0.495282,0.511111,0.488889
imagery_left_right_fist,subject_disjoint,20260917,82,0.495968,0.488889,0.511111
imagery_left_right_fist,subject_disjoint,20260917,83,0.495893,0.511111,0.488889
imagery_left_right_fist,subject_disjoint,20260917,84,0.495893,0.488889,0.511111
imagery_left_right_fist,subject_disjoint,20260917,85,0.495968,0.488889,0.511111
imagery_left_right_fist,subject_disjoint,20260917,86,0.495893,0.511111,0.488889
imagery_left_right_fist,subject_disjoint,20260917,87,0.495893,0.511111,0.488889
imagery_left_right_fist,subject_disjoint,20260917,88,0.495282,0.491228,0.508772
imagery_left_right_fist,subject_disjoint,20260917,89,0.495968,0.466667,0.533333
imagery_left_right_fist,subject_disjoint,20260917,90,0.495968,0.511111,0.488889
imagery_left_right_fist,subject_disjoint,20260917,91,0.495968,0.511111,0.488889
imagery_left_right_fist,subject_disjoint,20260917,92,0.495968,0.526316,0.473684
imagery_left_right_fist,subject_disjoint,20260917,93,0.495893,0.488889,0.511111
imagery_left_right_fist,subject_disjoint,20260917,94,0.495968,0.511111,0.488889
imagery_left_right_fist,subject_disjoint,20260917,95,0.495968,0.488889,0.511111
imagery_left_right_fist,subject_disjoint,20260917,96,0.495282,0.488889,0.511111
imagery_left_right_fist,subject_disjoint,20260917,97,0.495282,0.488889,0.511111
imagery_left_right_fist,subject_disjoint,20260917,98,0.495968,0.488889,0.511111
imagery_left_right_fist,subject_disjoint,20260917,99,0.495893,0.511111,0.488889
imagery_left_right_fist,subject_disjoint,20260917,100,0.495282,0.5,0.5
imagery_left_right_fist,subject_disjoint,20260917,101,0.495282,0.511111,0.488889
imagery_left_right_fist,subject_disjoint,20260917,102,0.495968,0.5,0.5
imagery_left_right_fist,subject_disjoint,20260917,103,0.495893,0.511111,0.488889
imagery_left_right_fist,subject_disjoint,20260917,104,0.495282,0.5,0.5
imagery_left_right_fist,subject_disjoint,20260917,105,0.495968,0.488889,0.511111
imagery_left_right_fist,subject_disjoint,20260917,106,0.495893,0.466667,0.533333
imagery_left_right_fist,subject_disjoint,20260917,107,0.495893,0.466667,0.533333
imagery_left_right_fist,subject_disjoint,20260917,108,0.495968,0.511111,0.488889
imagery_left_right_fist,subject_disjoint,20260917,109,0.495282,0.488889,0.511111
imagery_left_right_fist,subject_disjoint,20260918,1,0.495885,0.488889,0.511111
imagery_left_right_fist,subject_disjoint,20260918,2,0.49635,0.488889,0.511111
imagery_left_right_fist,subject_disjoint,20260918,3,0.495885,0.488889,0.511111
imagery_left_right_fist,subject_disjoint,20260918,4,0.495885,0.488889,0.511111
imagery_left_right_fist,subject_disjoint,20260918,5,0.494887,0.533333,0.466667
imagery_left_right_fist,subject_disjoint,20260918,6,0.495885,0.466667,0.533333
imagery_left_right_fist,subject_disjoint,20260918,7,0.495885,0.488889,0.511111
imagery_left_right_fist,subject_disjoint,20260918,8,0.49635,0.511111,0.488889
imagery_left_right_fist,subject_disjoint,20260918,9,0.49635,0.466667,0.533333
imagery_left_right_fist,subject_disjoint,20260918,10,0.49635,0.466667,0.533333
imagery_left_right_fist,subject_disjoint,20260918,11,0.495885,0.488889,0.511111
imagery_left_right_fist,subject_disjoint,20260918,12,0.495885,0.533333,0.466667
imagery_left_right_fist,subject_disjoint,20260918,13,0.494887,0.488889,0.511111
imagery_left_right_fist,subject_disjoint,20260918,14,0.495885,0.511111,0.488889
imagery_left_right_fist,subject_disjoint,20260918,15,0.494887,0.488889,0.511111
imagery_left_right_fist,subject_disjoint,20260918,16,0.494887,0.511111,0.488889
imagery_left_right_fist,subject_disjoint,20260918,17,0.495885,0.488889,0.511111
imagery_left_right_fist,subject_disjoint,20260918,18,0.49635,0.511111,0.488889
imagery_left_right_fist,subject_disjoint,20260918,19,0.494887,0.488889,0.511111
imagery_left_right_fist,subject_disjoint,20260918,20,0.49635,0.488889,0.511111
imagery_left_right_fist,subject_disjoint,20260918,21,0.494887,0.466667,0.533333
imagery_left_right_fist,subject_disjoint,20260918,22,0.494887,0.511111,0.488889
imagery_left_right_fist,subject_disjoint,20260918,23,0.49635,0.511111,0.488889
imagery_left_right_fist,subject_disjoint,20260918,24,0.49635,0.511111,0.488889
imagery_left_right_fist,subject_disjoint,20260918,25,0.49635,0.511111,0.488889
imagery_left_right_fist,subject_disjoint,20260918,26,0.495885,0.466667,0.533333
imagery_left_right_fist,subject_disjoint,20260918,27,0.495885,0.488889,0.511111
imagery_left_right_fist,subject_disjoint,20260918,28,0.494887,0.511111,0.488889
imagery_left_right_fist,subject_disjoint,20260918,29,0.495885,0.488889,0.511111
imagery_left_right_fist,subject_disjoint,20260918,30,0.494887,0.466667,0.533333
imagery_left_right_fist,subject_disjoint,20260918,31,0.494887,0.511111,0.488889
imagery_left_right_fist,subject_disjoint,20260918,32,0.495885,0.533333,0.466667
imagery_left_right_fist,subject_disjoint,20260918,33,0.49635,0.488889,0.511111
imagery_left_right_fist,subject_disjoint,20260918,34,0.494887,0.511628,0.488372
imagery_left_right_fist,subject_disjoint,20260918,35,0.494887,0.511111,0.488889
imagery_left_right_fist,subject_disjoint,20260918,36,0.49635,0.488889,0.511111
imagery_left_right_fist,subject_disjoint,20260918,37,0.49635,0.488372,0.511628
imagery_left_right_fist,subject_disjoint,20260918,38,0.495885,0.488889,0.511111
imagery_left_right_fist,subject_disjoint,20260918,39,0.49635,0.488889,0.511111
imagery_left_right_fist,subject_disjoint,20260918,40,0.495885,0.533333,0.466667
imagery_left_right_fist,subject_disjoint,20260918,41,0.494887,0.477273,0.522727
imagery_left_right_fist,subject_disjoint,20260918,42,0.495885,0.511111,0.488889
imagery_left_right_fist,subject_disjoint,20260918,43,0.495885,0.488889,0.511111
imagery_left_right_fist,subject_disjoint,20260918,44,0.495885,0.511111,0.488889
imagery_left_right_fist,subject_disjoint,20260918,45,0.495885,0.488889,0.511111
imagery_left_right_fist,subject_disjoint,20260918,46,0.49635,0.488889,0.511111
imagery_left_right_fist,subject_disjoint,20260918,47,0.49635,0.466667,0.533333
imagery_left_right_fist,subject_disjoint,20260918,48,0.494887,0.511111,0.488889
imagery_left_right_fist,subject_disjoint,20260918,49,0.494887,0.488889,0.511111
imagery_left_right_fist,subject_disjoint,20260918,50,0.49635,0.488889,0.511111
imagery_left_right_fist,subject_disjoint,20260918,51,0.494887,0.466667,0.533333
imagery_left_right_fist,subject_disjoint,20260918,52,0.494887,0.466667,0.533333
imagery_left_right_fist,subject_disjoint,20260918,53,0.495885,0.511111,0.488889
imagery_left_right_fist,subject_disjoint,20260918,54,0.49635,0.488889,0.511111
imagery_left_right_fist,subject_disjoint,20260918,55,0.495885,0.488889,0.511111
imagery_left_right_fist,subject_disjoint,20260918,56,0.494887,0.511111,0.488889
imagery_left_right_fist,subject_disjoint,20260918,57,0.494887,0.466667,0.533333
imagery_left_right_fist,subject_disjoint,20260918,58,0.494887,0.466667,0.533333
imagery_left_right_fist,subject_disjoint,20260918,59,0.494887,0.466667,0.533333
imagery_left_right_fist,subject_disjoint,20260918,60,0.49635,0.488889,0.511111
imagery_left_right_fist,subject_disjoint,20260918,61,0.494887,0.511111,0.488889
imagery_left_right_fist,subject_disjoint,20260918,62,0.49635,0.488889,0.511111
imagery_left_right_fist,subject_disjoint,20260918,63,0.494887,0.511111,0.488889
imagery_left_right_fist,subject_disjoint,20260918,64,0.494887,0.477273,0.522727
imagery_left_right_fist,subject_disjoint,20260918,65,0.495885,0.466667,0.533333
imagery_left_right_fist,subject_disjoint,20260918,66,0.495885,0.511111,0.488889
imagery_left_right_fist,subject_disjoint,20260918,67,0.495885,0.511111,0.488889
imagery_left_right_fist,subject_disjoint,20260918,68,0.495885,0.511111,0.488889
imagery_left_right_fist,subject_disjoint,20260918,69,0.495885,0.466667,0.533333
imagery_left_right_fist,subject_disjoint,20260918,70,0.49635,0.511111,0.488889
imagery_left_right_fist,subject_disjoint,20260918,71,0.495885,0.511111,0.488889
imagery_left_right_fist,subject_disjoint,20260918,72,0.49635,0.488372,0.511628
imagery_left_right_fist,subject_disjoint,20260918,73,0.494887,0.5,0.5
imagery_left_right_fist,subject_disjoint,20260918,74,0.494887,0.488372,0.511628
imagery_left_right_fist,subject_disjoint,20260918,75,0.49635,0.511111,0.488889
imagery_left_right_fist,subject_disjoint,20260918,76,0.49635,0.5,0.5
imagery_left_right_fist,subject_disjoint,20260918,77,0.495885,0.533333,0.466667
imagery_left_right_fist,subject_disjoint,20260918,78,0.495885,0.488889,0.511111
imagery_left_right_fist,subject_disjoint,20260918,79,0.494887,0.511111,0.488889
imagery_left_right_fist,subject_disjoint,20260918,80,0.49635,0.488889,0.511111
imagery_left_right_fist,subject_disjoint,20260918,81,0.494887,0.511111,0.488889
imagery_left_right_fist,subject_disjoint,20260918,82,0.495885,0.488889,0.511111
imagery_left_right_fist,subject_disjoint,20260918,83,0.49635,0.511111,0.488889
imagery_left_right_fist,subject_disjoint,20260918,84,0.49635,0.488889,0.511111
imagery_left_right_fist,subject_disjoint,20260918,85,0.49635,0.488889,0.511111
imagery_left_right_fist,subject_disjoint,20260918,86,0.494887,0.511111,0.488889
imagery_left_right_fist,subject_disjoint,20260918,87,0.494887,0.511111,0.488889
imagery_left_right_fist,subject_disjoint,20260918,88,0.494887,0.491228,0.508772
imagery_left_right_fist,subject_disjoint,20260918,89,0.495885,0.466667,0.533333
imagery_left_right_fist,subject_disjoint,20260918,90,0.49635,0.511111,0.488889
imagery_left_right_fist,subject_disjoint,20260918,91,0.494887,0.511111,0.488889
imagery_left_right_fist,subject_disjoint,20260918,92,0.494887,0.526316,0.473684
imagery_left_right_fist,subject_disjoint,20260918,93,0.49635,0.488889,0.511111
imagery_left_right_fist,subject_disjoint,20260918,94,0.49635,0.511111,0.488889
imagery_left_right_fist,subject_disjoint,20260918,95,0.495885,0.488889,0.511111
imagery_left_right_fist,subject_disjoint,20260918,96,0.49635,0.488889,0.511111
imagery_left_right_fist,subject_disjoint,20260918,97,0.495885,0.488889,0.511111
imagery_left_right_fist,subject_disjoint,20260918,98,0.495885,0.488889,0.511111
imagery_left_right_fist,subject_disjoint,20260918,99,0.49635,0.511111,0.488889
imagery_left_right_fist,subject_disjoint,20260918,100,0.494887,0.5,0.5
imagery_left_right_fist,subject_disjoint,20260918,101,0.494887,0.511111,0.488889
imagery_left_right_fist,subject_disjoint,20260918,102,0.49635,0.5,0.5
imagery_left_right_fist,subject_disjoint,20260918,103,0.49635,0.511111,0.488889
imagery_left_right_fist,subject_disjoint,20260918,104,0.495885,0.5,0.5
imagery_left_right_fist,subject_disjoint,20260918,105,0.494887,0.488889,0.511111
imagery_left_right_fist,subject_disjoint,20260918,106,0.49635,0.466667,0.533333
imagery_left_right_fist,subject_disjoint,20260918,107,0.495885,0.466667,0.533333
imagery_left_right_fist,subject_disjoint,20260918,108,0.494887,0.511111,0.488889
imagery_left_right_fist,subject_disjoint,20260918,109,0.49635,0.488889,0.511111
imagery_left_right_fist,subject_disjoint,20260919,1,0.495745,0.488889,0.511111
imagery_left_right_fist,subject_disjoint,20260919,2,0.496607,0.488889,0.511111
imagery_left_right_fist,subject_disjoint,20260919,3,0.496607,0.488889,0.511111
imagery_left_right_fist,subject_disjoint,20260919,4,0.494792,0.488889,0.511111
imagery_left_right_fist,subject_disjoint,20260919,5,0.494792,0.533333,0.466667
imagery_left_right_fist,subject_disjoint,20260919,6,0.494792,0.466667,0.533333
imagery_left_right_fist,subject_disjoint,20260919,7,0.495745,0.488889,0.511111
imagery_left_right_fist,subject_disjoint,20260919,8,0.494792,0.511111,0.488889
imagery_left_right_fist,subject_disjoint,20260919,9,0.496607,0.466667,0.533333
imagery_left_right_fist,subject_disjoint,20260919,10,0.495745,0.466667,0.533333
imagery_left_right_fist,subject_disjoint,20260919,11,0.496607,0.488889,0.511111
imagery_left_right_fist,subject_disjoint,20260919,12,0.495745,0.533333,0.466667
imagery_left_right_fist,subject_disjoint,20260919,13,0.496607,0.488889,0.511111
imagery_left_right_fist,subject_disjoint,20260919,14,0.494792,0.511111,0.488889
imagery_left_right_fist,subject_disjoint,20260919,15,0.495745,0.488889,0.511111
imagery_left_right_fist,subject_disjoint,20260919,16,0.495745,0.511111,0.488889
imagery_left_right_fist,subject_disjoint,20260919,17,0.496607,0.488889,0.511111
imagery_left_right_fist,subject_disjoint,20260919,18,0.495745,0.511111,0.488889
imagery_left_right_fist,subject_disjoint,20260919,19,0.494792,0.488889,0.511111
imagery_left_right_fist,subject_disjoint,20260919,20,0.495745,0.488889,0.511111
imagery_left_right_fist,subject_disjoint,20260919,21,0.496607,0.466667,0.533333
imagery_left_right_fist,subject_disjoint,20260919,22,0.494792,0.511111,0.488889
imagery_left_right_fist,subject_disjoint,20260919,23,0.496607,0.511111,0.488889
imagery_left_right_fist,subject_disjoint,20260919,24,0.495745,0.511111,0.488889
imagery_left_right_fist,subject_disjoint,20260919,25,0.494792,0.511111,0.488889
imagery_left_right_fist,subject_disjoint,20260919,26,0.495745,0.466667,0.533333
imagery_left_right_fist,subject_disjoint,20260919,27,0.495745,0.488889,0.511111
imagery_left_right_fist,subject_disjoint,20260919,28,0.496607,0.511111,0.488889
imagery_left_right_fist,subject_disjoint,20260919,29,0.494792,0.488889,0.511111
imagery_left_right_fist,subject_disjoint,20260919,30,0.495745,0.466667,0.533333
imagery_left_right_fist,subject_disjoint,20260919,31,0.495745,0.511111,0.488889
imagery_left_right_fist,subject_disjoint,20260919,32,0.496607,0.533333,0.466667
imagery_left_right_fist,subject_disjoint,20260919,33,0.494792,0.488889,0.511111
imagery_left_right_fist,subject_disjoint,20260919,34,0.496607,0.511628,0.488372
imagery_left_right_fist,subject_disjoint,20260919,35,0.496607,0.511111,0.488889
imagery_left_right_fist,subject_disjoint,20260919,36,0.495745,0.488889,0.511111
imagery_left_right_fist,subject_disjoint,20260919,37,0.494792,0.488372,0.511628
imagery_left_right_fist,subject_disjoint,20260919,38,0.496607,0.488889,0.511111
imagery_left_right_fist,subject_disjoint,20260919,39,0.496607,0.488889,0.511111
imagery_left_right_fist,subject_disjoint,20260919,40,0.495745,0.533333,0.466667
imagery_left_right_fist,subject_disjoint,20260919,41,0.496607,0.477273,0.522727
imagery_left_right_fist,subject_disjoint,20260919,42,0.496607,0.511111,0.488889
imagery_left_right_fist,subject_disjoint,20260919,43,0.494792,0.488889,0.511111
imagery_left_right_fist,subject_disjoint,20260919,44,0.494792,0.511111,0.488889
imagery_left_right_fist,subject_disjoint,20260919,45,0.495745,0.488889,0.511111
imagery_left_right_fist,subject_disjoint,20260919,46,0.495745,0.488889,0.511111
imagery_left_right_fist,subject_disjoint,20260919,47,0.494792,0.466667,0.533333
imagery_left_right_fist,subject_disjoint,20260919,48,0.495745,0.511111,0.488889
imagery_left_right_fist,subject_disjoint,20260919,49,0.496607,0.488889,0.511111
imagery_left_right_fist,subject_disjoint,20260919,50,0.496607,0.488889,0.511111
imagery_left_right_fist,subject_disjoint,20260919,51,0.495745,0.466667,0.533333
imagery_left_right_fist,subject_disjoint,20260919,52,0.496607,0.466667,0.533333
imagery_left_right_fist,subject_disjoint,20260919,53,0.496607,0.511111,0.488889
imagery_left_right_fist,subject_disjoint,20260919,54,0.496607,0.488889,0.511111
imagery_left_right_fist,subject_disjoint,20260919,55,0.496607,0.488889,0.511111
imagery_left_right_fist,subject_disjoint,20260919,56,0.495745,0.511111,0.488889
imagery_left_right_fist,subject_disjoint,20260919,57,0.495745,0.466667,0.533333
imagery_left_right_fist,subject_disjoint,20260919,58,0.495745,0.466667,0.533333
imagery_left_right_fist,subject_disjoint,20260919,59,0.495745,0.466667,0.533333
imagery_left_right_fist,subject_disjoint,20260919,60,0.494792,0.488889,0.511111
imagery_left_right_fist,subject_disjoint,20260919,61,0.494792,0.511111,0.488889
imagery_left_right_fist,subject_disjoint,20260919,62,0.496607,0.488889,0.511111
imagery_left_right_fist,subject_disjoint,20260919,63,0.495745,0.511111,0.488889
imagery_left_right_fist,subject_disjoint,20260919,64,0.496607,0.477273,0.522727
imagery_left_right_fist,subject_disjoint,20260919,65,0.495745,0.466667,0.533333
imagery_left_right_fist,subject_disjoint,20260919,66,0.494792,0.511111,0.488889
imagery_left_right_fist,subject_disjoint,20260919,67,0.495745,0.511111,0.488889
imagery_left_right_fist,subject_disjoint,20260919,68,0.495745,0.511111,0.488889
imagery_left_right_fist,subject_disjoint,20260919,69,0.494792,0.466667,0.533333
imagery_left_right_fist,subject_disjoint,20260919,70,0.495745,0.511111,0.488889
imagery_left_right_fist,subject_disjoint,20260919,71,0.496607,0.511111,0.488889
imagery_left_right_fist,subject_disjoint,20260919,72,0.494792,0.488372,0.511628
imagery_left_right_fist,subject_disjoint,20260919,73,0.495745,0.5,0.5
imagery_left_right_fist,subject_disjoint,20260919,74,0.496607,0.488372,0.511628
imagery_left_right_fist,subject_disjoint,20260919,75,0.495745,0.511111,0.488889
imagery_left_right_fist,subject_disjoint,20260919,76,0.494792,0.5,0.5
imagery_left_right_fist,subject_disjoint,20260919,77,0.494792,0.533333,0.466667
imagery_left_right_fist,subject_disjoint,20260919,78,0.496607,0.488889,0.511111
imagery_left_right_fist,subject_disjoint,20260919,79,0.496607,0.511111,0.488889
imagery_left_right_fist,subject_disjoint,20260919,80,0.496607,0.488889,0.511111
imagery_left_right_fist,subject_disjoint,20260919,81,0.494792,0.511111,0.488889
imagery_left_right_fist,subject_disjoint,20260919,82,0.496607,0.488889,0.511111
imagery_left_right_fist,subject_disjoint,20260919,83,0.496607,0.511111,0.488889
imagery_left_right_fist,subject_disjoint,20260919,84,0.494792,0.488889,0.511111
imagery_left_right_fist,subject_disjoint,20260919,85,0.494792,0.488889,0.511111
imagery_left_right_fist,subject_disjoint,20260919,86,0.495745,0.511111,0.488889
imagery_left_right_fist,subject_disjoint,20260919,87,0.494792,0.511111,0.488889
imagery_left_right_fist,subject_disjoint,20260919,88,0.494792,0.491228,0.508772
imagery_left_right_fist,subject_disjoint,20260919,89,0.494792,0.466667,0.533333
imagery_left_right_fist,subject_disjoint,20260919,90,0.495745,0.511111,0.488889
imagery_left_right_fist,subject_disjoint,20260919,91,0.494792,0.511111,0.488889
imagery_left_right_fist,subject_disjoint,20260919,92,0.494792,0.526316,0.473684
imagery_left_right_fist,subject_disjoint,20260919,93,0.496607,0.488889,0.511111
imagery_left_right_fist,subject_disjoint,20260919,94,0.494792,0.511111,0.488889
imagery_left_right_fist,subject_disjoint,20260919,95,0.494792,0.488889,0.511111
imagery_left_right_fist,subject_disjoint,20260919,96,0.494792,0.488889,0.511111
imagery_left_right_fist,subject_disjoint,20260919,97,0.496607,0.488889,0.511111
imagery_left_right_fist,subject_disjoint,20260919,98,0.494792,0.488889,0.511111
imagery_left_right_fist,subject_disjoint,20260919,99,0.495745,0.511111,0.488889
imagery_left_right_fist,subject_disjoint,20260919,100,0.495745,0.5,0.5
imagery_left_right_fist,subject_disjoint,20260919,101,0.495745,0.511111,0.488889
imagery_left_right_fist,subject_disjoint,20260919,102,0.494792,0.5,0.5
imagery_left_right_fist,subject_disjoint,20260919,103,0.494792,0.511111,0.488889
imagery_left_right_fist,subject_disjoint,20260919,104,0.496607,0.5,0.5
imagery_left_right_fist,subject_disjoint,20260919,105,0.496607,0.488889,0.511111
imagery_left_right_fist,subject_disjoint,20260919,106,0.494792,0.466667,0.533333
imagery_left_right_fist,subject_disjoint,20260919,107,0.495745,0.466667,0.533333
imagery_left_right_fist,subject_disjoint,20260919,108,0.496607,0.511111,0.488889
imagery_left_right_fist,subject_disjoint,20260919,109,0.496607,0.488889,0.511111
imagery_left_right_fist,subject_disjoint,20260920,1,0.496796,0.488889,0.511111
imagery_left_right_fist,subject_disjoint,20260920,2,0.49522,0.488889,0.511111
imagery_left_right_fist,subject_disjoint,20260920,3,0.495116,0.488889,0.511111
imagery_left_right_fist,subject_disjoint,20260920,4,0.49522,0.488889,0.511111
imagery_left_right_fist,subject_disjoint,20260920,5,0.496796,0.533333,0.466667
imagery_left_right_fist,subject_disjoint,20260920,6,0.49522,0.466667,0.533333
imagery_left_right_fist,subject_disjoint,20260920,7,0.495116,0.488889,0.511111
imagery_left_right_fist,subject_disjoint,20260920,8,0.49522,0.511111,0.488889
imagery_left_right_fist,subject_disjoint,20260920,9,0.495116,0.466667,0.533333
imagery_left_right_fist,subject_disjoint,20260920,10,0.49522,0.466667,0.533333
imagery_left_right_fist,subject_disjoint,20260920,11,0.495116,0.488889,0.511111
imagery_left_right_fist,subject_disjoint,20260920,12,0.496796,0.533333,0.466667
imagery_left_right_fist,subject_disjoint,20260920,13,0.49522,0.488889,0.511111
imagery_left_right_fist,subject_disjoint,20260920,14,0.495116,0.511111,0.488889
imagery_left_right_fist,subject_disjoint,20260920,15,0.496796,0.488889,0.511111
imagery_left_right_fist,subject_disjoint,20260920,16,0.495116,0.511111,0.488889
imagery_left_right_fist,subject_disjoint,20260920,17,0.49522,0.488889,0.511111
imagery_left_right_fist,subject_disjoint,20260920,18,0.495116,0.511111,0.488889
imagery_left_right_fist,subject_disjoint,20260920,19,0.495116,0.488889,0.511111
imagery_left_right_fist,subject_disjoint,20260920,20,0.496796,0.488889,0.511111
imagery_left_right_fist,subject_disjoint,20260920,21,0.49522,0.466667,0.533333
imagery_left_right_fist,subject_disjoint,20260920,22,0.49522,0.511111,0.488889
imagery_left_right_fist,subject_disjoint,20260920,23,0.496796,0.511111,0.488889
imagery_left_right_fist,subject_disjoint,20260920,24,0.495116,0.511111,0.488889
imagery_left_right_fist,subject_disjoint,20260920,25,0.496796,0.511111,0.488889
imagery_left_right_fist,subject_disjoint,20260920,26,0.496796,0.466667,0.533333
imagery_left_right_fist,subject_disjoint,20260920,27,0.496796,0.488889,0.511111
imagery_left_right_fist,subject_disjoint,20260920,28,0.496796,0.511111,0.488889
imagery_left_right_fist,subject_disjoint,20260920,29,0.496796,0.488889,0.511111
imagery_left_right_fist,subject_disjoint,20260920,30,0.496796,0.466667,0.533333
imagery_left_right_fist,subject_disjoint,20260920,31,0.496796,0.511111,0.488889
imagery_left_right_fist,subject_disjoint,20260920,32,0.49522,0.533333,0.466667
imagery_left_right_fist,subject_disjoint,20260920,33,0.49522,0.488889,0.511111
imagery_left_right_fist,subject_disjoint,20260920,34,0.495116,0.511628,0.488372
imagery_left_right_fist,subject_disjoint,20260920,35,0.495116,0.511111,0.488889
imagery_left_right_fist,subject_disjoint,20260920,36,0.496796,0.488889,0.511111
imagery_left_right_fist,subject_disjoint,20260920,37,0.496796,0.488372,0.511628
imagery_left_right_fist,subject_disjoint,20260920,38,0.495116,0.488889,0.511111
imagery_left_right_fist,subject_disjoint,20260920,39,0.495116,0.488889,0.511111
imagery_left_right_fist,subject_disjoint,20260920,40,0.49522,0.533333,0.466667
imagery_left_right_fist,subject_disjoint,20260920,41,0.49522,0.477273,0.522727
imagery_left_right_fist,subject_disjoint,20260920,42,0.495116,0.511111,0.488889
imagery_left_right_fist,subject_disjoint,20260920,43,0.49522,0.488889,0.511111
imagery_left_right_fist,subject_disjoint,20260920,44,0.495116,0.511111,0.488889
imagery_left_right_fist,subject_disjoint,20260920,45,0.49522,0.488889,0.511111
imagery_left_right_fist,subject_disjoint,20260920,46,0.49522,0.488889,0.511111
imagery_left_right_fist,subject_disjoint,20260920,47,0.495116,0.466667,0.533333
imagery_left_right_fist,subject_disjoint,20260920,48,0.49522,0.511111,0.488889
imagery_left_right_fist,subject_disjoint,20260920,49,0.495116,0.488889,0.511111
imagery_left_right_fist,subject_disjoint,20260920,50,0.495116,0.488889,0.511111
imagery_left_right_fist,subject_disjoint,20260920,51,0.496796,0.466667,0.533333
imagery_left_right_fist,subject_disjoint,20260920,52,0.49522,0.466667,0.533333
imagery_left_right_fist,subject_disjoint,20260920,53,0.496796,0.511111,0.488889
imagery_left_right_fist,subject_disjoint,20260920,54,0.49522,0.488889,0.511111
imagery_left_right_fist,subject_disjoint,20260920,55,0.496796,0.488889,0.511111
imagery_left_right_fist,subject_disjoint,20260920,56,0.495116,0.511111,0.488889
imagery_left_right_fist,subject_disjoint,20260920,57,0.496796,0.466667,0.533333
imagery_left_right_fist,subject_disjoint,20260920,58,0.496796,0.466667,0.533333
imagery_left_right_fist,subject_disjoint,20260920,59,0.49522,0.466667,0.533333
imagery_left_right_fist,subject_disjoint,20260920,60,0.496796,0.488889,0.511111
imagery_left_right_fist,subject_disjoint,20260920,61,0.495116,0.511111,0.488889
imagery_left_right_fist,subject_disjoint,20260920,62,0.49522,0.488889,0.511111
imagery_left_right_fist,subject_disjoint,20260920,63,0.496796,0.511111,0.488889
imagery_left_right_fist,subject_disjoint,20260920,64,0.495116,0.477273,0.522727
imagery_left_right_fist,subject_disjoint,20260920,65,0.496796,0.466667,0.533333
imagery_left_right_fist,subject_disjoint,20260920,66,0.495116,0.511111,0.488889
imagery_left_right_fist,subject_disjoint,20260920,67,0.49522,0.511111,0.488889
imagery_left_right_fist,subject_disjoint,20260920,68,0.49522,0.511111,0.488889
imagery_left_right_fist,subject_disjoint,20260920,69,0.496796,0.466667,0.533333
imagery_left_right_fist,subject_disjoint,20260920,70,0.496796,0.511111,0.488889
imagery_left_right_fist,subject_disjoint,20260920,71,0.495116,0.511111,0.488889
imagery_left_right_fist,subject_disjoint,20260920,72,0.495116,0.488372,0.511628
imagery_left_right_fist,subject_disjoint,20260920,73,0.495116,0.5,0.5
imagery_left_right_fist,subject_disjoint,20260920,74,0.495116,0.488372,0.511628
imagery_left_right_fist,subject_disjoint,20260920,75,0.49522,0.511111,0.488889
imagery_left_right_fist,subject_disjoint,20260920,76,0.496796,0.5,0.5
imagery_left_right_fist,subject_disjoint,20260920,77,0.49522,0.533333,0.466667
imagery_left_right_fist,subject_disjoint,20260920,78,0.495116,0.488889,0.511111
imagery_left_right_fist,subject_disjoint,20260920,79,0.495116,0.511111,0.488889
imagery_left_right_fist,subject_disjoint,20260920,80,0.495116,0.488889,0.511111
imagery_left_right_fist,subject_disjoint,20260920,81,0.496796,0.511111,0.488889
imagery_left_right_fist,subject_disjoint,20260920,82,0.495116,0.488889,0.511111
imagery_left_right_fist,subject_disjoint,20260920,83,0.49522,0.511111,0.488889
imagery_left_right_fist,subject_disjoint,20260920,84,0.496796,0.488889,0.511111
imagery_left_right_fist,subject_disjoint,20260920,85,0.496796,0.488889,0.511111
imagery_left_right_fist,subject_disjoint,20260920,86,0.49522,0.511111,0.488889
imagery_left_right_fist,subject_disjoint,20260920,87,0.496796,0.511111,0.488889
imagery_left_right_fist,subject_disjoint,20260920,88,0.495116,0.491228,0.508772
imagery_left_right_fist,subject_disjoint,20260920,89,0.49522,0.466667,0.533333
imagery_left_right_fist,subject_disjoint,20260920,90,0.49522,0.511111,0.488889
imagery_left_right_fist,subject_disjoint,20260920,91,0.495116,0.511111,0.488889
imagery_left_right_fist,subject_disjoint,20260920,92,0.496796,0.526316,0.473684
imagery_left_right_fist,subject_disjoint,20260920,93,0.496796,0.488889,0.511111
imagery_left_right_fist,subject_disjoint,20260920,94,0.49522,0.511111,0.488889
imagery_left_right_fist,subject_disjoint,20260920,95,0.495116,0.488889,0.511111
imagery_left_right_fist,subject_disjoint,20260920,96,0.495116,0.488889,0.511111
imagery_left_right_fist,subject_disjoint,20260920,97,0.49522,0.488889,0.511111
imagery_left_right_fist,subject_disjoint,20260920,98,0.49522,0.488889,0.511111
imagery_left_right_fist,subject_disjoint,20260920,99,0.49522,0.511111,0.488889
imagery_left_right_fist,subject_disjoint,20260920,100,0.49522,0.5,0.5
imagery_left_right_fist,subject_disjoint,20260920,101,0.495116,0.511111,0.488889
imagery_left_right_fist,subject_disjoint,20260920,102,0.496796,0.5,0.5
imagery_left_right_fist,subject_disjoint,20260920,103,0.49522,0.511111,0.488889
imagery_left_right_fist,subject_disjoint,20260920,104,0.496796,0.5,0.5
imagery_left_right_fist,subject_disjoint,20260920,105,0.495116,0.488889,0.511111
imagery_left_right_fist,subject_disjoint,20260920,106,0.496796,0.466667,0.533333
imagery_left_right_fist,subject_disjoint,20260920,107,0.496796,0.466667,0.533333
imagery_left_right_fist,subject_disjoint,20260920,108,0.49522,0.511111,0.488889
imagery_left_right_fist,subject_disjoint,20260920,109,0.49522,0.488889,0.511111
real_left_right_fist,trial_random,20260916,1,0.458413,0.488889,0.355556
real_left_right_fist,trial_random,20260916,2,0.488591,0.488889,0.444444
real_left_right_fist,trial_random,20260916,3,0.518646,0.511111,0.4
real_left_right_fist,trial_random,20260916,4,0.515262,0.511111,0.466667
real_left_right_fist,trial_random,20260916,5,0.495286,0.488889,0.466667
real_left_right_fist,trial_random,20260916,6,0.513538,0.511111,0.488889
real_left_right_fist,trial_random,20260916,7,0.494205,0.488889,0.422222
real_left_right_fist,trial_random,20260916,8,0.504714,0.511111,0.444444
real_left_right_fist,trial_random,20260916,9,0.490972,0.488889,0.377778
real_left_right_fist,trial_random,20260916,10,0.469892,0.466667,0.533333
real_left_right_fist,trial_random,20260916,11,0.517822,0.511111,0.355556
real_left_right_fist,trial_random,20260916,12,0.485019,0.466667,0.444444
real_left_right_fist,trial_random,20260916,13,0.472917,0.466667,0.533333
real_left_right_fist,trial_random,20260916,14,0.513492,0.511111,0.466667
real_left_right_fist,trial_random,20260916,15,0.510171,0.511111,0.488889
real_left_right_fist,trial_random,20260916,16,0.467763,0.488889,0.4
real_left_right_fist,trial_random,20260916,17,0.484418,0.488889,0.466667
real_left_right_fist,trial_random,20260916,18,0.517262,0.511111,0.422222
real_left_right_fist,trial_random,20260916,19,0.477154,0.466667,0.444444
real_left_right_fist,trial_random,20260916,20,0.53702,0.533333,0.444444
real_left_right_fist,trial_random,20260916,21,0.47087,0.466667,0.533333
real_left_right_fist,trial_random,20260916,22,0.487777,0.488889,0.466667
real_left_right_fist,trial_random,20260916,23,0.50404,0.511111,0.422222
real_left_right_fist,trial_random,20260916,24,0.498141,0.488889,0.422222
real_left_right_fist,trial_random,20260916,25,0.489927,0.488889,0.444444
real_left_right_fist,trial_random,20260916,26,0.499551,0.488889,0.377778
real_left_right_fist,trial_random,20260916,27,0.495821,0.488889,0.466667
real_left_right_fist,trial_random,20260916,28,0.476549,0.488889,0.444444
real_left_right_fist,trial_random,20260916,29,0.523451,0.511111,0.4
real_left_right_fist,trial_random,20260916,30,0.499843,0.511111,0.377778
real_left_right_fist,trial_random,20260916,31,0.507937,0.488889,0.377778
real_left_right_fist,trial_random,20260916,32,0.492226,0.488889,0.422222
real_left_right_fist,trial_random,20260916,33,0.524483,0.533333,0.533333
real_left_right_fist,trial_random,20260916,34,0.489377,0.5,0.357143
real_left_right_fist,trial_random,20260916,35,0.54494,0.533333,0.355556
real_left_right_fist,trial_random,20260916,36,0.490989,0.488889,0.4
real_left_right_fist,trial_random,20260916,37,0.488387,0.5,0.428571
real_left_right_fist,trial_random,20260916,38,0.48127,0.488889,0.444444
real_left_right_fist,trial_random,20260916,39,0.490972,0.488889,0.466667
real_left_right_fist,trial_random,20260916,40,0.487682,0.488889,0.444444
real_left_right_fist,trial_random,20260916,41,0.498814,0.5,0.404762
real_left_right_fist,trial_random,20260916,42,0.510036,0.511111,0.355556
real_left_right_fist,trial_random,20260916,43,0.509999,0.511111,0.466667
real_left_right_fist,trial_random,20260916,44,0.494444,0.488889,0.466667
real_left_right_fist,trial_random,20260916,45,0.526234,0.511111,0.4
real_left_right_fist,trial_random,20260916,46,0.490662,0.511111,0.377778
real_left_right_fist,trial_random,20260916,47,0.459874,0.488889,0.355556
real_left_right_fist,trial_random,20260916,48,0.486941,0.511111,0.4
real_left_right_fist,trial_random,20260916,49,0.53332,0.511111,0.4
real_left_right_fist,trial_random,20260916,50,0.496226,0.466667,0.377778
real_left_right_fist,trial_random,20260916,51,0.513196,0.5,0.428571
real_left_right_fist,trial_random,20260916,52,0.502649,0.511111,0.377778
real_left_right_fist,trial_random,20260916,53,0.501811,0.511111,0.4
real_left_right_fist,trial_random,20260916,54,0.517725,0.511111,0.466667
real_left_right_fist,trial_random,20260916,55,0.512425,0.511111,0.488889
real_left_right_fist,trial_random,20260916,56,0.495286,0.488889,0.466667
real_left_right_fist,trial_random,20260916,57,0.477679,0.466667,0.377778
real_left_right_fist,trial_random,20260916,58,0.491919,0.488889,0.466667
real_left_right_fist,trial_random,20260916,59,0.494605,0.511111,0.4
real_left_right_fist,trial_random,20260916,60,0.481198,0.488889,0.422222
real_left_right_fist,trial_random,20260916,61,0.453409,0.466667,0.377778
real_left_right_fist,trial_random,20260916,62,0.487427,0.511111,0.422222
real_left_right_fist,trial_random,20260916,63,0.523451,0.511111,0.422222
real_left_right_fist,trial_random,20260916,64,0.483957,0.5,0.452381
real_left_right_fist,trial_random,20260916,65,0.515582,0.511111,0.466667
real_left_right_fist,trial_random,20260916,66,0.472917,0.466667,0.533333
real_left_right_fist,trial_random,20260916,67,0.545085,0.511111,0.288889
real_left_right_fist,trial_random,20260916,68,0.50202,0.488889,0.422222
real_left_right_fist,trial_random,20260916,69,0.502694,0.488889,0.377778
real_left_right_fist,trial_random,20260916,70,0.466128,0.488889,0.333333
real_left_right_fist,trial_random,20260916,71,0.466462,0.488889,0.4
real_left_right_fist,trial_random,20260916,72,0.491667,0.5,0.452381
real_left_right_fist,trial_random,20260916,73,0.500366,0.5,0.404762
real_left_right_fist,trial_random,20260916,74,0.505057,0.5,0.404762
real_left_right_fist,trial_random,20260916,75,0.508467,0.511111,0.466667
real_left_right_fist,trial_random,20260916,76,0.496296,0.5,0.452381
real_left_right_fist,trial_random,20260916,77,0.540044,0.533333,0.355556
real_left_right_fist,trial_random,20260916,78,0.511448,0.511111,0.488889
real_left_right_fist,trial_random,20260916,79,0.513889,0.488889,0.377778
real_left_right_fist,trial_random,20260916,80,0.489226,0.488889,0.422222
real_left_right_fist,trial_random,20260916,81,0.489683,0.511111,0.377778
real_left_right_fist,trial_random,20260916,82,0.495429,0.511111,0.422222
real_left_right_fist,trial_random,20260916,83,0.532289,0.511111,0.377778
real_left_right_fist,trial_random,20260916,84,0.472121,0.466667,0.4
real_left_right_fist,trial_random,20260916,85,0.492741,0.511111,0.4
real_left_right_fist,trial_random,20260916,86,0.520161,0.511111,0.444444
real_left_right_fist,trial_random,20260916,87,0.540476,0.533333,0.4
real_left_right_fist,trial_random,20260916,88,0.524066,0.508772,0.315789
real_left_right_fist,trial_random,20260916,89,0.534734,0.5,0.365385
real_left_right_fist,trial_random,20260916,90,0.527083,0.533333,0.466667
real_left_right_fist,trial_random,20260916,91,0.517659,0.511111,0.4
real_left_right_fist,trial_random,20260916,92,0.482812,0.473684,0.45614
real_left_right_fist,trial_random,20260916,93,0.488591,0.488889,0.444444
real_left_right_fist,trial_random,20260916,94,0.476549,0.488889,0.444444
real_left_right_fist,trial_random,20260916,95,0.505991,0.511111,0.444444
real_left_right_fist,trial_random,20260916,96,0.516948,0.511111,0.377778
real_left_right_fist,trial_random,20260916,97,0.502296,0.511111,0.355556
real_left_right_fist,trial_random,20260916,98,0.544996,0.511111,0.377778
real_left_right_fist,trial_random,20260916,99,0.484848,0.488889,0.444444
real_left_right_fist,trial_random,20260916,100,0.49619,0.5,0.472222
real_left_right_fist,trial_random,20260916,101,0.494017,0.488889,0.444444
real_left_right_fist,trial_random,20260916,102,0.421023,0.5,0.214286
real_left_right_fist,trial_random,20260916,103,0.493227,0.488889,0.355556
real_left_right_fist,trial_random,20260916,104,0.488889,0.488889,0.4
real_left_right_fist,trial_random,20260916,105,0.52735,0.533333,0.466667
real_left_right_fist,trial_random,20260916,106,0.510774,0.511111,0.422222
real_left_right_fist,trial_random,20260916,107,0.482796,0.488889,0.466667
real_left_right_fist,trial_random,20260916,108,0.532295,0.533333,0.533333
real_left_right_fist,trial_random,20260916,109,0.490942,0.488889,0.511111
real_left_right_fist,trial_random,20260917,1,0.480205,0.488889,0.377778
real_left_right_fist,trial_random,20260917,2,0.490972,0.488889,0.422222
real_left_right_fist,trial_random,20260917,3,0.503123,0.511111,0.4
real_left_right_fist,trial_random,20260917,4,0.514823,0.511111,0.422222
real_left_right_fist,trial_random,20260917,5,0.489964,0.488889,0.444444
real_left_right_fist,trial_random,20260917,6,0.510582,0.511111,0.511111
real_left_right_fist,trial_random,20260917,7,0.483804,0.488889,0.422222
real_left_right_fist,trial_random,20260917,8,0.512929,0.511111,0.511111
real_left_right_fist,trial_random,20260917,9,0.496604,0.488889,0.422222
real_left_right_fist,trial_random,20260917,10,0.461212,0.466667,0.466667
real_left_right_fist,trial_random,20260917,11,0.491948,0.511111,0.355556
real_left_right_fist,trial_random,20260917,12,0.453968,0.466667,0.444444
real_left_right_fist,trial_random,20260917,13,0.464286,0.466667,0.466667
real_left_right_fist,trial_random,20260917,14,0.498945,0.511111,0.4
real_left_right_fist,trial_random,20260917,15,0.540457,0.511111,0.355556
real_left_right_fist,trial_random,20260917,16,0.488987,0.488889,0.444444
real_left_right_fist,trial_random,20260917,17,0.488889,0.488889,0.377778
real_left_right_fist,trial_random,20260917,18,0.512929,0.511111,0.511111
real_left_right_fist,trial_random,20260917,19,0.475716,0.466667,0.422222
real_left_right_fist,trial_random,20260917,20,0.535595,0.533333,0.444444
real_left_right_fist,trial_random,20260917,21,0.48297,0.466667,0.466667
real_left_right_fist,trial_random,20260917,22,0.505304,0.488889,0.4
real_left_right_fist,trial_random,20260917,23,0.511409,0.511111,0.444444
real_left_right_fist,trial_random,20260917,24,0.490972,0.488889,0.466667
real_left_right_fist,trial_random,20260917,25,0.492292,0.488889,0.4
real_left_right_fist,trial_random,20260917,26,0.498141,0.488889,0.422222
real_left_right_fist,trial_random,20260917,27,0.501055,0.488889,0.4
real_left_right_fist,trial_random,20260917,28,0.479461,0.488889,0.377778
real_left_right_fist,trial_random,20260917,29,0.515598,0.511111,0.422222
real_left_right_fist,trial_random,20260917,30,0.515152,0.511111,0.444444
real_left_right_fist,trial_random,20260917,31,0.486032,0.488889,0.4
real_left_right_fist,trial_random,20260917,32,0.475084,0.488889,0.4
real_left_right_fist,trial_random,20260917,33,0.505983,0.533333,0.422222
real_left_right_fist,trial_random,20260917,34,0.501481,0.5,0.47619
real_left_right_fist,trial_random,20260917,35,0.54387,0.533333,0.444444
real_left_right_fist,trial_random,20260917,36,0.50186,0.488889,0.422222
real_left_right_fist,trial_random,20260917,37,0.5,0.5,0.452381
real_left_right_fist,trial_random,20260917,38,0.477009,0.488889,0.4
real_left_right_fist,trial_random,20260917,39,0.487739,0.488889,0.444444
real_left_right_fist,trial_random,20260917,40,0.486627,0.488889,0.444444
real_left_right_fist,trial_random,20260917,41,0.5,0.5,0.47619
real_left_right_fist,trial_random,20260917,42,0.538975,0.511111,0.377778
real_left_right_fist,trial_random,20260917,43,0.50248,0.511111,0.377778
real_left_right_fist,trial_random,20260917,44,0.461616,0.488889,0.311111
real_left_right_fist,trial_random,20260917,45,0.506647,0.511111,0.444444
real_left_right_fist,trial_random,20260917,46,0.505326,0.511111,0.444444
real_left_right_fist,trial_random,20260917,47,0.487575,0.488889,0.488889
real_left_right_fist,trial_random,20260917,48,0.509028,0.511111,0.511111
real_left_right_fist,trial_random,20260917,49,0.510036,0.511111,0.466667
real_left_right_fist,trial_random,20260917,50,0.462106,0.466667,0.377778
real_left_right_fist,trial_random,20260917,51,0.478824,0.5,0.404762
real_left_right_fist,trial_random,20260917,52,0.516825,0.511111,0.466667
real_left_right_fist,trial_random,20260917,53,0.506773,0.511111,0.355556
real_left_right_fist,trial_random,20260917,54,0.509502,0.511111,0.466667
real_left_right_fist,trial_random,20260917,55,0.516813,0.511111,0.422222
real_left_right_fist,trial_random,20260917,56,0.491061,0.488889,0.444444
real_left_right_fist,trial_random,20260917,57,0.45226,0.466667,0.444444
real_left_right_fist,trial_random,20260917,58,0.49281,0.488889,0.466667
real_left_right_fist,trial_random,20260917,59,0.522991,0.511111,0.4
real_left_right_fist,trial_random,20260917,60,0.475505,0.488889,0.444444
real_left_right_fist,trial_random,20260917,61,0.469892,0.466667,0.466667
real_left_right_fist,trial_random,20260917,62,0.51435,0.511111,0.466667
real_left_right_fist,trial_random,20260917,63,0.500851,0.511111,0.422222
real_left_right_fist,trial_random,20260917,64,0.519355,0.5,0.380952
real_left_right_fist,trial_random,20260917,65,0.513492,0.511111,0.511111
real_left_right_fist,trial_random,20260917,66,0.468254,0.466667,0.466667
real_left_right_fist,trial_random,20260917,67,0.517204,0.511111,0.466667
real_left_right_fist,trial_random,20260917,68,0.486508,0.488889,0.377778
real_left_right_fist,trial_random,20260917,69,0.504832,0.488889,0.355556
real_left_right_fist,trial_random,20260917,70,0.536508,0.488889,0.4
real_left_right_fist,trial_random,20260917,71,0.490675,0.488889,0.4
real_left_right_fist,trial_random,20260917,72,0.494846,0.5,0.380952
real_left_right_fist,trial_random,20260917,73,0.493928,0.5,0.428571
real_left_right_fist,trial_random,20260917,74,0.508276,0.5,0.428571
real_left_right_fist,trial_random,20260917,75,0.507848,0.511111,0.4
real_left_right_fist,trial_random,20260917,76,0.5,0.5,0.404762
real_left_right_fist,trial_random,20260917,77,0.536607,0.533333,0.288889
real_left_right_fist,trial_random,20260917,78,0.487427,0.511111,0.422222
real_left_right_fist,trial_random,20260917,79,0.486881,0.488889,0.4
real_left_right_fist,trial_random,20260917,80,0.477426,0.488889,0.355556
real_left_right_fist,trial_random,20260917,81,0.488889,0.511111,0.4
real_left_right_fist,trial_random,20260917,82,0.506944,0.511111,0.444444
real_left_right_fist,trial_random,20260917,83,0.513492,0.511111,0.511111
real_left_right_fist,trial_random,20260917,84,0.479659,0.466667,0.444444
real_left_right_fist,trial_random,20260917,85,0.526097,0.511111,0.4
real_left_right_fist,trial_random,20260917,86,0.479525,0.511111,0.355556
real_left_right_fist,trial_random,20260917,87,0.545825,0.533333,0.355556
real_left_right_fist,trial_random,20260917,88,0.50731,0.508772,0.45614
real_left_right_fist,trial_random,20260917,89,0.489583,0.5,0.346154
real_left_right_fist,trial_random,20260917,90,0.532295,0.533333,0.533333
real_left_right_fist,trial_random,20260917,91,0.502296,0.511111,0.355556
real_left_right_fist,trial_random,20260917,92,0.470312,0.473684,0.45614
real_left_right_fist,trial_random,20260917,93,0.489591,0.488889,0.422222
real_left_right_fist,trial_random,20260917,94,0.488226,0.488889,0.466667
real_left_right_fist,trial_random,20260917,95,0.517956,0.511111,0.444444
real_left_right_fist,trial_random,20260917,96,0.521288,0.511111,0.466667
real_left_right_fist,trial_random,20260917,97,0.509259,0.511111,0.466667
real_left_right_fist,trial_random,20260917,98,0.444076,0.511111,0.355556
real_left_right_fist,trial_random,20260917,99,0.49281,0.488889,0.355556
real_left_right_fist,trial_random,20260917,100,0.533387,0.5,0.305556
real_left_right_fist,trial_random,20260917,101,0.484232,0.488889,0.4
real_left_right_fist,trial_random,20260917,102,0.491758,0.5,0.357143
real_left_right_fist,trial_random,20260917,103,0.491225,0.488889,0.333333
real_left_right_fist,trial_random,20260917,104,0.488889,0.488889,0.444444
real_left_right_fist,trial_random,20260917,105,0.529464,0.533333,0.422222
real_left_right_fist,trial_random,20260917,106,0.521679,0.511111,0.444444
real_left_right_fist,trial_random,20260917,107,0.492354,0.488889,0.444444
real_left_right_fist,trial_random,20260917,108,0.500735,0.533333,0.377778
real_left_right_fist,trial_random,20260917,109,0.482341,0.488889,0.4
real_left_right_fist,trial_random,20260918,1,0.5002,0.488889,0.466667
real_left_right_fist,trial_random,20260918,2,0.474246,0.488889,0.333333
real_left_right_fist,trial_random,20260918,3,0.513299,0.511111,0.422222
real_left_right_fist,trial_random,20260918,4,0.560569,0.511111,0.333333
real_left_right_fist,trial_random,20260918,5,0.478017,0.488889,0.422222
real_left_right_fist,trial_random,20260918,6,0.506773,0.511111,0.355556
real_left_right_fist,trial_random,20260918,7,0.472659,0.488889,0.4
real_left_right_fist,trial_random,20260918,8,0.503123,0.511111,0.355556
real_left_right_fist,trial_random,20260918,9,0.488583,0.488889,0.466667
real_left_right_fist,trial_random,20260918,10,0.462724,0.466667,0.533333
real_left_right_fist,trial_random,20260918,11,0.513119,0.511111,0.4
real_left_right_fist,trial_random,20260918,12,0.452598,0.466667,0.355556
real_left_right_fist,trial_random,20260918,13,0.461111,0.466667,0.422222
real_left_right_fist,trial_random,20260918,14,0.508303,0.511111,0.444444
real_left_right_fist,trial_random,20260918,15,0.494605,0.511111,0.4
real_left_right_fist,trial_random,20260918,16,0.512963,0.488889,0.377778
real_left_right_fist,trial_random,20260918,17,0.481274,0.488889,0.355556
real_left_right_fist,trial_random,20260918,18,0.506625,0.511111,0.377778
real_left_right_fist,trial_random,20260918,19,0.470952,0.466667,0.533333
real_left_right_fist,trial_random,20260918,20,0.538284,0.533333,0.422222
real_left_right_fist,trial_random,20260918,21,0.459596,0.466667,0.444444
real_left_right_fist,trial_random,20260918,22,0.489187,0.488889,0.377778
real_left_right_fist,trial_random,20260918,23,0.506638,0.511111,0.466667
real_left_right_fist,trial_random,20260918,24,0.496877,0.488889,0.4
real_left_right_fist,trial_random,20260918,25,0.493353,0.488889,0.444444
real_left_right_fist,trial_random,20260918,26,0.487071,0.488889,0.511111
real_left_right_fist,trial_random,20260918,27,0.488552,0.488889,0.511111
real_left_right_fist,trial_random,20260918,28,0.497438,0.488889,0.377778
real_left_right_fist,trial_random,20260918,29,0.512223,0.511111,0.466667
real_left_right_fist,trial_random,20260918,30,0.493012,0.511111,0.4
real_left_right_fist,trial_random,20260918,31,0.496472,0.488889,0.4
real_left_right_fist,trial_random,20260918,32,0.483187,0.488889,0.422222
real_left_right_fist,trial_random,20260918,33,0.523947,0.533333,0.288889
real_left_right_fist,trial_random,20260918,34,0.491704,0.5,0.452381
real_left_right_fist,trial_random,20260918,35,0.532295,0.533333,0.533333
real_left_right_fist,trial_random,20260918,36,0.465661,0.488889,0.4
real_left_right_fist,trial_random,20260918,37,0.496296,0.5,0.428571
real_left_right_fist,trial_random,20260918,38,0.488987,0.488889,0.466667
real_left_right_fist,trial_random,20260918,39,0.496807,0.488889,0.377778
real_left_right_fist,trial_random,20260918,40,0.504571,0.488889,0.422222
real_left_right_fist,trial_random,20260918,41,0.510783,0.5,0.380952
real_left_right_fist,trial_random,20260918,42,0.516239,0.511111,0.466667
real_left_right_fist,trial_random,20260918,43,0.522225,0.511111,0.377778
real_left_right_fist,trial_random,20260918,44,0.512607,0.488889,0.355556
real_left_right_fist,trial_random,20260918,45,0.513119,0.511111,0.4
real_left_right_fist,trial_random,20260918,46,0.526054,0.511111,0.4
real_left_right_fist,trial_random,20260918,47,0.486553,0.488889,0.4
real_left_right_fist,trial_random,20260918,48,0.505556,0.511111,0.466667
real_left_right_fist,trial_random,20260918,49,0.524916,0.511111,0.4
real_left_right_fist,trial_random,20260918,50,0.48381,0.466667,0.4
real_left_right_fist,trial_random,20260918,51,0.485455,0.5,0.428571
real_left_right_fist,trial_random,20260918,52,0.510036,0.511111,0.444444
real_left_right_fist,trial_random,20260918,53,0.512634,0.511111,0.422222
real_left_right_fist,trial_random,20260918,54,0.526496,0.511111,0.377778
real_left_right_fist,trial_random,20260918,55,0.502797,0.511111,0.466667
real_left_right_fist,trial_random,20260918,56,0.497438,0.488889,0.377778
real_left_right_fist,trial_random,20260918,57,0.467165,0.466667,0.533333
real_left_right_fist,trial_random,20260918,58,0.488852,0.488889,0.511111
real_left_right_fist,trial_random,20260918,59,0.507744,0.511111,0.466667
real_left_right_fist,trial_random,20260918,60,0.490972,0.488889,0.511111
real_left_right_fist,trial_random,20260918,61,0.48037,0.466667,0.444444
real_left_right_fist,trial_random,20260918,62,0.509028,0.511111,0.377778
real_left_right_fist,trial_random,20260918,63,0.493216,0.511111,0.377778
real_left_right_fist,trial_random,20260918,64,0.542614,0.5,0.357143
real_left_right_fist,trial_random,20260918,65,0.50719,0.511111,0.466667
real_left_right_fist,trial_random,20260918,66,0.46298,0.466667,0.4
real_left_right_fist,trial_random,20260918,67,0.512298,0.511111,0.444444
real_left_right_fist,trial_random,20260918,68,0.457407,0.488889,0.355556
real_left_right_fist,trial_random,20260918,69,0.483761,0.488889,0.511111
real_left_right_fist,trial_random,20260918,70,0.490972,0.488889,0.466667
real_left_right_fist,trial_random,20260918,71,0.495238,0.488889,0.4
real_left_right_fist,trial_random,20260918,72,0.497611,0.5,0.47619
real_left_right_fist,trial_random,20260918,73,0.496296,0.5,0.452381
real_left_right_fist,trial_random,20260918,74,0.503871,0.5,0.47619
real_left_right_fist,trial_random,20260918,75,0.512223,0.511111,0.466667
real_left_right_fist,trial_random,20260918,76,0.506386,0.5,0.380952
real_left_right_fist,trial_random,20260918,77,0.538788,0.533333,0.466667
real_left_right_fist,trial_random,20260918,78,0.513447,0.511111,0.4
real_left_right_fist,trial_random,20260918,79,0.486508,0.488889,0.511111
real_left_right_fist,trial_random,20260918,80,0.493001,0.488889,0.311111
real_left_right_fist,trial_random,20260918,81,0.50873,0.511111,0.422222
real_left_right_fist,trial_random,20260918,82,0.475873,0.511111,0.333333
real_left_right_fist,trial_random,20260918,83,0.517204,0.511111,0.444444
real_left_right_fist,trial_random,20260918,84,0.455717,0.466667,0.4
real_left_right_fist,trial_random,20260918,85,0.496651,0.511111,0.4
real_left_right_fist,trial_random,20260918,86,0.521212,0.511111,0.422222
real_left_right_fist,trial_random,20260918,87,0.516725,0.533333,0.4
real_left_right_fist,trial_random,20260918,88,0.487167,0.508772,0.368421
real_left_right_fist,trial_random,20260918,89,0.488889,0.5,0.423077
real_left_right_fist,trial_random,20260918,90,0.534174,0.533333,0.377778
real_left_right_fist,trial_random,20260918,91,0.510866,0.511111,0.422222
real_left_right_fist,trial_random,20260918,92,0.471313,0.473684,0.526316
real_left_right_fist,trial_random,20260918,93,0.483253,0.488889,0.355556
real_left_right_fist,trial_random,20260918,94,0.485559,0.488889,0.4
real_left_right_fist,trial_random,20260918,95,0.522446,0.511111,0.355556
real_left_right_fist,trial_random,20260918,96,0.532836,0.511111,0.355556
real_left_right_fist,trial_random,20260918,97,0.504563,0.511111,0.422222
real_left_right_fist,trial_random,20260918,98,0.516948,0.511111,0.422222
real_left_right_fist,trial_random,20260918,99,0.490972,0.488889,0.444444
real_left_right_fist,trial_random,20260918,100,0.496449,0.5,0.416667
real_left_right_fist,trial_random,20260918,101,0.512607,0.488889,0.355556
real_left_right_fist,trial_random,20260918,102,0.488276,0.5,0.357143
real_left_right_fist,trial_random,20260918,103,0.499159,0.488889,0.422222
real_left_right_fist,trial_random,20260918,104,0.499159,0.488889,0.422222
real_left_right_fist,trial_random,20260918,105,0.53452,0.533333,0.533333
real_left_right_fist,trial_random,20260918,106,0.512149,0.511111,0.377778
real_left_right_fist,trial_random,20260918,107,0.491604,0.488889,0.4
real_left_right_fist,trial_random,20260918,108,0.523906,0.533333,0.444444
real_left_right_fist,trial_random,20260918,109,0.498189,0.488889,0.422222
real_left_right_fist,trial_random,20260919,1,0.486772,0.488889,0.4
real_left_right_fist,trial_random,20260919,2,0.493362,0.488889,0.466667
real_left_right_fist,trial_random,20260919,3,0.498653,0.511111,0.355556
real_left_right_fist,trial_random,20260919,4,0.512318,0.511111,0.444444
real_left_right_fist,trial_random,20260919,5,0.496032,0.488889,0.333333
real_left_right_fist,trial_random,20260919,6,0.533333,0.511111,0.444444
real_left_right_fist,trial_random,20260919,7,0.515417,0.488889,0.355556
real_left_right_fist,trial_random,20260919,8,0.518182,0.511111,0.466667
real_left_right_fist,trial_random,20260919,9,0.492628,0.488889,0.422222
real_left_right_fist,trial_random,20260919,10,0.478431,0.466667,0.288889
real_left_right_fist,trial_random,20260919,11,0.515873,0.511111,0.444444
real_left_right_fist,trial_random,20260919,12,0.46548,0.466667,0.533333
real_left_right_fist,trial_random,20260919,13,0.454316,0.466667,0.422222
real_left_right_fist,trial_random,20260919,14,0.506647,0.511111,0.444444
real_left_right_fist,trial_random,20260919,15,0.486679,0.511111,0.377778
real_left_right_fist,trial_random,20260919,16,0.508081,0.488889,0.311111
real_left_right_fist,trial_random,20260919,17,0.494009,0.488889,0.444444
real_left_right_fist,trial_random,20260919,18,0.530662,0.511111,0.377778
real_left_right_fist,trial_random,20260919,19,0.459524,0.466667,0.4
real_left_right_fist,trial_random,20260919,20,0.536782,0.533333,0.444444
real_left_right_fist,trial_random,20260919,21,0.442857,0.466667,0.4
real_left_right_fist,trial_random,20260919,22,0.489187,0.488889,0.377778
real_left_right_fist,trial_random,20260919,23,0.4998,0.511111,0.466667
real_left_right_fist,trial_random,20260919,24,0.47963,0.488889,0.4
real_left_right_fist,trial_random,20260919,25,0.485552,0.488889,0.422222
real_left_right_fist,trial_random,20260919,26,0.495241,0.488889,0.444444
real_left_right_fist,trial_random,20260919,27,0.49342,0.488889,0.4
real_left_right_fist,trial_random,20260919,28,0.50292,0.488889,0.377778
real_left_right_fist,trial_random,20260919,29,0.517725,0.511111,0.466667
real_left_right_fist,trial_random,20260919,30,0.504179,0.511111,0.466667
real_left_right_fist,trial_random,20260919,31,0.49342,0.488889,0.444444
real_left_right_fist,trial_random,20260919,32,0.478788,0.488889,0.422222
real_left_right_fist,trial_random,20260919,33,0.51266,0.533333,0.377778
real_left_right_fist,trial_random,20260919,34,0.50768,0.5,0.47619
real_left_right_fist,trial_random,20260919,35,0.548459,0.533333,0.533333
real_left_right_fist,trial_random,20260919,36,0.495437,0.488889,0.422222
real_left_right_fist,trial_random,20260919,37,0.513255,0.5,0.380952
real_left_right_fist,trial_random,20260919,38,0.504823,0.488889,0.311111
real_left_right_fist,trial_random,20260919,39,0.497203,0.488889,0.466667
real_left_right_fist,trial_random,20260919,40,0.479464,0.488889,0.444444
real_left_right_fist,trial_random,20260919,41,0.502759,0.5,0.47619
real_left_right_fist,trial_random,20260919,42,0.466658,0.511111,0.288889
real_left_right_fist,trial_random,20260919,43,0.505556,0.511111,0.288889
real_left_right_fist,trial_random,20260919,44,0.486508,0.488889,0.333333
real_left_right_fist,trial_random,20260919,45,0.504861,0.511111,0.4
real_left_right_fist,trial_random,20260919,46,0.511417,0.511111,0.466667
real_left_right_fist,trial_random,20260919,47,0.494009,0.488889,0.444444
real_left_right_fist,trial_random,20260919,48,0.505795,0.511111,0.422222
real_left_right_fist,trial_random,20260919,49,0.513492,0.511111,0.466667
real_left_right_fist,trial_random,20260919,50,0.444101,0.466667,0.355556
real_left_right_fist,trial_random,20260919,51,0.497611,0.5,0.47619
real_left_right_fist,trial_random,20260919,52,0.511061,0.511111,0.466667
real_left_right_fist,trial_random,20260919,53,0.49814,0.511111,0.444444
real_left_right_fist,trial_random,20260919,54,0.505326,0.511111,0.444444
real_left_right_fist,trial_random,20260919,55,0.510036,0.511111,0.422222
real_left_right_fist,trial_random,20260919,56,0.500333,0.488889,0.355556
real_left_right_fist,trial_random,20260919,57,0.479456,0.466667,0.444444
real_left_right_fist,trial_random,20260919,58,0.484507,0.488889,0.444444
real_left_right_fist,trial_random,20260919,59,0.511111,0.511111,0.444444
real_left_right_fist,trial_random,20260919,60,0.47381,0.488889,0.422222
real_left_right_fist,trial_random,20260919,61,0.464286,0.466667,0.466667
real_left_right_fist,trial_random,20260919,62,0.512223,0.511111,0.466667
real_left_right_fist,trial_random,20260919,63,0.525289,0.511111,0.444444
real_left_right_fist,trial_random,20260919,64,0.496296,0.5,0.452381
real_left_right_fist,trial_random,20260919,65,0.509999,0.511111,0.466667
real_left_right_fist,trial_random,20260919,66,0.46474,0.466667,0.444444
real_left_right_fist,trial_random,20260919,67,0.50272,0.511111,0.422222
real_left_right_fist,trial_random,20260919,68,0.487851,0.488889,0.377778
real_left_right_fist,trial_random,20260919,69,0.481145,0.488889,0.4
real_left_right_fist,trial_random,20260919,70,0.51996,0.488889,0.333333
real_left_right_fist,trial_random,20260919,71,0.488889,0.488889,0.422222
real_left_right_fist,trial_random,20260919,72,0.472473,0.5,0.380952
real_left_right_fist,trial_random,20260919,73,0.49007,0.5,0.357143
real_left_right_fist,trial_random,20260919,74,0.495694,0.5,0.428571
real_left_right_fist,trial_random,20260919,75,0.525375,0.511111,0.422222
real_left_right_fist,trial_random,20260919,76,0.496021,0.5,0.428571
real_left_right_fist,trial_random,20260919,77,0.530481,0.533333,0.533333
real_left_right_fist,trial_random,20260919,78,0.501269,0.511111,0.355556
real_left_right_fist,trial_random,20260919,79,0.483052,0.488889,0.422222
real_left_right_fist,trial_random,20260919,80,0.484418,0.488889,0.466667
real_left_right_fist,trial_random,20260919,81,0.49273,0.511111,0.422222
real_left_right_fist,trial_random,20260919,82,0.513805,0.511111,0.377778
real_left_right_fist,trial_random,20260919,83,0.503268,0.511111,0.444444
real_left_right_fist,trial_random,20260919,84,0.501103,0.466667,0.377778
real_left_right_fist,trial_random,20260919,85,0.536111,0.511111,0.4
real_left_right_fist,trial_random,20260919,86,0.498467,0.511111,0.377778
real_left_right_fist,trial_random,20260919,87,0.558158,0.533333,0.533333
real_left_right_fist,trial_random,20260919,88,0.521286,0.508772,0.403509
real_left_right_fist,trial_random,20260919,89,0.504995,0.5,0.442308
real_left_right_fist,trial_random,20260919,90,0.534594,0.533333,0.422222
real_left_right_fist,trial_random,20260919,91,0.507222,0.511111,0.422222
real_left_right_fist,trial_random,20260919,92,0.477741,0.473684,0.526316
real_left_right_fist,trial_random,20260919,93,0.496675,0.488889,0.333333
real_left_right_fist,trial_random,20260919,94,0.514646,0.488889,0.355556
real_left_right_fist,trial_random,20260919,95,0.511409,0.511111,0.444444
real_left_right_fist,trial_random,20260919,96,0.492403,0.511111,0.311111
real_left_right_fist,trial_random,20260919,97,0.50719,0.511111,0.511111
real_left_right_fist,trial_random,20260919,98,0.511074,0.511111,0.422222
real_left_right_fist,trial_random,20260919,99,0.476879,0.488889,0.4
real_left_right_fist,trial_random,20260919,100,0.50974,0.5,0.388889
real_left_right_fist,trial_random,20260919,101,0.484477,0.488889,0.377778
real_left_right_fist,trial_random,20260919,102,0.503114,0.5,0.357143
real_left_right_fist,trial_random,20260919,103,0.49127,0.488889,0.422222
real_left_right_fist,trial_random,20260919,104,0.492778,0.488889,0.422222
real_left_right_fist,trial_random,20260919,105,0.514815,0.533333,0.288889
real_left_right_fist,trial_random,20260919,106,0.524176,0.511111,0.444444
real_left_right_fist,trial_random,20260919,107,0.493039,0.488889,0.4
real_left_right_fist,trial_random,20260919,108,0.538393,0.533333,0.422222
real_left_right_fist,trial_random,20260919,109,0.503049,0.488889,0.4
real_left_right_fist,trial_random,20260920,1,0.516963,0.488889,0.333333
real_left_right_fist,trial_random,20260920,2,0.488583,0.488889,0.466667
real_left_right_fist,trial_random,20260920,3,0.53873,0.511111,0.311111
real_left_right_fist,trial_random,20260920,4,0.509904,0.511111,0.377778
real_left_right_fist,trial_random,20260920,5,0.482044,0.488889,0.444444
real_left_right_fist,trial_random,20260920,6,0.507774,0.511111,0.422222
real_left_right_fist,trial_random,20260920,7,0.486462,0.488889,0.511111
real_left_right_fist,trial_random,20260920,8,0.519048,0.511111,0.444444
real_left_right_fist,trial_random,20260920,9,0.480238,0.488889,0.422222
real_left_right_fist,trial_random,20260920,10,0.461966,0.466667,0.533333
real_left_right_fist,trial_random,20260920,11,0.486514,0.511111,0.288889
real_left_right_fist,trial_random,20260920,12,0.471844,0.466667,0.444444
real_left_right_fist,trial_random,20260920,13,0.497301,0.466667,0.333333
real_left_right_fist,trial_random,20260920,14,0.508418,0.511111,0.444444
real_left_right_fist,trial_random,20260920,15,0.515493,0.511111,0.444444
real_left_right_fist,trial_random,20260920,16,0.499901,0.488889,0.4
real_left_right_fist,trial_random,20260920,17,0.479595,0.488889,0.377778
real_left_right_fist,trial_random,20260920,18,0.510171,0.511111,0.488889
real_left_right_fist,trial_random,20260920,19,0.476064,0.466667,0.422222
real_left_right_fist,trial_random,20260920,20,0.548718,0.533333,0.422222
real_left_right_fist,trial_random,20260920,21,0.464331,0.466667,0.533333
real_left_right_fist,trial_random,20260920,22,0.488926,0.488889,0.422222
real_left_right_fist,trial_random,20260920,23,0.520732,0.511111,0.4
real_left_right_fist,trial_random,20260920,24,0.499901,0.488889,0.4
real_left_right_fist,trial_random,20260920,25,0.496877,0.488889,0.4
real_left_right_fist,trial_random,20260920,26,0.485522,0.488889,0.466667
real_left_right_fist,trial_random,20260920,27,0.494009,0.488889,0.466667
real_left_right_fist,trial_random,20260920,28,0.490001,0.488889,0.466667
real_left_right_fist,trial_random,20260920,29,0.507937,0.511111,0.422222
real_left_right_fist,trial_random,20260920,30,0.502797,0.511111,0.466667
real_left_right_fist,trial_random,20260920,31,0.504127,0.488889,0.4
real_left_right_fist,trial_random,20260920,32,0.497222,0.488889,0.355556
real_left_right_fist,trial_random,20260920,33,0.545722,0.533333,0.377778
real_left_right_fist,trial_random,20260920,34,0.50146,0.5,0.309524
real_left_right_fist,trial_random,20260920,35,0.527917,0.533333,0.533333
real_left_right_fist,trial_random,20260920,36,0.477778,0.488889,0.333333
real_left_right_fist,trial_random,20260920,37,0.501609,0.5,0.428571
real_left_right_fist,trial_random,20260920,38,0.48621,0.488889,0.4
real_left_right_fist,trial_random,20260920,39,0.488763,0.488889,0.4
real_left_right_fist,trial_random,20260920,40,0.498189,0.488889,0.422222
real_left_right_fist,trial_random,20260920,41,0.533407,0.5,0.428571
real_left_right_fist,trial_random,20260920,42,0.52983,0.511111,0.4
real_left_right_fist,trial_random,20260920,43,0.510983,0.511111,0.444444
real_left_right_fist,trial_random,20260920,44,0.481955,0.488889,0.377778
real_left_right_fist,trial_random,20260920,45,0.511222,0.511111,0.4
real_left_right_fist,trial_random,20260920,46,0.500635,0.511111,0.444444
real_left_right_fist,trial_random,20260920,47,0.467164,0.488889,0.355556
real_left_right_fist,trial_random,20260920,48,0.508454,0.511111,0.377778
real_left_right_fist,trial_random,20260920,49,0.520536,0.511111,0.444444
real_left_right_fist,trial_random,20260920,50,0.462327,0.466667,0.533333
real_left_right_fist,trial_random,20260920,51,0.497611,0.5,0.47619
real_left_right_fist,trial_random,20260920,52,0.507222,0.511111,0.422222
real_left_right_fist,trial_random,20260920,53,0.512223,0.511111,0.466667
real_left_right_fist,trial_random,20260920,54,0.502885,0.511111,0.466667
real_left_right_fist,trial_random,20260920,55,0.502778,0.511111,0.466667
real_left_right_fist,trial_random,20260920,56,0.49437,0.488889,0.422222
real_left_right_fist,trial_random,20260920,57,0.46381,0.466667,0.533333
real_left_right_fist,trial_random,20260920,58,0.496877,0.488889,0.4
real_left_right_fist,trial_random,20260920,59,0.515577,0.511111,0.444444
real_left_right_fist,trial_random,20260920,60,0.499113,0.488889,0.444444
real_left_right_fist,trial_random,20260920,61,0.452023,0.466667,0.4
real_left_right_fist,trial_random,20260920,62,0.513492,0.511111,0.466667
real_left_right_fist,trial_random,20260920,63,0.545792,0.511111,0.355556
real_left_right_fist,trial_random,20260920,64,0.534392,0.5,0.404762
real_left_right_fist,trial_random,20260920,65,0.503123,0.511111,0.4
real_left_right_fist,trial_random,20260920,66,0.459881,0.466667,0.4
real_left_right_fist,trial_random,20260920,67,0.508454,0.511111,0.377778
real_left_right_fist,trial_random,20260920,68,0.48423,0.488889,0.377778
real_left_right_fist,trial_random,20260920,69,0.484454,0.488889,0.311111
real_left_right_fist,trial_random,20260920,70,0.48621,0.488889,0.4
real_left_right_fist,trial_random,20260920,71,0.489322,0.488889,0.422222
real_left_right_fist,trial_random,20260920,72,0.489983,0.5,0.404762
real_left_right_fist,trial_random,20260920,73,0.5047,0.5,0.404762
real_left_right_fist,trial_random,20260920,74,0.496633,0.5,0.47619
real_left_right_fist,trial_random,20260920,75,0.525589,0.511111,0.355556
real_left_right_fist,trial_random,20260920,76,0.508882,0.5,0.428571
real_left_right_fist,trial_random,20260920,77,0.542576,0.533333,0.355556
real_left_right_fist,trial_random,20260920,78,0.515493,0.511111,0.444444
real_left_right_fist,trial_random,20260920,79,0.490972,0.488889,0.511111
real_left_right_fist,trial_random,20260920,80,0.485552,0.488889,0.422222
real_left_right_fist,trial_random,20260920,81,0.503396,0.511111,0.422222
real_left_right_fist,trial_random,20260920,82,0.523451,0.511111,0.422222
real_left_right_fist,trial_random,20260920,83,0.49699,0.511111,0.355556
real_left_right_fist,trial_random,20260920,84,0.448148,0.466667,0.533333
real_left_right_fist,trial_random,20260920,85,0.510774,0.511111,0.422222
real_left_right_fist,trial_random,20260920,86,0.515493,0.511111,0.444444
real_left_right_fist,trial_random,20260920,87,0.547977,0.533333,0.4
real_left_right_fist,trial_random,20260920,88,0.498329,0.508772,0.403509
real_left_right_fist,trial_random,20260920,89,0.494406,0.5,0.384615
real_left_right_fist,trial_random,20260920,90,0.519872,0.533333,0.422222
real_left_right_fist,trial_random,20260920,91,0.515493,0.511111,0.4
real_left_right_fist,trial_random,20260920,92,0.467496,0.473684,0.403509
real_left_right_fist,trial_random,20260920,93,0.479839,0.488889,0.444444
real_left_right_fist,trial_random,20260920,94,0.505395,0.488889,0.4
real_left_right_fist,trial_random,20260920,95,0.507774,0.511111,0.422222
real_left_right_fist,trial_random,20260920,96,0.50719,0.511111,0.466667
real_left_right_fist,trial_random,20260920,97,0.515019,0.511111,0.488889
real_left_right_fist,trial_random,20260920,98,0.506614,0.511111,0.377778
real_left_right_fist,trial_random,20260920,99,0.504267,0.488889,0.377778
real_left_right_fist,trial_random,20260920,100,0.482402,0.5,0.388889
real_left_right_fist,trial_random,20260920,101,0.464419,0.488889,0.355556
real_left_right_fist,trial_random,20260920,102,0.445166,0.5,0.309524
real_left_right_fist,trial_random,20260920,103,0.49405,0.488889,0.377778
real_left_right_fist,trial_random,20260920,104,0.488889,0.488889,0.444444
real_left_right_fist,trial_random,20260920,105,0.535287,0.533333,0.533333
real_left_right_fist,trial_random,20260920,106,0.508214,0.511111,0.422222
real_left_right_fist,trial_random,20260920,107,0.486701,0.488889,0.422222
real_left_right_fist,trial_random,20260920,108,0.533631,0.533333,0.533333
real_left_right_fist,trial_random,20260920,109,0.512607,0.488889,0.355556
real_left_right_fist,run_disjoint,20260916,1,0.488889,0.488889,0.511111
real_left_right_fist,run_disjoint,20260916,2,0.488889,0.488889,0.511111
real_left_right_fist,run_disjoint,20260916,3,0.511111,0.511111,0.466667
real_left_right_fist,run_disjoint,20260916,4,0.511111,0.511111,0.466667
real_left_right_fist,run_disjoint,20260916,5,0.488889,0.488889,0.511111
real_left_right_fist,run_disjoint,20260916,6,0.511111,0.511111,0.466667
real_left_right_fist,run_disjoint,20260916,7,0.488889,0.488889,0.511111
real_left_right_fist,run_disjoint,20260916,8,0.511111,0.511111,0.466667
real_left_right_fist,run_disjoint,20260916,9,0.488889,0.488889,0.511111
real_left_right_fist,run_disjoint,20260916,10,0.466667,0.466667,0.533333
real_left_right_fist,run_disjoint,20260916,11,0.511111,0.511111,0.466667
real_left_right_fist,run_disjoint,20260916,12,0.466667,0.466667,0.533333
real_left_right_fist,run_disjoint,20260916,13,0.466667,0.466667,0.533333
real_left_right_fist,run_disjoint,20260916,14,0.511111,0.511111,0.466667
real_left_right_fist,run_disjoint,20260916,15,0.511111,0.511111,0.466667
real_left_right_fist,run_disjoint,20260916,16,0.488889,0.488889,0.511111
real_left_right_fist,run_disjoint,20260916,17,0.488889,0.488889,0.511111
real_left_right_fist,run_disjoint,20260916,18,0.511111,0.511111,0.466667
real_left_right_fist,run_disjoint,20260916,19,0.466667,0.466667,0.533333
real_left_right_fist,run_disjoint,20260916,20,0.533333,0.533333,0.533333
real_left_right_fist,run_disjoint,20260916,21,0.466667,0.466667,0.533333
real_left_right_fist,run_disjoint,20260916,22,0.488889,0.488889,0.511111
real_left_right_fist,run_disjoint,20260916,23,0.511111,0.511111,0.466667
real_left_right_fist,run_disjoint,20260916,24,0.488889,0.488889,0.511111
real_left_right_fist,run_disjoint,20260916,25,0.488889,0.488889,0.511111
real_left_right_fist,run_disjoint,20260916,26,0.488889,0.488889,0.511111
real_left_right_fist,run_disjoint,20260916,27,0.488889,0.488889,0.511111
real_left_right_fist,run_disjoint,20260916,28,0.488889,0.488889,0.511111
real_left_right_fist,run_disjoint,20260916,29,0.511111,0.511111,0.466667
real_left_right_fist,run_disjoint,20260916,30,0.511111,0.511111,0.466667
real_left_right_fist,run_disjoint,20260916,31,0.488889,0.488889,0.511111
real_left_right_fist,run_disjoint,20260916,32,0.488889,0.488889,0.511111
real_left_right_fist,run_disjoint,20260916,33,0.533333,0.533333,0.533333
real_left_right_fist,run_disjoint,20260916,34,0.5,0.5,0.5
real_left_right_fist,run_disjoint,20260916,35,0.533333,0.533333,0.533333
real_left_right_fist,run_disjoint,20260916,36,0.488889,0.488889,0.511111
real_left_right_fist,run_disjoint,20260916,37,0.5,0.5,0.5
real_left_right_fist,run_disjoint,20260916,38,0.488889,0.488889,0.511111
real_left_right_fist,run_disjoint,20260916,39,0.488889,0.488889,0.511111
real_left_right_fist,run_disjoint,20260916,40,0.488889,0.488889,0.511111
real_left_right_fist,run_disjoint,20260916,41,0.5,0.5,0.5
real_left_right_fist,run_disjoint,20260916,42,0.511111,0.511111,0.466667
real_left_right_fist,run_disjoint,20260916,43,0.511111,0.511111,0.466667
real_left_right_fist,run_disjoint,20260916,44,0.488889,0.488889,0.511111
real_left_right_fist,run_disjoint,20260916,45,0.511111,0.511111,0.466667
real_left_right_fist,run_disjoint,20260916,46,0.511111,0.511111,0.466667
real_left_right_fist,run_disjoint,20260916,47,0.488889,0.488889,0.511111
real_left_right_fist,run_disjoint,20260916,48,0.511111,0.511111,0.466667
real_left_right_fist,run_disjoint,20260916,49,0.511111,0.511111,0.466667
real_left_right_fist,run_disjoint,20260916,50,0.466667,0.466667,0.533333
real_left_right_fist,run_disjoint,20260916,51,0.5,0.5,0.5
real_left_right_fist,run_disjoint,20260916,52,0.511111,0.511111,0.466667
real_left_right_fist,run_disjoint,20260916,53,0.511111,0.511111,0.466667
real_left_right_fist,run_disjoint,20260916,54,0.511111,0.511111,0.466667
real_left_right_fist,run_disjoint,20260916,55,0.511111,0.511111,0.466667
real_left_right_fist,run_disjoint,20260916,56,0.488889,0.488889,0.511111
real_left_right_fist,run_disjoint,20260916,57,0.466667,0.466667,0.533333
real_left_right_fist,run_disjoint,20260916,58,0.488889,0.488889,0.511111
real_left_right_fist,run_disjoint,20260916,59,0.511111,0.511111,0.466667
real_left_right_fist,run_disjoint,20260916,60,0.488889,0.488889,0.511111
real_left_right_fist,run_disjoint,20260916,61,0.466667,0.466667,0.533333
real_left_right_fist,run_disjoint,20260916,62,0.511111,0.511111,0.466667
real_left_right_fist,run_disjoint,20260916,63,0.511111,0.511111,0.466667
real_left_right_fist,run_disjoint,20260916,64,0.5,0.5,0.5
real_left_right_fist,run_disjoint,20260916,65,0.511111,0.511111,0.466667
real_left_right_fist,run_disjoint,20260916,66,0.466667,0.466667,0.533333
real_left_right_fist,run_disjoint,20260916,67,0.511111,0.511111,0.466667
real_left_right_fist,run_disjoint,20260916,68,0.488889,0.488889,0.511111
real_left_right_fist,run_disjoint,20260916,69,0.488889,0.488889,0.511111
real_left_right_fist,run_disjoint,20260916,70,0.488889,0.488889,0.511111
real_left_right_fist,run_disjoint,20260916,71,0.488889,0.488889,0.511111
real_left_right_fist,run_disjoint,20260916,72,0.5,0.5,0.5
real_left_right_fist,run_disjoint,20260916,73,0.5,0.5,0.5
real_left_right_fist,run_disjoint,20260916,74,0.5,0.5,0.5
real_left_right_fist,run_disjoint,20260916,75,0.511111,0.511111,0.466667
real_left_right_fist,run_disjoint,20260916,76,0.5,0.5,0.5
real_left_right_fist,run_disjoint,20260916,77,0.533333,0.533333,0.533333
real_left_right_fist,run_disjoint,20260916,78,0.511111,0.511111,0.466667
real_left_right_fist,run_disjoint,20260916,79,0.488889,0.488889,0.511111
real_left_right_fist,run_disjoint,20260916,80,0.488889,0.488889,0.511111
real_left_right_fist,run_disjoint,20260916,81,0.511111,0.511111,0.466667
real_left_right_fist,run_disjoint,20260916,82,0.511111,0.511111,0.466667
real_left_right_fist,run_disjoint,20260916,83,0.511111,0.511111,0.466667
real_left_right_fist,run_disjoint,20260916,84,0.466667,0.466667,0.533333
real_left_right_fist,run_disjoint,20260916,85,0.511111,0.511111,0.466667
real_left_right_fist,run_disjoint,20260916,86,0.511111,0.511111,0.466667
real_left_right_fist,run_disjoint,20260916,87,0.533333,0.533333,0.533333
real_left_right_fist,run_disjoint,20260916,88,0.508772,0.508772,0.473684
real_left_right_fist,run_disjoint,20260916,89,0.5,0.5,0.480769
real_left_right_fist,run_disjoint,20260916,90,0.533333,0.533333,0.533333
real_left_right_fist,run_disjoint,20260916,91,0.511111,0.511111,0.466667
real_left_right_fist,run_disjoint,20260916,92,0.473684,0.473684,0.526316
real_left_right_fist,run_disjoint,20260916,93,0.488889,0.488889,0.511111
real_left_right_fist,run_disjoint,20260916,94,0.488889,0.488889,0.511111
real_left_right_fist,run_disjoint,20260916,95,0.511111,0.511111,0.466667
real_left_right_fist,run_disjoint,20260916,96,0.511111,0.511111,0.466667
real_left_right_fist,run_disjoint,20260916,97,0.511111,0.511111,0.466667
real_left_right_fist,run_disjoint,20260916,98,0.511111,0.511111,0.466667
real_left_right_fist,run_disjoint,20260916,99,0.488889,0.488889,0.511111
real_left_right_fist,run_disjoint,20260916,100,0.5,0.5,0.5
real_left_right_fist,run_disjoint,20260916,101,0.488889,0.488889,0.511111
real_left_right_fist,run_disjoint,20260916,102,0.5,0.5,0.5
real_left_right_fist,run_disjoint,20260916,103,0.488889,0.488889,0.511111
real_left_right_fist,run_disjoint,20260916,104,0.488889,0.488889,0.511111
real_left_right_fist,run_disjoint,20260916,105,0.533333,0.533333,0.533333
real_left_right_fist,run_disjoint,20260916,106,0.511111,0.511111,0.466667
real_left_right_fist,run_disjoint,20260916,107,0.488889,0.488889,0.511111
real_left_right_fist,run_disjoint,20260916,108,0.533333,0.533333,0.533333
real_left_right_fist,run_disjoint,20260916,109,0.488889,0.488889,0.511111
real_left_right_fist,subject_disjoint,20260916,1,0.498765,0.488889,0.511111
real_left_right_fist,subject_disjoint,20260916,2,0.499389,0.488889,0.511111
real_left_right_fist,subject_disjoint,20260916,3,0.499389,0.511111,0.488889
real_left_right_fist,subject_disjoint,20260916,4,0.499695,0.511111,0.488889
real_left_right_fist,subject_disjoint,20260916,5,0.498765,0.488889,0.511111
real_left_right_fist,subject_disjoint,20260916,6,0.498765,0.511111,0.488889
real_left_right_fist,subject_disjoint,20260916,7,0.499695,0.488889,0.511111
real_left_right_fist,subject_disjoint,20260916,8,0.499389,0.511111,0.488889
real_left_right_fist,subject_disjoint,20260916,9,0.499695,0.488889,0.511111
real_left_right_fist,subject_disjoint,20260916,10,0.499695,0.466667,0.533333
real_left_right_fist,subject_disjoint,20260916,11,0.499389,0.511111,0.488889
real_left_right_fist,subject_disjoint,20260916,12,0.499389,0.466667,0.533333
real_left_right_fist,subject_disjoint,20260916,13,0.498765,0.466667,0.533333
real_left_right_fist,subject_disjoint,20260916,14,0.499695,0.511111,0.488889
real_left_right_fist,subject_disjoint,20260916,15,0.498765,0.511111,0.488889
real_left_right_fist,subject_disjoint,20260916,16,0.498765,0.488889,0.511111
real_left_right_fist,subject_disjoint,20260916,17,0.498765,0.488889,0.511111
real_left_right_fist,subject_disjoint,20260916,18,0.499389,0.511111,0.488889
real_left_right_fist,subject_disjoint,20260916,19,0.499389,0.466667,0.533333
real_left_right_fist,subject_disjoint,20260916,20,0.499389,0.533333,0.466667
real_left_right_fist,subject_disjoint,20260916,21,0.499695,0.466667,0.533333
real_left_right_fist,subject_disjoint,20260916,22,0.499389,0.488889,0.511111
real_left_right_fist,subject_disjoint,20260916,23,0.498765,0.511111,0.488889
real_left_right_fist,subject_disjoint,20260916,24,0.499695,0.488889,0.511111
real_left_right_fist,subject_disjoint,20260916,25,0.499695,0.488889,0.511111
real_left_right_fist,subject_disjoint,20260916,26,0.499389,0.488889,0.511111
real_left_right_fist,subject_disjoint,20260916,27,0.499389,0.488889,0.511111
real_left_right_fist,subject_disjoint,20260916,28,0.499389,0.488889,0.511111
real_left_right_fist,subject_disjoint,20260916,29,0.499389,0.511111,0.488889
real_left_right_fist,subject_disjoint,20260916,30,0.499695,0.511111,0.488889
real_left_right_fist,subject_disjoint,20260916,31,0.498765,0.488889,0.511111
real_left_right_fist,subject_disjoint,20260916,32,0.498765,0.488889,0.511111
real_left_right_fist,subject_disjoint,20260916,33,0.499695,0.533333,0.466667
real_left_right_fist,subject_disjoint,20260916,34,0.499389,0.5,0.5
real_left_right_fist,subject_disjoint,20260916,35,0.498765,0.533333,0.466667
real_left_right_fist,subject_disjoint,20260916,36,0.499695,0.488889,0.511111
real_left_right_fist,subject_disjoint,20260916,37,0.498765,0.5,0.5
real_left_right_fist,subject_disjoint,20260916,38,0.499389,0.488889,0.511111
real_left_right_fist,subject_disjoint,20260916,39,0.498765,0.488889,0.511111
real_left_right_fist,subject_disjoint,20260916,40,0.499389,0.488889,0.511111
real_left_right_fist,subject_disjoint,20260916,41,0.498765,0.5,0.5
real_left_right_fist,subject_disjoint,20260916,42,0.499389,0.511111,0.488889
real_left_right_fist,subject_disjoint,20260916,43,0.499389,0.511111,0.488889
real_left_right_fist,subject_disjoint,20260916,44,0.499695,0.488889,0.511111
real_left_right_fist,subject_disjoint,20260916,45,0.498765,0.511111,0.488889
real_left_right_fist,subject_disjoint,20260916,46,0.499695,0.511111,0.488889
real_left_right_fist,subject_disjoint,20260916,47,0.499389,0.488889,0.511111
real_left_right_fist,subject_disjoint,20260916,48,0.499389,0.511111,0.488889
real_left_right_fist,subject_disjoint,20260916,49,0.499389,0.511111,0.488889
real_left_right_fist,subject_disjoint,20260916,50,0.498765,0.466667,0.533333
real_left_right_fist,subject_disjoint,20260916,51,0.498765,0.5,0.5
real_left_right_fist,subject_disjoint,20260916,52,0.499389,0.511111,0.488889
real_left_right_fist,subject_disjoint,20260916,53,0.499695,0.511111,0.488889
real_left_right_fist,subject_disjoint,20260916,54,0.499695,0.511111,0.488889
real_left_right_fist,subject_disjoint,20260916,55,0.498765,0.511111,0.488889
real_left_right_fist,subject_disjoint,20260916,56,0.499695,0.488889,0.511111
real_left_right_fist,subject_disjoint,20260916,57,0.499389,0.466667,0.533333
real_left_right_fist,subject_disjoint,20260916,58,0.499695,0.488889,0.511111
real_left_right_fist,subject_disjoint,20260916,59,0.498765,0.511111,0.488889
real_left_right_fist,subject_disjoint,20260916,60,0.499389,0.488889,0.511111
real_left_right_fist,subject_disjoint,20260916,61,0.499695,0.466667,0.533333
real_left_right_fist,subject_disjoint,20260916,62,0.499389,0.511111,0.488889
real_left_right_fist,subject_disjoint,20260916,63,0.499695,0.511111,0.488889
real_left_right_fist,subject_disjoint,20260916,64,0.499389,0.5,0.5
real_left_right_fist,subject_disjoint,20260916,65,0.498765,0.511111,0.488889
real_left_right_fist,subject_disjoint,20260916,66,0.498765,0.466667,0.533333
real_left_right_fist,subject_disjoint,20260916,67,0.498765,0.511111,0.488889
real_left_right_fist,subject_disjoint,20260916,68,0.498765,0.488889,0.511111
real_left_right_fist,subject_disjoint,20260916,69,0.499695,0.488889,0.511111
real_left_right_fist,subject_disjoint,20260916,70,0.498765,0.488889,0.511111
real_left_right_fist,subject_disjoint,20260916,71,0.498765,0.488889,0.511111
real_left_right_fist,subject_disjoint,20260916,72,0.499389,0.5,0.5
real_left_right_fist,subject_disjoint,20260916,73,0.498765,0.5,0.5
real_left_right_fist,subject_disjoint,20260916,74,0.499695,0.5,0.5
real_left_right_fist,subject_disjoint,20260916,75,0.498765,0.511111,0.488889
real_left_right_fist,subject_disjoint,20260916,76,0.499695,0.5,0.5
real_left_right_fist,subject_disjoint,20260916,77,0.498765,0.533333,0.466667
real_left_right_fist,subject_disjoint,20260916,78,0.498765,0.511111,0.488889
real_left_right_fist,subject_disjoint,20260916,79,0.499389,0.488889,0.511111
real_left_right_fist,subject_disjoint,20260916,80,0.499695,0.488889,0.511111
real_left_right_fist,subject_disjoint,20260916,81,0.499695,0.511111,0.488889
real_left_right_fist,subject_disjoint,20260916,82,0.498765,0.511111,0.488889
real_left_right_fist,subject_disjoint,20260916,83,0.499389,0.511111,0.488889
real_left_right_fist,subject_disjoint,20260916,84,0.499695,0.466667,0.533333
real_left_right_fist,subject_disjoint,20260916,85,0.498765,0.511111,0.488889
real_left_right_fist,subject_disjoint,20260916,86,0.499389,0.511111,0.488889
real_left_right_fist,subject_disjoint,20260916,87,0.498765,0.533333,0.466667
real_left_right_fist,subject_disjoint,20260916,88,0.499389,0.508772,0.491228
real_left_right_fist,subject_disjoint,20260916,89,0.498765,0.5,0.5
real_left_right_fist,subject_disjoint,20260916,90,0.499695,0.533333,0.466667
real_left_right_fist,subject_disjoint,20260916,91,0.498765,0.511111,0.488889
real_left_right_fist,subject_disjoint,20260916,92,0.499695,0.473684,0.526316
real_left_right_fist,subject_disjoint,20260916,93,0.499695,0.488889,0.511111
real_left_right_fist,subject_disjoint,20260916,94,0.499695,0.488889,0.511111
real_left_right_fist,subject_disjoint,20260916,95,0.499695,0.511111,0.488889
real_left_right_fist,subject_disjoint,20260916,96,0.499695,0.511111,0.488889
real_left_right_fist,subject_disjoint,20260916,97,0.499389,0.511111,0.488889
real_left_right_fist,subject_disjoint,20260916,98,0.499695,0.511111,0.488889
real_left_right_fist,subject_disjoint,20260916,99,0.499695,0.488889,0.511111
real_left_right_fist,subject_disjoint,20260916,100,0.499695,0.5,0.5
real_left_right_fist,subject_disjoint,20260916,101,0.498765,0.488889,0.511111
real_left_right_fist,subject_disjoint,20260916,102,0.498765,0.5,0.5
real_left_right_fist,subject_disjoint,20260916,103,0.499389,0.488889,0.511111
real_left_right_fist,subject_disjoint,20260916,104,0.499389,0.488889,0.511111
real_left_right_fist,subject_disjoint,20260916,105,0.499695,0.533333,0.466667
real_left_right_fist,subject_disjoint,20260916,106,0.499389,0.511111,0.488889
real_left_right_fist,subject_disjoint,20260916,107,0.499389,0.488889,0.511111
real_left_right_fist,subject_disjoint,20260916,108,0.499695,0.533333,0.466667
real_left_right_fist,subject_disjoint,20260916,109,0.498765,0.488889,0.511111
real_left_right_fist,subject_disjoint,20260917,1,0.500457,0.488889,0.488889
real_left_right_fist,subject_disjoint,20260917,2,0.500457,0.488889,0.488889
real_left_right_fist,subject_disjoint,20260917,3,0.500457,0.511111,0.511111
real_left_right_fist,subject_disjoint,20260917,4,0.499392,0.511111,0.488889
real_left_right_fist,subject_disjoint,20260917,5,0.500457,0.488889,0.488889
real_left_right_fist,subject_disjoint,20260917,6,0.497981,0.511111,0.488889
real_left_right_fist,subject_disjoint,20260917,7,0.497981,0.488889,0.511111
real_left_right_fist,subject_disjoint,20260917,8,0.497981,0.511111,0.488889
real_left_right_fist,subject_disjoint,20260917,9,0.500457,0.488889,0.488889
real_left_right_fist,subject_disjoint,20260917,10,0.497981,0.466667,0.533333
real_left_right_fist,subject_disjoint,20260917,11,0.499392,0.511111,0.488889
real_left_right_fist,subject_disjoint,20260917,12,0.497981,0.466667,0.533333
real_left_right_fist,subject_disjoint,20260917,13,0.497981,0.466667,0.533333
real_left_right_fist,subject_disjoint,20260917,14,0.497981,0.511111,0.488889
real_left_right_fist,subject_disjoint,20260917,15,0.497981,0.511111,0.488889
real_left_right_fist,subject_disjoint,20260917,16,0.499392,0.488889,0.511111
real_left_right_fist,subject_disjoint,20260917,17,0.500457,0.488889,0.488889
real_left_right_fist,subject_disjoint,20260917,18,0.497981,0.511111,0.488889
real_left_right_fist,subject_disjoint,20260917,19,0.500457,0.466667,0.466667
real_left_right_fist,subject_disjoint,20260917,20,0.497981,0.533333,0.466667
real_left_right_fist,subject_disjoint,20260917,21,0.497981,0.466667,0.533333
real_left_right_fist,subject_disjoint,20260917,22,0.499392,0.488889,0.511111
real_left_right_fist,subject_disjoint,20260917,23,0.497981,0.511111,0.488889
real_left_right_fist,subject_disjoint,20260917,24,0.499392,0.488889,0.511111
real_left_right_fist,subject_disjoint,20260917,25,0.497981,0.488889,0.511111
real_left_right_fist,subject_disjoint,20260917,26,0.499392,0.488889,0.511111
real_left_right_fist,subject_disjoint,20260917,27,0.500457,0.488889,0.488889
real_left_right_fist,subject_disjoint,20260917,28,0.497981,0.488889,0.511111
real_left_right_fist,subject_disjoint,20260917,29,0.497981,0.511111,0.488889
real_left_right_fist,subject_disjoint,20260917,30,0.499392,0.511111,0.488889
real_left_right_fist,subject_disjoint,20260917,31,0.497981,0.488889,0.511111
real_left_right_fist,subject_disjoint,20260917,32,0.500457,0.488889,0.488889
real_left_right_fist,subject_disjoint,20260917,33,0.500457,0.533333,0.533333
real_left_right_fist,subject_disjoint,20260917,34,0.499392,0.5,0.5
real_left_right_fist,subject_disjoint,20260917,35,0.497981,0.533333,0.466667
real_left_right_fist,subject_disjoint,20260917,36,0.497981,0.488889,0.511111
real_left_right_fist,subject_disjoint,20260917,37,0.499392,0.5,0.5
real_left_right_fist,subject_disjoint,20260917,38,0.497981,0.488889,0.511111
real_left_right_fist,subject_disjoint,20260917,39,0.499392,0.488889,0.511111
real_left_right_fist,subject_disjoint,20260917,40,0.497981,0.488889,0.511111
real_left_right_fist,subject_disjoint,20260917,41,0.499392,0.5,0.5
real_left_right_fist,subject_disjoint,20260917,42,0.499392,0.511111,0.488889
real_left_right_fist,subject_disjoint,20260917,43,0.499392,0.511111,0.488889
real_left_right_fist,subject_disjoint,20260917,44,0.500457,0.488889,0.488889
real_left_right_fist,subject_disjoint,20260917,45,0.500457,0.511111,0.511111
real_left_right_fist,subject_disjoint,20260917,46,0.499392,0.511111,0.488889
real_left_right_fist,subject_disjoint,20260917,47,0.500457,0.488889,0.488889
real_left_right_fist,subject_disjoint,20260917,48,0.499392,0.511111,0.488889
real_left_right_fist,subject_disjoint,20260917,49,0.499392,0.511111,0.488889
real_left_right_fist,subject_disjoint,20260917,50,0.500457,0.466667,0.466667
real_left_right_fist,subject_disjoint,20260917,51,0.497981,0.5,0.5
real_left_right_fist,subject_disjoint,20260917,52,0.497981,0.511111,0.488889
real_left_right_fist,subject_disjoint,20260917,53,0.500457,0.511111,0.511111
real_left_right_fist,subject_disjoint,20260917,54,0.500457,0.511111,0.511111
real_left_right_fist,subject_disjoint,20260917,55,0.500457,0.511111,0.511111
real_left_right_fist,subject_disjoint,20260917,56,0.499392,0.488889,0.511111
real_left_right_fist,subject_disjoint,20260917,57,0.500457,0.466667,0.466667
real_left_right_fist,subject_disjoint,20260917,58,0.497981,0.488889,0.511111
real_left_right_fist,subject_disjoint,20260917,59,0.499392,0.511111,0.488889
real_left_right_fist,subject_disjoint,20260917,60,0.500457,0.488889,0.488889
real_left_right_fist,subject_disjoint,20260917,61,0.499392,0.466667,0.533333
real_left_right_fist,subject_disjoint,20260917,62,0.497981,0.511111,0.488889
real_left_right_fist,subject_disjoint,20260917,63,0.499392,0.511111,0.488889
real_left_right_fist,subject_disjoint,20260917,64,0.499392,0.5,0.5
real_left_right_fist,subject_disjoint,20260917,65,0.497981,0.511111,0.488889
real_left_right_fist,subject_disjoint,20260917,66,0.500457,0.466667,0.466667
real_left_right_fist,subject_disjoint,20260917,67,0.500457,0.511111,0.511111
real_left_right_fist,subject_disjoint,20260917,68,0.499392,0.488889,0.511111
real_left_right_fist,subject_disjoint,20260917,69,0.499392,0.488889,0.511111
real_left_right_fist,subject_disjoint,20260917,70,0.500457,0.488889,0.488889
real_left_right_fist,subject_disjoint,20260917,71,0.500457,0.488889,0.488889
real_left_right_fist,subject_disjoint,20260917,72,0.500457,0.5,0.5
real_left_right_fist,subject_disjoint,20260917,73,0.500457,0.5,0.5
real_left_right_fist,subject_disjoint,20260917,74,0.500457,0.5,0.5
real_left_right_fist,subject_disjoint,20260917,75,0.499392,0.511111,0.488889
real_left_right_fist,subject_disjoint,20260917,76,0.499392,0.5,0.5
real_left_right_fist,subject_disjoint,20260917,77,0.500457,0.533333,0.533333
real_left_right_fist,subject_disjoint,20260917,78,0.500457,0.511111,0.511111
real_left_right_fist,subject_disjoint,20260917,79,0.499392,0.488889,0.511111
real_left_right_fist,subject_disjoint,20260917,80,0.499392,0.488889,0.511111
real_left_right_fist,subject_disjoint,20260917,81,0.500457,0.511111,0.511111
real_left_right_fist,subject_disjoint,20260917,82,0.497981,0.511111,0.488889
real_left_right_fist,subject_disjoint,20260917,83,0.499392,0.511111,0.488889
real_left_right_fist,subject_disjoint,20260917,84,0.499392,0.466667,0.533333
real_left_right_fist,subject_disjoint,20260917,85,0.497981,0.511111,0.488889
real_left_right_fist,subject_disjoint,20260917,86,0.499392,0.511111,0.488889
real_left_right_fist,subject_disjoint,20260917,87,0.499392,0.533333,0.466667
real_left_right_fist,subject_disjoint,20260917,88,0.500457,0.508772,0.508772
real_left_right_fist,subject_disjoint,20260917,89,0.497981,0.5,0.5
real_left_right_fist,subject_disjoint,20260917,90,0.497981,0.533333,0.466667
real_left_right_fist,subject_disjoint,20260917,91,0.497981,0.511111,0.488889
real_left_right_fist,subject_disjoint,20260917,92,0.497981,0.473684,0.526316
real_left_right_fist,subject_disjoint,20260917,93,0.499392,0.488889,0.511111
real_left_right_fist,subject_disjoint,20260917,94,0.497981,0.488889,0.511111
real_left_right_fist,subject_disjoint,20260917,95,0.497981,0.511111,0.488889
real_left_right_fist,subject_disjoint,20260917,96,0.500457,0.511111,0.511111
real_left_right_fist,subject_disjoint,20260917,97,0.500457,0.511111,0.511111
real_left_right_fist,subject_disjoint,20260917,98,0.497981,0.511111,0.488889
real_left_right_fist,subject_disjoint,20260917,99,0.499392,0.488889,0.511111
real_left_right_fist,subject_disjoint,20260917,100,0.500457,0.5,0.5
real_left_right_fist,subject_disjoint,20260917,101,0.500457,0.488889,0.488889
real_left_right_fist,subject_disjoint,20260917,102,0.497981,0.5,0.5
real_left_right_fist,subject_disjoint,20260917,103,0.499392,0.488889,0.511111
real_left_right_fist,subject_disjoint,20260917,104,0.500457,0.488889,0.488889
real_left_right_fist,subject_disjoint,20260917,105,0.497981,0.533333,0.466667
real_left_right_fist,subject_disjoint,20260917,106,0.499392,0.511111,0.488889
real_left_right_fist,subject_disjoint,20260917,107,0.499392,0.488889,0.511111
real_left_right_fist,subject_disjoint,20260917,108,0.497981,0.533333,0.466667
real_left_right_fist,subject_disjoint,20260917,109,0.500457,0.488889,0.488889
real_left_right_fist,subject_disjoint,20260918,1,0.498777,0.488889,0.511111
real_left_right_fist,subject_disjoint,20260918,2,0.499544,0.488889,0.511111
real_left_right_fist,subject_disjoint,20260918,3,0.498777,0.511111,0.488889
real_left_right_fist,subject_disjoint,20260918,4,0.498777,0.511111,0.488889
real_left_right_fist,subject_disjoint,20260918,5,0.499536,0.488889,0.511111
real_left_right_fist,subject_disjoint,20260918,6,0.498777,0.511111,0.488889
real_left_right_fist,subject_disjoint,20260918,7,0.498777,0.488889,0.511111
real_left_right_fist,subject_disjoint,20260918,8,0.499544,0.511111,0.488889
real_left_right_fist,subject_disjoint,20260918,9,0.499544,0.488889,0.511111
real_left_right_fist,subject_disjoint,20260918,10,0.499544,0.466667,0.533333
real_left_right_fist,subject_disjoint,20260918,11,0.498777,0.511111,0.488889
real_left_right_fist,subject_disjoint,20260918,12,0.498777,0.466667,0.533333
real_left_right_fist,subject_disjoint,20260918,13,0.499536,0.466667,0.533333
real_left_right_fist,subject_disjoint,20260918,14,0.498777,0.511111,0.488889
real_left_right_fist,subject_disjoint,20260918,15,0.499536,0.511111,0.488889
real_left_right_fist,subject_disjoint,20260918,16,0.499536,0.488889,0.511111
real_left_right_fist,subject_disjoint,20260918,17,0.498777,0.488889,0.511111
real_left_right_fist,subject_disjoint,20260918,18,0.499544,0.511111,0.488889
real_left_right_fist,subject_disjoint,20260918,19,0.499536,0.466667,0.533333
real_left_right_fist,subject_disjoint,20260918,20,0.499544,0.533333,0.466667
real_left_right_fist,subject_disjoint,20260918,21,0.499536,0.466667,0.533333
real_left_right_fist,subject_disjoint,20260918,22,0.499536,0.488889,0.511111
real_left_right_fist,subject_disjoint,20260918,23,0.499544,0.511111,0.488889
real_left_right_fist,subject_disjoint,20260918,24,0.499544,0.488889,0.511111
real_left_right_fist,subject_disjoint,20260918,25,0.499544,0.488889,0.511111
real_left_right_fist,subject_disjoint,20260918,26,0.498777,0.488889,0.511111
real_left_right_fist,subject_disjoint,20260918,27,0.498777,0.488889,0.511111
real_left_right_fist,subject_disjoint,20260918,28,0.499536,0.488889,0.511111
real_left_right_fist,subject_disjoint,20260918,29,0.498777,0.511111,0.488889
real_left_right_fist,subject_disjoint,20260918,30,0.499536,0.511111,0.488889
real_left_right_fist,subject_disjoint,20260918,31,0.499536,0.488889,0.511111
real_left_right_fist,subject_disjoint,20260918,32,0.498777,0.488889,0.511111
real_left_right_fist,subject_disjoint,20260918,33,0.499544,0.533333,0.466667
real_left_right_fist,subject_disjoint,20260918,34,0.499536,0.5,0.5
real_left_right_fist,subject_disjoint,20260918,35,0.499536,0.533333,0.466667
real_left_right_fist,subject_disjoint,20260918,36,0.499544,0.488889,0.511111
real_left_right_fist,subject_disjoint,20260918,37,0.499544,0.5,0.5
real_left_right_fist,subject_disjoint,20260918,38,0.498777,0.488889,0.511111
real_left_right_fist,subject_disjoint,20260918,39,0.499544,0.488889,0.511111
real_left_right_fist,subject_disjoint,20260918,40,0.498777,0.488889,0.511111
real_left_right_fist,subject_disjoint,20260918,41,0.499536,0.5,0.5
real_left_right_fist,subject_disjoint,20260918,42,0.498777,0.511111,0.488889
real_left_right_fist,subject_disjoint,20260918,43,0.498777,0.511111,0.488889
real_left_right_fist,subject_disjoint,20260918,44,0.498777,0.488889,0.511111
real_left_right_fist,subject_disjoint,20260918,45,0.498777,0.511111,0.488889
real_left_right_fist,subject_disjoint,20260918,46,0.499544,0.511111,0.488889
real_left_right_fist,subject_disjoint,20260918,47,0.499544,0.488889,0.511111
real_left_right_fist,subject_disjoint,20260918,48,0.499536,0.511111,0.488889
real_left_right_fist,subject_disjoint,20260918,49,0.499536,0.511111,0.488889
real_left_right_fist,subject_disjoint,20260918,50,0.499544,0.466667,0.533333
real_left_right_fist,subject_disjoint,20260918,51,0.499536,0.5,0.5
real_left_right_fist,subject_disjoint,20260918,52,0.499536,0.511111,0.488889
real_left_right_fist,subject_disjoint,20260918,53,0.498777,0.511111,0.488889
real_left_right_fist,subject_disjoint,20260918,54,0.499544,0.511111,0.488889
real_left_right_fist,subject_disjoint,20260918,55,0.498777,0.511111,0.488889
real_left_right_fist,subject_disjoint,20260918,56,0.499536,0.488889,0.511111
real_left_right_fist,subject_disjoint,20260918,57,0.499536,0.466667,0.533333
real_left_right_fist,subject_disjoint,20260918,58,0.499536,0.488889,0.511111
real_left_right_fist,subject_disjoint,20260918,59,0.499536,0.511111,0.488889
real_left_right_fist,subject_disjoint,20260918,60,0.499544,0.488889,0.511111
real_left_right_fist,subject_disjoint,20260918,61,0.499536,0.466667,0.533333
real_left_right_fist,subject_disjoint,20260918,62,0.499544,0.511111,0.488889
real_left_right_fist,subject_disjoint,20260918,63,0.499536,0.511111,0.488889
real_left_right_fist,subject_disjoint,20260918,64,0.499536,0.5,0.5
real_left_right_fist,subject_disjoint,20260918,65,0.498777,0.511111,0.488889
real_left_right_fist,subject_disjoint,20260918,66,0.498777,0.466667,0.533333
real_left_right_fist,subject_disjoint,20260918,67,0.498777,0.511111,0.488889
real_left_right_fist,subject_disjoint,20260918,68,0.498777,0.488889,0.511111
real_left_right_fist,subject_disjoint,20260918,69,0.498777,0.488889,0.511111
real_left_right_fist,subject_disjoint,20260918,70,0.499544,0.488889,0.511111
real_left_right_fist,subject_disjoint,20260918,71,0.498777,0.488889,0.511111
real_left_right_fist,subject_disjoint,20260918,72,0.499544,0.5,0.5
real_left_right_fist,subject_disjoint,20260918,73,0.499536,0.5,0.5
real_left_right_fist,subject_disjoint,20260918,74,0.499536,0.5,0.5
real_left_right_fist,subject_disjoint,20260918,75,0.499544,0.511111,0.488889
real_left_right_fist,subject_disjoint,20260918,76,0.499544,0.5,0.5
real_left_right_fist,subject_disjoint,20260918,77,0.498777,0.533333,0.466667
real_left_right_fist,subject_disjoint,20260918,78,0.498777,0.511111,0.488889
real_left_right_fist,subject_disjoint,20260918,79,0.499536,0.488889,0.511111
real_left_right_fist,subject_disjoint,20260918,80,0.499544,0.488889,0.511111
real_left_right_fist,subject_disjoint,20260918,81,0.499536,0.511111,0.488889
real_left_right_fist,subject_disjoint,20260918,82,0.498777,0.511111,0.488889
real_left_right_fist,subject_disjoint,20260918,83,0.499544,0.511111,0.488889
real_left_right_fist,subject_disjoint,20260918,84,0.499544,0.466667,0.533333
real_left_right_fist,subject_disjoint,20260918,85,0.499544,0.511111,0.488889
real_left_right_fist,subject_disjoint,20260918,86,0.499536,0.511111,0.488889
real_left_right_fist,subject_disjoint,20260918,87,0.499536,0.533333,0.466667
real_left_right_fist,subject_disjoint,20260918,88,0.499536,0.508772,0.491228
real_left_right_fist,subject_disjoint,20260918,89,0.498777,0.5,0.5
real_left_right_fist,subject_disjoint,20260918,90,0.499544,0.533333,0.466667
real_left_right_fist,subject_disjoint,20260918,91,0.499536,0.511111,0.488889
real_left_right_fist,subject_disjoint,20260918,92,0.499536,0.473684,0.526316
real_left_right_fist,subject_disjoint,20260918,93,0.499544,0.488889,0.511111
real_left_right_fist,subject_disjoint,20260918,94,0.499544,0.488889,0.511111
real_left_right_fist,subject_disjoint,20260918,95,0.498777,0.511111,0.488889
real_left_right_fist,subject_disjoint,20260918,96,0.499544,0.511111,0.488889
real_left_right_fist,subject_disjoint,20260918,97,0.498777,0.511111,0.488889
real_left_right_fist,subject_disjoint,20260918,98,0.498777,0.511111,0.488889
real_left_right_fist,subject_disjoint,20260918,99,0.499544,0.488889,0.511111
real_left_right_fist,subject_disjoint,20260918,100,0.499536,0.5,0.5
real_left_right_fist,subject_disjoint,20260918,101,0.499536,0.488889,0.511111
real_left_right_fist,subject_disjoint,20260918,102,0.499544,0.5,0.5
real_left_right_fist,subject_disjoint,20260918,103,0.499544,0.488889,0.511111
real_left_right_fist,subject_disjoint,20260918,104,0.498777,0.488889,0.511111
real_left_right_fist,subject_disjoint,20260918,105,0.499536,0.533333,0.466667
real_left_right_fist,subject_disjoint,20260918,106,0.499544,0.511111,0.488889
real_left_right_fist,subject_disjoint,20260918,107,0.498777,0.488889,0.511111
real_left_right_fist,subject_disjoint,20260918,108,0.499536,0.533333,0.466667
real_left_right_fist,subject_disjoint,20260918,109,0.499544,0.488889,0.511111
real_left_right_fist,subject_disjoint,20260919,1,0.5,0.488889,0.488889
real_left_right_fist,subject_disjoint,20260919,2,0.498767,0.488889,0.511111
real_left_right_fist,subject_disjoint,20260919,3,0.498767,0.511111,0.488889
real_left_right_fist,subject_disjoint,20260919,4,0.499079,0.511111,0.488889
real_left_right_fist,subject_disjoint,20260919,5,0.499079,0.488889,0.511111
real_left_right_fist,subject_disjoint,20260919,6,0.499079,0.511111,0.488889
real_left_right_fist,subject_disjoint,20260919,7,0.5,0.488889,0.488889
real_left_right_fist,subject_disjoint,20260919,8,0.499079,0.511111,0.488889
real_left_right_fist,subject_disjoint,20260919,9,0.498767,0.488889,0.511111
real_left_right_fist,subject_disjoint,20260919,10,0.5,0.466667,0.466667
real_left_right_fist,subject_disjoint,20260919,11,0.498767,0.511111,0.488889
real_left_right_fist,subject_disjoint,20260919,12,0.5,0.466667,0.466667
real_left_right_fist,subject_disjoint,20260919,13,0.498767,0.466667,0.533333
real_left_right_fist,subject_disjoint,20260919,14,0.499079,0.511111,0.488889
real_left_right_fist,subject_disjoint,20260919,15,0.5,0.511111,0.511111
real_left_right_fist,subject_disjoint,20260919,16,0.5,0.488889,0.488889
real_left_right_fist,subject_disjoint,20260919,17,0.498767,0.488889,0.511111
real_left_right_fist,subject_disjoint,20260919,18,0.5,0.511111,0.511111
real_left_right_fist,subject_disjoint,20260919,19,0.499079,0.466667,0.533333
real_left_right_fist,subject_disjoint,20260919,20,0.5,0.533333,0.533333
real_left_right_fist,subject_disjoint,20260919,21,0.498767,0.466667,0.533333
real_left_right_fist,subject_disjoint,20260919,22,0.499079,0.488889,0.511111
real_left_right_fist,subject_disjoint,20260919,23,0.498767,0.511111,0.488889
real_left_right_fist,subject_disjoint,20260919,24,0.5,0.488889,0.488889
real_left_right_fist,subject_disjoint,20260919,25,0.499079,0.488889,0.511111
real_left_right_fist,subject_disjoint,20260919,26,0.5,0.488889,0.488889
real_left_right_fist,subject_disjoint,20260919,27,0.5,0.488889,0.488889
real_left_right_fist,subject_disjoint,20260919,28,0.498767,0.488889,0.511111
real_left_right_fist,subject_disjoint,20260919,29,0.499079,0.511111,0.488889
real_left_right_fist,subject_disjoint,20260919,30,0.5,0.511111,0.511111
real_left_right_fist,subject_disjoint,20260919,31,0.5,0.488889,0.488889
real_left_right_fist,subject_disjoint,20260919,32,0.498767,0.488889,0.511111
real_left_right_fist,subject_disjoint,20260919,33,0.499079,0.533333,0.466667
real_left_right_fist,subject_disjoint,20260919,34,0.498767,0.5,0.5
real_left_right_fist,subject_disjoint,20260919,35,0.498767,0.533333,0.466667
real_left_right_fist,subject_disjoint,20260919,36,0.5,0.488889,0.488889
real_left_right_fist,subject_disjoint,20260919,37,0.499079,0.5,0.5
real_left_right_fist,subject_disjoint,20260919,38,0.498767,0.488889,0.511111
real_left_right_fist,subject_disjoint,20260919,39,0.498767,0.488889,0.511111
real_left_right_fist,subject_disjoint,20260919,40,0.5,0.488889,0.488889
real_left_right_fist,subject_disjoint,20260919,41,0.498767,0.5,0.5
real_left_right_fist,subject_disjoint,20260919,42,0.498767,0.511111,0.488889
real_left_right_fist,subject_disjoint,20260919,43,0.499079,0.511111,0.488889
real_left_right_fist,subject_disjoint,20260919,44,0.499079,0.488889,0.511111
real_left_right_fist,subject_disjoint,20260919,45,0.5,0.511111,0.511111
real_left_right_fist,subject_disjoint,20260919,46,0.5,0.511111,0.511111
real_left_right_fist,subject_disjoint,20260919,47,0.499079,0.488889,0.511111
real_left_right_fist,subject_disjoint,20260919,48,0.5,0.511111,0.511111
real_left_right_fist,subject_disjoint,20260919,49,0.498767,0.511111,0.488889
real_left_right_fist,subject_disjoint,20260919,50,0.498767,0.466667,0.533333
real_left_right_fist,subject_disjoint,20260919,51,0.5,0.5,0.5
real_left_right_fist,subject_disjoint,20260919,52,0.498767,0.511111,0.488889
real_left_right_fist,subject_disjoint,20260919,53,0.498767,0.511111,0.488889
real_left_right_fist,subject_disjoint,20260919,54,0.498767,0.511111,0.488889
real_left_right_fist,subject_disjoint,20260919,55,0.498767,0.511111,0.488889
real_left_right_fist,subject_disjoint,20260919,56,0.5,0.488889,0.488889
real_left_right_fist,subject_disjoint,20260919,57,0.5,0.466667,0.466667
real_left_right_fist,subject_disjoint,20260919,58,0.5,0.488889,0.488889
real_left_right_fist,subject_disjoint,20260919,59,0.5,0.511111,0.511111
real_left_right_fist,subject_disjoint,20260919,60,0.499079,0.488889,0.511111
real_left_right_fist,subject_disjoint,20260919,61,0.499079,0.466667,0.533333
real_left_right_fist,subject_disjoint,20260919,62,0.498767,0.511111,0.488889
real_left_right_fist,subject_disjoint,20260919,63,0.5,0.511111,0.511111
real_left_right_fist,subject_disjoint,20260919,64,0.498767,0.5,0.5
real_left_right_fist,subject_disjoint,20260919,65,0.5,0.511111,0.511111
real_left_right_fist,subject_disjoint,20260919,66,0.499079,0.466667,0.533333
real_left_right_fist,subject_disjoint,20260919,67,0.5,0.511111,0.511111
real_left_right_fist,subject_disjoint,20260919,68,0.5,0.488889,0.488889
real_left_right_fist,subject_disjoint,20260919,69,0.499079,0.488889,0.511111
real_left_right_fist,subject_disjoint,20260919,70,0.5,0.488889,0.488889
real_left_right_fist,subject_disjoint,20260919,71,0.498767,0.488889,0.511111
real_left_right_fist,subject_disjoint,20260919,72,0.499079,0.5,0.5
real_left_right_fist,subject_disjoint,20260919,73,0.5,0.5,0.5
real_left_right_fist,subject_disjoint,20260919,74,0.498767,0.5,0.5
real_left_right_fist,subject_disjoint,20260919,75,0.5,0.511111,0.511111
real_left_right_fist,subject_disjoint,20260919,76,0.499079,0.5,0.5
real_left_right_fist,subject_disjoint,20260919,77,0.499079,0.533333,0.466667
real_left_right_fist,subject_disjoint,20260919,78,0.498767,0.511111,0.488889
real_left_right_fist,subject_disjoint,20260919,79,0.498767,0.488889,0.511111
real_left_right_fist,subject_disjoint,20260919,80,0.498767,0.488889,0.511111
real_left_right_fist,subject_disjoint,20260919,81,0.499079,0.511111,0.488889
real_left_right_fist,subject_disjoint,20260919,82,0.498767,0.511111,0.488889
real_left_right_fist,subject_disjoint,20260919,83,0.498767,0.511111,0.488889
real_left_right_fist,subject_disjoint,20260919,84,0.499079,0.466667,0.533333
real_left_right_fist,subject_disjoint,20260919,85,0.499079,0.511111,0.488889
real_left_right_fist,subject_disjoint,20260919,86,0.5,0.511111,0.511111
real_left_right_fist,subject_disjoint,20260919,87,0.499079,0.533333,0.466667
real_left_right_fist,subject_disjoint,20260919,88,0.499079,0.508772,0.491228
real_left_right_fist,subject_disjoint,20260919,89,0.499079,0.5,0.5
real_left_right_fist,subject_disjoint,20260919,90,0.5,0.533333,0.533333
real_left_right_fist,subject_disjoint,20260919,91,0.499079,0.511111,0.488889
real_left_right_fist,subject_disjoint,20260919,92,0.499079,0.473684,0.526316
real_left_right_fist,subject_disjoint,20260919,93,0.498767,0.488889,0.511111
real_left_right_fist,subject_disjoint,20260919,94,0.499079,0.488889,0.511111
real_left_right_fist,subject_disjoint,20260919,95,0.499079,0.511111,0.488889
real_left_right_fist,subject_disjoint,20260919,96,0.499079,0.511111,0.488889
real_left_right_fist,subject_disjoint,20260919,97,0.498767,0.511111,0.488889
real_left_right_fist,subject_disjoint,20260919,98,0.499079,0.511111,0.488889
real_left_right_fist,subject_disjoint,20260919,99,0.5,0.488889,0.488889
real_left_right_fist,subject_disjoint,20260919,100,0.5,0.5,0.5
real_left_right_fist,subject_disjoint,20260919,101,0.5,0.488889,0.488889
real_left_right_fist,subject_disjoint,20260919,102,0.499079,0.5,0.5
real_left_right_fist,subject_disjoint,20260919,103,0.499079,0.488889,0.511111
real_left_right_fist,subject_disjoint,20260919,104,0.498767,0.488889,0.511111
real_left_right_fist,subject_disjoint,20260919,105,0.498767,0.533333,0.466667
real_left_right_fist,subject_disjoint,20260919,106,0.499079,0.511111,0.488889
real_left_right_fist,subject_disjoint,20260919,107,0.5,0.488889,0.488889
real_left_right_fist,subject_disjoint,20260919,108,0.498767,0.533333,0.466667
real_left_right_fist,subject_disjoint,20260919,109,0.498767,0.488889,0.511111
real_left_right_fist,subject_disjoint,20260920,1,0.500458,0.488889,0.488889
real_left_right_fist,subject_disjoint,20260920,2,0.497374,0.488889,0.511111
real_left_right_fist,subject_disjoint,20260920,3,0.5,0.511111,0.488889
real_left_right_fist,subject_disjoint,20260920,4,0.497374,0.511111,0.488889
real_left_right_fist,subject_disjoint,20260920,5,0.500458,0.488889,0.488889
real_left_right_fist,subject_disjoint,20260920,6,0.497374,0.511111,0.488889
real_left_right_fist,subject_disjoint,20260920,7,0.5,0.488889,0.511111
real_left_right_fist,subject_disjoint,20260920,8,0.497374,0.511111,0.488889
real_left_right_fist,subject_disjoint,20260920,9,0.5,0.488889,0.511111
real_left_right_fist,subject_disjoint,20260920,10,0.497374,0.466667,0.533333
real_left_right_fist,subject_disjoint,20260920,11,0.5,0.511111,0.488889
real_left_right_fist,subject_disjoint,20260920,12,0.500458,0.466667,0.466667
real_left_right_fist,subject_disjoint,20260920,13,0.497374,0.466667,0.533333
real_left_right_fist,subject_disjoint,20260920,14,0.5,0.511111,0.488889
real_left_right_fist,subject_disjoint,20260920,15,0.500458,0.511111,0.511111
real_left_right_fist,subject_disjoint,20260920,16,0.5,0.488889,0.511111
real_left_right_fist,subject_disjoint,20260920,17,0.497374,0.488889,0.511111
real_left_right_fist,subject_disjoint,20260920,18,0.5,0.511111,0.488889
real_left_right_fist,subject_disjoint,20260920,19,0.5,0.466667,0.533333
real_left_right_fist,subject_disjoint,20260920,20,0.500458,0.533333,0.533333
real_left_right_fist,subject_disjoint,20260920,21,0.497374,0.466667,0.533333
real_left_right_fist,subject_disjoint,20260920,22,0.497374,0.488889,0.511111
real_left_right_fist,subject_disjoint,20260920,23,0.500458,0.511111,0.511111
real_left_right_fist,subject_disjoint,20260920,24,0.5,0.488889,0.511111
real_left_right_fist,subject_disjoint,20260920,25,0.500458,0.488889,0.488889
real_left_right_fist,subject_disjoint,20260920,26,0.500458,0.488889,0.488889
real_left_right_fist,subject_disjoint,20260920,27,0.500458,0.488889,0.488889
real_left_right_fist,subject_disjoint,20260920,28,0.500458,0.488889,0.488889
real_left_right_fist,subject_disjoint,20260920,29,0.500458,0.511111,0.511111
real_left_right_fist,subject_disjoint,20260920,30,0.500458,0.511111,0.511111
real_left_right_fist,subject_disjoint,20260920,31,0.500458,0.488889,0.488889
real_left_right_fist,subject_disjoint,20260920,32,0.497374,0.488889,0.511111
real_left_right_fist,subject_disjoint,20260920,33,0.497374,0.533333,0.466667
real_left_right_fist,subject_disjoint,20260920,34,0.5,0.5,0.5
real_left_right_fist,subject_disjoint,20260920,35,0.5,0.533333,0.466667
real_left_right_fist,subject_disjoint,20260920,36,0.500458,0.488889,0.488889
real_left_right_fist,subject_disjoint,20260920,37,0.500458,0.5,0.5
real_left_right_fist,subject_disjoint,20260920,38,0.5,0.488889,0.511111
real_left_right_fist,subject_disjoint,20260920,39,0.5,0.488889,0.511111
real_left_right_fist,subject_disjoint,20260920,40,0.497374,0.488889,0.511111
real_left_right_fist,subject_disjoint,20260920,41,0.497374,0.5,0.5
real_left_right_fist,subject_disjoint,20260920,42,0.5,0.511111,0.488889
real_left_right_fist,subject_disjoint,20260920,43,0.497374,0.511111,0.488889
real_left_right_fist,subject_disjoint,20260920,44,0.5,0.488889,0.511111
real_left_right_fist,subject_disjoint,20260920,45,0.497374,0.511111,0.488889
real_left_right_fist,subject_disjoint,20260920,46,0.497374,0.511111,0.488889
real_left_right_fist,subject_disjoint,20260920,47,0.5,0.488889,0.511111
real_left_right_fist,subject_disjoint,20260920,48,0.497374,0.511111,0.488889
real_left_right_fist,subject_disjoint,20260920,49,0.5,0.511111,0.488889
real_left_right_fist,subject_disjoint,20260920,50,0.5,0.466667,0.533333
real_left_right_fist,subject_disjoint,20260920,51,0.500458,0.5,0.5
real_left_right_fist,subject_disjoint,20260920,52,0.497374,0.511111,0.488889
real_left_right_fist,subject_disjoint,20260920,53,0.500458,0.511111,0.511111
real_left_right_fist,subject_disjoint,20260920,54,0.497374,0.511111,0.488889
real_left_right_fist,subject_disjoint,20260920,55,0.500458,0.511111,0.511111
real_left_right_fist,subject_disjoint,20260920,56,0.5,0.488889,0.511111
real_left_right_fist,subject_disjoint,20260920,57,0.500458,0.466667,0.466667
real_left_right_fist,subject_disjoint,20260920,58,0.500458,0.488889,0.488889
real_left_right_fist,subject_disjoint,20260920,59,0.497374,0.511111,0.488889
real_left_right_fist,subject_disjoint,20260920,60,0.500458,0.488889,0.488889
real_left_right_fist,subject_disjoint,20260920,61,0.5,0.466667,0.533333
real_left_right_fist,subject_disjoint,20260920,62,0.497374,0.511111,0.488889
real_left_right_fist,subject_disjoint,20260920,63,0.500458,0.511111,0.511111
real_left_right_fist,subject_disjoint,20260920,64,0.5,0.5,0.5
real_left_right_fist,subject_disjoint,20260920,65,0.500458,0.511111,0.511111
real_left_right_fist,subject_disjoint,20260920,66,0.5,0.466667,0.533333
real_left_right_fist,subject_disjoint,20260920,67,0.497374,0.511111,0.488889
real_left_right_fist,subject_disjoint,20260920,68,0.497374,0.488889,0.511111
real_left_right_fist,subject_disjoint,20260920,69,0.500458,0.488889,0.488889
real_left_right_fist,subject_disjoint,20260920,70,0.500458,0.488889,0.488889
real_left_right_fist,subject_disjoint,20260920,71,0.5,0.488889,0.511111
real_left_right_fist,subject_disjoint,20260920,72,0.5,0.5,0.5
real_left_right_fist,subject_disjoint,20260920,73,0.5,0.5,0.5
real_left_right_fist,subject_disjoint,20260920,74,0.5,0.5,0.5
real_left_right_fist,subject_disjoint,20260920,75,0.497374,0.511111,0.488889
real_left_right_fist,subject_disjoint,20260920,76,0.500458,0.5,0.5
real_left_right_fist,subject_disjoint,20260920,77,0.497374,0.533333,0.466667
real_left_right_fist,subject_disjoint,20260920,78,0.5,0.511111,0.488889
real_left_right_fist,subject_disjoint,20260920,79,0.5,0.488889,0.511111
real_left_right_fist,subject_disjoint,20260920,80,0.5,0.488889,0.511111
real_left_right_fist,subject_disjoint,20260920,81,0.500458,0.511111,0.511111
real_left_right_fist,subject_disjoint,20260920,82,0.5,0.511111,0.488889
real_left_right_fist,subject_disjoint,20260920,83,0.497374,0.511111,0.488889
real_left_right_fist,subject_disjoint,20260920,84,0.500458,0.466667,0.466667
real_left_right_fist,subject_disjoint,20260920,85,0.500458,0.511111,0.511111
real_left_right_fist,subject_disjoint,20260920,86,0.497374,0.511111,0.488889
real_left_right_fist,subject_disjoint,20260920,87,0.500458,0.533333,0.533333
real_left_right_fist,subject_disjoint,20260920,88,0.5,0.508772,0.491228
real_left_right_fist,subject_disjoint,20260920,89,0.497374,0.5,0.5
real_left_right_fist,subject_disjoint,20260920,90,0.497374,0.533333,0.466667
real_left_right_fist,subject_disjoint,20260920,91,0.5,0.511111,0.488889
real_left_right_fist,subject_disjoint,20260920,92,0.500458,0.473684,0.473684
real_left_right_fist,subject_disjoint,20260920,93,0.500458,0.488889,0.488889
real_left_right_fist,subject_disjoint,20260920,94,0.497374,0.488889,0.511111
real_left_right_fist,subject_disjoint,20260920,95,0.5,0.511111,0.488889
real_left_right_fist,subject_disjoint,20260920,96,0.5,0.511111,0.488889
real_left_right_fist,subject_disjoint,20260920,97,0.497374,0.511111,0.488889
real_left_right_fist,subject_disjoint,20260920,98,0.497374,0.511111,0.488889
real_left_right_fist,subject_disjoint,20260920,99,0.497374,0.488889,0.511111
real_left_right_fist,subject_disjoint,20260920,100,0.497374,0.5,0.5
real_left_right_fist,subject_disjoint,20260920,101,0.5,0.488889,0.511111
real_left_right_fist,subject_disjoint,20260920,102,0.500458,0.5,0.5
real_left_right_fist,subject_disjoint,20260920,103,0.497374,0.488889,0.511111
real_left_right_fist,subject_disjoint,20260920,104,0.500458,0.488889,0.488889
real_left_right_fist,subject_disjoint,20260920,105,0.5,0.533333,0.466667
real_left_right_fist,subject_disjoint,20260920,106,0.500458,0.511111,0.511111
real_left_right_fist,subject_disjoint,20260920,107,0.500458,0.488889,0.488889
real_left_right_fist,subject_disjoint,20260920,108,0.497374,0.533333,0.466667
real_left_right_fist,subject_disjoint,20260920,109,0.497374,0.488889,0.511111
imagery_fists_feet,trial_random,20260916,1,0.508134,0.533333,0.377778
imagery_fists_feet,trial_random,20260916,2,0.459821,0.466667,0.422222
imagery_fists_feet,trial_random,20260916,3,0.54774,0.533333,0.444444
imagery_fists_feet,trial_random,20260916,4,0.518212,0.511111,0.444444
imagery_fists_feet,trial_random,20260916,5,0.496768,0.488889,0.466667
imagery_fists_feet,trial_random,20260916,6,0.513373,0.511111,0.444444
imagery_fists_feet,trial_random,20260916,7,0.511111,0.511111,0.444444
imagery_fists_feet,trial_random,20260916,8,0.476508,0.488889,0.466667
imagery_fists_feet,trial_random,20260916,9,0.495734,0.488889,0.4
imagery_fists_feet,trial_random,20260916,10,0.488926,0.488889,0.422222
imagery_fists_feet,trial_random,20260916,11,0.522421,0.511111,0.377778
imagery_fists_feet,trial_random,20260916,12,0.528023,0.511111,0.4
imagery_fists_feet,trial_random,20260916,13,0.515152,0.511111,0.444444
imagery_fists_feet,trial_random,20260916,14,0.468256,0.466667,0.533333
imagery_fists_feet,trial_random,20260916,15,0.513492,0.511111,0.466667
imagery_fists_feet,trial_random,20260916,16,0.466704,0.466667,0.355556
imagery_fists_feet,trial_random,20260916,17,0.45641,0.466667,0.533333
imagery_fists_feet,trial_random,20260916,18,0.525397,0.511111,0.4
imagery_fists_feet,trial_random,20260916,19,0.513492,0.511111,0.422222
imagery_fists_feet,trial_random,20260916,20,0.494852,0.488889,0.422222
imagery_fists_feet,trial_random,20260916,21,0.472917,0.466667,0.533333
imagery_fists_feet,trial_random,20260916,22,0.533445,0.533333,0.466667
imagery_fists_feet,trial_random,20260916,23,0.479595,0.488889,0.377778
imagery_fists_feet,trial_random,20260916,24,0.518254,0.511111,0.377778
imagery_fists_feet,trial_random,20260916,25,0.468452,0.466667,0.533333
imagery_fists_feet,trial_random,20260916,26,0.531423,0.533333,0.444444
imagery_fists_feet,trial_random,20260916,27,0.515033,0.511111,0.444444
imagery_fists_feet,trial_random,20260916,28,0.486462,0.488889,0.511111
imagery_fists_feet,trial_random,20260916,29,0.503396,0.511111,0.422222
imagery_fists_feet,trial_random,20260916,30,0.472083,0.466667,0.533333
imagery_fists_feet,trial_random,20260916,31,0.502694,0.488889,0.377778
imagery_fists_feet,trial_random,20260916,32,0.518254,0.511111,0.377778
imagery_fists_feet,trial_random,20260916,33,0.487302,0.511111,0.377778
imagery_fists_feet,trial_random,20260916,34,0.494505,0.5,0.404762
imagery_fists_feet,trial_random,20260916,35,0.480984,0.466667,0.422222
imagery_fists_feet,trial_random,20260916,36,0.516239,0.511111,0.444444
imagery_fists_feet,trial_random,20260916,37,0.502747,0.5,0.452381
imagery_fists_feet,trial_random,20260916,38,0.486716,0.488889,0.466667
imagery_fists_feet,trial_random,20260916,39,0.487777,0.488889,0.466667
imagery_fists_feet,trial_random,20260916,40,0.502061,0.511111,0.444444
imagery_fists_feet,trial_random,20260916,41,0.502083,0.5,0.454545
imagery_fists_feet,trial_random,20260916,42,0.47208,0.466667,0.333333
imagery_fists_feet,trial_random,20260916,43,0.488889,0.488889,0.444444
imagery_fists_feet,trial_random,20260916,44,0.496561,0.488889,0.444444
imagery_fists_feet,trial_random,20260916,45,0.477154,0.466667,0.444444
imagery_fists_feet,trial_random,20260916,46,0.492328,0.511111,0.377778
imagery_fists_feet,trial_random,20260916,47,0.459722,0.488889,0.4
imagery_fists_feet,trial_random,20260916,48,0.451282,0.466667,0.533333
imagery_fists_feet,trial_random,20260916,49,0.5303,0.533333,0.444444
imagery_fists_feet,trial_random,20260916,50,0.494444,0.466667,0.377778
imagery_fists_feet,trial_random,20260916,51,0.560177,0.533333,0.444444
imagery_fists_feet,trial_random,20260916,52,0.513831,0.511111,0.422222
imagery_fists_feet,trial_random,20260916,53,0.482341,0.488889,0.4
imagery_fists_feet,trial_random,20260916,54,0.491061,0.488889,0.444444
imagery_fists_feet,trial_random,20260916,55,0.494009,0.488889,0.466667
imagery_fists_feet,trial_random,20260916,56,0.495286,0.488889,0.466667
imagery_fists_feet,trial_random,20260916,57,0.523861,0.511111,0.333333
imagery_fists_feet,trial_random,20260916,58,0.483761,0.488889,0.511111
imagery_fists_feet,trial_random,20260916,59,0.501859,0.511111,0.422222
imagery_fists_feet,trial_random,20260916,60,0.514828,0.533333,0.422222
imagery_fists_feet,trial_random,20260916,61,0.46298,0.466667,0.4
imagery_fists_feet,trial_random,20260916,62,0.473969,0.488889,0.444444
imagery_fists_feet,trial_random,20260916,63,0.516239,0.511111,0.444444
imagery_fists_feet,trial_random,20260916,64,0.486845,0.511628,0.418605
imagery_fists_feet,trial_random,20260916,65,0.511074,0.511111,0.422222
imagery_fists_feet,trial_random,20260916,66,0.515152,0.511111,0.444444
imagery_fists_feet,trial_random,20260916,67,0.52127,0.488889,0.288889
imagery_fists_feet,trial_random,20260916,68,0.512121,0.511111,0.4
imagery_fists_feet,trial_random,20260916,69,0.529861,0.511111,0.422222
imagery_fists_feet,trial_random,20260916,70,0.486508,0.488889,0.4
imagery_fists_feet,trial_random,20260916,71,0.468982,0.488889,0.377778
imagery_fists_feet,trial_random,20260916,72,0.451946,0.5,0.357143
imagery_fists_feet,trial_random,20260916,73,0.501609,0.5,0.428571
imagery_fists_feet,trial_random,20260916,74,0.49026,0.5,0.452381
imagery_fists_feet,trial_random,20260916,75,0.515872,0.533333,0.444444
imagery_fists_feet,trial_random,20260916,76,0.489983,0.5,0.404762
imagery_fists_feet,trial_random,20260916,77,0.52271,0.511111,0.355556
imagery_fists_feet,trial_random,20260916,78,0.512425,0.511111,0.488889
imagery_fists_feet,trial_random,20260916,79,0.565743,0.533333,0.333333
imagery_fists_feet,trial_random,20260916,80,0.459897,0.466667,0.444444
imagery_fists_feet,trial_random,20260916,81,0.508214,0.511111,0.422222
imagery_fists_feet,trial_random,20260916,82,0.456937,0.466667,0.422222
imagery_fists_feet,trial_random,20260916,83,0.539153,0.511111,0.333333
imagery_fists_feet,trial_random,20260916,84,0.513492,0.511111,0.377778
imagery_fists_feet,trial_random,20260916,85,0.469338,0.488889,0.4
imagery_fists_feet,trial_random,20260916,86,0.541335,0.533333,0.444444
imagery_fists_feet,trial_random,20260916,87,0.497884,0.488889,0.466667
imagery_fists_feet,trial_random,20260916,88,0.5028,0.491228,0.368421
imagery_fists_feet,trial_random,20260916,89,0.496959,0.466667,0.4
imagery_fists_feet,trial_random,20260916,90,0.506638,0.511111,0.466667
imagery_fists_feet,trial_random,20260916,91,0.517508,0.511111,0.422222
imagery_fists_feet,trial_random,20260916,92,0.477765,0.473684,0.526316
imagery_fists_feet,trial_random,20260916,93,0.495241,0.488889,0.444444
imagery_fists_feet,trial_random,20260916,94,0.500851,0.511111,0.422222
imagery_fists_feet,trial_random,20260916,95,0.504759,0.511111,0.444444
imagery_fists_feet,trial_random,20260916,96,0.540039,0.533333,0.4
imagery_fists_feet,trial_random,20260916,97,0.480723,0.488889,0.333333
imagery_fists_feet,trial_random,20260916,98,0.55982,0.533333,0.377778
imagery_fists_feet,trial_random,20260916,99,0.537566,0.533333,0.533333
imagery_fists_feet,trial_random,20260916,100,0.499928,0.5,0.444444
imagery_fists_feet,trial_random,20260916,101,0.483236,0.466667,0.444444
imagery_fists_feet,trial_random,20260916,102,0.455487,0.511628,0.27907
imagery_fists_feet,trial_random,20260916,103,0.506699,0.511111,0.4
imagery_fists_feet,trial_random,20260916,104,0.494696,0.511111,0.4
imagery_fists_feet,trial_random,20260916,105,0.462711,0.466667,0.444444
imagery_fists_feet,trial_random,20260916,106,0.491582,0.488889,0.444444
imagery_fists_feet,trial_random,20260916,107,0.506638,0.511111,0.466667
imagery_fists_feet,trial_random,20260916,108,0.509999,0.511111,0.466667
imagery_fists_feet,trial_random,20260916,109,0.490942,0.488889,0.511111
imagery_fists_feet,trial_random,20260917,1,0.520202,0.533333,0.4
imagery_fists_feet,trial_random,20260917,2,0.473214,0.466667,0.422222
imagery_fists_feet,trial_random,20260917,3,0.528921,0.533333,0.4
imagery_fists_feet,trial_random,20260917,4,0.520732,0.511111,0.4
imagery_fists_feet,trial_random,20260917,5,0.482492,0.488889,0.422222
imagery_fists_feet,trial_random,20260917,6,0.512063,0.511111,0.511111
imagery_fists_feet,trial_random,20260917,7,0.508654,0.511111,0.4
imagery_fists_feet,trial_random,20260917,8,0.491061,0.488889,0.444444
imagery_fists_feet,trial_random,20260917,9,0.492698,0.488889,0.444444
imagery_fists_feet,trial_random,20260917,10,0.480556,0.488889,0.466667
imagery_fists_feet,trial_random,20260917,11,0.48373,0.511111,0.311111
imagery_fists_feet,trial_random,20260917,12,0.504506,0.511111,0.466667
imagery_fists_feet,trial_random,20260917,13,0.513433,0.511111,0.444444
imagery_fists_feet,trial_random,20260917,14,0.454278,0.466667,0.377778
imagery_fists_feet,trial_random,20260917,15,0.53844,0.511111,0.355556
imagery_fists_feet,trial_random,20260917,16,0.466014,0.466667,0.533333
imagery_fists_feet,trial_random,20260917,17,0.464405,0.466667,0.444444
imagery_fists_feet,trial_random,20260917,18,0.529861,0.511111,0.444444
imagery_fists_feet,trial_random,20260917,19,0.516196,0.511111,0.422222
imagery_fists_feet,trial_random,20260917,20,0.494376,0.488889,0.355556
imagery_fists_feet,trial_random,20260917,21,0.489201,0.466667,0.444444
imagery_fists_feet,trial_random,20260917,22,0.53122,0.533333,0.533333
imagery_fists_feet,trial_random,20260917,23,0.490695,0.488889,0.488889
imagery_fists_feet,trial_random,20260917,24,0.516054,0.511111,0.4
imagery_fists_feet,trial_random,20260917,25,0.466931,0.466667,0.422222
imagery_fists_feet,trial_random,20260917,26,0.530108,0.533333,0.533333
imagery_fists_feet,trial_random,20260917,27,0.512372,0.511111,0.355556
imagery_fists_feet,trial_random,20260917,28,0.494205,0.488889,0.333333
imagery_fists_feet,trial_random,20260917,29,0.515598,0.511111,0.422222
imagery_fists_feet,trial_random,20260917,30,0.462845,0.466667,0.533333
imagery_fists_feet,trial_random,20260917,31,0.499113,0.488889,0.355556
imagery_fists_feet,trial_random,20260917,32,0.511982,0.511111,0.444444
imagery_fists_feet,trial_random,20260917,33,0.488108,0.511111,0.333333
imagery_fists_feet,trial_random,20260917,34,0.5026,0.5,0.428571
imagery_fists_feet,trial_random,20260917,35,0.495683,0.466667,0.4
imagery_fists_feet,trial_random,20260917,36,0.525106,0.511111,0.422222
imagery_fists_feet,trial_random,20260917,37,0.506072,0.5,0.428571
imagery_fists_feet,trial_random,20260917,38,0.47223,0.488889,0.355556
imagery_fists_feet,trial_random,20260917,39,0.488852,0.488889,0.488889
imagery_fists_feet,trial_random,20260917,40,0.510073,0.511111,0.444444
imagery_fists_feet,trial_random,20260917,41,0.494872,0.5,0.454545
imagery_fists_feet,trial_random,20260917,42,0.498095,0.466667,0.333333
imagery_fists_feet,trial_random,20260917,43,0.482341,0.488889,0.4
imagery_fists_feet,trial_random,20260917,44,0.473115,0.488889,0.333333
imagery_fists_feet,trial_random,20260917,45,0.459524,0.466667,0.4
imagery_fists_feet,trial_random,20260917,46,0.505326,0.511111,0.444444
imagery_fists_feet,trial_random,20260917,47,0.488598,0.488889,0.466667
imagery_fists_feet,trial_random,20260917,48,0.465657,0.466667,0.466667
imagery_fists_feet,trial_random,20260917,49,0.533445,0.533333,0.533333
imagery_fists_feet,trial_random,20260917,50,0.472154,0.466667,0.4
imagery_fists_feet,trial_random,20260917,51,0.525982,0.533333,0.444444
imagery_fists_feet,trial_random,20260917,52,0.505991,0.511111,0.466667
imagery_fists_feet,trial_random,20260917,53,0.485522,0.488889,0.466667
imagery_fists_feet,trial_random,20260917,54,0.491739,0.488889,0.422222
imagery_fists_feet,trial_random,20260917,55,0.488552,0.488889,0.488889
imagery_fists_feet,trial_random,20260917,56,0.496642,0.488889,0.422222
imagery_fists_feet,trial_random,20260917,57,0.496773,0.511111,0.444444
imagery_fists_feet,trial_random,20260917,58,0.501682,0.488889,0.444444
imagery_fists_feet,trial_random,20260917,59,0.513373,0.511111,0.466667
imagery_fists_feet,trial_random,20260917,60,0.540952,0.533333,0.533333
imagery_fists_feet,trial_random,20260917,61,0.473349,0.466667,0.422222
imagery_fists_feet,trial_random,20260917,62,0.489829,0.488889,0.488889
imagery_fists_feet,trial_random,20260917,63,0.508923,0.511111,0.466667
imagery_fists_feet,trial_random,20260917,64,0.520451,0.511628,0.395349
imagery_fists_feet,trial_random,20260917,65,0.509011,0.511111,0.4
imagery_fists_feet,trial_random,20260917,66,0.509305,0.511111,0.511111
imagery_fists_feet,trial_random,20260917,67,0.490942,0.488889,0.488889
imagery_fists_feet,trial_random,20260917,68,0.508396,0.511111,0.4
imagery_fists_feet,trial_random,20260917,69,0.528788,0.511111,0.4
imagery_fists_feet,trial_random,20260917,70,0.528833,0.488889,0.422222
imagery_fists_feet,trial_random,20260917,71,0.478041,0.488889,0.355556
imagery_fists_feet,trial_random,20260917,72,0.502381,0.5,0.452381
imagery_fists_feet,trial_random,20260917,73,0.487254,0.5,0.380952
imagery_fists_feet,trial_random,20260917,74,0.507958,0.5,0.404762
imagery_fists_feet,trial_random,20260917,75,0.538095,0.533333,0.533333
imagery_fists_feet,trial_random,20260917,76,0.5,0.5,0.428571
imagery_fists_feet,trial_random,20260917,77,0.516525,0.511111,0.288889
imagery_fists_feet,trial_random,20260917,78,0.503232,0.511111,0.466667
imagery_fists_feet,trial_random,20260917,79,0.530316,0.533333,0.4
imagery_fists_feet,trial_random,20260917,80,0.455929,0.466667,0.377778
imagery_fists_feet,trial_random,20260917,81,0.445402,0.511111,0.333333
imagery_fists_feet,trial_random,20260917,82,0.450305,0.466667,0.444444
imagery_fists_feet,trial_random,20260917,83,0.505912,0.511111,0.466667
imagery_fists_feet,trial_random,20260917,84,0.519444,0.511111,0.511111
imagery_fists_feet,trial_random,20260917,85,0.498189,0.488889,0.4
imagery_fists_feet,trial_random,20260917,86,0.505556,0.533333,0.377778
imagery_fists_feet,trial_random,20260917,87,0.497454,0.488889,0.377778
imagery_fists_feet,trial_random,20260917,88,0.493734,0.491228,0.45614
imagery_fists_feet,trial_random,20260917,89,0.465332,0.466667,0.333333
imagery_fists_feet,trial_random,20260917,90,0.508923,0.511111,0.466667
imagery_fists_feet,trial_random,20260917,91,0.508504,0.511111,0.333333
imagery_fists_feet,trial_random,20260917,92,0.472293,0.473684,0.473684
imagery_fists_feet,trial_random,20260917,93,0.485559,0.488889,0.4
imagery_fists_feet,trial_random,20260917,94,0.509719,0.511111,0.466667
imagery_fists_feet,trial_random,20260917,95,0.516813,0.511111,0.422222
imagery_fists_feet,trial_random,20260917,96,0.550768,0.533333,0.444444
imagery_fists_feet,trial_random,20260917,97,0.483761,0.488889,0.466667
imagery_fists_feet,trial_random,20260917,98,0.457557,0.533333,0.355556
imagery_fists_feet,trial_random,20260917,99,0.519529,0.533333,0.355556
imagery_fists_feet,trial_random,20260917,100,0.497744,0.5,0.361111
imagery_fists_feet,trial_random,20260917,101,0.459318,0.466667,0.444444
imagery_fists_feet,trial_random,20260917,102,0.506964,0.511628,0.395349
imagery_fists_feet,trial_random,20260917,103,0.512372,0.511111,0.355556
imagery_fists_feet,trial_random,20260917,104,0.502867,0.511111,0.422222
imagery_fists_feet,trial_random,20260917,105,0.463732,0.466667,0.533333
imagery_fists_feet,trial_random,20260917,106,0.495821,0.488889,0.466667
imagery_fists_feet,trial_random,20260917,107,0.518212,0.511111,0.444444
imagery_fists_feet,trial_random,20260917,108,0.484988,0.511111,0.377778
imagery_fists_feet,trial_random,20260917,109,0.482341,0.488889,0.4
imagery_fists_feet,trial_random,20260918,1,0.547354,0.533333,0.444444
imagery_fists_feet,trial_random,20260918,2,0.459956,0.466667,0.355556
imagery_fists_feet,trial_random,20260918,3,0.528921,0.533333,0.4
imagery_fists_feet,trial_random,20260918,4,0.565437,0.511111,0.333333
imagery_fists_feet,trial_random,20260918,5,0.479595,0.488889,0.377778
imagery_fists_feet,trial_random,20260918,6,0.506944,0.511111,0.422222
imagery_fists_feet,trial_random,20260918,7,0.479253,0.511111,0.4
imagery_fists_feet,trial_random,20260918,8,0.48621,0.488889,0.4
imagery_fists_feet,trial_random,20260918,9,0.486693,0.488889,0.422222
imagery_fists_feet,trial_random,20260918,10,0.483761,0.488889,0.511111
imagery_fists_feet,trial_random,20260918,11,0.507646,0.511111,0.444444
imagery_fists_feet,trial_random,20260918,12,0.501238,0.511111,0.311111
imagery_fists_feet,trial_random,20260918,13,0.51853,0.511111,0.4
imagery_fists_feet,trial_random,20260918,14,0.466174,0.466667,0.533333
imagery_fists_feet,trial_random,20260918,15,0.507774,0.511111,0.422222
imagery_fists_feet,trial_random,20260918,16,0.474351,0.466667,0.444444
imagery_fists_feet,trial_random,20260918,17,0.472917,0.466667,0.533333
imagery_fists_feet,trial_random,20260918,18,0.51613,0.511111,0.333333
imagery_fists_feet,trial_random,20260918,19,0.530429,0.511111,0.4
imagery_fists_feet,trial_random,20260918,20,0.492628,0.488889,0.422222
imagery_fists_feet,trial_random,20260918,21,0.459596,0.466667,0.444444
imagery_fists_feet,trial_random,20260918,22,0.533929,0.533333,0.422222
imagery_fists_feet,trial_random,20260918,23,0.476826,0.488889,0.422222
imagery_fists_feet,trial_random,20260918,24,0.513492,0.511111,0.422222
imagery_fists_feet,trial_random,20260918,25,0.479709,0.466667,0.444444
imagery_fists_feet,trial_random,20260918,26,0.520544,0.533333,0.444444
imagery_fists_feet,trial_random,20260918,27,0.511448,0.511111,0.488889
imagery_fists_feet,trial_random,20260918,28,0.502374,0.488889,0.377778
imagery_fists_feet,trial_random,20260918,29,0.506638,0.511111,0.466667
imagery_fists_feet,trial_random,20260918,30,0.444071,0.466667,0.422222
imagery_fists_feet,trial_random,20260918,31,0.496472,0.488889,0.4
imagery_fists_feet,trial_random,20260918,32,0.466667,0.511111,0.311111
imagery_fists_feet,trial_random,20260918,33,0.526404,0.511111,0.377778
imagery_fists_feet,trial_random,20260918,34,0.491843,0.5,0.428571
imagery_fists_feet,trial_random,20260918,35,0.466451,0.466667,0.444444
imagery_fists_feet,trial_random,20260918,36,0.507774,0.511111,0.422222
imagery_fists_feet,trial_random,20260918,37,0.492788,0.5,0.404762
imagery_fists_feet,trial_random,20260918,38,0.487071,0.488889,0.511111
imagery_fists_feet,trial_random,20260918,39,0.487103,0.488889,0.333333
imagery_fists_feet,trial_random,20260918,40,0.525589,0.511111,0.355556
imagery_fists_feet,trial_random,20260918,41,0.508929,0.5,0.363636
imagery_fists_feet,trial_random,20260918,42,0.465554,0.466667,0.444444
imagery_fists_feet,trial_random,20260918,43,0.483052,0.488889,0.333333
imagery_fists_feet,trial_random,20260918,44,0.514268,0.488889,0.377778
imagery_fists_feet,trial_random,20260918,45,0.461607,0.466667,0.422222
imagery_fists_feet,trial_random,20260918,46,0.525397,0.511111,0.4
imagery_fists_feet,trial_random,20260918,47,0.490972,0.488889,0.377778
imagery_fists_feet,trial_random,20260918,48,0.459788,0.466667,0.533333
imagery_fists_feet,trial_random,20260918,49,0.538386,0.533333,0.444444
imagery_fists_feet,trial_random,20260918,50,0.481975,0.466667,0.422222
imagery_fists_feet,trial_random,20260918,51,0.512113,0.533333,0.422222
imagery_fists_feet,trial_random,20260918,52,0.505991,0.511111,0.444444
imagery_fists_feet,trial_random,20260918,53,0.484738,0.488889,0.466667
imagery_fists_feet,trial_random,20260918,54,0.501394,0.488889,0.355556
imagery_fists_feet,trial_random,20260918,55,0.478788,0.488889,0.422222
imagery_fists_feet,trial_random,20260918,56,0.495139,0.488889,0.4
imagery_fists_feet,trial_random,20260918,57,0.508303,0.511111,0.444444
imagery_fists_feet,trial_random,20260918,58,0.488889,0.488889,0.444444
imagery_fists_feet,trial_random,20260918,59,0.50719,0.511111,0.466667
imagery_fists_feet,trial_random,20260918,60,0.533564,0.533333,0.533333
imagery_fists_feet,trial_random,20260918,61,0.46917,0.466667,0.533333
imagery_fists_feet,trial_random,20260918,62,0.484507,0.488889,0.4
imagery_fists_feet,trial_random,20260918,63,0.512149,0.511111,0.377778
imagery_fists_feet,trial_random,20260918,64,0.528725,0.511628,0.372093
imagery_fists_feet,trial_random,20260918,65,0.505795,0.511111,0.422222
imagery_fists_feet,trial_random,20260918,66,0.514374,0.511111,0.377778
imagery_fists_feet,trial_random,20260918,67,0.490942,0.488889,0.511111
imagery_fists_feet,trial_random,20260918,68,0.484188,0.511111,0.377778
imagery_fists_feet,trial_random,20260918,69,0.509028,0.511111,0.466667
imagery_fists_feet,trial_random,20260918,70,0.488889,0.488889,0.444444
imagery_fists_feet,trial_random,20260918,71,0.495238,0.488889,0.4
imagery_fists_feet,trial_random,20260918,72,0.5,0.5,0.5
imagery_fists_feet,trial_random,20260918,73,0.491407,0.5,0.428571
imagery_fists_feet,trial_random,20260918,74,0.505128,0.5,0.452381
imagery_fists_feet,trial_random,20260918,75,0.536782,0.533333,0.466667
imagery_fists_feet,trial_random,20260918,76,0.495028,0.5,0.333333
imagery_fists_feet,trial_random,20260918,77,0.517217,0.511111,0.466667
imagery_fists_feet,trial_random,20260918,78,0.516948,0.511111,0.422222
imagery_fists_feet,trial_random,20260918,79,0.520972,0.533333,0.422222
imagery_fists_feet,trial_random,20260918,80,0.480128,0.466667,0.311111
imagery_fists_feet,trial_random,20260918,81,0.511111,0.511111,0.422222
imagery_fists_feet,trial_random,20260918,82,0.46878,0.466667,0.533333
imagery_fists_feet,trial_random,20260918,83,0.498896,0.511111,0.444444
imagery_fists_feet,trial_random,20260918,84,0.50248,0.511111,0.377778
imagery_fists_feet,trial_random,20260918,85,0.481354,0.488889,0.422222
imagery_fists_feet,trial_random,20260918,86,0.544709,0.533333,0.444444
imagery_fists_feet,trial_random,20260918,87,0.478413,0.488889,0.422222
imagery_fists_feet,trial_random,20260918,88,0.467766,0.491228,0.350877
imagery_fists_feet,trial_random,20260918,89,0.454278,0.466667,0.444444
imagery_fists_feet,trial_random,20260918,90,0.518646,0.511111,0.4
imagery_fists_feet,trial_random,20260918,91,0.508081,0.511111,0.4
imagery_fists_feet,trial_random,20260918,92,0.472076,0.473684,0.526316
imagery_fists_feet,trial_random,20260918,93,0.484507,0.488889,0.355556
imagery_fists_feet,trial_random,20260918,94,0.510409,0.511111,0.422222
imagery_fists_feet,trial_random,20260918,95,0.523082,0.511111,0.333333
imagery_fists_feet,trial_random,20260918,96,0.561789,0.533333,0.4
imagery_fists_feet,trial_random,20260918,97,0.485552,0.488889,0.422222
imagery_fists_feet,trial_random,20260918,98,0.53702,0.533333,0.533333
imagery_fists_feet,trial_random,20260918,99,0.540103,0.533333,0.444444
imagery_fists_feet,trial_random,20260918,100,0.488519,0.5,0.444444
imagery_fists_feet,trial_random,20260918,101,0.489142,0.466667,0.377778
imagery_fists_feet,trial_random,20260918,102,0.501686,0.511628,0.395349
imagery_fists_feet,trial_random,20260918,103,0.521724,0.511111,0.444444
imagery_fists_feet,trial_random,20260918,104,0.518726,0.511111,0.4
imagery_fists_feet,trial_random,20260918,105,0.467705,0.466667,0.533333
imagery_fists_feet,trial_random,20260918,106,0.491002,0.488889,0.4
imagery_fists_feet,trial_random,20260918,107,0.512968,0.511111,0.4
imagery_fists_feet,trial_random,20260918,108,0.504759,0.511111,0.444444
imagery_fists_feet,trial_random,20260918,109,0.498189,0.488889,0.422222
imagery_fists_feet,trial_random,20260919,1,0.51619,0.533333,0.4
imagery_fists_feet,trial_random,20260919,2,0.472825,0.466667,0.466667
imagery_fists_feet,trial_random,20260919,3,0.51551,0.533333,0.377778
imagery_fists_feet,trial_random,20260919,4,0.508418,0.511111,0.444444
imagery_fists_feet,trial_random,20260919,5,0.501912,0.488889,0.355556
imagery_fists_feet,trial_random,20260919,6,0.532237,0.511111,0.4
imagery_fists_feet,trial_random,20260919,7,0.526762,0.511111,0.377778
imagery_fists_feet,trial_random,20260919,8,0.497145,0.488889,0.444444
imagery_fists_feet,trial_random,20260919,9,0.488095,0.488889,0.444444
imagery_fists_feet,trial_random,20260919,10,0.503115,0.488889,0.311111
imagery_fists_feet,trial_random,20260919,11,0.509999,0.511111,0.466667
imagery_fists_feet,trial_random,20260919,12,0.511111,0.511111,0.444444
imagery_fists_feet,trial_random,20260919,13,0.517956,0.511111,0.444444
imagery_fists_feet,trial_random,20260919,14,0.440871,0.466667,0.4
imagery_fists_feet,trial_random,20260919,15,0.494482,0.511111,0.422222
imagery_fists_feet,trial_random,20260919,16,0.491097,0.466667,0.377778
imagery_fists_feet,trial_random,20260919,17,0.480984,0.466667,0.422222
imagery_fists_feet,trial_random,20260919,18,0.533534,0.511111,0.377778
imagery_fists_feet,trial_random,20260919,19,0.506944,0.511111,0.444444
imagery_fists_feet,trial_random,20260919,20,0.49342,0.488889,0.444444
imagery_fists_feet,trial_random,20260919,21,0.442415,0.466667,0.4
imagery_fists_feet,trial_random,20260919,22,0.536745,0.533333,0.444444
imagery_fists_feet,trial_random,20260919,23,0.497388,0.488889,0.466667
imagery_fists_feet,trial_random,20260919,24,0.504426,0.511111,0.466667
imagery_fists_feet,trial_random,20260919,25,0.464286,0.466667,0.466667
imagery_fists_feet,trial_random,20260919,26,0.550575,0.533333,0.533333
imagery_fists_feet,trial_random,20260919,27,0.494605,0.511111,0.4
imagery_fists_feet,trial_random,20260919,28,0.515482,0.488889,0.4
imagery_fists_feet,trial_random,20260919,29,0.518395,0.511111,0.4
imagery_fists_feet,trial_random,20260919,30,0.476094,0.466667,0.444444
imagery_fists_feet,trial_random,20260919,31,0.489226,0.488889,0.422222
imagery_fists_feet,trial_random,20260919,32,0.503394,0.511111,0.466667
imagery_fists_feet,trial_random,20260919,33,0.516948,0.511111,0.422222
imagery_fists_feet,trial_random,20260919,34,0.495536,0.5,0.452381
imagery_fists_feet,trial_random,20260919,35,0.471714,0.466667,0.533333
imagery_fists_feet,trial_random,20260919,36,0.513492,0.511111,0.422222
imagery_fists_feet,trial_random,20260919,37,0.5259,0.5,0.380952
imagery_fists_feet,trial_random,20260919,38,0.501675,0.488889,0.377778
imagery_fists_feet,trial_random,20260919,39,0.49281,0.488889,0.466667
imagery_fists_feet,trial_random,20260919,40,0.523172,0.511111,0.466667
imagery_fists_feet,trial_random,20260919,41,0.501149,0.5,0.431818
imagery_fists_feet,trial_random,20260919,42,0.424466,0.466667,0.288889
imagery_fists_feet,trial_random,20260919,43,0.473691,0.488889,0.266667
imagery_fists_feet,trial_random,20260919,44,0.492078,0.488889,0.355556
imagery_fists_feet,trial_random,20260919,45,0.456753,0.466667,0.377778
imagery_fists_feet,trial_random,20260919,46,0.513433,0.511111,0.444444
imagery_fists_feet,trial_random,20260919,47,0.490972,0.488889,0.466667
imagery_fists_feet,trial_random,20260919,48,0.463255,0.466667,0.444444
imagery_fists_feet,trial_random,20260919,49,0.536012,0.533333,0.533333
imagery_fists_feet,trial_random,20260919,50,0.456202,0.466667,0.355556
imagery_fists_feet,trial_random,20260919,51,0.530481,0.533333,0.533333
imagery_fists_feet,trial_random,20260919,52,0.519172,0.511111,0.422222
imagery_fists_feet,trial_random,20260919,53,0.474894,0.488889,0.422222
imagery_fists_feet,trial_random,20260919,54,0.482738,0.488889,0.422222
imagery_fists_feet,trial_random,20260919,55,0.495139,0.488889,0.377778
imagery_fists_feet,trial_random,20260919,56,0.503928,0.488889,0.377778
imagery_fists_feet,trial_random,20260919,57,0.519444,0.511111,0.466667
imagery_fists_feet,trial_random,20260919,58,0.492354,0.488889,0.444444
imagery_fists_feet,trial_random,20260919,59,0.516948,0.511111,0.422222
imagery_fists_feet,trial_random,20260919,60,0.506202,0.533333,0.333333
imagery_fists_feet,trial_random,20260919,61,0.467012,0.466667,0.533333
imagery_fists_feet,trial_random,20260919,62,0.487739,0.488889,0.488889
imagery_fists_feet,trial_random,20260919,63,0.513373,0.511111,0.466667
imagery_fists_feet,trial_random,20260919,64,0.515206,0.511628,0.44186
imagery_fists_feet,trial_random,20260919,65,0.510036,0.511111,0.511111
imagery_fists_feet,trial_random,20260919,66,0.511402,0.511111,0.466667
imagery_fists_feet,trial_random,20260919,67,0.480137,0.488889,0.4
imagery_fists_feet,trial_random,20260919,68,0.514448,0.511111,0.422222
imagery_fists_feet,trial_random,20260919,69,0.506349,0.511111,0.4
imagery_fists_feet,trial_random,20260919,70,0.517109,0.488889,0.311111
imagery_fists_feet,trial_random,20260919,71,0.489927,0.488889,0.444444
imagery_fists_feet,trial_random,20260919,72,0.474278,0.5,0.380952
imagery_fists_feet,trial_random,20260919,73,0.492788,0.5,0.357143
imagery_fists_feet,trial_random,20260919,74,0.488531,0.5,0.404762
imagery_fists_feet,trial_random,20260919,75,0.546765,0.533333,0.444444
imagery_fists_feet,trial_random,20260919,76,0.483908,0.5,0.380952
imagery_fists_feet,trial_random,20260919,77,0.509028,0.511111,0.466667
imagery_fists_feet,trial_random,20260919,78,0.511237,0.511111,0.4
imagery_fists_feet,trial_random,20260919,79,0.53452,0.533333,0.533333
imagery_fists_feet,trial_random,20260919,80,0.451282,0.466667,0.422222
imagery_fists_feet,trial_random,20260919,81,0.49814,0.511111,0.444444
imagery_fists_feet,trial_random,20260919,82,0.467155,0.466667,0.377778
imagery_fists_feet,trial_random,20260919,83,0.504179,0.511111,0.466667
imagery_fists_feet,trial_random,20260919,84,0.548856,0.511111,0.311111
imagery_fists_feet,trial_random,20260919,85,0.515012,0.488889,0.377778
imagery_fists_feet,trial_random,20260919,86,0.528506,0.533333,0.4
imagery_fists_feet,trial_random,20260919,87,0.516162,0.488889,0.355556
imagery_fists_feet,trial_random,20260919,88,0.493095,0.491228,0.491228
imagery_fists_feet,trial_random,20260919,89,0.46936,0.466667,0.533333
imagery_fists_feet,trial_random,20260919,90,0.512298,0.511111,0.444444
imagery_fists_feet,trial_random,20260919,91,0.503396,0.511111,0.422222
imagery_fists_feet,trial_random,20260919,92,0.482297,0.473684,0.473684
imagery_fists_feet,trial_random,20260919,93,0.502282,0.488889,0.355556
imagery_fists_feet,trial_random,20260919,94,0.53844,0.511111,0.355556
imagery_fists_feet,trial_random,20260919,95,0.508418,0.511111,0.444444
imagery_fists_feet,trial_random,20260919,96,0.51266,0.533333,0.377778
imagery_fists_feet,trial_random,20260919,97,0.482275,0.488889,0.466667
imagery_fists_feet,trial_random,20260919,98,0.530108,0.533333,0.533333
imagery_fists_feet,trial_random,20260919,99,0.533497,0.533333,0.4
imagery_fists_feet,trial_random,20260919,100,0.543173,0.5,0.361111
imagery_fists_feet,trial_random,20260919,101,0.477679,0.466667,0.377778
imagery_fists_feet,trial_random,20260919,102,0.514037,0.511628,0.395349
imagery_fists_feet,trial_random,20260919,103,0.521368,0.511111,0.444444
imagery_fists_feet,trial_random,20260919,104,0.52004,0.511111,0.4
imagery_fists_feet,trial_random,20260919,105,0.452598,0.466667,0.355556
imagery_fists_feet,trial_random,20260919,106,0.503704,0.488889,0.422222
imagery_fists_feet,trial_random,20260919,107,0.522222,0.511111,0.422222
imagery_fists_feet,trial_random,20260919,108,0.521983,0.511111,0.422222
imagery_fists_feet,trial_random,20260919,109,0.503049,0.488889,0.4
imagery_fists_feet,trial_random,20260920,1,0.54648,0.533333,0.333333
imagery_fists_feet,trial_random,20260920,2,0.466667,0.466667,0.533333
imagery_fists_feet,trial_random,20260920,3,0.555053,0.533333,0.333333
imagery_fists_feet,trial_random,20260920,4,0.516207,0.511111,0.4
imagery_fists_feet,trial_random,20260920,5,0.487739,0.488889,0.511111
imagery_fists_feet,trial_random,20260920,6,0.503123,0.511111,0.4
imagery_fists_feet,trial_random,20260920,7,0.50719,0.511111,0.444444
imagery_fists_feet,trial_random,20260920,8,0.494088,0.488889,0.466667
imagery_fists_feet,trial_random,20260920,9,0.479007,0.488889,0.422222
imagery_fists_feet,trial_random,20260920,10,0.485185,0.488889,0.511111
imagery_fists_feet,trial_random,20260920,11,0.492301,0.511111,0.333333
imagery_fists_feet,trial_random,20260920,12,0.493795,0.511111,0.4
imagery_fists_feet,trial_random,20260920,13,0.510036,0.511111,0.355556
imagery_fists_feet,trial_random,20260920,14,0.464543,0.466667,0.533333
imagery_fists_feet,trial_random,20260920,15,0.511148,0.511111,0.488889
imagery_fists_feet,trial_random,20260920,16,0.464405,0.466667,0.444444
imagery_fists_feet,trial_random,20260920,17,0.463404,0.466667,0.355556
imagery_fists_feet,trial_random,20260920,18,0.507222,0.511111,0.422222
imagery_fists_feet,trial_random,20260920,19,0.527241,0.511111,0.444444
imagery_fists_feet,trial_random,20260920,20,0.487739,0.488889,0.377778
imagery_fists_feet,trial_random,20260920,21,0.458494,0.466667,0.533333
imagery_fists_feet,trial_random,20260920,22,0.532295,0.533333,0.533333
imagery_fists_feet,trial_random,20260920,23,0.488763,0.488889,0.4
imagery_fists_feet,trial_random,20260920,24,0.511111,0.511111,0.355556
imagery_fists_feet,trial_random,20260920,25,0.476064,0.466667,0.422222
imagery_fists_feet,trial_random,20260920,26,0.527083,0.533333,0.355556
imagery_fists_feet,trial_random,20260920,27,0.52862,0.511111,0.355556
imagery_fists_feet,trial_random,20260920,28,0.499159,0.488889,0.422222
imagery_fists_feet,trial_random,20260920,29,0.477054,0.511111,0.4
imagery_fists_feet,trial_random,20260920,30,0.469962,0.466667,0.533333
imagery_fists_feet,trial_random,20260920,31,0.493056,0.488889,0.444444
imagery_fists_feet,trial_random,20260920,32,0.503123,0.511111,0.4
imagery_fists_feet,trial_random,20260920,33,0.50658,0.511111,0.444444
imagery_fists_feet,trial_random,20260920,34,0.511724,0.5,0.357143
imagery_fists_feet,trial_random,20260920,35,0.469577,0.466667,0.533333
imagery_fists_feet,trial_random,20260920,36,0.500887,0.511111,0.4
imagery_fists_feet,trial_random,20260920,37,0.501609,0.5,0.428571
imagery_fists_feet,trial_random,20260920,38,0.489591,0.488889,0.422222
imagery_fists_feet,trial_random,20260920,39,0.488889,0.488889,0.511111
imagery_fists_feet,trial_random,20260920,40,0.516948,0.511111,0.422222
imagery_fists_feet,trial_random,20260920,41,0.561688,0.5,0.363636
imagery_fists_feet,trial_random,20260920,42,0.482225,0.466667,0.4
imagery_fists_feet,trial_random,20260920,43,0.486716,0.488889,0.466667
imagery_fists_feet,trial_random,20260920,44,0.474411,0.488889,0.355556
imagery_fists_feet,trial_random,20260920,45,0.469048,0.466667,0.422222
imagery_fists_feet,trial_random,20260920,46,0.498287,0.511111,0.422222
imagery_fists_feet,trial_random,20260920,47,0.467164,0.488889,0.355556
imagery_fists_feet,trial_random,20260920,48,0.469048,0.466667,0.422222
imagery_fists_feet,trial_random,20260920,49,0.539668,0.533333,0.466667
imagery_fists_feet,trial_random,20260920,50,0.461111,0.466667,0.533333
imagery_fists_feet,trial_random,20260920,51,0.530481,0.533333,0.533333
imagery_fists_feet,trial_random,20260920,52,0.503396,0.511111,0.422222
imagery_fists_feet,trial_random,20260920,53,0.488852,0.488889,0.511111
imagery_fists_feet,trial_random,20260920,54,0.465617,0.488889,0.422222
imagery_fists_feet,trial_random,20260920,55,0.476581,0.488889,0.466667
imagery_fists_feet,trial_random,20260920,56,0.498189,0.488889,0.422222
imagery_fists_feet,trial_random,20260920,57,0.516825,0.511111,0.466667
imagery_fists_feet,trial_random,20260920,58,0.495241,0.488889,0.444444
imagery_fists_feet,trial_random,20260920,59,0.517446,0.511111,0.4
imagery_fists_feet,trial_random,20260920,60,0.538284,0.533333,0.422222
imagery_fists_feet,trial_random,20260920,61,0.444101,0.466667,0.355556
imagery_fists_feet,trial_random,20260920,62,0.488552,0.488889,0.511111
imagery_fists_feet,trial_random,20260920,63,0.567821,0.511111,0.333333
imagery_fists_feet,trial_random,20260920,64,0.544205,0.511628,0.372093
imagery_fists_feet,trial_random,20260920,65,0.506647,0.511111,0.444444
imagery_fists_feet,trial_random,20260920,66,0.514448,0.511111,0.422222
imagery_fists_feet,trial_random,20260920,67,0.486881,0.488889,0.4
imagery_fists_feet,trial_random,20260920,68,0.498325,0.511111,0.377778
imagery_fists_feet,trial_random,20260920,69,0.524866,0.511111,0.333333
imagery_fists_feet,trial_random,20260920,70,0.492256,0.488889,0.466667
imagery_fists_feet,trial_random,20260920,71,0.458354,0.488889,0.422222
imagery_fists_feet,trial_random,20260920,72,0.484101,0.5,0.380952
imagery_fists_feet,trial_random,20260920,73,0.508276,0.5,0.428571
imagery_fists_feet,trial_random,20260920,74,0.496633,0.5,0.47619
imagery_fists_feet,trial_random,20260920,75,0.539618,0.533333,0.4
imagery_fists_feet,trial_random,20260920,76,0.513493,0.5,0.428571
imagery_fists_feet,trial_random,20260920,77,0.520228,0.511111,0.355556
imagery_fists_feet,trial_random,20260920,78,0.509259,0.511111,0.466667
imagery_fists_feet,trial_random,20260920,79,0.525362,0.533333,0.444444
imagery_fists_feet,trial_random,20260920,80,0.464331,0.466667,0.533333
imagery_fists_feet,trial_random,20260920,81,0.505795,0.511111,0.422222
imagery_fists_feet,trial_random,20260920,82,0.474298,0.466667,0.444444
imagery_fists_feet,trial_random,20260920,83,0.497626,0.511111,0.377778
imagery_fists_feet,trial_random,20260920,84,0.505556,0.511111,0.422222
imagery_fists_feet,trial_random,20260920,85,0.478535,0.488889,0.422222
imagery_fists_feet,trial_random,20260920,86,0.527083,0.533333,0.4
imagery_fists_feet,trial_random,20260920,87,0.508754,0.488889,0.377778
imagery_fists_feet,trial_random,20260920,88,0.476477,0.491228,0.403509
imagery_fists_feet,trial_random,20260920,89,0.46298,0.466667,0.4
imagery_fists_feet,trial_random,20260920,90,0.496651,0.511111,0.4
imagery_fists_feet,trial_random,20260920,91,0.513805,0.511111,0.377778
imagery_fists_feet,trial_random,20260920,92,0.46124,0.473684,0.403509
imagery_fists_feet,trial_random,20260920,93,0.470915,0.488889,0.422222
imagery_fists_feet,trial_random,20260920,94,0.523999,0.511111,0.4
imagery_fists_feet,trial_random,20260920,95,0.507774,0.511111,0.422222
imagery_fists_feet,trial_random,20260920,96,0.528286,0.533333,0.533333
imagery_fists_feet,trial_random,20260920,97,0.497203,0.488889,0.466667
imagery_fists_feet,trial_random,20260920,98,0.526455,0.533333,0.355556
imagery_fists_feet,trial_random,20260920,99,0.545722,0.533333,0.377778
imagery_fists_feet,trial_random,20260920,100,0.49026,0.5,0.444444
imagery_fists_feet,trial_random,20260920,101,0.4329,0.466667,0.4
imagery_fists_feet,trial_random,20260920,102,0.467129,0.511628,0.255814
imagery_fists_feet,trial_random,20260920,103,0.514441,0.511111,0.4
imagery_fists_feet,trial_random,20260920,104,0.516948,0.511111,0.422222
imagery_fists_feet,trial_random,20260920,105,0.461111,0.466667,0.533333
imagery_fists_feet,trial_random,20260920,106,0.484967,0.488889,0.444444
imagery_fists_feet,trial_random,20260920,107,0.508998,0.511111,0.4
imagery_fists_feet,trial_random,20260920,108,0.509028,0.511111,0.466667
imagery_fists_feet,trial_random,20260920,109,0.512607,0.488889,0.355556
imagery_fists_feet,run_disjoint,20260916,1,0.533333,0.533333,0.533333
imagery_fists_feet,run_disjoint,20260916,2,0.466667,0.466667,0.533333
imagery_fists_feet,run_disjoint,20260916,3,0.533333,0.533333,0.533333
imagery_fists_feet,run_disjoint,20260916,4,0.511111,0.511111,0.466667
imagery_fists_feet,run_disjoint,20260916,5,0.488889,0.488889,0.511111
imagery_fists_feet,run_disjoint,20260916,6,0.511111,0.511111,0.466667
imagery_fists_feet,run_disjoint,20260916,7,0.511111,0.511111,0.466667
imagery_fists_feet,run_disjoint,20260916,8,0.488889,0.488889,0.511111
imagery_fists_feet,run_disjoint,20260916,9,0.488889,0.488889,0.511111
imagery_fists_feet,run_disjoint,20260916,10,0.488889,0.488889,0.511111
imagery_fists_feet,run_disjoint,20260916,11,0.511111,0.511111,0.466667
imagery_fists_feet,run_disjoint,20260916,12,0.511111,0.511111,0.466667
imagery_fists_feet,run_disjoint,20260916,13,0.511111,0.511111,0.466667
imagery_fists_feet,run_disjoint,20260916,14,0.466667,0.466667,0.533333
imagery_fists_feet,run_disjoint,20260916,15,0.511111,0.511111,0.466667
imagery_fists_feet,run_disjoint,20260916,16,0.466667,0.466667,0.533333
imagery_fists_feet,run_disjoint,20260916,17,0.466667,0.466667,0.533333
imagery_fists_feet,run_disjoint,20260916,18,0.511111,0.511111,0.466667
imagery_fists_feet,run_disjoint,20260916,19,0.511111,0.511111,0.466667
imagery_fists_feet,run_disjoint,20260916,20,0.488889,0.488889,0.511111
imagery_fists_feet,run_disjoint,20260916,21,0.466667,0.466667,0.533333
imagery_fists_feet,run_disjoint,20260916,22,0.533333,0.533333,0.533333
imagery_fists_feet,run_disjoint,20260916,23,0.488889,0.488889,0.511111
imagery_fists_feet,run_disjoint,20260916,24,0.511111,0.511111,0.466667
imagery_fists_feet,run_disjoint,20260916,25,0.466667,0.466667,0.533333
imagery_fists_feet,run_disjoint,20260916,26,0.533333,0.533333,0.533333
imagery_fists_feet,run_disjoint,20260916,27,0.511111,0.511111,0.466667
imagery_fists_feet,run_disjoint,20260916,28,0.488889,0.488889,0.511111
imagery_fists_feet,run_disjoint,20260916,29,0.511111,0.511111,0.466667
imagery_fists_feet,run_disjoint,20260916,30,0.466667,0.466667,0.533333
imagery_fists_feet,run_disjoint,20260916,31,0.488889,0.488889,0.511111
imagery_fists_feet,run_disjoint,20260916,32,0.511111,0.511111,0.466667
imagery_fists_feet,run_disjoint,20260916,33,0.511111,0.511111,0.466667
imagery_fists_feet,run_disjoint,20260916,34,0.5,0.5,0.5
imagery_fists_feet,run_disjoint,20260916,35,0.466667,0.466667,0.533333
imagery_fists_feet,run_disjoint,20260916,36,0.511111,0.511111,0.466667
imagery_fists_feet,run_disjoint,20260916,37,0.5,0.5,0.5
imagery_fists_feet,run_disjoint,20260916,38,0.488889,0.488889,0.511111
imagery_fists_feet,run_disjoint,20260916,39,0.488889,0.488889,0.511111
imagery_fists_feet,run_disjoint,20260916,40,0.511111,0.511111,0.466667
imagery_fists_feet,run_disjoint,20260916,41,0.5,0.5,0.477273
imagery_fists_feet,run_disjoint,20260916,42,0.466667,0.466667,0.533333
imagery_fists_feet,run_disjoint,20260916,43,0.488889,0.488889,0.511111
imagery_fists_feet,run_disjoint,20260916,44,0.488889,0.488889,0.511111
imagery_fists_feet,run_disjoint,20260916,45,0.466667,0.466667,0.533333
imagery_fists_feet,run_disjoint,20260916,46,0.511111,0.511111,0.466667
imagery_fists_feet,run_disjoint,20260916,47,0.488889,0.488889,0.511111
imagery_fists_feet,run_disjoint,20260916,48,0.466667,0.466667,0.533333
imagery_fists_feet,run_disjoint,20260916,49,0.533333,0.533333,0.533333
imagery_fists_feet,run_disjoint,20260916,50,0.466667,0.466667,0.533333
imagery_fists_feet,run_disjoint,20260916,51,0.533333,0.533333,0.533333
imagery_fists_feet,run_disjoint,20260916,52,0.511111,0.511111,0.466667
imagery_fists_feet,run_disjoint,20260916,53,0.488889,0.488889,0.511111
imagery_fists_feet,run_disjoint,20260916,54,0.488889,0.488889,0.511111
imagery_fists_feet,run_disjoint,20260916,55,0.488889,0.488889,0.511111
imagery_fists_feet,run_disjoint,20260916,56,0.488889,0.488889,0.511111
imagery_fists_feet,run_disjoint,20260916,57,0.511111,0.511111,0.466667
imagery_fists_feet,run_disjoint,20260916,58,0.488889,0.488889,0.511111
imagery_fists_feet,run_disjoint,20260916,59,0.511111,0.511111,0.466667
imagery_fists_feet,run_disjoint,20260916,60,0.533333,0.533333,0.533333
imagery_fists_feet,run_disjoint,20260916,61,0.466667,0.466667,0.533333
imagery_fists_feet,run_disjoint,20260916,62,0.488889,0.488889,0.511111
imagery_fists_feet,run_disjoint,20260916,63,0.511111,0.511111,0.466667
imagery_fists_feet,run_disjoint,20260916,64,0.511227,0.511628,0.488372
imagery_fists_feet,run_disjoint,20260916,65,0.511111,0.511111,0.466667
imagery_fists_feet,run_disjoint,20260916,66,0.511111,0.511111,0.466667
imagery_fists_feet,run_disjoint,20260916,67,0.488889,0.488889,0.511111
imagery_fists_feet,run_disjoint,20260916,68,0.511111,0.511111,0.466667
imagery_fists_feet,run_disjoint,20260916,69,0.511111,0.511111,0.466667
imagery_fists_feet,run_disjoint,20260916,70,0.488889,0.488889,0.511111
imagery_fists_feet,run_disjoint,20260916,71,0.488889,0.488889,0.511111
imagery_fists_feet,run_disjoint,20260916,72,0.5,0.5,0.5
imagery_fists_feet,run_disjoint,20260916,73,0.5,0.5,0.5
imagery_fists_feet,run_disjoint,20260916,74,0.5,0.5,0.5
imagery_fists_feet,run_disjoint,20260916,75,0.533333,0.533333,0.533333
imagery_fists_feet,run_disjoint,20260916,76,0.5,0.5,0.5
imagery_fists_feet,run_disjoint,20260916,77,0.511111,0.511111,0.466667
imagery_fists_feet,run_disjoint,20260916,78,0.511111,0.511111,0.466667
imagery_fists_feet,run_disjoint,20260916,79,0.533333,0.533333,0.533333
imagery_fists_feet,run_disjoint,20260916,80,0.466667,0.466667,0.533333
imagery_fists_feet,run_disjoint,20260916,81,0.511111,0.511111,0.466667
imagery_fists_feet,run_disjoint,20260916,82,0.466667,0.466667,0.533333
imagery_fists_feet,run_disjoint,20260916,83,0.511111,0.511111,0.466667
imagery_fists_feet,run_disjoint,20260916,84,0.511111,0.511111,0.466667
imagery_fists_feet,run_disjoint,20260916,85,0.488889,0.488889,0.511111
imagery_fists_feet,run_disjoint,20260916,86,0.533333,0.533333,0.533333
imagery_fists_feet,run_disjoint,20260916,87,0.488889,0.488889,0.511111
imagery_fists_feet,run_disjoint,20260916,88,0.491228,0.491228,0.508772
imagery_fists_feet,run_disjoint,20260916,89,0.466667,0.466667,0.533333
imagery_fists_feet,run_disjoint,20260916,90,0.511111,0.511111,0.466667
imagery_fists_feet,run_disjoint,20260916,91,0.511111,0.511111,0.466667
imagery_fists_feet,run_disjoint,20260916,92,0.473684,0.473684,0.526316
imagery_fists_feet,run_disjoint,20260916,93,0.488889,0.488889,0.511111
imagery_fists_feet,run_disjoint,20260916,94,0.511111,0.511111,0.466667
imagery_fists_feet,run_disjoint,20260916,95,0.511111,0.511111,0.466667
imagery_fists_feet,run_disjoint,20260916,96,0.533333,0.533333,0.533333
imagery_fists_feet,run_disjoint,20260916,97,0.488889,0.488889,0.511111
imagery_fists_feet,run_disjoint,20260916,98,0.533333,0.533333,0.533333
imagery_fists_feet,run_disjoint,20260916,99,0.533333,0.533333,0.533333
imagery_fists_feet,run_disjoint,20260916,100,0.5,0.5,0.5
imagery_fists_feet,run_disjoint,20260916,101,0.466667,0.466667,0.533333
imagery_fists_feet,run_disjoint,20260916,102,0.511227,0.511628,0.488372
imagery_fists_feet,run_disjoint,20260916,103,0.511111,0.511111,0.466667
imagery_fists_feet,run_disjoint,20260916,104,0.511111,0.511111,0.466667
imagery_fists_feet,run_disjoint,20260916,105,0.466667,0.466667,0.533333
imagery_fists_feet,run_disjoint,20260916,106,0.488889,0.488889,0.511111
imagery_fists_feet,run_disjoint,20260916,107,0.511111,0.511111,0.466667
imagery_fists_feet,run_disjoint,20260916,108,0.511111,0.511111,0.466667
imagery_fists_feet,run_disjoint,20260916,109,0.488889,0.488889,0.511111
imagery_fists_feet,subject_disjoint,20260916,1,0.50108,0.533333,0.533333
imagery_fists_feet,subject_disjoint,20260916,2,0.496486,0.466667,0.533333
imagery_fists_feet,subject_disjoint,20260916,3,0.496486,0.533333,0.466667
imagery_fists_feet,subject_disjoint,20260916,4,0.500305,0.511111,0.511111
imagery_fists_feet,subject_disjoint,20260916,5,0.50108,0.488889,0.488889
imagery_fists_feet,subject_disjoint,20260916,6,0.50108,0.511111,0.511111
imagery_fists_feet,subject_disjoint,20260916,7,0.500305,0.511111,0.511111
imagery_fists_feet,subject_disjoint,20260916,8,0.496486,0.488889,0.511111
imagery_fists_feet,subject_disjoint,20260916,9,0.500305,0.488889,0.488889
imagery_fists_feet,subject_disjoint,20260916,10,0.500305,0.488889,0.488889
imagery_fists_feet,subject_disjoint,20260916,11,0.496486,0.511111,0.488889
imagery_fists_feet,subject_disjoint,20260916,12,0.496486,0.511111,0.488889
imagery_fists_feet,subject_disjoint,20260916,13,0.50108,0.511111,0.511111
imagery_fists_feet,subject_disjoint,20260916,14,0.500305,0.466667,0.466667
imagery_fists_feet,subject_disjoint,20260916,15,0.50108,0.511111,0.511111
imagery_fists_feet,subject_disjoint,20260916,16,0.50108,0.466667,0.466667
imagery_fists_feet,subject_disjoint,20260916,17,0.50108,0.466667,0.466667
imagery_fists_feet,subject_disjoint,20260916,18,0.496486,0.511111,0.488889
imagery_fists_feet,subject_disjoint,20260916,19,0.496486,0.511111,0.488889
imagery_fists_feet,subject_disjoint,20260916,20,0.496486,0.488889,0.511111
imagery_fists_feet,subject_disjoint,20260916,21,0.500305,0.466667,0.466667
imagery_fists_feet,subject_disjoint,20260916,22,0.496486,0.533333,0.466667
imagery_fists_feet,subject_disjoint,20260916,23,0.50108,0.488889,0.488889
imagery_fists_feet,subject_disjoint,20260916,24,0.500305,0.511111,0.511111
imagery_fists_feet,subject_disjoint,20260916,25,0.500305,0.466667,0.466667
imagery_fists_feet,subject_disjoint,20260916,26,0.496486,0.533333,0.466667
imagery_fists_feet,subject_disjoint,20260916,27,0.496486,0.511111,0.488889
imagery_fists_feet,subject_disjoint,20260916,28,0.496486,0.488889,0.511111
imagery_fists_feet,subject_disjoint,20260916,29,0.496486,0.511111,0.488889
imagery_fists_feet,subject_disjoint,20260916,30,0.500305,0.466667,0.466667
imagery_fists_feet,subject_disjoint,20260916,31,0.50108,0.488889,0.488889
imagery_fists_feet,subject_disjoint,20260916,32,0.50108,0.511111,0.511111
imagery_fists_feet,subject_disjoint,20260916,33,0.500305,0.511111,0.511111
imagery_fists_feet,subject_disjoint,20260916,34,0.496486,0.5,0.5
imagery_fists_feet,subject_disjoint,20260916,35,0.50108,0.466667,0.466667
imagery_fists_feet,subject_disjoint,20260916,36,0.500305,0.511111,0.511111
imagery_fists_feet,subject_disjoint,20260916,37,0.50108,0.5,0.5
imagery_fists_feet,subject_disjoint,20260916,38,0.496486,0.488889,0.511111
imagery_fists_feet,subject_disjoint,20260916,39,0.50108,0.488889,0.488889
imagery_fists_feet,subject_disjoint,20260916,40,0.496486,0.511111,0.488889
imagery_fists_feet,subject_disjoint,20260916,41,0.50108,0.5,0.5
imagery_fists_feet,subject_disjoint,20260916,42,0.496486,0.466667,0.533333
imagery_fists_feet,subject_disjoint,20260916,43,0.496486,0.488889,0.511111
imagery_fists_feet,subject_disjoint,20260916,44,0.500305,0.488889,0.488889
imagery_fists_feet,subject_disjoint,20260916,45,0.50108,0.466667,0.466667
imagery_fists_feet,subject_disjoint,20260916,46,0.500305,0.511111,0.511111
imagery_fists_feet,subject_disjoint,20260916,47,0.496486,0.488889,0.511111
imagery_fists_feet,subject_disjoint,20260916,48,0.496486,0.466667,0.533333
imagery_fists_feet,subject_disjoint,20260916,49,0.496486,0.533333,0.466667
imagery_fists_feet,subject_disjoint,20260916,50,0.50108,0.466667,0.466667
imagery_fists_feet,subject_disjoint,20260916,51,0.50108,0.533333,0.533333
imagery_fists_feet,subject_disjoint,20260916,52,0.496486,0.511111,0.488889
imagery_fists_feet,subject_disjoint,20260916,53,0.500305,0.488889,0.488889
imagery_fists_feet,subject_disjoint,20260916,54,0.500305,0.488889,0.488889
imagery_fists_feet,subject_disjoint,20260916,55,0.50108,0.488889,0.488889
imagery_fists_feet,subject_disjoint,20260916,56,0.500305,0.488889,0.488889
imagery_fists_feet,subject_disjoint,20260916,57,0.496486,0.511111,0.488889
imagery_fists_feet,subject_disjoint,20260916,58,0.500305,0.488889,0.488889
imagery_fists_feet,subject_disjoint,20260916,59,0.50108,0.511111,0.511111
imagery_fists_feet,subject_disjoint,20260916,60,0.496486,0.533333,0.466667
imagery_fists_feet,subject_disjoint,20260916,61,0.500305,0.466667,0.466667
imagery_fists_feet,subject_disjoint,20260916,62,0.496486,0.488889,0.511111
imagery_fists_feet,subject_disjoint,20260916,63,0.500305,0.511111,0.511111
imagery_fists_feet,subject_disjoint,20260916,64,0.496486,0.511628,0.488372
imagery_fists_feet,subject_disjoint,20260916,65,0.50108,0.511111,0.511111
imagery_fists_feet,subject_disjoint,20260916,66,0.50108,0.511111,0.511111
imagery_fists_feet,subject_disjoint,20260916,67,0.50108,0.488889,0.488889
imagery_fists_feet,subject_disjoint,20260916,68,0.50108,0.511111,0.511111
imagery_fists_feet,subject_disjoint,20260916,69,0.500305,0.511111,0.511111
imagery_fists_feet,subject_disjoint,20260916,70,0.50108,0.488889,0.488889
imagery_fists_feet,subject_disjoint,20260916,71,0.50108,0.488889,0.488889
imagery_fists_feet,subject_disjoint,20260916,72,0.496486,0.5,0.5
imagery_fists_feet,subject_disjoint,20260916,73,0.50108,0.5,0.5
imagery_fists_feet,subject_disjoint,20260916,74,0.500305,0.5,0.5
imagery_fists_feet,subject_disjoint,20260916,75,0.50108,0.533333,0.533333
imagery_fists_feet,subject_disjoint,20260916,76,0.500305,0.5,0.5
imagery_fists_feet,subject_disjoint,20260916,77,0.50108,0.511111,0.511111
imagery_fists_feet,subject_disjoint,20260916,78,0.50108,0.511111,0.511111
imagery_fists_feet,subject_disjoint,20260916,79,0.496486,0.533333,0.466667
imagery_fists_feet,subject_disjoint,20260916,80,0.500305,0.466667,0.466667
imagery_fists_feet,subject_disjoint,20260916,81,0.500305,0.511111,0.511111
imagery_fists_feet,subject_disjoint,20260916,82,0.50108,0.466667,0.466667
imagery_fists_feet,subject_disjoint,20260916,83,0.496486,0.511111,0.488889
imagery_fists_feet,subject_disjoint,20260916,84,0.500305,0.511111,0.511111
imagery_fists_feet,subject_disjoint,20260916,85,0.50108,0.488889,0.488889
imagery_fists_feet,subject_disjoint,20260916,86,0.496486,0.533333,0.466667
imagery_fists_feet,subject_disjoint,20260916,87,0.50108,0.488889,0.488889
imagery_fists_feet,subject_disjoint,20260916,88,0.496486,0.491228,0.508772
imagery_fists_feet,subject_disjoint,20260916,89,0.50108,0.466667,0.466667
imagery_fists_feet,subject_disjoint,20260916,90,0.500305,0.511111,0.511111
imagery_fists_feet,subject_disjoint,20260916,91,0.50108,0.511111,0.511111
imagery_fists_feet,subject_disjoint,20260916,92,0.500305,0.473684,0.473684
imagery_fists_feet,subject_disjoint,20260916,93,0.500305,0.488889,0.488889
imagery_fists_feet,subject_disjoint,20260916,94,0.500305,0.511111,0.511111
imagery_fists_feet,subject_disjoint,20260916,95,0.500305,0.511111,0.511111
imagery_fists_feet,subject_disjoint,20260916,96,0.500305,0.533333,0.533333
imagery_fists_feet,subject_disjoint,20260916,97,0.496486,0.488889,0.511111
imagery_fists_feet,subject_disjoint,20260916,98,0.500305,0.533333,0.533333
imagery_fists_feet,subject_disjoint,20260916,99,0.500305,0.533333,0.533333
imagery_fists_feet,subject_disjoint,20260916,100,0.500305,0.5,0.5
imagery_fists_feet,subject_disjoint,20260916,101,0.50108,0.466667,0.466667
imagery_fists_feet,subject_disjoint,20260916,102,0.50108,0.511628,0.511628
imagery_fists_feet,subject_disjoint,20260916,103,0.496486,0.511111,0.488889
imagery_fists_feet,subject_disjoint,20260916,104,0.496486,0.511111,0.488889
imagery_fists_feet,subject_disjoint,20260916,105,0.500305,0.466667,0.466667
imagery_fists_feet,subject_disjoint,20260916,106,0.496486,0.488889,0.511111
imagery_fists_feet,subject_disjoint,20260916,107,0.496486,0.511111,0.488889
imagery_fists_feet,subject_disjoint,20260916,108,0.500305,0.511111,0.511111
imagery_fists_feet,subject_disjoint,20260916,109,0.50108,0.488889,0.488889
imagery_fists_feet,subject_disjoint,20260917,1,0.499848,0.533333,0.466667
imagery_fists_feet,subject_disjoint,20260917,2,0.499848,0.466667,0.533333
imagery_fists_feet,subject_disjoint,20260917,3,0.499848,0.533333,0.466667
imagery_fists_feet,subject_disjoint,20260917,4,0.497416,0.511111,0.488889
imagery_fists_feet,subject_disjoint,20260917,5,0.499848,0.488889,0.511111
imagery_fists_feet,subject_disjoint,20260917,6,0.500621,0.511111,0.511111
imagery_fists_feet,subject_disjoint,20260917,7,0.500621,0.511111,0.511111
imagery_fists_feet,subject_disjoint,20260917,8,0.500621,0.488889,0.488889
imagery_fists_feet,subject_disjoint,20260917,9,0.499848,0.488889,0.511111
imagery_fists_feet,subject_disjoint,20260917,10,0.500621,0.488889,0.488889
imagery_fists_feet,subject_disjoint,20260917,11,0.497416,0.511111,0.488889
imagery_fists_feet,subject_disjoint,20260917,12,0.500621,0.511111,0.511111
imagery_fists_feet,subject_disjoint,20260917,13,0.500621,0.511111,0.511111
imagery_fists_feet,subject_disjoint,20260917,14,0.500621,0.466667,0.466667
imagery_fists_feet,subject_disjoint,20260917,15,0.500621,0.511111,0.511111
imagery_fists_feet,subject_disjoint,20260917,16,0.497416,0.466667,0.533333
imagery_fists_feet,subject_disjoint,20260917,17,0.499848,0.466667,0.533333
imagery_fists_feet,subject_disjoint,20260917,18,0.500621,0.511111,0.511111
imagery_fists_feet,subject_disjoint,20260917,19,0.499848,0.511111,0.488889
imagery_fists_feet,subject_disjoint,20260917,20,0.500621,0.488889,0.488889
imagery_fists_feet,subject_disjoint,20260917,21,0.500621,0.466667,0.466667
imagery_fists_feet,subject_disjoint,20260917,22,0.497416,0.533333,0.466667
imagery_fists_feet,subject_disjoint,20260917,23,0.500621,0.488889,0.488889
imagery_fists_feet,subject_disjoint,20260917,24,0.497416,0.511111,0.488889
imagery_fists_feet,subject_disjoint,20260917,25,0.500621,0.466667,0.466667
imagery_fists_feet,subject_disjoint,20260917,26,0.497416,0.533333,0.466667
imagery_fists_feet,subject_disjoint,20260917,27,0.499848,0.511111,0.488889
imagery_fists_feet,subject_disjoint,20260917,28,0.500621,0.488889,0.488889
imagery_fists_feet,subject_disjoint,20260917,29,0.500621,0.511111,0.511111
imagery_fists_feet,subject_disjoint,20260917,30,0.497416,0.466667,0.533333
imagery_fists_feet,subject_disjoint,20260917,31,0.500621,0.488889,0.488889
imagery_fists_feet,subject_disjoint,20260917,32,0.499848,0.511111,0.488889
imagery_fists_feet,subject_disjoint,20260917,33,0.499848,0.511111,0.488889
imagery_fists_feet,subject_disjoint,20260917,34,0.497416,0.5,0.5
imagery_fists_feet,subject_disjoint,20260917,35,0.500621,0.466667,0.466667
imagery_fists_feet,subject_disjoint,20260917,36,0.500621,0.511111,0.511111
imagery_fists_feet,subject_disjoint,20260917,37,0.497416,0.5,0.5
imagery_fists_feet,subject_disjoint,20260917,38,0.500621,0.488889,0.488889
imagery_fists_feet,subject_disjoint,20260917,39,0.497416,0.488889,0.511111
imagery_fists_feet,subject_disjoint,20260917,40,0.500621,0.511111,0.511111
imagery_fists_feet,subject_disjoint,20260917,41,0.497416,0.5,0.5
imagery_fists_feet,subject_disjoint,20260917,42,0.497416,0.466667,0.533333
imagery_fists_feet,subject_disjoint,20260917,43,0.497416,0.488889,0.511111
imagery_fists_feet,subject_disjoint,20260917,44,0.499848,0.488889,0.511111
imagery_fists_feet,subject_disjoint,20260917,45,0.499848,0.466667,0.533333
imagery_fists_feet,subject_disjoint,20260917,46,0.497416,0.511111,0.488889
imagery_fists_feet,subject_disjoint,20260917,47,0.499848,0.488889,0.511111
imagery_fists_feet,subject_disjoint,20260917,48,0.497416,0.466667,0.533333
imagery_fists_feet,subject_disjoint,20260917,49,0.497416,0.533333,0.466667
imagery_fists_feet,subject_disjoint,20260917,50,0.499848,0.466667,0.533333
imagery_fists_feet,subject_disjoint,20260917,51,0.500621,0.533333,0.533333
imagery_fists_feet,subject_disjoint,20260917,52,0.500621,0.511111,0.511111
imagery_fists_feet,subject_disjoint,20260917,53,0.499848,0.488889,0.511111
imagery_fists_feet,subject_disjoint,20260917,54,0.499848,0.488889,0.511111
imagery_fists_feet,subject_disjoint,20260917,55,0.499848,0.488889,0.511111
imagery_fists_feet,subject_disjoint,20260917,56,0.497416,0.488889,0.511111
imagery_fists_feet,subject_disjoint,20260917,57,0.499848,0.511111,0.488889
imagery_fists_feet,subject_disjoint,20260917,58,0.500621,0.488889,0.488889
imagery_fists_feet,subject_disjoint,20260917,59,0.497416,0.511111,0.488889
imagery_fists_feet,subject_disjoint,20260917,60,0.499848,0.533333,0.466667
imagery_fists_feet,subject_disjoint,20260917,61,0.497416,0.466667,0.533333
imagery_fists_feet,subject_disjoint,20260917,62,0.500621,0.488889,0.488889
imagery_fists_feet,subject_disjoint,20260917,63,0.497416,0.511111,0.488889
imagery_fists_feet,subject_disjoint,20260917,64,0.497416,0.511628,0.488372
imagery_fists_feet,subject_disjoint,20260917,65,0.500621,0.511111,0.511111
imagery_fists_feet,subject_disjoint,20260917,66,0.499848,0.511111,0.488889
imagery_fists_feet,subject_disjoint,20260917,67,0.499848,0.488889,0.511111
imagery_fists_feet,subject_disjoint,20260917,68,0.497416,0.511111,0.488889
imagery_fists_feet,subject_disjoint,20260917,69,0.497416,0.511111,0.488889
imagery_fists_feet,subject_disjoint,20260917,70,0.499848,0.488889,0.511111
imagery_fists_feet,subject_disjoint,20260917,71,0.499848,0.488889,0.511111
imagery_fists_feet,subject_disjoint,20260917,72,0.499848,0.5,0.5
imagery_fists_feet,subject_disjoint,20260917,73,0.499848,0.5,0.5
imagery_fists_feet,subject_disjoint,20260917,74,0.499848,0.5,0.5
imagery_fists_feet,subject_disjoint,20260917,75,0.497416,0.533333,0.466667
imagery_fists_feet,subject_disjoint,20260917,76,0.497416,0.5,0.5
imagery_fists_feet,subject_disjoint,20260917,77,0.499848,0.511111,0.488889
imagery_fists_feet,subject_disjoint,20260917,78,0.499848,0.511111,0.488889
imagery_fists_feet,subject_disjoint,20260917,79,0.497416,0.533333,0.466667
imagery_fists_feet,subject_disjoint,20260917,80,0.497416,0.466667,0.533333
imagery_fists_feet,subject_disjoint,20260917,81,0.499848,0.511111,0.488889
imagery_fists_feet,subject_disjoint,20260917,82,0.500621,0.466667,0.466667
imagery_fists_feet,subject_disjoint,20260917,83,0.497416,0.511111,0.488889
imagery_fists_feet,subject_disjoint,20260917,84,0.497416,0.511111,0.488889
imagery_fists_feet,subject_disjoint,20260917,85,0.500621,0.488889,0.488889
imagery_fists_feet,subject_disjoint,20260917,86,0.497416,0.533333,0.466667
imagery_fists_feet,subject_disjoint,20260917,87,0.497416,0.488889,0.511111
imagery_fists_feet,subject_disjoint,20260917,88,0.499848,0.491228,0.508772
imagery_fists_feet,subject_disjoint,20260917,89,0.500621,0.466667,0.466667
imagery_fists_feet,subject_disjoint,20260917,90,0.500621,0.511111,0.511111
imagery_fists_feet,subject_disjoint,20260917,91,0.500621,0.511111,0.511111
imagery_fists_feet,subject_disjoint,20260917,92,0.500621,0.473684,0.473684
imagery_fists_feet,subject_disjoint,20260917,93,0.497416,0.488889,0.511111
imagery_fists_feet,subject_disjoint,20260917,94,0.500621,0.511111,0.511111
imagery_fists_feet,subject_disjoint,20260917,95,0.500621,0.511111,0.511111
imagery_fists_feet,subject_disjoint,20260917,96,0.499848,0.533333,0.466667
imagery_fists_feet,subject_disjoint,20260917,97,0.499848,0.488889,0.511111
imagery_fists_feet,subject_disjoint,20260917,98,0.500621,0.533333,0.533333
imagery_fists_feet,subject_disjoint,20260917,99,0.497416,0.533333,0.466667
imagery_fists_feet,subject_disjoint,20260917,100,0.499848,0.5,0.5
imagery_fists_feet,subject_disjoint,20260917,101,0.499848,0.466667,0.533333
imagery_fists_feet,subject_disjoint,20260917,102,0.500621,0.511628,0.511628
imagery_fists_feet,subject_disjoint,20260917,103,0.497416,0.511111,0.488889
imagery_fists_feet,subject_disjoint,20260917,104,0.499848,0.511111,0.488889
imagery_fists_feet,subject_disjoint,20260917,105,0.500621,0.466667,0.466667
imagery_fists_feet,subject_disjoint,20260917,106,0.497416,0.488889,0.511111
imagery_fists_feet,subject_disjoint,20260917,107,0.497416,0.511111,0.488889
imagery_fists_feet,subject_disjoint,20260917,108,0.500621,0.511111,0.511111
imagery_fists_feet,subject_disjoint,20260917,109,0.499848,0.488889,0.511111
imagery_fists_feet,subject_disjoint,20260918,1,0.498322,0.533333,0.466667
imagery_fists_feet,subject_disjoint,20260918,2,0.499392,0.466667,0.533333
imagery_fists_feet,subject_disjoint,20260918,3,0.498322,0.533333,0.466667
imagery_fists_feet,subject_disjoint,20260918,4,0.498322,0.511111,0.488889
imagery_fists_feet,subject_disjoint,20260918,5,0.500155,0.488889,0.488889
imagery_fists_feet,subject_disjoint,20260918,6,0.498322,0.511111,0.488889
imagery_fists_feet,subject_disjoint,20260918,7,0.498322,0.511111,0.488889
imagery_fists_feet,subject_disjoint,20260918,8,0.499392,0.488889,0.511111
imagery_fists_feet,subject_disjoint,20260918,9,0.499392,0.488889,0.511111
imagery_fists_feet,subject_disjoint,20260918,10,0.499392,0.488889,0.511111
imagery_fists_feet,subject_disjoint,20260918,11,0.498322,0.511111,0.488889
imagery_fists_feet,subject_disjoint,20260918,12,0.498322,0.511111,0.488889
imagery_fists_feet,subject_disjoint,20260918,13,0.500155,0.511111,0.511111
imagery_fists_feet,subject_disjoint,20260918,14,0.498322,0.466667,0.533333
imagery_fists_feet,subject_disjoint,20260918,15,0.500155,0.511111,0.511111
imagery_fists_feet,subject_disjoint,20260918,16,0.500155,0.466667,0.466667
imagery_fists_feet,subject_disjoint,20260918,17,0.498322,0.466667,0.533333
imagery_fists_feet,subject_disjoint,20260918,18,0.499392,0.511111,0.488889
imagery_fists_feet,subject_disjoint,20260918,19,0.500155,0.511111,0.511111
imagery_fists_feet,subject_disjoint,20260918,20,0.499392,0.488889,0.511111
imagery_fists_feet,subject_disjoint,20260918,21,0.500155,0.466667,0.466667
imagery_fists_feet,subject_disjoint,20260918,22,0.500155,0.533333,0.533333
imagery_fists_feet,subject_disjoint,20260918,23,0.499392,0.488889,0.511111
imagery_fists_feet,subject_disjoint,20260918,24,0.499392,0.511111,0.488889
imagery_fists_feet,subject_disjoint,20260918,25,0.499392,0.466667,0.533333
imagery_fists_feet,subject_disjoint,20260918,26,0.498322,0.533333,0.466667
imagery_fists_feet,subject_disjoint,20260918,27,0.498322,0.511111,0.488889
imagery_fists_feet,subject_disjoint,20260918,28,0.500155,0.488889,0.488889
imagery_fists_feet,subject_disjoint,20260918,29,0.498322,0.511111,0.488889
imagery_fists_feet,subject_disjoint,20260918,30,0.500155,0.466667,0.466667
imagery_fists_feet,subject_disjoint,20260918,31,0.500155,0.488889,0.488889
imagery_fists_feet,subject_disjoint,20260918,32,0.498322,0.511111,0.488889
imagery_fists_feet,subject_disjoint,20260918,33,0.499392,0.511111,0.488889
imagery_fists_feet,subject_disjoint,20260918,34,0.500155,0.5,0.5
imagery_fists_feet,subject_disjoint,20260918,35,0.500155,0.466667,0.466667
imagery_fists_feet,subject_disjoint,20260918,36,0.499392,0.511111,0.488889
imagery_fists_feet,subject_disjoint,20260918,37,0.499392,0.5,0.5
imagery_fists_feet,subject_disjoint,20260918,38,0.498322,0.488889,0.511111
imagery_fists_feet,subject_disjoint,20260918,39,0.499392,0.488889,0.511111
imagery_fists_feet,subject_disjoint,20260918,40,0.498322,0.511111,0.488889
imagery_fists_feet,subject_disjoint,20260918,41,0.500155,0.5,0.5
imagery_fists_feet,subject_disjoint,20260918,42,0.498322,0.466667,0.533333
imagery_fists_feet,subject_disjoint,20260918,43,0.498322,0.488889,0.511111
imagery_fists_feet,subject_disjoint,20260918,44,0.498322,0.488889,0.511111
imagery_fists_feet,subject_disjoint,20260918,45,0.498322,0.466667,0.533333
imagery_fists_feet,subject_disjoint,20260918,46,0.499392,0.511111,0.488889
imagery_fists_feet,subject_disjoint,20260918,47,0.499392,0.488889,0.511111
imagery_fists_feet,subject_disjoint,20260918,48,0.500155,0.466667,0.466667
imagery_fists_feet,subject_disjoint,20260918,49,0.500155,0.533333,0.533333
imagery_fists_feet,subject_disjoint,20260918,50,0.499392,0.466667,0.533333
imagery_fists_feet,subject_disjoint,20260918,51,0.500155,0.533333,0.533333
imagery_fists_feet,subject_disjoint,20260918,52,0.500155,0.511111,0.511111
imagery_fists_feet,subject_disjoint,20260918,53,0.498322,0.488889,0.511111
imagery_fists_feet,subject_disjoint,20260918,54,0.499392,0.488889,0.511111
imagery_fists_feet,subject_disjoint,20260918,55,0.498322,0.488889,0.511111
imagery_fists_feet,subject_disjoint,20260918,56,0.500155,0.488889,0.488889
imagery_fists_feet,subject_disjoint,20260918,57,0.500155,0.511111,0.511111
imagery_fists_feet,subject_disjoint,20260918,58,0.500155,0.488889,0.488889
imagery_fists_feet,subject_disjoint,20260918,59,0.500155,0.511111,0.511111
imagery_fists_feet,subject_disjoint,20260918,60,0.499392,0.533333,0.466667
imagery_fists_feet,subject_disjoint,20260918,61,0.500155,0.466667,0.466667
imagery_fists_feet,subject_disjoint,20260918,62,0.499392,0.488889,0.511111
imagery_fists_feet,subject_disjoint,20260918,63,0.500155,0.511111,0.511111
imagery_fists_feet,subject_disjoint,20260918,64,0.500155,0.511628,0.511628
imagery_fists_feet,subject_disjoint,20260918,65,0.498322,0.511111,0.488889
imagery_fists_feet,subject_disjoint,20260918,66,0.498322,0.511111,0.488889
imagery_fists_feet,subject_disjoint,20260918,67,0.498322,0.488889,0.511111
imagery_fists_feet,subject_disjoint,20260918,68,0.498322,0.511111,0.488889
imagery_fists_feet,subject_disjoint,20260918,69,0.498322,0.511111,0.488889
imagery_fists_feet,subject_disjoint,20260918,70,0.499392,0.488889,0.511111
imagery_fists_feet,subject_disjoint,20260918,71,0.498322,0.488889,0.511111
imagery_fists_feet,subject_disjoint,20260918,72,0.499392,0.5,0.5
imagery_fists_feet,subject_disjoint,20260918,73,0.500155,0.5,0.5
imagery_fists_feet,subject_disjoint,20260918,74,0.500155,0.5,0.5
imagery_fists_feet,subject_disjoint,20260918,75,0.499392,0.533333,0.466667
imagery_fists_feet,subject_disjoint,20260918,76,0.499392,0.5,0.5
imagery_fists_feet,subject_disjoint,20260918,77,0.498322,0.511111,0.488889
imagery_fists_feet,subject_disjoint,20260918,78,0.498322,0.511111,0.488889
imagery_fists_feet,subject_disjoint,20260918,79,0.500155,0.533333,0.533333
imagery_fists_feet,subject_disjoint,20260918,80,0.499392,0.466667,0.533333
imagery_fists_feet,subject_disjoint,20260918,81,0.500155,0.511111,0.511111
imagery_fists_feet,subject_disjoint,20260918,82,0.498322,0.466667,0.533333
imagery_fists_feet,subject_disjoint,20260918,83,0.499392,0.511111,0.488889
imagery_fists_feet,subject_disjoint,20260918,84,0.499392,0.511111,0.488889
imagery_fists_feet,subject_disjoint,20260918,85,0.499392,0.488889,0.511111
imagery_fists_feet,subject_disjoint,20260918,86,0.500155,0.533333,0.533333
imagery_fists_feet,subject_disjoint,20260918,87,0.500155,0.488889,0.488889
imagery_fists_feet,subject_disjoint,20260918,88,0.500155,0.491228,0.491228
imagery_fists_feet,subject_disjoint,20260918,89,0.498322,0.466667,0.533333
imagery_fists_feet,subject_disjoint,20260918,90,0.499392,0.511111,0.488889
imagery_fists_feet,subject_disjoint,20260918,91,0.500155,0.511111,0.511111
imagery_fists_feet,subject_disjoint,20260918,92,0.500155,0.473684,0.473684
imagery_fists_feet,subject_disjoint,20260918,93,0.499392,0.488889,0.511111
imagery_fists_feet,subject_disjoint,20260918,94,0.499392,0.511111,0.488889
imagery_fists_feet,subject_disjoint,20260918,95,0.498322,0.511111,0.488889
imagery_fists_feet,subject_disjoint,20260918,96,0.499392,0.533333,0.466667
imagery_fists_feet,subject_disjoint,20260918,97,0.498322,0.488889,0.511111
imagery_fists_feet,subject_disjoint,20260918,98,0.498322,0.533333,0.466667
imagery_fists_feet,subject_disjoint,20260918,99,0.499392,0.533333,0.466667
imagery_fists_feet,subject_disjoint,20260918,100,0.500155,0.5,0.5
imagery_fists_feet,subject_disjoint,20260918,101,0.500155,0.466667,0.466667
imagery_fists_feet,subject_disjoint,20260918,102,0.499392,0.511628,0.488372
imagery_fists_feet,subject_disjoint,20260918,103,0.499392,0.511111,0.488889
imagery_fists_feet,subject_disjoint,20260918,104,0.498322,0.511111,0.488889
imagery_fists_feet,subject_disjoint,20260918,105,0.500155,0.466667,0.466667
imagery_fists_feet,subject_disjoint,20260918,106,0.499392,0.488889,0.511111
imagery_fists_feet,subject_disjoint,20260918,107,0.498322,0.511111,0.488889
imagery_fists_feet,subject_disjoint,20260918,108,0.500155,0.511111,0.511111
imagery_fists_feet,subject_disjoint,20260918,109,0.499392,0.488889,0.511111
imagery_fists_feet,subject_disjoint,20260919,1,0.497112,0.533333,0.466667
imagery_fists_feet,subject_disjoint,20260919,2,0.502314,0.466667,0.466667
imagery_fists_feet,subject_disjoint,20260919,3,0.502314,0.533333,0.533333
imagery_fists_feet,subject_disjoint,20260919,4,0.498468,0.511111,0.488889
imagery_fists_feet,subject_disjoint,20260919,5,0.498468,0.488889,0.511111
imagery_fists_feet,subject_disjoint,20260919,6,0.498468,0.511111,0.488889
imagery_fists_feet,subject_disjoint,20260919,7,0.497112,0.511111,0.488889
imagery_fists_feet,subject_disjoint,20260919,8,0.498468,0.488889,0.511111
imagery_fists_feet,subject_disjoint,20260919,9,0.502314,0.488889,0.488889
imagery_fists_feet,subject_disjoint,20260919,10,0.497112,0.488889,0.511111
imagery_fists_feet,subject_disjoint,20260919,11,0.502314,0.511111,0.511111
imagery_fists_feet,subject_disjoint,20260919,12,0.497112,0.511111,0.488889
imagery_fists_feet,subject_disjoint,20260919,13,0.502314,0.511111,0.511111
imagery_fists_feet,subject_disjoint,20260919,14,0.498468,0.466667,0.533333
imagery_fists_feet,subject_disjoint,20260919,15,0.497112,0.511111,0.488889
imagery_fists_feet,subject_disjoint,20260919,16,0.497112,0.466667,0.533333
imagery_fists_feet,subject_disjoint,20260919,17,0.502314,0.466667,0.466667
imagery_fists_feet,subject_disjoint,20260919,18,0.497112,0.511111,0.488889
imagery_fists_feet,subject_disjoint,20260919,19,0.498468,0.511111,0.488889
imagery_fists_feet,subject_disjoint,20260919,20,0.497112,0.488889,0.511111
imagery_fists_feet,subject_disjoint,20260919,21,0.502314,0.466667,0.466667
imagery_fists_feet,subject_disjoint,20260919,22,0.498468,0.533333,0.466667
imagery_fists_feet,subject_disjoint,20260919,23,0.502314,0.488889,0.488889
imagery_fists_feet,subject_disjoint,20260919,24,0.497112,0.511111,0.488889
imagery_fists_feet,subject_disjoint,20260919,25,0.498468,0.466667,0.533333
imagery_fists_feet,subject_disjoint,20260919,26,0.497112,0.533333,0.466667
imagery_fists_feet,subject_disjoint,20260919,27,0.497112,0.511111,0.488889
imagery_fists_feet,subject_disjoint,20260919,28,0.502314,0.488889,0.488889
imagery_fists_feet,subject_disjoint,20260919,29,0.498468,0.511111,0.488889
imagery_fists_feet,subject_disjoint,20260919,30,0.497112,0.466667,0.533333
imagery_fists_feet,subject_disjoint,20260919,31,0.497112,0.488889,0.511111
imagery_fists_feet,subject_disjoint,20260919,32,0.502314,0.511111,0.511111
imagery_fists_feet,subject_disjoint,20260919,33,0.498468,0.511111,0.488889
imagery_fists_feet,subject_disjoint,20260919,34,0.502314,0.5,0.5
imagery_fists_feet,subject_disjoint,20260919,35,0.502314,0.466667,0.466667
imagery_fists_feet,subject_disjoint,20260919,36,0.497112,0.511111,0.488889
imagery_fists_feet,subject_disjoint,20260919,37,0.498468,0.5,0.5
imagery_fists_feet,subject_disjoint,20260919,38,0.502314,0.488889,0.488889
imagery_fists_feet,subject_disjoint,20260919,39,0.502314,0.488889,0.488889
imagery_fists_feet,subject_disjoint,20260919,40,0.497112,0.511111,0.488889
imagery_fists_feet,subject_disjoint,20260919,41,0.502314,0.5,0.5
imagery_fists_feet,subject_disjoint,20260919,42,0.502314,0.466667,0.466667
imagery_fists_feet,subject_disjoint,20260919,43,0.498468,0.488889,0.511111
imagery_fists_feet,subject_disjoint,20260919,44,0.498468,0.488889,0.511111
imagery_fists_feet,subject_disjoint,20260919,45,0.497112,0.466667,0.533333
imagery_fists_feet,subject_disjoint,20260919,46,0.497112,0.511111,0.488889
imagery_fists_feet,subject_disjoint,20260919,47,0.498468,0.488889,0.511111
imagery_fists_feet,subject_disjoint,20260919,48,0.497112,0.466667,0.533333
imagery_fists_feet,subject_disjoint,20260919,49,0.502314,0.533333,0.533333
imagery_fists_feet,subject_disjoint,20260919,50,0.502314,0.466667,0.466667
imagery_fists_feet,subject_disjoint,20260919,51,0.497112,0.533333,0.466667
imagery_fists_feet,subject_disjoint,20260919,52,0.502314,0.511111,0.511111
imagery_fists_feet,subject_disjoint,20260919,53,0.502314,0.488889,0.488889
imagery_fists_feet,subject_disjoint,20260919,54,0.502314,0.488889,0.488889
imagery_fists_feet,subject_disjoint,20260919,55,0.502314,0.488889,0.488889
imagery_fists_feet,subject_disjoint,20260919,56,0.497112,0.488889,0.511111
imagery_fists_feet,subject_disjoint,20260919,57,0.497112,0.511111,0.488889
imagery_fists_feet,subject_disjoint,20260919,58,0.497112,0.488889,0.511111
imagery_fists_feet,subject_disjoint,20260919,59,0.497112,0.511111,0.488889
imagery_fists_feet,subject_disjoint,20260919,60,0.498468,0.533333,0.466667
imagery_fists_feet,subject_disjoint,20260919,61,0.498468,0.466667,0.533333
imagery_fists_feet,subject_disjoint,20260919,62,0.502314,0.488889,0.488889
imagery_fists_feet,subject_disjoint,20260919,63,0.497112,0.511111,0.488889
imagery_fists_feet,subject_disjoint,20260919,64,0.502314,0.511628,0.511628
imagery_fists_feet,subject_disjoint,20260919,65,0.497112,0.511111,0.488889
imagery_fists_feet,subject_disjoint,20260919,66,0.498468,0.511111,0.488889
imagery_fists_feet,subject_disjoint,20260919,67,0.497112,0.488889,0.511111
imagery_fists_feet,subject_disjoint,20260919,68,0.497112,0.511111,0.488889
imagery_fists_feet,subject_disjoint,20260919,69,0.498468,0.511111,0.488889
imagery_fists_feet,subject_disjoint,20260919,70,0.497112,0.488889,0.511111
imagery_fists_feet,subject_disjoint,20260919,71,0.502314,0.488889,0.488889
imagery_fists_feet,subject_disjoint,20260919,72,0.498468,0.5,0.5
imagery_fists_feet,subject_disjoint,20260919,73,0.497112,0.5,0.5
imagery_fists_feet,subject_disjoint,20260919,74,0.502314,0.5,0.5
imagery_fists_feet,subject_disjoint,20260919,75,0.497112,0.533333,0.466667
imagery_fists_feet,subject_disjoint,20260919,76,0.498468,0.5,0.5
imagery_fists_feet,subject_disjoint,20260919,77,0.498468,0.511111,0.488889
imagery_fists_feet,subject_disjoint,20260919,78,0.502314,0.511111,0.511111
imagery_fists_feet,subject_disjoint,20260919,79,0.502314,0.533333,0.533333
imagery_fists_feet,subject_disjoint,20260919,80,0.502314,0.466667,0.466667
imagery_fists_feet,subject_disjoint,20260919,81,0.498468,0.511111,0.488889
imagery_fists_feet,subject_disjoint,20260919,82,0.502314,0.466667,0.466667
imagery_fists_feet,subject_disjoint,20260919,83,0.502314,0.511111,0.511111
imagery_fists_feet,subject_disjoint,20260919,84,0.498468,0.511111,0.488889
imagery_fists_feet,subject_disjoint,20260919,85,0.498468,0.488889,0.511111
imagery_fists_feet,subject_disjoint,20260919,86,0.497112,0.533333,0.466667
imagery_fists_feet,subject_disjoint,20260919,87,0.498468,0.488889,0.511111
imagery_fists_feet,subject_disjoint,20260919,88,0.498468,0.491228,0.508772
imagery_fists_feet,subject_disjoint,20260919,89,0.498468,0.466667,0.533333
imagery_fists_feet,subject_disjoint,20260919,90,0.497112,0.511111,0.488889
imagery_fists_feet,subject_disjoint,20260919,91,0.498468,0.511111,0.488889
imagery_fists_feet,subject_disjoint,20260919,92,0.498468,0.473684,0.526316
imagery_fists_feet,subject_disjoint,20260919,93,0.502314,0.488889,0.488889
imagery_fists_feet,subject_disjoint,20260919,94,0.498468,0.511111,0.488889
imagery_fists_feet,subject_disjoint,20260919,95,0.498468,0.511111,0.488889
imagery_fists_feet,subject_disjoint,20260919,96,0.498468,0.533333,0.466667
imagery_fists_feet,subject_disjoint,20260919,97,0.502314,0.488889,0.488889
imagery_fists_feet,subject_disjoint,20260919,98,0.498468,0.533333,0.466667
imagery_fists_feet,subject_disjoint,20260919,99,0.497112,0.533333,0.466667
imagery_fists_feet,subject_disjoint,20260919,100,0.497112,0.5,0.5
imagery_fists_feet,subject_disjoint,20260919,101,0.497112,0.466667,0.533333
imagery_fists_feet,subject_disjoint,20260919,102,0.498468,0.511628,0.488372
imagery_fists_feet,subject_disjoint,20260919,103,0.498468,0.511111,0.488889
imagery_fists_feet,subject_disjoint,20260919,104,0.502314,0.511111,0.511111
imagery_fists_feet,subject_disjoint,20260919,105,0.502314,0.466667,0.466667
imagery_fists_feet,subject_disjoint,20260919,106,0.498468,0.488889,0.511111
imagery_fists_feet,subject_disjoint,20260919,107,0.497112,0.511111,0.488889
imagery_fists_feet,subject_disjoint,20260919,108,0.502314,0.511111,0.511111
imagery_fists_feet,subject_disjoint,20260919,109,0.502314,0.488889,0.488889
imagery_fists_feet,subject_disjoint,20260920,1,0.49832,0.533333,0.466667
imagery_fists_feet,subject_disjoint,20260920,2,0.498149,0.466667,0.533333
imagery_fists_feet,subject_disjoint,20260920,3,0.501372,0.533333,0.533333
imagery_fists_feet,subject_disjoint,20260920,4,0.498149,0.511111,0.488889
imagery_fists_feet,subject_disjoint,20260920,5,0.49832,0.488889,0.511111
imagery_fists_feet,subject_disjoint,20260920,6,0.498149,0.511111,0.488889
imagery_fists_feet,subject_disjoint,20260920,7,0.501372,0.511111,0.511111
imagery_fists_feet,subject_disjoint,20260920,8,0.498149,0.488889,0.511111
imagery_fists_feet,subject_disjoint,20260920,9,0.501372,0.488889,0.488889
imagery_fists_feet,subject_disjoint,20260920,10,0.498149,0.488889,0.511111
imagery_fists_feet,subject_disjoint,20260920,11,0.501372,0.511111,0.511111
imagery_fists_feet,subject_disjoint,20260920,12,0.49832,0.511111,0.488889
imagery_fists_feet,subject_disjoint,20260920,13,0.498149,0.511111,0.488889
imagery_fists_feet,subject_disjoint,20260920,14,0.501372,0.466667,0.466667
imagery_fists_feet,subject_disjoint,20260920,15,0.49832,0.511111,0.488889
imagery_fists_feet,subject_disjoint,20260920,16,0.501372,0.466667,0.466667
imagery_fists_feet,subject_disjoint,20260920,17,0.498149,0.466667,0.533333
imagery_fists_feet,subject_disjoint,20260920,18,0.501372,0.511111,0.511111
imagery_fists_feet,subject_disjoint,20260920,19,0.501372,0.511111,0.511111
imagery_fists_feet,subject_disjoint,20260920,20,0.49832,0.488889,0.511111
imagery_fists_feet,subject_disjoint,20260920,21,0.498149,0.466667,0.533333
imagery_fists_feet,subject_disjoint,20260920,22,0.498149,0.533333,0.466667
imagery_fists_feet,subject_disjoint,20260920,23,0.49832,0.488889,0.511111
imagery_fists_feet,subject_disjoint,20260920,24,0.501372,0.511111,0.511111
imagery_fists_feet,subject_disjoint,20260920,25,0.49832,0.466667,0.533333
imagery_fists_feet,subject_disjoint,20260920,26,0.49832,0.533333,0.466667
imagery_fists_feet,subject_disjoint,20260920,27,0.49832,0.511111,0.488889
imagery_fists_feet,subject_disjoint,20260920,28,0.49832,0.488889,0.511111
imagery_fists_feet,subject_disjoint,20260920,29,0.49832,0.511111,0.488889
imagery_fists_feet,subject_disjoint,20260920,30,0.49832,0.466667,0.533333
imagery_fists_feet,subject_disjoint,20260920,31,0.49832,0.488889,0.511111
imagery_fists_feet,subject_disjoint,20260920,32,0.498149,0.511111,0.488889
imagery_fists_feet,subject_disjoint,20260920,33,0.498149,0.511111,0.488889
imagery_fists_feet,subject_disjoint,20260920,34,0.501372,0.5,0.5
imagery_fists_feet,subject_disjoint,20260920,35,0.501372,0.466667,0.466667
imagery_fists_feet,subject_disjoint,20260920,36,0.49832,0.511111,0.488889
imagery_fists_feet,subject_disjoint,20260920,37,0.49832,0.5,0.5
imagery_fists_feet,subject_disjoint,20260920,38,0.501372,0.488889,0.488889
imagery_fists_feet,subject_disjoint,20260920,39,0.501372,0.488889,0.488889
imagery_fists_feet,subject_disjoint,20260920,40,0.498149,0.511111,0.488889
imagery_fists_feet,subject_disjoint,20260920,41,0.498149,0.5,0.5
imagery_fists_feet,subject_disjoint,20260920,42,0.501372,0.466667,0.466667
imagery_fists_feet,subject_disjoint,20260920,43,0.498149,0.488889,0.511111
imagery_fists_feet,subject_disjoint,20260920,44,0.501372,0.488889,0.488889
imagery_fists_feet,subject_disjoint,20260920,45,0.498149,0.466667,0.533333
imagery_fists_feet,subject_disjoint,20260920,46,0.498149,0.511111,0.488889
imagery_fists_feet,subject_disjoint,20260920,47,0.501372,0.488889,0.488889
imagery_fists_feet,subject_disjoint,20260920,48,0.498149,0.466667,0.533333
imagery_fists_feet,subject_disjoint,20260920,49,0.501372,0.533333,0.533333
imagery_fists_feet,subject_disjoint,20260920,50,0.501372,0.466667,0.466667
imagery_fists_feet,subject_disjoint,20260920,51,0.49832,0.533333,0.466667
imagery_fists_feet,subject_disjoint,20260920,52,0.498149,0.511111,0.488889
imagery_fists_feet,subject_disjoint,20260920,53,0.49832,0.488889,0.511111
imagery_fists_feet,subject_disjoint,20260920,54,0.498149,0.488889,0.511111
imagery_fists_feet,subject_disjoint,20260920,55,0.49832,0.488889,0.511111
imagery_fists_feet,subject_disjoint,20260920,56,0.501372,0.488889,0.488889
imagery_fists_feet,subject_disjoint,20260920,57,0.49832,0.511111,0.488889
imagery_fists_feet,subject_disjoint,20260920,58,0.49832,0.488889,0.511111
imagery_fists_feet,subject_disjoint,20260920,59,0.498149,0.511111,0.488889
imagery_fists_feet,subject_disjoint,20260920,60,0.49832,0.533333,0.466667
imagery_fists_feet,subject_disjoint,20260920,61,0.501372,0.466667,0.466667
imagery_fists_feet,subject_disjoint,20260920,62,0.498149,0.488889,0.511111
imagery_fists_feet,subject_disjoint,20260920,63,0.49832,0.511111,0.488889
imagery_fists_feet,subject_disjoint,20260920,64,0.501372,0.511628,0.511628
imagery_fists_feet,subject_disjoint,20260920,65,0.49832,0.511111,0.488889
imagery_fists_feet,subject_disjoint,20260920,66,0.501372,0.511111,0.511111
imagery_fists_feet,subject_disjoint,20260920,67,0.498149,0.488889,0.511111
imagery_fists_feet,subject_disjoint,20260920,68,0.498149,0.511111,0.488889
imagery_fists_feet,subject_disjoint,20260920,69,0.49832,0.511111,0.488889
imagery_fists_feet,subject_disjoint,20260920,70,0.49832,0.488889,0.511111
imagery_fists_feet,subject_disjoint,20260920,71,0.501372,0.488889,0.488889
imagery_fists_feet,subject_disjoint,20260920,72,0.501372,0.5,0.5
imagery_fists_feet,subject_disjoint,20260920,73,0.501372,0.5,0.5
imagery_fists_feet,subject_disjoint,20260920,74,0.501372,0.5,0.5
imagery_fists_feet,subject_disjoint,20260920,75,0.498149,0.533333,0.466667
imagery_fists_feet,subject_disjoint,20260920,76,0.49832,0.5,0.5
imagery_fists_feet,subject_disjoint,20260920,77,0.498149,0.511111,0.488889
imagery_fists_feet,subject_disjoint,20260920,78,0.501372,0.511111,0.511111
imagery_fists_feet,subject_disjoint,20260920,79,0.501372,0.533333,0.533333
imagery_fists_feet,subject_disjoint,20260920,80,0.501372,0.466667,0.466667
imagery_fists_feet,subject_disjoint,20260920,81,0.49832,0.511111,0.488889
imagery_fists_feet,subject_disjoint,20260920,82,0.501372,0.466667,0.466667
imagery_fists_feet,subject_disjoint,20260920,83,0.498149,0.511111,0.488889
imagery_fists_feet,subject_disjoint,20260920,84,0.49832,0.511111,0.488889
imagery_fists_feet,subject_disjoint,20260920,85,0.49832,0.488889,0.511111
imagery_fists_feet,subject_disjoint,20260920,86,0.498149,0.533333,0.466667
imagery_fists_feet,subject_disjoint,20260920,87,0.49832,0.488889,0.511111
imagery_fists_feet,subject_disjoint,20260920,88,0.501372,0.491228,0.491228
imagery_fists_feet,subject_disjoint,20260920,89,0.498149,0.466667,0.533333
imagery_fists_feet,subject_disjoint,20260920,90,0.498149,0.511111,0.488889
imagery_fists_feet,subject_disjoint,20260920,91,0.501372,0.511111,0.511111
imagery_fists_feet,subject_disjoint,20260920,92,0.49832,0.473684,0.526316
imagery_fists_feet,subject_disjoint,20260920,93,0.49832,0.488889,0.511111
imagery_fists_feet,subject_disjoint,20260920,94,0.498149,0.511111,0.488889
imagery_fists_feet,subject_disjoint,20260920,95,0.501372,0.511111,0.511111
imagery_fists_feet,subject_disjoint,20260920,96,0.501372,0.533333,0.533333
imagery_fists_feet,subject_disjoint,20260920,97,0.498149,0.488889,0.511111
imagery_fists_feet,subject_disjoint,20260920,98,0.498149,0.533333,0.466667
imagery_fists_feet,subject_disjoint,20260920,99,0.498149,0.533333,0.466667
imagery_fists_feet,subject_disjoint,20260920,100,0.498149,0.5,0.5
imagery_fists_feet,subject_disjoint,20260920,101,0.501372,0.466667,0.466667
imagery_fists_feet,subject_disjoint,20260920,102,0.49832,0.511628,0.488372
imagery_fists_feet,subject_disjoint,20260920,103,0.498149,0.511111,0.488889
imagery_fists_feet,subject_disjoint,20260920,104,0.49832,0.511111,0.488889
imagery_fists_feet,subject_disjoint,20260920,105,0.501372,0.466667,0.466667
imagery_fists_feet,subject_disjoint,20260920,106,0.49832,0.488889,0.511111
imagery_fists_feet,subject_disjoint,20260920,107,0.49832,0.511111,0.488889
imagery_fists_feet,subject_disjoint,20260920,108,0.498149,0.511111,0.488889
imagery_fists_feet,subject_disjoint,20260920,109,0.498149,0.488889,0.511111
real_fists_feet,trial_random,20260916,1,0.50292,0.488889,0.377778
real_fists_feet,trial_random,20260916,2,0.535287,0.533333,0.533333
real_fists_feet,trial_random,20260916,3,0.510073,0.511111,0.444444
real_fists_feet,trial_random,20260916,4,0.489375,0.511111,0.4
real_fists_feet,trial_random,20260916,5,0.514441,0.511111,0.4
real_fists_feet,trial_random,20260916,6,0.527241,0.511111,0.444444
real_fists_feet,trial_random,20260916,7,0.512929,0.511111,0.488889
real_fists_feet,trial_random,20260916,8,0.517204,0.511111,0.444444
real_fists_feet,trial_random,20260916,9,0.441395,0.488889,0.244444
real_fists_feet,trial_random,20260916,10,0.498426,0.488889,0.466667
real_fists_feet,trial_random,20260916,11,0.528254,0.511111,0.422222
real_fists_feet,trial_random,20260916,12,0.479007,0.488889,0.422222
real_fists_feet,trial_random,20260916,13,0.486081,0.466667,0.422222
real_fists_feet,trial_random,20260916,14,0.545514,0.533333,0.4
real_fists_feet,trial_random,20260916,15,0.521465,0.511111,0.422222
real_fists_feet,trial_random,20260916,16,0.503394,0.511111,0.444444
real_fists_feet,trial_random,20260916,17,0.514522,0.511111,0.4
real_fists_feet,trial_random,20260916,18,0.489562,0.466667,0.355556
real_fists_feet,trial_random,20260916,19,0.524868,0.511111,0.422222
real_fists_feet,trial_random,20260916,20,0.53125,0.533333,0.466667
real_fists_feet,trial_random,20260916,21,0.511111,0.511111,0.422222
real_fists_feet,trial_random,20260916,22,0.506699,0.511111,0.4
real_fists_feet,trial_random,20260916,23,0.490001,0.488889,0.466667
real_fists_feet,trial_random,20260916,24,0.511111,0.511111,0.466667
real_fists_feet,trial_random,20260916,25,0.527175,0.533333,0.466667
real_fists_feet,trial_random,20260916,26,0.498189,0.488889,0.422222
real_fists_feet,trial_random,20260916,27,0.521983,0.511111,0.4
real_fists_feet,trial_random,20260916,28,0.452646,0.466667,0.444444
real_fists_feet,trial_random,20260916,29,0.485185,0.488889,0.422222
real_fists_feet,trial_random,20260916,30,0.517508,0.511111,0.422222
real_fists_feet,trial_random,20260916,31,0.532975,0.533333,0.444444
real_fists_feet,trial_random,20260916,32,0.482107,0.511111,0.4
real_fists_feet,trial_random,20260916,33,0.531146,0.533333,0.444444
real_fists_feet,trial_random,20260916,34,0.495536,0.5,0.452381
real_fists_feet,trial_random,20260916,35,0.508923,0.511111,0.444444
real_fists_feet,trial_random,20260916,36,0.496825,0.511111,0.444444
real_fists_feet,trial_random,20260916,37,0.522544,0.5,0.333333
real_fists_feet,trial_random,20260916,38,0.498141,0.488889,0.422222
real_fists_feet,trial_random,20260916,39,0.481818,0.488889,0.466667
real_fists_feet,trial_random,20260916,40,0.524916,0.511111,0.4
real_fists_feet,trial_random,20260916,41,0.491071,0.5,0.404762
real_fists_feet,trial_random,20260916,42,0.491533,0.488889,0.466667
real_fists_feet,trial_random,20260916,43,0.515582,0.511111,0.466667
real_fists_feet,trial_random,20260916,44,0.52131,0.533333,0.333333
real_fists_feet,trial_random,20260916,45,0.482738,0.488889,0.422222
real_fists_feet,trial_random,20260916,46,0.514478,0.511111,0.466667
real_fists_feet,trial_random,20260916,47,0.484066,0.488889,0.333333
real_fists_feet,trial_random,20260916,48,0.483187,0.488889,0.422222
real_fists_feet,trial_random,20260916,49,0.50655,0.511111,0.333333
real_fists_feet,trial_random,20260916,50,0.486124,0.488889,0.466667
real_fists_feet,trial_random,20260916,51,0.472222,0.5,0.452381
real_fists_feet,trial_random,20260916,52,0.514374,0.511111,0.377778
real_fists_feet,trial_random,20260916,53,0.519795,0.511111,0.444444
real_fists_feet,trial_random,20260916,54,0.531146,0.533333,0.444444
real_fists_feet,trial_random,20260916,55,0.489964,0.488889,0.466667
real_fists_feet,trial_random,20260916,56,0.503067,0.488889,0.4
real_fists_feet,trial_random,20260916,57,0.495821,0.488889,0.466667
real_fists_feet,trial_random,20260916,58,0.494632,0.488889,0.377778
real_fists_feet,trial_random,20260916,59,0.49798,0.511111,0.4
real_fists_feet,trial_random,20260916,60,0.466466,0.488889,0.377778
real_fists_feet,trial_random,20260916,61,0.488889,0.488889,0.444444
real_fists_feet,trial_random,20260916,62,0.468746,0.488889,0.422222
real_fists_feet,trial_random,20260916,63,0.494444,0.488889,0.511111
real_fists_feet,trial_random,20260916,64,0.491843,0.5,0.428571
real_fists_feet,trial_random,20260916,65,0.486508,0.488889,0.444444
real_fists_feet,trial_random,20260916,66,0.510036,0.511111,0.488889
real_fists_feet,trial_random,20260916,67,0.568314,0.533333,0.333333
real_fists_feet,trial_random,20260916,68,0.475902,0.488889,0.466667
real_fists_feet,trial_random,20260916,69,0.489841,0.488889,0.422222
real_fists_feet,trial_random,20260916,70,0.516239,0.511111,0.466667
real_fists_feet,trial_random,20260916,71,0.508193,0.511111,0.488889
real_fists_feet,trial_random,20260916,72,0.495465,0.5,0.452381
real_fists_feet,trial_random,20260916,73,0.5,0.5,0.47619
real_fists_feet,trial_random,20260916,74,0.497619,0.5,0.452381
real_fists_feet,trial_random,20260916,75,0.505983,0.511111,0.422222
real_fists_feet,trial_random,20260916,76,0.5,0.5,0.47619
real_fists_feet,trial_random,20260916,77,0.497939,0.488889,0.444444
real_fists_feet,trial_random,20260916,78,0.496807,0.488889,0.377778
real_fists_feet,trial_random,20260916,79,0.527946,0.511111,0.377778
real_fists_feet,trial_random,20260916,80,0.484967,0.511111,0.444444
real_fists_feet,trial_random,20260916,81,0.533929,0.533333,0.422222
real_fists_feet,trial_random,20260916,82,0.466704,0.466667,0.355556
real_fists_feet,trial_random,20260916,83,0.514921,0.511111,0.377778
real_fists_feet,trial_random,20260916,84,0.488889,0.488889,0.444444
real_fists_feet,trial_random,20260916,85,0.505795,0.511111,0.422222
real_fists_feet,trial_random,20260916,86,0.478041,0.488889,0.355556
real_fists_feet,trial_random,20260916,87,0.549695,0.533333,0.444444
real_fists_feet,trial_random,20260916,88,0.477235,0.473684,0.526316
real_fists_feet,trial_random,20260916,89,0.521288,0.511111,0.466667
real_fists_feet,trial_random,20260916,90,0.498316,0.488889,0.4
real_fists_feet,trial_random,20260916,91,0.512063,0.511111,0.488889
real_fists_feet,trial_random,20260916,92,0.492596,0.491228,0.473684
real_fists_feet,trial_random,20260916,93,0.486508,0.488889,0.511111
real_fists_feet,trial_random,20260916,94,0.511111,0.511111,0.444444
real_fists_feet,trial_random,20260916,95,0.52328,0.533333,0.466667
real_fists_feet,trial_random,20260916,96,0.454074,0.466667,0.533333
real_fists_feet,trial_random,20260916,97,0.459961,0.466667,0.4
real_fists_feet,trial_random,20260916,98,0.513889,0.488889,0.377778
real_fists_feet,trial_random,20260916,99,0.496604,0.488889,0.422222
real_fists_feet,trial_random,20260916,100,0.445057,0.5,0.333333
real_fists_feet,trial_random,20260916,101,0.498506,0.511111,0.422222
real_fists_feet,trial_random,20260916,102,0.510521,0.5,0.428571
real_fists_feet,trial_random,20260916,103,0.515693,0.511111,0.422222
real_fists_feet,trial_random,20260916,104,0.489591,0.488889,0.422222
real_fists_feet,trial_random,20260916,105,0.490972,0.488889,0.422222
real_fists_feet,trial_random,20260916,106,0.5071,0.5,0.382353
real_fists_feet,trial_random,20260916,107,0.532295,0.533333,0.533333
real_fists_feet,trial_random,20260916,108,0.488591,0.488889,0.444444
real_fists_feet,trial_random,20260916,109,0.459219,0.466667,0.422222
real_fists_feet,trial_random,20260917,1,0.490989,0.488889,0.4
real_fists_feet,trial_random,20260917,2,0.529069,0.533333,0.377778
real_fists_feet,trial_random,20260917,3,0.510073,0.511111,0.444444
real_fists_feet,trial_random,20260917,4,0.530159,0.511111,0.4
real_fists_feet,trial_random,20260917,5,0.509325,0.511111,0.4
real_fists_feet,trial_random,20260917,6,0.509904,0.511111,0.377778
real_fists_feet,trial_random,20260917,7,0.508081,0.511111,0.422222
real_fists_feet,trial_random,20260917,8,0.517601,0.511111,0.466667
real_fists_feet,trial_random,20260917,9,0.497145,0.488889,0.444444
real_fists_feet,trial_random,20260917,10,0.498184,0.488889,0.444444
real_fists_feet,trial_random,20260917,11,0.503232,0.511111,0.466667
real_fists_feet,trial_random,20260917,12,0.492152,0.488889,0.4
real_fists_feet,trial_random,20260917,13,0.466667,0.466667,0.4
real_fists_feet,trial_random,20260917,14,0.537798,0.533333,0.422222
real_fists_feet,trial_random,20260917,15,0.518726,0.511111,0.4
real_fists_feet,trial_random,20260917,16,0.508418,0.511111,0.444444
real_fists_feet,trial_random,20260917,17,0.515825,0.511111,0.355556
real_fists_feet,trial_random,20260917,18,0.468571,0.466667,0.422222
real_fists_feet,trial_random,20260917,19,0.507646,0.511111,0.466667
real_fists_feet,trial_random,20260917,20,0.539582,0.533333,0.444444
real_fists_feet,trial_random,20260917,21,0.522559,0.511111,0.355556
real_fists_feet,trial_random,20260917,22,0.551083,0.511111,0.4
real_fists_feet,trial_random,20260917,23,0.490972,0.488889,0.466667
real_fists_feet,trial_random,20260917,24,0.52862,0.511111,0.355556
real_fists_feet,trial_random,20260917,25,0.532221,0.533333,0.444444
real_fists_feet,trial_random,20260917,26,0.486462,0.488889,0.488889
real_fists_feet,trial_random,20260917,27,0.507006,0.511111,0.466667
real_fists_feet,trial_random,20260917,28,0.469382,0.466667,0.466667
real_fists_feet,trial_random,20260917,29,0.496642,0.488889,0.422222
real_fists_feet,trial_random,20260917,30,0.51533,0.511111,0.333333
real_fists_feet,trial_random,20260917,31,0.526936,0.533333,0.444444
real_fists_feet,trial_random,20260917,32,0.508923,0.511111,0.466667
real_fists_feet,trial_random,20260917,33,0.551674,0.533333,0.444444
real_fists_feet,trial_random,20260917,34,0.503367,0.5,0.47619
real_fists_feet,trial_random,20260917,35,0.52004,0.511111,0.4
real_fists_feet,trial_random,20260917,36,0.5125,0.511111,0.444444
real_fists_feet,trial_random,20260917,37,0.496021,0.5,0.452381
real_fists_feet,trial_random,20260917,38,0.457046,0.488889,0.333333
real_fists_feet,trial_random,20260917,39,0.489964,0.488889,0.4
real_fists_feet,trial_random,20260917,40,0.518212,0.511111,0.444444
real_fists_feet,trial_random,20260917,41,0.492673,0.5,0.428571
real_fists_feet,trial_random,20260917,42,0.479268,0.488889,0.4
real_fists_feet,trial_random,20260917,43,0.501338,0.511111,0.355556
real_fists_feet,trial_random,20260917,44,0.521569,0.533333,0.333333
real_fists_feet,trial_random,20260917,45,0.472847,0.488889,0.377778
real_fists_feet,trial_random,20260917,46,0.527513,0.511111,0.422222
real_fists_feet,trial_random,20260917,47,0.481013,0.488889,0.422222
real_fists_feet,trial_random,20260917,48,0.488889,0.488889,0.4
real_fists_feet,trial_random,20260917,49,0.525375,0.511111,0.422222
real_fists_feet,trial_random,20260917,50,0.475084,0.488889,0.4
real_fists_feet,trial_random,20260917,51,0.500366,0.5,0.404762
real_fists_feet,trial_random,20260917,52,0.525848,0.511111,0.466667
real_fists_feet,trial_random,20260917,53,0.499471,0.511111,0.377778
real_fists_feet,trial_random,20260917,54,0.544567,0.533333,0.422222
real_fists_feet,trial_random,20260917,55,0.483187,0.488889,0.422222
real_fists_feet,trial_random,20260917,56,0.490972,0.488889,0.466667
real_fists_feet,trial_random,20260917,57,0.491002,0.488889,0.4
real_fists_feet,trial_random,20260917,58,0.49899,0.488889,0.422222
real_fists_feet,trial_random,20260917,59,0.523573,0.511111,0.422222
real_fists_feet,trial_random,20260917,60,0.49342,0.488889,0.444444
real_fists_feet,trial_random,20260917,61,0.488778,0.488889,0.4
real_fists_feet,trial_random,20260917,62,0.49281,0.488889,0.466667
real_fists_feet,trial_random,20260917,63,0.48565,0.488889,0.444444
real_fists_feet,trial_random,20260917,64,0.50146,0.5,0.309524
real_fists_feet,trial_random,20260917,65,0.477554,0.488889,0.355556
real_fists_feet,trial_random,20260917,66,0.49798,0.511111,0.422222
real_fists_feet,trial_random,20260917,67,0.527879,0.533333,0.4
real_fists_feet,trial_random,20260917,68,0.493362,0.488889,0.466667
real_fists_feet,trial_random,20260917,69,0.478041,0.488889,0.311111
real_fists_feet,trial_random,20260917,70,0.540457,0.511111,0.355556
real_fists_feet,trial_random,20260917,71,0.516239,0.511111,0.511111
real_fists_feet,trial_random,20260917,72,0.500965,0.5,0.428571
real_fists_feet,trial_random,20260917,73,0.498391,0.5,0.428571
real_fists_feet,trial_random,20260917,74,0.508157,0.5,0.428571
real_fists_feet,trial_random,20260917,75,0.506625,0.511111,0.377778
real_fists_feet,trial_random,20260917,76,0.49011,0.5,0.357143
real_fists_feet,trial_random,20260917,77,0.488648,0.488889,0.377778
real_fists_feet,trial_random,20260917,78,0.47223,0.488889,0.355556
real_fists_feet,trial_random,20260917,79,0.49699,0.511111,0.355556
real_fists_feet,trial_random,20260917,80,0.480635,0.511111,0.333333
real_fists_feet,trial_random,20260917,81,0.53007,0.533333,0.444444
real_fists_feet,trial_random,20260917,82,0.45687,0.466667,0.422222
real_fists_feet,trial_random,20260917,83,0.510073,0.511111,0.444444
real_fists_feet,trial_random,20260917,84,0.494517,0.488889,0.444444
real_fists_feet,trial_random,20260917,85,0.497718,0.511111,0.355556
real_fists_feet,trial_random,20260917,86,0.487663,0.488889,0.488889
real_fists_feet,trial_random,20260917,87,0.535542,0.533333,0.533333
real_fists_feet,trial_random,20260917,88,0.47322,0.473684,0.438596
real_fists_feet,trial_random,20260917,89,0.516948,0.511111,0.377778
real_fists_feet,trial_random,20260917,90,0.472331,0.488889,0.377778
real_fists_feet,trial_random,20260917,91,0.527669,0.511111,0.377778
real_fists_feet,trial_random,20260917,92,0.490008,0.491228,0.438596
real_fists_feet,trial_random,20260917,93,0.45809,0.488889,0.4
real_fists_feet,trial_random,20260917,94,0.53486,0.511111,0.4
real_fists_feet,trial_random,20260917,95,0.534295,0.533333,0.533333
real_fists_feet,trial_random,20260917,96,0.473304,0.466667,0.355556
real_fists_feet,trial_random,20260917,97,0.40674,0.466667,0.266667
real_fists_feet,trial_random,20260917,98,0.487851,0.488889,0.377778
real_fists_feet,trial_random,20260917,99,0.469338,0.488889,0.311111
real_fists_feet,trial_random,20260917,100,0.541842,0.5,0.333333
real_fists_feet,trial_random,20260917,101,0.510745,0.511111,0.444444
real_fists_feet,trial_random,20260917,102,0.491311,0.5,0.452381
real_fists_feet,trial_random,20260917,103,0.515019,0.511111,0.511111
real_fists_feet,trial_random,20260917,104,0.487702,0.488889,0.444444
real_fists_feet,trial_random,20260917,105,0.491533,0.488889,0.466667
real_fists_feet,trial_random,20260917,106,0.505974,0.5,0.411765
real_fists_feet,trial_random,20260917,107,0.517061,0.533333,0.422222
real_fists_feet,trial_random,20260917,108,0.479595,0.488889,0.377778
real_fists_feet,trial_random,20260917,109,0.446371,0.466667,0.377778
real_fists_feet,trial_random,20260918,1,0.514035,0.488889,0.377778
real_fists_feet,trial_random,20260918,2,0.492665,0.533333,0.333333
real_fists_feet,trial_random,20260918,3,0.50873,0.511111,0.422222
real_fists_feet,trial_random,20260918,4,0.513492,0.511111,0.466667
real_fists_feet,trial_random,20260918,5,0.525,0.511111,0.444444
real_fists_feet,trial_random,20260918,6,0.511706,0.511111,0.355556
real_fists_feet,trial_random,20260918,7,0.511111,0.511111,0.466667
real_fists_feet,trial_random,20260918,8,0.489884,0.511111,0.377778
real_fists_feet,trial_random,20260918,9,0.486086,0.488889,0.422222
real_fists_feet,trial_random,20260918,10,0.457828,0.488889,0.288889
real_fists_feet,trial_random,20260918,11,0.48117,0.511111,0.377778
real_fists_feet,trial_random,20260918,12,0.492256,0.488889,0.466667
real_fists_feet,trial_random,20260918,13,0.468256,0.466667,0.533333
real_fists_feet,trial_random,20260918,14,0.537276,0.533333,0.466667
real_fists_feet,trial_random,20260918,15,0.511111,0.511111,0.4
real_fists_feet,trial_random,20260918,16,0.568073,0.511111,0.311111
real_fists_feet,trial_random,20260918,17,0.50058,0.511111,0.4
real_fists_feet,trial_random,20260918,18,0.457777,0.466667,0.444444
real_fists_feet,trial_random,20260918,19,0.509028,0.511111,0.466667
real_fists_feet,trial_random,20260918,20,0.527871,0.533333,0.377778
real_fists_feet,trial_random,20260918,21,0.521128,0.511111,0.4
real_fists_feet,trial_random,20260918,22,0.524082,0.511111,0.4
real_fists_feet,trial_random,20260918,23,0.493651,0.488889,0.4
real_fists_feet,trial_random,20260918,24,0.511111,0.511111,0.466667
real_fists_feet,trial_random,20260918,25,0.525702,0.533333,0.444444
real_fists_feet,trial_random,20260918,26,0.494603,0.488889,0.466667
real_fists_feet,trial_random,20260918,27,0.518898,0.511111,0.333333
real_fists_feet,trial_random,20260918,28,0.46184,0.466667,0.422222
real_fists_feet,trial_random,20260918,29,0.478351,0.488889,0.466667
real_fists_feet,trial_random,20260918,30,0.508396,0.511111,0.4
real_fists_feet,trial_random,20260918,31,0.522161,0.533333,0.377778
real_fists_feet,trial_random,20260918,32,0.496579,0.511111,0.444444
real_fists_feet,trial_random,20260918,33,0.545714,0.533333,0.444444
real_fists_feet,trial_random,20260918,34,0.503908,0.5,0.452381
real_fists_feet,trial_random,20260918,35,0.504266,0.511111,0.4
real_fists_feet,trial_random,20260918,36,0.518182,0.511111,0.444444
real_fists_feet,trial_random,20260918,37,0.486507,0.5,0.428571
real_fists_feet,trial_random,20260918,38,0.509425,0.488889,0.422222
real_fists_feet,trial_random,20260918,39,0.503067,0.488889,0.4
real_fists_feet,trial_random,20260918,40,0.512261,0.511111,0.4
real_fists_feet,trial_random,20260918,41,0.500046,0.5,0.452381
real_fists_feet,trial_random,20260918,42,0.483598,0.488889,0.422222
real_fists_feet,trial_random,20260918,43,0.521693,0.511111,0.355556
real_fists_feet,trial_random,20260918,44,0.517737,0.533333,0.4
real_fists_feet,trial_random,20260918,45,0.483175,0.488889,0.466667
real_fists_feet,trial_random,20260918,46,0.511417,0.511111,0.466667
real_fists_feet,trial_random,20260918,47,0.488889,0.488889,0.511111
real_fists_feet,trial_random,20260918,48,0.486462,0.488889,0.511111
real_fists_feet,trial_random,20260918,49,0.510171,0.511111,0.488889
real_fists_feet,trial_random,20260918,50,0.493835,0.488889,0.466667
real_fists_feet,trial_random,20260918,51,0.496092,0.5,0.452381
real_fists_feet,trial_random,20260918,52,0.506638,0.511111,0.466667
real_fists_feet,trial_random,20260918,53,0.500635,0.511111,0.444444
real_fists_feet,trial_random,20260918,54,0.527915,0.533333,0.466667
real_fists_feet,trial_random,20260918,55,0.469583,0.488889,0.377778
real_fists_feet,trial_random,20260918,56,0.477374,0.488889,0.466667
real_fists_feet,trial_random,20260918,57,0.483804,0.488889,0.422222
real_fists_feet,trial_random,20260918,58,0.499149,0.488889,0.422222
real_fists_feet,trial_random,20260918,59,0.514522,0.511111,0.4
real_fists_feet,trial_random,20260918,60,0.483804,0.488889,0.422222
real_fists_feet,trial_random,20260918,61,0.493227,0.488889,0.355556
real_fists_feet,trial_random,20260918,62,0.484425,0.488889,0.444444
real_fists_feet,trial_random,20260918,63,0.504832,0.488889,0.355556
real_fists_feet,trial_random,20260918,64,0.5026,0.5,0.428571
real_fists_feet,trial_random,20260918,65,0.483946,0.488889,0.4
real_fists_feet,trial_random,20260918,66,0.48117,0.511111,0.377778
real_fists_feet,trial_random,20260918,67,0.530433,0.533333,0.444444
real_fists_feet,trial_random,20260918,68,0.484738,0.488889,0.466667
real_fists_feet,trial_random,20260918,69,0.495734,0.488889,0.4
real_fists_feet,trial_random,20260918,70,0.528254,0.511111,0.422222
real_fists_feet,trial_random,20260918,71,0.508654,0.511111,0.4
real_fists_feet,trial_random,20260918,72,0.510575,0.5,0.404762
real_fists_feet,trial_random,20260918,73,0.522704,0.5,0.380952
real_fists_feet,trial_random,20260918,74,0.484101,0.5,0.380952
real_fists_feet,trial_random,20260918,75,0.512261,0.511111,0.444444
real_fists_feet,trial_random,20260918,76,0.504848,0.5,0.47619
real_fists_feet,trial_random,20260918,77,0.509214,0.488889,0.355556
real_fists_feet,trial_random,20260918,78,0.448473,0.488889,0.355556
real_fists_feet,trial_random,20260918,79,0.516054,0.511111,0.4
real_fists_feet,trial_random,20260918,80,0.503123,0.511111,0.4
real_fists_feet,trial_random,20260918,81,0.530316,0.533333,0.4
real_fists_feet,trial_random,20260918,82,0.454029,0.466667,0.533333
real_fists_feet,trial_random,20260918,83,0.495097,0.511111,0.444444
real_fists_feet,trial_random,20260918,84,0.49342,0.488889,0.444444
real_fists_feet,trial_random,20260918,85,0.502778,0.511111,0.422222
real_fists_feet,trial_random,20260918,86,0.47033,0.488889,0.377778
real_fists_feet,trial_random,20260918,87,0.524694,0.533333,0.444444
real_fists_feet,trial_random,20260918,88,0.466752,0.473684,0.438596
real_fists_feet,trial_random,20260918,89,0.503367,0.511111,0.333333
real_fists_feet,trial_random,20260918,90,0.490075,0.488889,0.377778
real_fists_feet,trial_random,20260918,91,0.500887,0.511111,0.4
real_fists_feet,trial_random,20260918,92,0.478372,0.491228,0.438596
real_fists_feet,trial_random,20260918,93,0.492778,0.488889,0.422222
real_fists_feet,trial_random,20260918,94,0.504861,0.511111,0.377778
real_fists_feet,trial_random,20260918,95,0.550476,0.533333,0.4
real_fists_feet,trial_random,20260918,96,0.484813,0.466667,0.533333
real_fists_feet,trial_random,20260918,97,0.463218,0.466667,0.533333
real_fists_feet,trial_random,20260918,98,0.496604,0.488889,0.422222
real_fists_feet,trial_random,20260918,99,0.481145,0.488889,0.4
real_fists_feet,trial_random,20260918,100,0.500072,0.5,0.444444
real_fists_feet,trial_random,20260918,101,0.532759,0.511111,0.4
real_fists_feet,trial_random,20260918,102,0.507327,0.5,0.428571
real_fists_feet,trial_random,20260918,103,0.522123,0.511111,0.355556
real_fists_feet,trial_random,20260918,104,0.513065,0.488889,0.377778
real_fists_feet,trial_random,20260918,105,0.486701,0.488889,0.422222
real_fists_feet,trial_random,20260918,106,0.4929,0.5,0.382353
real_fists_feet,trial_random,20260918,107,0.539244,0.533333,0.4
real_fists_feet,trial_random,20260918,108,0.486508,0.488889,0.511111
real_fists_feet,trial_random,20260918,109,0.470039,0.466667,0.4
real_fists_feet,trial_random,20260919,1,0.488889,0.488889,0.466667
real_fists_feet,trial_random,20260919,2,0.531845,0.533333,0.377778
real_fists_feet,trial_random,20260919,3,0.492328,0.511111,0.377778
real_fists_feet,trial_random,20260919,4,0.514478,0.511111,0.466667
real_fists_feet,trial_random,20260919,5,0.523451,0.511111,0.444444
real_fists_feet,trial_random,20260919,6,0.504563,0.511111,0.444444
real_fists_feet,trial_random,20260919,7,0.527636,0.511111,0.333333
real_fists_feet,trial_random,20260919,8,0.50078,0.511111,0.333333
real_fists_feet,trial_random,20260919,9,0.484738,0.488889,0.466667
real_fists_feet,trial_random,20260919,10,0.496732,0.488889,0.422222
real_fists_feet,trial_random,20260919,11,0.508533,0.511111,0.511111
real_fists_feet,trial_random,20260919,12,0.466667,0.488889,0.422222
real_fists_feet,trial_random,20260919,13,0.465406,0.466667,0.422222
real_fists_feet,trial_random,20260919,14,0.522619,0.533333,0.422222
real_fists_feet,trial_random,20260919,15,0.509028,0.511111,0.422222
real_fists_feet,trial_random,20260919,16,0.500851,0.511111,0.422222
real_fists_feet,trial_random,20260919,17,0.531579,0.511111,0.377778
real_fists_feet,trial_random,20260919,18,0.465308,0.466667,0.466667
real_fists_feet,trial_random,20260919,19,0.505991,0.511111,0.466667
real_fists_feet,trial_random,20260919,20,0.520202,0.533333,0.4
real_fists_feet,trial_random,20260919,21,0.528385,0.511111,0.444444
real_fists_feet,trial_random,20260919,22,0.519795,0.511111,0.333333
real_fists_feet,trial_random,20260919,23,0.494852,0.488889,0.4
real_fists_feet,trial_random,20260919,24,0.508998,0.511111,0.4
real_fists_feet,trial_random,20260919,25,0.549432,0.533333,0.444444
real_fists_feet,trial_random,20260919,26,0.49899,0.488889,0.422222
real_fists_feet,trial_random,20260919,27,0.510171,0.511111,0.511111
real_fists_feet,trial_random,20260919,28,0.470588,0.466667,0.533333
real_fists_feet,trial_random,20260919,29,0.479839,0.488889,0.444444
real_fists_feet,trial_random,20260919,30,0.515152,0.511111,0.444444
real_fists_feet,trial_random,20260919,31,0.540193,0.533333,0.288889
real_fists_feet,trial_random,20260919,32,0.505326,0.511111,0.444444
real_fists_feet,trial_random,20260919,33,0.539043,0.533333,0.333333
real_fists_feet,trial_random,20260919,34,0.496092,0.5,0.452381
real_fists_feet,trial_random,20260919,35,0.565278,0.511111,0.4
real_fists_feet,trial_random,20260919,36,0.511402,0.511111,0.466667
real_fists_feet,trial_random,20260919,37,0.501968,0.5,0.380952
real_fists_feet,trial_random,20260919,38,0.508853,0.488889,0.422222
real_fists_feet,trial_random,20260919,39,0.502778,0.488889,0.444444
real_fists_feet,trial_random,20260919,40,0.486668,0.511111,0.422222
real_fists_feet,trial_random,20260919,41,0.482295,0.5,0.404762
real_fists_feet,trial_random,20260919,42,0.489187,0.488889,0.377778
real_fists_feet,trial_random,20260919,43,0.510101,0.511111,0.333333
real_fists_feet,trial_random,20260919,44,0.53125,0.533333,0.533333
real_fists_feet,trial_random,20260919,45,0.484981,0.488889,0.488889
real_fists_feet,trial_random,20260919,46,0.505991,0.511111,0.466667
real_fists_feet,trial_random,20260919,47,0.499149,0.488889,0.422222
real_fists_feet,trial_random,20260919,48,0.486508,0.488889,0.466667
real_fists_feet,trial_random,20260919,49,0.498375,0.511111,0.444444
real_fists_feet,trial_random,20260919,50,0.471746,0.488889,0.422222
real_fists_feet,trial_random,20260919,51,0.491667,0.5,0.404762
real_fists_feet,trial_random,20260919,52,0.516813,0.511111,0.422222
real_fists_feet,trial_random,20260919,53,0.511417,0.511111,0.466667
real_fists_feet,trial_random,20260919,54,0.530618,0.533333,0.533333
real_fists_feet,trial_random,20260919,55,0.47632,0.488889,0.4
real_fists_feet,trial_random,20260919,56,0.498507,0.488889,0.444444
real_fists_feet,trial_random,20260919,57,0.515012,0.488889,0.377778
real_fists_feet,trial_random,20260919,58,0.477009,0.488889,0.4
real_fists_feet,trial_random,20260919,59,0.495064,0.511111,0.377778
real_fists_feet,trial_random,20260919,60,0.484418,0.488889,0.466667
real_fists_feet,trial_random,20260919,61,0.469338,0.488889,0.377778
real_fists_feet,trial_random,20260919,62,0.488979,0.488889,0.422222
real_fists_feet,trial_random,20260919,63,0.497145,0.488889,0.444444
real_fists_feet,trial_random,20260919,64,0.493928,0.5,0.428571
real_fists_feet,trial_random,20260919,65,0.488889,0.488889,0.466667
real_fists_feet,trial_random,20260919,66,0.461805,0.511111,0.333333
real_fists_feet,trial_random,20260919,67,0.543167,0.533333,0.533333
real_fists_feet,trial_random,20260919,68,0.488889,0.488889,0.466667
real_fists_feet,trial_random,20260919,69,0.494205,0.488889,0.422222
real_fists_feet,trial_random,20260919,70,0.52983,0.511111,0.422222
real_fists_feet,trial_random,20260919,71,0.505624,0.511111,0.355556
real_fists_feet,trial_random,20260919,72,0.489412,0.5,0.452381
real_fists_feet,trial_random,20260919,73,0.5,0.5,0.47619
real_fists_feet,trial_random,20260919,74,0.5,0.5,0.5
real_fists_feet,trial_random,20260919,75,0.496717,0.511111,0.444444
real_fists_feet,trial_random,20260919,76,0.494256,0.5,0.380952
real_fists_feet,trial_random,20260919,77,0.478632,0.488889,0.422222
real_fists_feet,trial_random,20260919,78,0.488979,0.488889,0.422222
real_fists_feet,trial_random,20260919,79,0.500337,0.511111,0.377778
real_fists_feet,trial_random,20260919,80,0.498375,0.511111,0.444444
real_fists_feet,trial_random,20260919,81,0.521679,0.533333,0.533333
real_fists_feet,trial_random,20260919,82,0.472436,0.466667,0.444444
real_fists_feet,trial_random,20260919,83,0.529482,0.511111,0.355556
real_fists_feet,trial_random,20260919,84,0.488113,0.488889,0.355556
real_fists_feet,trial_random,20260919,85,0.552533,0.511111,0.333333
real_fists_feet,trial_random,20260919,86,0.491582,0.488889,0.444444
real_fists_feet,trial_random,20260919,87,0.543167,0.533333,0.533333
real_fists_feet,trial_random,20260919,88,0.467689,0.473684,0.473684
real_fists_feet,trial_random,20260919,89,0.503232,0.511111,0.466667
real_fists_feet,trial_random,20260919,90,0.467057,0.488889,0.4
real_fists_feet,trial_random,20260919,91,0.511074,0.511111,0.422222
real_fists_feet,trial_random,20260919,92,0.49684,0.491228,0.385965
real_fists_feet,trial_random,20260919,93,0.489964,0.488889,0.4
real_fists_feet,trial_random,20260919,94,0.525848,0.511111,0.466667
real_fists_feet,trial_random,20260919,95,0.522235,0.533333,0.444444
real_fists_feet,trial_random,20260919,96,0.459524,0.466667,0.4
real_fists_feet,trial_random,20260919,97,0.46993,0.466667,0.444444
real_fists_feet,trial_random,20260919,98,0.475132,0.488889,0.422222
real_fists_feet,trial_random,20260919,99,0.493227,0.488889,0.355556
real_fists_feet,trial_random,20260919,100,0.5,0.5,0.5
real_fists_feet,trial_random,20260919,101,0.50404,0.511111,0.422222
real_fists_feet,trial_random,20260919,102,0.501186,0.5,0.404762
real_fists_feet,trial_random,20260919,103,0.521983,0.511111,0.422222
real_fists_feet,trial_random,20260919,104,0.480401,0.488889,0.4
real_fists_feet,trial_random,20260919,105,0.491061,0.488889,0.444444
real_fists_feet,trial_random,20260919,106,0.519704,0.5,0.411765
real_fists_feet,trial_random,20260919,107,0.572894,0.533333,0.444444
real_fists_feet,trial_random,20260919,108,0.496015,0.488889,0.4
real_fists_feet,trial_random,20260919,109,0.48734,0.466667,0.377778
real_fists_feet,trial_random,20260920,1,0.51091,0.488889,0.4
real_fists_feet,trial_random,20260920,2,0.536782,0.533333,0.377778
real_fists_feet,trial_random,20260920,3,0.516239,0.511111,0.4
real_fists_feet,trial_random,20260920,4,0.515575,0.511111,0.444444
real_fists_feet,trial_random,20260920,5,0.477246,0.511111,0.333333
real_fists_feet,trial_random,20260920,6,0.508939,0.511111,0.444444
real_fists_feet,trial_random,20260920,7,0.512223,0.511111,0.466667
real_fists_feet,trial_random,20260920,8,0.520161,0.511111,0.444444
real_fists_feet,trial_random,20260920,9,0.44979,0.488889,0.377778
real_fists_feet,trial_random,20260920,10,0.483946,0.488889,0.4
real_fists_feet,trial_random,20260920,11,0.517446,0.511111,0.4
real_fists_feet,trial_random,20260920,12,0.482492,0.488889,0.422222
real_fists_feet,trial_random,20260920,13,0.445642,0.466667,0.4
real_fists_feet,trial_random,20260920,14,0.53125,0.533333,0.466667
real_fists_feet,trial_random,20260920,15,0.511074,0.511111,0.422222
real_fists_feet,trial_random,20260920,16,0.509028,0.511111,0.466667
real_fists_feet,trial_random,20260920,17,0.509028,0.511111,0.422222
real_fists_feet,trial_random,20260920,18,0.461905,0.466667,0.533333
real_fists_feet,trial_random,20260920,19,0.511013,0.511111,0.444444
real_fists_feet,trial_random,20260920,20,0.535662,0.533333,0.533333
real_fists_feet,trial_random,20260920,21,0.515493,0.511111,0.444444
real_fists_feet,trial_random,20260920,22,0.509028,0.511111,0.422222
real_fists_feet,trial_random,20260920,23,0.523063,0.488889,0.355556
real_fists_feet,trial_random,20260920,24,0.539464,0.511111,0.4
real_fists_feet,trial_random,20260920,25,0.537894,0.533333,0.377778
real_fists_feet,trial_random,20260920,26,0.483804,0.488889,0.422222
real_fists_feet,trial_random,20260920,27,0.512425,0.511111,0.488889
real_fists_feet,trial_random,20260920,28,0.469684,0.466667,0.444444
real_fists_feet,trial_random,20260920,29,0.471334,0.488889,0.422222
real_fists_feet,trial_random,20260920,30,0.515582,0.511111,0.466667
real_fists_feet,trial_random,20260920,31,0.533978,0.533333,0.466667
real_fists_feet,trial_random,20260920,32,0.501816,0.511111,0.377778
real_fists_feet,trial_random,20260920,33,0.517172,0.533333,0.4
real_fists_feet,trial_random,20260920,34,0.507997,0.5,0.452381
real_fists_feet,trial_random,20260920,35,0.471717,0.511111,0.355556
real_fists_feet,trial_random,20260920,36,0.510774,0.511111,0.422222
real_fists_feet,trial_random,20260920,37,0.494505,0.5,0.404762
real_fists_feet,trial_random,20260920,38,0.484328,0.488889,0.355556
real_fists_feet,trial_random,20260920,39,0.493056,0.488889,0.444444
real_fists_feet,trial_random,20260920,40,0.495097,0.511111,0.444444
real_fists_feet,trial_random,20260920,41,0.500046,0.5,0.452381
real_fists_feet,trial_random,20260920,42,0.492778,0.488889,0.422222
real_fists_feet,trial_random,20260920,43,0.50873,0.511111,0.422222
real_fists_feet,trial_random,20260920,44,0.533564,0.533333,0.444444
real_fists_feet,trial_random,20260920,45,0.495821,0.488889,0.466667
real_fists_feet,trial_random,20260920,46,0.505556,0.511111,0.466667
real_fists_feet,trial_random,20260920,47,0.504571,0.488889,0.422222
real_fists_feet,trial_random,20260920,48,0.487777,0.488889,0.466667
real_fists_feet,trial_random,20260920,49,0.512149,0.511111,0.377778
real_fists_feet,trial_random,20260920,50,0.472156,0.488889,0.466667
real_fists_feet,trial_random,20260920,51,0.483274,0.5,0.428571
real_fists_feet,trial_random,20260920,52,0.511111,0.511111,0.466667
real_fists_feet,trial_random,20260920,53,0.50595,0.511111,0.377778
real_fists_feet,trial_random,20260920,54,0.535447,0.533333,0.266667
real_fists_feet,trial_random,20260920,55,0.481013,0.488889,0.444444
real_fists_feet,trial_random,20260920,56,0.491151,0.488889,0.422222
real_fists_feet,trial_random,20260920,57,0.494009,0.488889,0.466667
real_fists_feet,trial_random,20260920,58,0.501577,0.488889,0.422222
real_fists_feet,trial_random,20260920,59,0.522626,0.511111,0.444444
real_fists_feet,trial_random,20260920,60,0.476508,0.488889,0.466667
real_fists_feet,trial_random,20260920,61,0.495437,0.488889,0.444444
real_fists_feet,trial_random,20260920,62,0.487575,0.488889,0.511111
real_fists_feet,trial_random,20260920,63,0.520235,0.488889,0.377778
real_fists_feet,trial_random,20260920,64,0.510449,0.5,0.380952
real_fists_feet,trial_random,20260920,65,0.478535,0.488889,0.422222
real_fists_feet,trial_random,20260920,66,0.518609,0.511111,0.444444
real_fists_feet,trial_random,20260920,67,0.524943,0.533333,0.4
real_fists_feet,trial_random,20260920,68,0.481955,0.488889,0.377778
real_fists_feet,trial_random,20260920,69,0.49281,0.488889,0.4
real_fists_feet,trial_random,20260920,70,0.499471,0.511111,0.377778
real_fists_feet,trial_random,20260920,71,0.508396,0.511111,0.4
real_fists_feet,trial_random,20260920,72,0.495238,0.5,0.404762
real_fists_feet,trial_random,20260920,73,0.501263,0.5,0.428571
real_fists_feet,trial_random,20260920,74,0.496129,0.5,0.47619
real_fists_feet,trial_random,20260920,75,0.509662,0.511111,0.355556
real_fists_feet,trial_random,20260920,76,0.493706,0.5,0.333333
real_fists_feet,trial_random,20260920,77,0.495286,0.488889,0.466667
real_fists_feet,trial_random,20260920,78,0.49942,0.488889,0.4
real_fists_feet,trial_random,20260920,79,0.526054,0.511111,0.4
real_fists_feet,trial_random,20260920,80,0.505991,0.511111,0.444444
real_fists_feet,trial_random,20260920,81,0.53454,0.533333,0.533333
real_fists_feet,trial_random,20260920,82,0.453037,0.466667,0.444444
real_fists_feet,trial_random,20260920,83,0.488743,0.511111,0.422222
real_fists_feet,trial_random,20260920,84,0.469192,0.488889,0.422222
real_fists_feet,trial_random,20260920,85,0.506638,0.511111,0.466667
real_fists_feet,trial_random,20260920,86,0.502282,0.488889,0.355556
real_fists_feet,trial_random,20260920,87,0.535287,0.533333,0.533333
real_fists_feet,trial_random,20260920,88,0.465053,0.473684,0.45614
real_fists_feet,trial_random,20260920,89,0.505397,0.511111,0.466667
real_fists_feet,trial_random,20260920,90,0.500529,0.488889,0.377778
real_fists_feet,trial_random,20260920,91,0.521127,0.511111,0.377778
real_fists_feet,trial_random,20260920,92,0.493337,0.491228,0.421053
real_fists_feet,trial_random,20260920,93,0.489829,0.488889,0.511111
real_fists_feet,trial_random,20260920,94,0.512929,0.511111,0.488889
real_fists_feet,trial_random,20260920,95,0.538284,0.533333,0.422222
real_fists_feet,trial_random,20260920,96,0.464458,0.466667,0.533333
real_fists_feet,trial_random,20260920,97,0.477778,0.466667,0.533333
real_fists_feet,trial_random,20260920,98,0.473413,0.488889,0.311111
real_fists_feet,trial_random,20260920,99,0.504571,0.488889,0.422222
real_fists_feet,trial_random,20260920,100,0.505017,0.5,0.416667
real_fists_feet,trial_random,20260920,101,0.449573,0.511111,0.333333
real_fists_feet,trial_random,20260920,102,0.492788,0.5,0.404762
real_fists_feet,trial_random,20260920,103,0.540049,0.511111,0.355556
real_fists_feet,trial_random,20260920,104,0.487071,0.488889,0.511111
real_fists_feet,trial_random,20260920,105,0.487937,0.488889,0.511111
real_fists_feet,trial_random,20260920,106,0.492018,0.5,0.411765
real_fists_feet,trial_random,20260920,107,0.520071,0.533333,0.4
real_fists_feet,trial_random,20260920,108,0.472156,0.488889,0.466667
real_fists_feet,trial_random,20260920,109,0.497301,0.466667,0.333333
real_fists_feet,run_disjoint,20260916,1,0.488889,0.488889,0.511111
real_fists_feet,run_disjoint,20260916,2,0.533333,0.533333,0.533333
real_fists_feet,run_disjoint,20260916,3,0.511111,0.511111,0.466667
real_fists_feet,run_disjoint,20260916,4,0.511111,0.511111,0.466667
real_fists_feet,run_disjoint,20260916,5,0.511111,0.511111,0.466667
real_fists_feet,run_disjoint,20260916,6,0.511111,0.511111,0.466667
real_fists_feet,run_disjoint,20260916,7,0.511111,0.511111,0.466667
real_fists_feet,run_disjoint,20260916,8,0.511111,0.511111,0.466667
real_fists_feet,run_disjoint,20260916,9,0.488889,0.488889,0.511111
real_fists_feet,run_disjoint,20260916,10,0.488889,0.488889,0.511111
real_fists_feet,run_disjoint,20260916,11,0.511111,0.511111,0.466667
real_fists_feet,run_disjoint,20260916,12,0.488889,0.488889,0.511111
real_fists_feet,run_disjoint,20260916,13,0.466667,0.466667,0.533333
real_fists_feet,run_disjoint,20260916,14,0.533333,0.533333,0.533333
real_fists_feet,run_disjoint,20260916,15,0.511111,0.511111,0.466667
real_fists_feet,run_disjoint,20260916,16,0.511111,0.511111,0.466667
real_fists_feet,run_disjoint,20260916,17,0.511111,0.511111,0.466667
real_fists_feet,run_disjoint,20260916,18,0.466667,0.466667,0.533333
real_fists_feet,run_disjoint,20260916,19,0.511111,0.511111,0.466667
real_fists_feet,run_disjoint,20260916,20,0.533333,0.533333,0.533333
real_fists_feet,run_disjoint,20260916,21,0.511111,0.511111,0.466667
real_fists_feet,run_disjoint,20260916,22,0.511111,0.511111,0.466667
real_fists_feet,run_disjoint,20260916,23,0.488889,0.488889,0.511111
real_fists_feet,run_disjoint,20260916,24,0.511111,0.511111,0.466667
real_fists_feet,run_disjoint,20260916,25,0.533333,0.533333,0.533333
real_fists_feet,run_disjoint,20260916,26,0.488889,0.488889,0.511111
real_fists_feet,run_disjoint,20260916,27,0.511111,0.511111,0.466667
real_fists_feet,run_disjoint,20260916,28,0.466667,0.466667,0.533333
real_fists_feet,run_disjoint,20260916,29,0.488889,0.488889,0.511111
real_fists_feet,run_disjoint,20260916,30,0.511111,0.511111,0.466667
real_fists_feet,run_disjoint,20260916,31,0.533333,0.533333,0.533333
real_fists_feet,run_disjoint,20260916,32,0.511111,0.511111,0.466667
real_fists_feet,run_disjoint,20260916,33,0.533333,0.533333,0.533333
real_fists_feet,run_disjoint,20260916,34,0.5,0.5,0.5
real_fists_feet,run_disjoint,20260916,35,0.511111,0.511111,0.466667
real_fists_feet,run_disjoint,20260916,36,0.511111,0.511111,0.466667
real_fists_feet,run_disjoint,20260916,37,0.5,0.5,0.5
real_fists_feet,run_disjoint,20260916,38,0.488889,0.488889,0.511111
real_fists_feet,run_disjoint,20260916,39,0.488889,0.488889,0.511111
real_fists_feet,run_disjoint,20260916,40,0.511111,0.511111,0.466667
real_fists_feet,run_disjoint,20260916,41,0.5,0.5,0.5
real_fists_feet,run_disjoint,20260916,42,0.488889,0.488889,0.511111
real_fists_feet,run_disjoint,20260916,43,0.511111,0.511111,0.466667
real_fists_feet,run_disjoint,20260916,44,0.533333,0.533333,0.533333
real_fists_feet,run_disjoint,20260916,45,0.488889,0.488889,0.511111
real_fists_feet,run_disjoint,20260916,46,0.511111,0.511111,0.466667
real_fists_feet,run_disjoint,20260916,47,0.488889,0.488889,0.511111
real_fists_feet,run_disjoint,20260916,48,0.488889,0.488889,0.511111
real_fists_feet,run_disjoint,20260916,49,0.511111,0.511111,0.466667
real_fists_feet,run_disjoint,20260916,50,0.488889,0.488889,0.511111
real_fists_feet,run_disjoint,20260916,51,0.5,0.5,0.5
real_fists_feet,run_disjoint,20260916,52,0.511111,0.511111,0.466667
real_fists_feet,run_disjoint,20260916,53,0.511111,0.511111,0.466667
real_fists_feet,run_disjoint,20260916,54,0.533333,0.533333,0.533333
real_fists_feet,run_disjoint,20260916,55,0.488889,0.488889,0.511111
real_fists_feet,run_disjoint,20260916,56,0.488889,0.488889,0.511111
real_fists_feet,run_disjoint,20260916,57,0.488889,0.488889,0.511111
real_fists_feet,run_disjoint,20260916,58,0.488889,0.488889,0.511111
real_fists_feet,run_disjoint,20260916,59,0.511111,0.511111,0.466667
real_fists_feet,run_disjoint,20260916,60,0.488889,0.488889,0.511111
real_fists_feet,run_disjoint,20260916,61,0.488889,0.488889,0.511111
real_fists_feet,run_disjoint,20260916,62,0.488889,0.488889,0.511111
real_fists_feet,run_disjoint,20260916,63,0.488889,0.488889,0.511111
real_fists_feet,run_disjoint,20260916,64,0.5,0.5,0.5
real_fists_feet,run_disjoint,20260916,65,0.488889,0.488889,0.511111
real_fists_feet,run_disjoint,20260916,66,0.511111,0.511111,0.466667
real_fists_feet,run_disjoint,20260916,67,0.533333,0.533333,0.533333
real_fists_feet,run_disjoint,20260916,68,0.488889,0.488889,0.511111
real_fists_feet,run_disjoint,20260916,69,0.488889,0.488889,0.511111
real_fists_feet,run_disjoint,20260916,70,0.511111,0.511111,0.466667
real_fists_feet,run_disjoint,20260916,71,0.511111,0.511111,0.466667
real_fists_feet,run_disjoint,20260916,72,0.5,0.5,0.5
real_fists_feet,run_disjoint,20260916,73,0.5,0.5,0.5
real_fists_feet,run_disjoint,20260916,74,0.5,0.5,0.5
real_fists_feet,run_disjoint,20260916,75,0.511111,0.511111,0.466667
real_fists_feet,run_disjoint,20260916,76,0.5,0.5,0.5
real_fists_feet,run_disjoint,20260916,77,0.488889,0.488889,0.511111
real_fists_feet,run_disjoint,20260916,78,0.488889,0.488889,0.511111
real_fists_feet,run_disjoint,20260916,79,0.511111,0.511111,0.466667
real_fists_feet,run_disjoint,20260916,80,0.511111,0.511111,0.466667
real_fists_feet,run_disjoint,20260916,81,0.533333,0.533333,0.533333
real_fists_feet,run_disjoint,20260916,82,0.466667,0.466667,0.533333
real_fists_feet,run_disjoint,20260916,83,0.511111,0.511111,0.466667
real_fists_feet,run_disjoint,20260916,84,0.488889,0.488889,0.511111
real_fists_feet,run_disjoint,20260916,85,0.511111,0.511111,0.466667
real_fists_feet,run_disjoint,20260916,86,0.488889,0.488889,0.511111
real_fists_feet,run_disjoint,20260916,87,0.533333,0.533333,0.533333
real_fists_feet,run_disjoint,20260916,88,0.473684,0.473684,0.526316
real_fists_feet,run_disjoint,20260916,89,0.511111,0.511111,0.466667
real_fists_feet,run_disjoint,20260916,90,0.488889,0.488889,0.511111
real_fists_feet,run_disjoint,20260916,91,0.511111,0.511111,0.466667
real_fists_feet,run_disjoint,20260916,92,0.491228,0.491228,0.508772
real_fists_feet,run_disjoint,20260916,93,0.488889,0.488889,0.511111
real_fists_feet,run_disjoint,20260916,94,0.511111,0.511111,0.466667
real_fists_feet,run_disjoint,20260916,95,0.533333,0.533333,0.533333
real_fists_feet,run_disjoint,20260916,96,0.466667,0.466667,0.533333
real_fists_feet,run_disjoint,20260916,97,0.466667,0.466667,0.533333
real_fists_feet,run_disjoint,20260916,98,0.488889,0.488889,0.511111
real_fists_feet,run_disjoint,20260916,99,0.488889,0.488889,0.511111
real_fists_feet,run_disjoint,20260916,100,0.5,0.5,0.5
real_fists_feet,run_disjoint,20260916,101,0.511111,0.511111,0.466667
real_fists_feet,run_disjoint,20260916,102,0.5,0.5,0.5
real_fists_feet,run_disjoint,20260916,103,0.511111,0.511111,0.466667
real_fists_feet,run_disjoint,20260916,104,0.488889,0.488889,0.511111
real_fists_feet,run_disjoint,20260916,105,0.488889,0.488889,0.511111
real_fists_feet,run_disjoint,20260916,106,0.5,0.5,0.470588
real_fists_feet,run_disjoint,20260916,107,0.533333,0.533333,0.533333
real_fists_feet,run_disjoint,20260916,108,0.488889,0.488889,0.511111
real_fists_feet,run_disjoint,20260916,109,0.466667,0.466667,0.533333
real_fists_feet,subject_disjoint,20260916,1,0.501703,0.488889,0.488889
real_fists_feet,subject_disjoint,20260916,2,0.502908,0.533333,0.533333
real_fists_feet,subject_disjoint,20260916,3,0.502908,0.511111,0.511111
real_fists_feet,subject_disjoint,20260916,4,0.500613,0.511111,0.511111
real_fists_feet,subject_disjoint,20260916,5,0.501703,0.511111,0.511111
real_fists_feet,subject_disjoint,20260916,6,0.501703,0.511111,0.511111
real_fists_feet,subject_disjoint,20260916,7,0.500613,0.511111,0.511111
real_fists_feet,subject_disjoint,20260916,8,0.502908,0.511111,0.511111
real_fists_feet,subject_disjoint,20260916,9,0.500613,0.488889,0.488889
real_fists_feet,subject_disjoint,20260916,10,0.500613,0.488889,0.488889
real_fists_feet,subject_disjoint,20260916,11,0.502908,0.511111,0.511111
real_fists_feet,subject_disjoint,20260916,12,0.502908,0.488889,0.488889
real_fists_feet,subject_disjoint,20260916,13,0.501703,0.466667,0.466667
real_fists_feet,subject_disjoint,20260916,14,0.500613,0.533333,0.533333
real_fists_feet,subject_disjoint,20260916,15,0.501703,0.511111,0.511111
real_fists_feet,subject_disjoint,20260916,16,0.501703,0.511111,0.511111
real_fists_feet,subject_disjoint,20260916,17,0.501703,0.511111,0.511111
real_fists_feet,subject_disjoint,20260916,18,0.502908,0.466667,0.466667
real_fists_feet,subject_disjoint,20260916,19,0.502908,0.511111,0.511111
real_fists_feet,subject_disjoint,20260916,20,0.502908,0.533333,0.533333
real_fists_feet,subject_disjoint,20260916,21,0.500613,0.511111,0.511111
real_fists_feet,subject_disjoint,20260916,22,0.502908,0.511111,0.511111
real_fists_feet,subject_disjoint,20260916,23,0.501703,0.488889,0.488889
real_fists_feet,subject_disjoint,20260916,24,0.500613,0.511111,0.511111
real_fists_feet,subject_disjoint,20260916,25,0.500613,0.533333,0.533333
real_fists_feet,subject_disjoint,20260916,26,0.502908,0.488889,0.488889
real_fists_feet,subject_disjoint,20260916,27,0.502908,0.511111,0.511111
real_fists_feet,subject_disjoint,20260916,28,0.502908,0.466667,0.466667
real_fists_feet,subject_disjoint,20260916,29,0.502908,0.488889,0.488889
real_fists_feet,subject_disjoint,20260916,30,0.500613,0.511111,0.511111
real_fists_feet,subject_disjoint,20260916,31,0.501703,0.533333,0.533333
real_fists_feet,subject_disjoint,20260916,32,0.501703,0.511111,0.511111
real_fists_feet,subject_disjoint,20260916,33,0.500613,0.533333,0.533333
real_fists_feet,subject_disjoint,20260916,34,0.502908,0.5,0.5
real_fists_feet,subject_disjoint,20260916,35,0.501703,0.511111,0.511111
real_fists_feet,subject_disjoint,20260916,36,0.500613,0.511111,0.511111
real_fists_feet,subject_disjoint,20260916,37,0.501703,0.5,0.5
real_fists_feet,subject_disjoint,20260916,38,0.502908,0.488889,0.488889
real_fists_feet,subject_disjoint,20260916,39,0.501703,0.488889,0.488889
real_fists_feet,subject_disjoint,20260916,40,0.502908,0.511111,0.511111
real_fists_feet,subject_disjoint,20260916,41,0.501703,0.5,0.5
real_fists_feet,subject_disjoint,20260916,42,0.502908,0.488889,0.488889
real_fists_feet,subject_disjoint,20260916,43,0.502908,0.511111,0.511111
real_fists_feet,subject_disjoint,20260916,44,0.500613,0.533333,0.533333
real_fists_feet,subject_disjoint,20260916,45,0.501703,0.488889,0.488889
real_fists_feet,subject_disjoint,20260916,46,0.500613,0.511111,0.511111
real_fists_feet,subject_disjoint,20260916,47,0.502908,0.488889,0.488889
real_fists_feet,subject_disjoint,20260916,48,0.502908,0.488889,0.488889
real_fists_feet,subject_disjoint,20260916,49,0.502908,0.511111,0.511111
real_fists_feet,subject_disjoint,20260916,50,0.501703,0.488889,0.488889
real_fists_feet,subject_disjoint,20260916,51,0.501703,0.5,0.5
real_fists_feet,subject_disjoint,20260916,52,0.502908,0.511111,0.511111
real_fists_feet,subject_disjoint,20260916,53,0.500613,0.511111,0.511111
real_fists_feet,subject_disjoint,20260916,54,0.500613,0.533333,0.533333
real_fists_feet,subject_disjoint,20260916,55,0.501703,0.488889,0.488889
real_fists_feet,subject_disjoint,20260916,56,0.500613,0.488889,0.488889
real_fists_feet,subject_disjoint,20260916,57,0.502908,0.488889,0.488889
real_fists_feet,subject_disjoint,20260916,58,0.500613,0.488889,0.488889
real_fists_feet,subject_disjoint,20260916,59,0.501703,0.511111,0.511111
real_fists_feet,subject_disjoint,20260916,60,0.502908,0.488889,0.488889
real_fists_feet,subject_disjoint,20260916,61,0.500613,0.488889,0.488889
real_fists_feet,subject_disjoint,20260916,62,0.502908,0.488889,0.488889
real_fists_feet,subject_disjoint,20260916,63,0.500613,0.488889,0.488889
real_fists_feet,subject_disjoint,20260916,64,0.502908,0.5,0.5
real_fists_feet,subject_disjoint,20260916,65,0.501703,0.488889,0.488889
real_fists_feet,subject_disjoint,20260916,66,0.501703,0.511111,0.511111
real_fists_feet,subject_disjoint,20260916,67,0.501703,0.533333,0.533333
real_fists_feet,subject_disjoint,20260916,68,0.501703,0.488889,0.488889
real_fists_feet,subject_disjoint,20260916,69,0.500613,0.488889,0.488889
real_fists_feet,subject_disjoint,20260916,70,0.501703,0.511111,0.511111
real_fists_feet,subject_disjoint,20260916,71,0.501703,0.511111,0.511111
real_fists_feet,subject_disjoint,20260916,72,0.502908,0.5,0.5
real_fists_feet,subject_disjoint,20260916,73,0.501703,0.5,0.5
real_fists_feet,subject_disjoint,20260916,74,0.500613,0.5,0.5
real_fists_feet,subject_disjoint,20260916,75,0.501703,0.511111,0.511111
real_fists_feet,subject_disjoint,20260916,76,0.500613,0.5,0.5
real_fists_feet,subject_disjoint,20260916,77,0.501703,0.488889,0.488889
real_fists_feet,subject_disjoint,20260916,78,0.501703,0.488889,0.488889
real_fists_feet,subject_disjoint,20260916,79,0.502908,0.511111,0.511111
real_fists_feet,subject_disjoint,20260916,80,0.500613,0.511111,0.511111
real_fists_feet,subject_disjoint,20260916,81,0.500613,0.533333,0.533333
real_fists_feet,subject_disjoint,20260916,82,0.501703,0.466667,0.466667
real_fists_feet,subject_disjoint,20260916,83,0.502908,0.511111,0.511111
real_fists_feet,subject_disjoint,20260916,84,0.500613,0.488889,0.488889
real_fists_feet,subject_disjoint,20260916,85,0.501703,0.511111,0.511111
real_fists_feet,subject_disjoint,20260916,86,0.502908,0.488889,0.488889
real_fists_feet,subject_disjoint,20260916,87,0.501703,0.533333,0.533333
real_fists_feet,subject_disjoint,20260916,88,0.502908,0.473684,0.473684
real_fists_feet,subject_disjoint,20260916,89,0.501703,0.511111,0.511111
real_fists_feet,subject_disjoint,20260916,90,0.500613,0.488889,0.488889
real_fists_feet,subject_disjoint,20260916,91,0.501703,0.511111,0.511111
real_fists_feet,subject_disjoint,20260916,92,0.500613,0.491228,0.491228
real_fists_feet,subject_disjoint,20260916,93,0.500613,0.488889,0.488889
real_fists_feet,subject_disjoint,20260916,94,0.500613,0.511111,0.511111
real_fists_feet,subject_disjoint,20260916,95,0.500613,0.533333,0.533333
real_fists_feet,subject_disjoint,20260916,96,0.500613,0.466667,0.466667
real_fists_feet,subject_disjoint,20260916,97,0.502908,0.466667,0.466667
real_fists_feet,subject_disjoint,20260916,98,0.500613,0.488889,0.488889
real_fists_feet,subject_disjoint,20260916,99,0.500613,0.488889,0.488889
real_fists_feet,subject_disjoint,20260916,100,0.500613,0.5,0.5
real_fists_feet,subject_disjoint,20260916,101,0.501703,0.511111,0.511111
real_fists_feet,subject_disjoint,20260916,102,0.501703,0.5,0.5
real_fists_feet,subject_disjoint,20260916,103,0.502908,0.511111,0.511111
real_fists_feet,subject_disjoint,20260916,104,0.502908,0.488889,0.488889
real_fists_feet,subject_disjoint,20260916,105,0.500613,0.488889,0.488889
real_fists_feet,subject_disjoint,20260916,106,0.502908,0.5,0.5
real_fists_feet,subject_disjoint,20260916,107,0.502908,0.533333,0.533333
real_fists_feet,subject_disjoint,20260916,108,0.500613,0.488889,0.488889
real_fists_feet,subject_disjoint,20260916,109,0.501703,0.466667,0.466667
real_fists_feet,subject_disjoint,20260917,1,0.501685,0.488889,0.488889
real_fists_feet,subject_disjoint,20260917,2,0.501685,0.533333,0.533333
real_fists_feet,subject_disjoint,20260917,3,0.501685,0.511111,0.511111
real_fists_feet,subject_disjoint,20260917,4,0.50137,0.511111,0.511111
real_fists_feet,subject_disjoint,20260917,5,0.501685,0.511111,0.511111
real_fists_feet,subject_disjoint,20260917,6,0.502182,0.511111,0.511111
real_fists_feet,subject_disjoint,20260917,7,0.502182,0.511111,0.511111
real_fists_feet,subject_disjoint,20260917,8,0.502182,0.511111,0.511111
real_fists_feet,subject_disjoint,20260917,9,0.501685,0.488889,0.488889
real_fists_feet,subject_disjoint,20260917,10,0.502182,0.488889,0.488889
real_fists_feet,subject_disjoint,20260917,11,0.50137,0.511111,0.511111
real_fists_feet,subject_disjoint,20260917,12,0.502182,0.488889,0.488889
real_fists_feet,subject_disjoint,20260917,13,0.502182,0.466667,0.466667
real_fists_feet,subject_disjoint,20260917,14,0.502182,0.533333,0.533333
real_fists_feet,subject_disjoint,20260917,15,0.502182,0.511111,0.511111
real_fists_feet,subject_disjoint,20260917,16,0.50137,0.511111,0.511111
real_fists_feet,subject_disjoint,20260917,17,0.501685,0.511111,0.511111
real_fists_feet,subject_disjoint,20260917,18,0.502182,0.466667,0.466667
real_fists_feet,subject_disjoint,20260917,19,0.501685,0.511111,0.511111
real_fists_feet,subject_disjoint,20260917,20,0.502182,0.533333,0.533333
real_fists_feet,subject_disjoint,20260917,21,0.502182,0.511111,0.511111
real_fists_feet,subject_disjoint,20260917,22,0.50137,0.511111,0.511111
real_fists_feet,subject_disjoint,20260917,23,0.502182,0.488889,0.488889
real_fists_feet,subject_disjoint,20260917,24,0.50137,0.511111,0.511111
real_fists_feet,subject_disjoint,20260917,25,0.502182,0.533333,0.533333
real_fists_feet,subject_disjoint,20260917,26,0.50137,0.488889,0.488889
real_fists_feet,subject_disjoint,20260917,27,0.501685,0.511111,0.511111
real_fists_feet,subject_disjoint,20260917,28,0.502182,0.466667,0.466667
real_fists_feet,subject_disjoint,20260917,29,0.502182,0.488889,0.488889
real_fists_feet,subject_disjoint,20260917,30,0.50137,0.511111,0.511111
real_fists_feet,subject_disjoint,20260917,31,0.502182,0.533333,0.533333
real_fists_feet,subject_disjoint,20260917,32,0.501685,0.511111,0.511111
real_fists_feet,subject_disjoint,20260917,33,0.501685,0.533333,0.533333
real_fists_feet,subject_disjoint,20260917,34,0.50137,0.5,0.5
real_fists_feet,subject_disjoint,20260917,35,0.502182,0.511111,0.511111
real_fists_feet,subject_disjoint,20260917,36,0.502182,0.511111,0.511111
real_fists_feet,subject_disjoint,20260917,37,0.50137,0.5,0.5
real_fists_feet,subject_disjoint,20260917,38,0.502182,0.488889,0.488889
real_fists_feet,subject_disjoint,20260917,39,0.50137,0.488889,0.488889
real_fists_feet,subject_disjoint,20260917,40,0.502182,0.511111,0.511111
real_fists_feet,subject_disjoint,20260917,41,0.50137,0.5,0.5
real_fists_feet,subject_disjoint,20260917,42,0.50137,0.488889,0.488889
real_fists_feet,subject_disjoint,20260917,43,0.50137,0.511111,0.511111
real_fists_feet,subject_disjoint,20260917,44,0.501685,0.533333,0.533333
real_fists_feet,subject_disjoint,20260917,45,0.501685,0.488889,0.488889
real_fists_feet,subject_disjoint,20260917,46,0.50137,0.511111,0.511111
real_fists_feet,subject_disjoint,20260917,47,0.501685,0.488889,0.488889
real_fists_feet,subject_disjoint,20260917,48,0.50137,0.488889,0.488889
real_fists_feet,subject_disjoint,20260917,49,0.50137,0.511111,0.511111
real_fists_feet,subject_disjoint,20260917,50,0.501685,0.488889,0.488889
real_fists_feet,subject_disjoint,20260917,51,0.502182,0.5,0.5
real_fists_feet,subject_disjoint,20260917,52,0.502182,0.511111,0.511111
real_fists_feet,subject_disjoint,20260917,53,0.501685,0.511111,0.511111
real_fists_feet,subject_disjoint,20260917,54,0.501685,0.533333,0.533333
real_fists_feet,subject_disjoint,20260917,55,0.501685,0.488889,0.488889
real_fists_feet,subject_disjoint,20260917,56,0.50137,0.488889,0.488889
real_fists_feet,subject_disjoint,20260917,57,0.501685,0.488889,0.488889
real_fists_feet,subject_disjoint,20260917,58,0.502182,0.488889,0.488889
real_fists_feet,subject_disjoint,20260917,59,0.50137,0.511111,0.511111
real_fists_feet,subject_disjoint,20260917,60,0.501685,0.488889,0.488889
real_fists_feet,subject_disjoint,20260917,61,0.50137,0.488889,0.488889
real_fists_feet,subject_disjoint,20260917,62,0.502182,0.488889,0.488889
real_fists_feet,subject_disjoint,20260917,63,0.50137,0.488889,0.488889
real_fists_feet,subject_disjoint,20260917,64,0.50137,0.5,0.5
real_fists_feet,subject_disjoint,20260917,65,0.502182,0.488889,0.488889
real_fists_feet,subject_disjoint,20260917,66,0.501685,0.511111,0.511111
real_fists_feet,subject_disjoint,20260917,67,0.501685,0.533333,0.533333
real_fists_feet,subject_disjoint,20260917,68,0.50137,0.488889,0.488889
real_fists_feet,subject_disjoint,20260917,69,0.50137,0.488889,0.488889
real_fists_feet,subject_disjoint,20260917,70,0.501685,0.511111,0.511111
real_fists_feet,subject_disjoint,20260917,71,0.501685,0.511111,0.511111
real_fists_feet,subject_disjoint,20260917,72,0.501685,0.5,0.5
real_fists_feet,subject_disjoint,20260917,73,0.501685,0.5,0.5
real_fists_feet,subject_disjoint,20260917,74,0.501685,0.5,0.5
real_fists_feet,subject_disjoint,20260917,75,0.50137,0.511111,0.511111
real_fists_feet,subject_disjoint,20260917,76,0.50137,0.5,0.5
real_fists_feet,subject_disjoint,20260917,77,0.501685,0.488889,0.488889
real_fists_feet,subject_disjoint,20260917,78,0.501685,0.488889,0.488889
real_fists_feet,subject_disjoint,20260917,79,0.50137,0.511111,0.511111
real_fists_feet,subject_disjoint,20260917,80,0.50137,0.511111,0.511111
real_fists_feet,subject_disjoint,20260917,81,0.501685,0.533333,0.533333
real_fists_feet,subject_disjoint,20260917,82,0.502182,0.466667,0.466667
real_fists_feet,subject_disjoint,20260917,83,0.50137,0.511111,0.511111
real_fists_feet,subject_disjoint,20260917,84,0.50137,0.488889,0.488889
real_fists_feet,subject_disjoint,20260917,85,0.502182,0.511111,0.511111
real_fists_feet,subject_disjoint,20260917,86,0.50137,0.488889,0.488889
real_fists_feet,subject_disjoint,20260917,87,0.50137,0.533333,0.533333
real_fists_feet,subject_disjoint,20260917,88,0.501685,0.473684,0.473684
real_fists_feet,subject_disjoint,20260917,89,0.502182,0.511111,0.511111
real_fists_feet,subject_disjoint,20260917,90,0.502182,0.488889,0.488889
real_fists_feet,subject_disjoint,20260917,91,0.502182,0.511111,0.511111
real_fists_feet,subject_disjoint,20260917,92,0.502182,0.491228,0.491228
real_fists_feet,subject_disjoint,20260917,93,0.50137,0.488889,0.488889
real_fists_feet,subject_disjoint,20260917,94,0.502182,0.511111,0.511111
real_fists_feet,subject_disjoint,20260917,95,0.502182,0.533333,0.533333
real_fists_feet,subject_disjoint,20260917,96,0.501685,0.466667,0.466667
real_fists_feet,subject_disjoint,20260917,97,0.501685,0.466667,0.466667
real_fists_feet,subject_disjoint,20260917,98,0.502182,0.488889,0.488889
real_fists_feet,subject_disjoint,20260917,99,0.50137,0.488889,0.488889
real_fists_feet,subject_disjoint,20260917,100,0.501685,0.5,0.5
real_fists_feet,subject_disjoint,20260917,101,0.501685,0.511111,0.511111
real_fists_feet,subject_disjoint,20260917,102,0.502182,0.5,0.5
real_fists_feet,subject_disjoint,20260917,103,0.50137,0.511111,0.511111
real_fists_feet,subject_disjoint,20260917,104,0.501685,0.488889,0.488889
real_fists_feet,subject_disjoint,20260917,105,0.502182,0.488889,0.488889
real_fists_feet,subject_disjoint,20260917,106,0.50137,0.5,0.5
real_fists_feet,subject_disjoint,20260917,107,0.50137,0.533333,0.533333
real_fists_feet,subject_disjoint,20260917,108,0.502182,0.488889,0.488889
real_fists_feet,subject_disjoint,20260917,109,0.501685,0.466667,0.466667
real_fists_feet,subject_disjoint,20260918,1,0.501381,0.488889,0.488889
real_fists_feet,subject_disjoint,20260918,2,0.501828,0.533333,0.533333
real_fists_feet,subject_disjoint,20260918,3,0.501381,0.511111,0.511111
real_fists_feet,subject_disjoint,20260918,4,0.501381,0.511111,0.511111
real_fists_feet,subject_disjoint,20260918,5,0.502021,0.511111,0.511111
real_fists_feet,subject_disjoint,20260918,6,0.501381,0.511111,0.511111
real_fists_feet,subject_disjoint,20260918,7,0.501381,0.511111,0.511111
real_fists_feet,subject_disjoint,20260918,8,0.501828,0.511111,0.511111
real_fists_feet,subject_disjoint,20260918,9,0.501828,0.488889,0.488889
real_fists_feet,subject_disjoint,20260918,10,0.501828,0.488889,0.488889
real_fists_feet,subject_disjoint,20260918,11,0.501381,0.511111,0.511111
real_fists_feet,subject_disjoint,20260918,12,0.501381,0.488889,0.488889
real_fists_feet,subject_disjoint,20260918,13,0.502021,0.466667,0.466667
real_fists_feet,subject_disjoint,20260918,14,0.501381,0.533333,0.533333
real_fists_feet,subject_disjoint,20260918,15,0.502021,0.511111,0.511111
real_fists_feet,subject_disjoint,20260918,16,0.502021,0.511111,0.511111
real_fists_feet,subject_disjoint,20260918,17,0.501381,0.511111,0.511111
real_fists_feet,subject_disjoint,20260918,18,0.501828,0.466667,0.466667
real_fists_feet,subject_disjoint,20260918,19,0.502021,0.511111,0.511111
real_fists_feet,subject_disjoint,20260918,20,0.501828,0.533333,0.533333
real_fists_feet,subject_disjoint,20260918,21,0.502021,0.511111,0.511111
real_fists_feet,subject_disjoint,20260918,22,0.502021,0.511111,0.511111
real_fists_feet,subject_disjoint,20260918,23,0.501828,0.488889,0.488889
real_fists_feet,subject_disjoint,20260918,24,0.501828,0.511111,0.511111
real_fists_feet,subject_disjoint,20260918,25,0.501828,0.533333,0.533333
real_fists_feet,subject_disjoint,20260918,26,0.501381,0.488889,0.488889
real_fists_feet,subject_disjoint,20260918,27,0.501381,0.511111,0.511111
real_fists_feet,subject_disjoint,20260918,28,0.502021,0.466667,0.466667
real_fists_feet,subject_disjoint,20260918,29,0.501381,0.488889,0.488889
real_fists_feet,subject_disjoint,20260918,30,0.502021,0.511111,0.511111
real_fists_feet,subject_disjoint,20260918,31,0.502021,0.533333,0.533333
real_fists_feet,subject_disjoint,20260918,32,0.501381,0.511111,0.511111
real_fists_feet,subject_disjoint,20260918,33,0.501828,0.533333,0.533333
real_fists_feet,subject_disjoint,20260918,34,0.502021,0.5,0.5
real_fists_feet,subject_disjoint,20260918,35,0.502021,0.511111,0.511111
real_fists_feet,subject_disjoint,20260918,36,0.501828,0.511111,0.511111
real_fists_feet,subject_disjoint,20260918,37,0.501828,0.5,0.5
real_fists_feet,subject_disjoint,20260918,38,0.501381,0.488889,0.488889
real_fists_feet,subject_disjoint,20260918,39,0.501828,0.488889,0.488889
real_fists_feet,subject_disjoint,20260918,40,0.501381,0.511111,0.511111
real_fists_feet,subject_disjoint,20260918,41,0.502021,0.5,0.5
real_fists_feet,subject_disjoint,20260918,42,0.501381,0.488889,0.488889
real_fists_feet,subject_disjoint,20260918,43,0.501381,0.511111,0.511111
real_fists_feet,subject_disjoint,20260918,44,0.501381,0.533333,0.533333
real_fists_feet,subject_disjoint,20260918,45,0.501381,0.488889,0.488889
real_fists_feet,subject_disjoint,20260918,46,0.501828,0.511111,0.511111
real_fists_feet,subject_disjoint,20260918,47,0.501828,0.488889,0.488889
real_fists_feet,subject_disjoint,20260918,48,0.502021,0.488889,0.488889
real_fists_feet,subject_disjoint,20260918,49,0.502021,0.511111,0.511111
real_fists_feet,subject_disjoint,20260918,50,0.501828,0.488889,0.488889
real_fists_feet,subject_disjoint,20260918,51,0.502021,0.5,0.5
real_fists_feet,subject_disjoint,20260918,52,0.502021,0.511111,0.511111
real_fists_feet,subject_disjoint,20260918,53,0.501381,0.511111,0.511111
real_fists_feet,subject_disjoint,20260918,54,0.501828,0.533333,0.533333
real_fists_feet,subject_disjoint,20260918,55,0.501381,0.488889,0.488889
real_fists_feet,subject_disjoint,20260918,56,0.502021,0.488889,0.488889
real_fists_feet,subject_disjoint,20260918,57,0.502021,0.488889,0.488889
real_fists_feet,subject_disjoint,20260918,58,0.502021,0.488889,0.488889
real_fists_feet,subject_disjoint,20260918,59,0.502021,0.511111,0.511111
real_fists_feet,subject_disjoint,20260918,60,0.501828,0.488889,0.488889
real_fists_feet,subject_disjoint,20260918,61,0.502021,0.488889,0.488889
real_fists_feet,subject_disjoint,20260918,62,0.501828,0.488889,0.488889
real_fists_feet,subject_disjoint,20260918,63,0.502021,0.488889,0.488889
real_fists_feet,subject_disjoint,20260918,64,0.502021,0.5,0.5
real_fists_feet,subject_disjoint,20260918,65,0.501381,0.488889,0.488889
real_fists_feet,subject_disjoint,20260918,66,0.501381,0.511111,0.511111
real_fists_feet,subject_disjoint,20260918,67,0.501381,0.533333,0.533333
real_fists_feet,subject_disjoint,20260918,68,0.501381,0.488889,0.488889
real_fists_feet,subject_disjoint,20260918,69,0.501381,0.488889,0.488889
real_fists_feet,subject_disjoint,20260918,70,0.501828,0.511111,0.511111
real_fists_feet,subject_disjoint,20260918,71,0.501381,0.511111,0.511111
real_fists_feet,subject_disjoint,20260918,72,0.501828,0.5,0.5
real_fists_feet,subject_disjoint,20260918,73,0.502021,0.5,0.5
real_fists_feet,subject_disjoint,20260918,74,0.502021,0.5,0.5
real_fists_feet,subject_disjoint,20260918,75,0.501828,0.511111,0.511111
real_fists_feet,subject_disjoint,20260918,76,0.501828,0.5,0.5
real_fists_feet,subject_disjoint,20260918,77,0.501381,0.488889,0.488889
real_fists_feet,subject_disjoint,20260918,78,0.501381,0.488889,0.488889
real_fists_feet,subject_disjoint,20260918,79,0.502021,0.511111,0.511111
real_fists_feet,subject_disjoint,20260918,80,0.501828,0.511111,0.511111
real_fists_feet,subject_disjoint,20260918,81,0.502021,0.533333,0.533333
real_fists_feet,subject_disjoint,20260918,82,0.501381,0.466667,0.466667
real_fists_feet,subject_disjoint,20260918,83,0.501828,0.511111,0.511111
real_fists_feet,subject_disjoint,20260918,84,0.501828,0.488889,0.488889
real_fists_feet,subject_disjoint,20260918,85,0.501828,0.511111,0.511111
real_fists_feet,subject_disjoint,20260918,86,0.502021,0.488889,0.488889
real_fists_feet,subject_disjoint,20260918,87,0.502021,0.533333,0.533333
real_fists_feet,subject_disjoint,20260918,88,0.502021,0.473684,0.473684
real_fists_feet,subject_disjoint,20260918,89,0.501381,0.511111,0.511111
real_fists_feet,subject_disjoint,20260918,90,0.501828,0.488889,0.488889
real_fists_feet,subject_disjoint,20260918,91,0.502021,0.511111,0.511111
real_fists_feet,subject_disjoint,20260918,92,0.502021,0.491228,0.491228
real_fists_feet,subject_disjoint,20260918,93,0.501828,0.488889,0.488889
real_fists_feet,subject_disjoint,20260918,94,0.501828,0.511111,0.511111
real_fists_feet,subject_disjoint,20260918,95,0.501381,0.533333,0.533333
real_fists_feet,subject_disjoint,20260918,96,0.501828,0.466667,0.466667
real_fists_feet,subject_disjoint,20260918,97,0.501381,0.466667,0.466667
real_fists_feet,subject_disjoint,20260918,98,0.501381,0.488889,0.488889
real_fists_feet,subject_disjoint,20260918,99,0.501828,0.488889,0.488889
real_fists_feet,subject_disjoint,20260918,100,0.502021,0.5,0.5
real_fists_feet,subject_disjoint,20260918,101,0.502021,0.511111,0.511111
real_fists_feet,subject_disjoint,20260918,102,0.501828,0.5,0.5
real_fists_feet,subject_disjoint,20260918,103,0.501828,0.511111,0.511111
real_fists_feet,subject_disjoint,20260918,104,0.501381,0.488889,0.488889
real_fists_feet,subject_disjoint,20260918,105,0.502021,0.488889,0.488889
real_fists_feet,subject_disjoint,20260918,106,0.501828,0.5,0.5
real_fists_feet,subject_disjoint,20260918,107,0.501381,0.533333,0.533333
real_fists_feet,subject_disjoint,20260918,108,0.502021,0.488889,0.488889
real_fists_feet,subject_disjoint,20260918,109,0.501828,0.466667,0.466667
real_fists_feet,subject_disjoint,20260919,1,0.501527,0.488889,0.488889
real_fists_feet,subject_disjoint,20260919,2,0.50403,0.533333,0.533333
real_fists_feet,subject_disjoint,20260919,3,0.50403,0.511111,0.511111
real_fists_feet,subject_disjoint,20260919,4,0.499693,0.511111,0.488889
real_fists_feet,subject_disjoint,20260919,5,0.499693,0.511111,0.488889
real_fists_feet,subject_disjoint,20260919,6,0.499693,0.511111,0.488889
real_fists_feet,subject_disjoint,20260919,7,0.501527,0.511111,0.511111
real_fists_feet,subject_disjoint,20260919,8,0.499693,0.511111,0.488889
real_fists_feet,subject_disjoint,20260919,9,0.50403,0.488889,0.488889
real_fists_feet,subject_disjoint,20260919,10,0.501527,0.488889,0.488889
real_fists_feet,subject_disjoint,20260919,11,0.50403,0.511111,0.511111
real_fists_feet,subject_disjoint,20260919,12,0.501527,0.488889,0.488889
real_fists_feet,subject_disjoint,20260919,13,0.50403,0.466667,0.466667
real_fists_feet,subject_disjoint,20260919,14,0.499693,0.533333,0.466667
real_fists_feet,subject_disjoint,20260919,15,0.501527,0.511111,0.511111
real_fists_feet,subject_disjoint,20260919,16,0.501527,0.511111,0.511111
real_fists_feet,subject_disjoint,20260919,17,0.50403,0.511111,0.511111
real_fists_feet,subject_disjoint,20260919,18,0.501527,0.466667,0.466667
real_fists_feet,subject_disjoint,20260919,19,0.499693,0.511111,0.488889
real_fists_feet,subject_disjoint,20260919,20,0.501527,0.533333,0.533333
real_fists_feet,subject_disjoint,20260919,21,0.50403,0.511111,0.511111
real_fists_feet,subject_disjoint,20260919,22,0.499693,0.511111,0.488889
real_fists_feet,subject_disjoint,20260919,23,0.50403,0.488889,0.488889
real_fists_feet,subject_disjoint,20260919,24,0.501527,0.511111,0.511111
real_fists_feet,subject_disjoint,20260919,25,0.499693,0.533333,0.466667
real_fists_feet,subject_disjoint,20260919,26,0.501527,0.488889,0.488889
real_fists_feet,subject_disjoint,20260919,27,0.501527,0.511111,0.511111
real_fists_feet,subject_disjoint,20260919,28,0.50403,0.466667,0.466667
real_fists_feet,subject_disjoint,20260919,29,0.499693,0.488889,0.511111
real_fists_feet,subject_disjoint,20260919,30,0.501527,0.511111,0.511111
real_fists_feet,subject_disjoint,20260919,31,0.501527,0.533333,0.533333
real_fists_feet,subject_disjoint,20260919,32,0.50403,0.511111,0.511111
real_fists_feet,subject_disjoint,20260919,33,0.499693,0.533333,0.466667
real_fists_feet,subject_disjoint,20260919,34,0.50403,0.5,0.5
real_fists_feet,subject_disjoint,20260919,35,0.50403,0.511111,0.511111
real_fists_feet,subject_disjoint,20260919,36,0.501527,0.511111,0.511111
real_fists_feet,subject_disjoint,20260919,37,0.499693,0.5,0.5
real_fists_feet,subject_disjoint,20260919,38,0.50403,0.488889,0.488889
real_fists_feet,subject_disjoint,20260919,39,0.50403,0.488889,0.488889
real_fists_feet,subject_disjoint,20260919,40,0.501527,0.511111,0.511111
real_fists_feet,subject_disjoint,20260919,41,0.50403,0.5,0.5
real_fists_feet,subject_disjoint,20260919,42,0.50403,0.488889,0.488889
real_fists_feet,subject_disjoint,20260919,43,0.499693,0.511111,0.488889
real_fists_feet,subject_disjoint,20260919,44,0.499693,0.533333,0.466667
real_fists_feet,subject_disjoint,20260919,45,0.501527,0.488889,0.488889
real_fists_feet,subject_disjoint,20260919,46,0.501527,0.511111,0.511111
real_fists_feet,subject_disjoint,20260919,47,0.499693,0.488889,0.511111
real_fists_feet,subject_disjoint,20260919,48,0.501527,0.488889,0.488889
real_fists_feet,subject_disjoint,20260919,49,0.50403,0.511111,0.511111
real_fists_feet,subject_disjoint,20260919,50,0.50403,0.488889,0.488889
real_fists_feet,subject_disjoint,20260919,51,0.501527,0.5,0.5
real_fists_feet,subject_disjoint,20260919,52,0.50403,0.511111,0.511111
real_fists_feet,subject_disjoint,20260919,53,0.50403,0.511111,0.511111
real_fists_feet,subject_disjoint,20260919,54,0.50403,0.533333,0.533333
real_fists_feet,subject_disjoint,20260919,55,0.50403,0.488889,0.488889
real_fists_feet,subject_disjoint,20260919,56,0.501527,0.488889,0.488889
real_fists_feet,subject_disjoint,20260919,57,0.501527,0.488889,0.488889
real_fists_feet,subject_disjoint,20260919,58,0.501527,0.488889,0.488889
real_fists_feet,subject_disjoint,20260919,59,0.501527,0.511111,0.511111
real_fists_feet,subject_disjoint,20260919,60,0.499693,0.488889,0.511111
real_fists_feet,subject_disjoint,20260919,61,0.499693,0.488889,0.511111
real_fists_feet,subject_disjoint,20260919,62,0.50403,0.488889,0.488889
real_fists_feet,subject_disjoint,20260919,63,0.501527,0.488889,0.488889
real_fists_feet,subject_disjoint,20260919,64,0.50403,0.5,0.5
real_fists_feet,subject_disjoint,20260919,65,0.501527,0.488889,0.488889
real_fists_feet,subject_disjoint,20260919,66,0.499693,0.511111,0.488889
real_fists_feet,subject_disjoint,20260919,67,0.501527,0.533333,0.533333
real_fists_feet,subject_disjoint,20260919,68,0.501527,0.488889,0.488889
real_fists_feet,subject_disjoint,20260919,69,0.499693,0.488889,0.511111
real_fists_feet,subject_disjoint,20260919,70,0.501527,0.511111,0.511111
real_fists_feet,subject_disjoint,20260919,71,0.50403,0.511111,0.511111
real_fists_feet,subject_disjoint,20260919,72,0.499693,0.5,0.5
real_fists_feet,subject_disjoint,20260919,73,0.501527,0.5,0.5
real_fists_feet,subject_disjoint,20260919,74,0.50403,0.5,0.5
real_fists_feet,subject_disjoint,20260919,75,0.501527,0.511111,0.511111
real_fists_feet,subject_disjoint,20260919,76,0.499693,0.5,0.5
real_fists_feet,subject_disjoint,20260919,77,0.499693,0.488889,0.511111
real_fists_feet,subject_disjoint,20260919,78,0.50403,0.488889,0.488889
real_fists_feet,subject_disjoint,20260919,79,0.50403,0.511111,0.511111
real_fists_feet,subject_disjoint,20260919,80,0.50403,0.511111,0.511111
real_fists_feet,subject_disjoint,20260919,81,0.499693,0.533333,0.466667
real_fists_feet,subject_disjoint,20260919,82,0.50403,0.466667,0.466667
real_fists_feet,subject_disjoint,20260919,83,0.50403,0.511111,0.511111
real_fists_feet,subject_disjoint,20260919,84,0.499693,0.488889,0.511111
real_fists_feet,subject_disjoint,20260919,85,0.499693,0.511111,0.488889
real_fists_feet,subject_disjoint,20260919,86,0.501527,0.488889,0.488889
real_fists_feet,subject_disjoint,20260919,87,0.499693,0.533333,0.466667
real_fists_feet,subject_disjoint,20260919,88,0.499693,0.473684,0.526316
real_fists_feet,subject_disjoint,20260919,89,0.499693,0.511111,0.488889
real_fists_feet,subject_disjoint,20260919,90,0.501527,0.488889,0.488889
real_fists_feet,subject_disjoint,20260919,91,0.499693,0.511111,0.488889
real_fists_feet,subject_disjoint,20260919,92,0.499693,0.491228,0.508772
real_fists_feet,subject_disjoint,20260919,93,0.50403,0.488889,0.488889
real_fists_feet,subject_disjoint,20260919,94,0.499693,0.511111,0.488889
real_fists_feet,subject_disjoint,20260919,95,0.499693,0.533333,0.466667
real_fists_feet,subject_disjoint,20260919,96,0.499693,0.466667,0.533333
real_fists_feet,subject_disjoint,20260919,97,0.50403,0.466667,0.466667
real_fists_feet,subject_disjoint,20260919,98,0.499693,0.488889,0.511111
real_fists_feet,subject_disjoint,20260919,99,0.501527,0.488889,0.488889
real_fists_feet,subject_disjoint,20260919,100,0.501527,0.5,0.5
real_fists_feet,subject_disjoint,20260919,101,0.501527,0.511111,0.511111
real_fists_feet,subject_disjoint,20260919,102,0.499693,0.5,0.5
real_fists_feet,subject_disjoint,20260919,103,0.499693,0.511111,0.488889
real_fists_feet,subject_disjoint,20260919,104,0.50403,0.488889,0.488889
real_fists_feet,subject_disjoint,20260919,105,0.50403,0.488889,0.488889
real_fists_feet,subject_disjoint,20260919,106,0.499693,0.5,0.5
real_fists_feet,subject_disjoint,20260919,107,0.501527,0.533333,0.533333
real_fists_feet,subject_disjoint,20260919,108,0.50403,0.488889,0.488889
real_fists_feet,subject_disjoint,20260919,109,0.50403,0.466667,0.466667
real_fists_feet,subject_disjoint,20260920,1,0.501529,0.488889,0.488889
real_fists_feet,subject_disjoint,20260920,2,0.50124,0.533333,0.533333
real_fists_feet,subject_disjoint,20260920,3,0.502452,0.511111,0.511111
real_fists_feet,subject_disjoint,20260920,4,0.50124,0.511111,0.511111
real_fists_feet,subject_disjoint,20260920,5,0.501529,0.511111,0.511111
real_fists_feet,subject_disjoint,20260920,6,0.50124,0.511111,0.511111
real_fists_feet,subject_disjoint,20260920,7,0.502452,0.511111,0.511111
real_fists_feet,subject_disjoint,20260920,8,0.50124,0.511111,0.511111
real_fists_feet,subject_disjoint,20260920,9,0.502452,0.488889,0.488889
real_fists_feet,subject_disjoint,20260920,10,0.50124,0.488889,0.488889
real_fists_feet,subject_disjoint,20260920,11,0.502452,0.511111,0.511111
real_fists_feet,subject_disjoint,20260920,12,0.501529,0.488889,0.488889
real_fists_feet,subject_disjoint,20260920,13,0.50124,0.466667,0.466667
real_fists_feet,subject_disjoint,20260920,14,0.502452,0.533333,0.533333
real_fists_feet,subject_disjoint,20260920,15,0.501529,0.511111,0.511111
real_fists_feet,subject_disjoint,20260920,16,0.502452,0.511111,0.511111
real_fists_feet,subject_disjoint,20260920,17,0.50124,0.511111,0.511111
real_fists_feet,subject_disjoint,20260920,18,0.502452,0.466667,0.466667
real_fists_feet,subject_disjoint,20260920,19,0.502452,0.511111,0.511111
real_fists_feet,subject_disjoint,20260920,20,0.501529,0.533333,0.533333
real_fists_feet,subject_disjoint,20260920,21,0.50124,0.511111,0.511111
real_fists_feet,subject_disjoint,20260920,22,0.50124,0.511111,0.511111
real_fists_feet,subject_disjoint,20260920,23,0.501529,0.488889,0.488889
real_fists_feet,subject_disjoint,20260920,24,0.502452,0.511111,0.511111
real_fists_feet,subject_disjoint,20260920,25,0.501529,0.533333,0.533333
real_fists_feet,subject_disjoint,20260920,26,0.501529,0.488889,0.488889
real_fists_feet,subject_disjoint,20260920,27,0.501529,0.511111,0.511111
real_fists_feet,subject_disjoint,20260920,28,0.501529,0.466667,0.466667
real_fists_feet,subject_disjoint,20260920,29,0.501529,0.488889,0.488889
real_fists_feet,subject_disjoint,20260920,30,0.501529,0.511111,0.511111
real_fists_feet,subject_disjoint,20260920,31,0.501529,0.533333,0.533333
real_fists_feet,subject_disjoint,20260920,32,0.50124,0.511111,0.511111
real_fists_feet,subject_disjoint,20260920,33,0.50124,0.533333,0.533333
real_fists_feet,subject_disjoint,20260920,34,0.502452,0.5,0.5
real_fists_feet,subject_disjoint,20260920,35,0.502452,0.511111,0.511111
real_fists_feet,subject_disjoint,20260920,36,0.501529,0.511111,0.511111
real_fists_feet,subject_disjoint,20260920,37,0.501529,0.5,0.5
real_fists_feet,subject_disjoint,20260920,38,0.502452,0.488889,0.488889
real_fists_feet,subject_disjoint,20260920,39,0.502452,0.488889,0.488889
real_fists_feet,subject_disjoint,20260920,40,0.50124,0.511111,0.511111
real_fists_feet,subject_disjoint,20260920,41,0.50124,0.5,0.5
real_fists_feet,subject_disjoint,20260920,42,0.502452,0.488889,0.488889
real_fists_feet,subject_disjoint,20260920,43,0.50124,0.511111,0.511111
real_fists_feet,subject_disjoint,20260920,44,0.502452,0.533333,0.533333
real_fists_feet,subject_disjoint,20260920,45,0.50124,0.488889,0.488889
real_fists_feet,subject_disjoint,20260920,46,0.50124,0.511111,0.511111
real_fists_feet,subject_disjoint,20260920,47,0.502452,0.488889,0.488889
real_fists_feet,subject_disjoint,20260920,48,0.50124,0.488889,0.488889
real_fists_feet,subject_disjoint,20260920,49,0.502452,0.511111,0.511111
real_fists_feet,subject_disjoint,20260920,50,0.502452,0.488889,0.488889
real_fists_feet,subject_disjoint,20260920,51,0.501529,0.5,0.5
real_fists_feet,subject_disjoint,20260920,52,0.50124,0.511111,0.511111
real_fists_feet,subject_disjoint,20260920,53,0.501529,0.511111,0.511111
real_fists_feet,subject_disjoint,20260920,54,0.50124,0.533333,0.533333
real_fists_feet,subject_disjoint,20260920,55,0.501529,0.488889,0.488889
real_fists_feet,subject_disjoint,20260920,56,0.502452,0.488889,0.488889
real_fists_feet,subject_disjoint,20260920,57,0.501529,0.488889,0.488889
real_fists_feet,subject_disjoint,20260920,58,0.501529,0.488889,0.488889
real_fists_feet,subject_disjoint,20260920,59,0.50124,0.511111,0.511111
real_fists_feet,subject_disjoint,20260920,60,0.501529,0.488889,0.488889
real_fists_feet,subject_disjoint,20260920,61,0.502452,0.488889,0.488889
real_fists_feet,subject_disjoint,20260920,62,0.50124,0.488889,0.488889
real_fists_feet,subject_disjoint,20260920,63,0.501529,0.488889,0.488889
real_fists_feet,subject_disjoint,20260920,64,0.502452,0.5,0.5
real_fists_feet,subject_disjoint,20260920,65,0.501529,0.488889,0.488889
real_fists_feet,subject_disjoint,20260920,66,0.502452,0.511111,0.511111
real_fists_feet,subject_disjoint,20260920,67,0.50124,0.533333,0.533333
real_fists_feet,subject_disjoint,20260920,68,0.50124,0.488889,0.488889
real_fists_feet,subject_disjoint,20260920,69,0.501529,0.488889,0.488889
real_fists_feet,subject_disjoint,20260920,70,0.501529,0.511111,0.511111
real_fists_feet,subject_disjoint,20260920,71,0.502452,0.511111,0.511111
real_fists_feet,subject_disjoint,20260920,72,0.502452,0.5,0.5
real_fists_feet,subject_disjoint,20260920,73,0.502452,0.5,0.5
real_fists_feet,subject_disjoint,20260920,74,0.502452,0.5,0.5
real_fists_feet,subject_disjoint,20260920,75,0.50124,0.511111,0.511111
real_fists_feet,subject_disjoint,20260920,76,0.501529,0.5,0.5
real_fists_feet,subject_disjoint,20260920,77,0.50124,0.488889,0.488889
real_fists_feet,subject_disjoint,20260920,78,0.502452,0.488889,0.488889
real_fists_feet,subject_disjoint,20260920,79,0.502452,0.511111,0.511111
real_fists_feet,subject_disjoint,20260920,80,0.502452,0.511111,0.511111
real_fists_feet,subject_disjoint,20260920,81,0.501529,0.533333,0.533333
real_fists_feet,subject_disjoint,20260920,82,0.502452,0.466667,0.466667
real_fists_feet,subject_disjoint,20260920,83,0.50124,0.511111,0.511111
real_fists_feet,subject_disjoint,20260920,84,0.501529,0.488889,0.488889
real_fists_feet,subject_disjoint,20260920,85,0.501529,0.511111,0.511111
real_fists_feet,subject_disjoint,20260920,86,0.50124,0.488889,0.488889
real_fists_feet,subject_disjoint,20260920,87,0.501529,0.533333,0.533333
real_fists_feet,subject_disjoint,20260920,88,0.502452,0.473684,0.473684
real_fists_feet,subject_disjoint,20260920,89,0.50124,0.511111,0.511111
real_fists_feet,subject_disjoint,20260920,90,0.50124,0.488889,0.488889
real_fists_feet,subject_disjoint,20260920,91,0.502452,0.511111,0.511111
real_fists_feet,subject_disjoint,20260920,92,0.501529,0.491228,0.491228
real_fists_feet,subject_disjoint,20260920,93,0.501529,0.488889,0.488889
real_fists_feet,subject_disjoint,20260920,94,0.50124,0.511111,0.511111
real_fists_feet,subject_disjoint,20260920,95,0.502452,0.533333,0.533333
real_fists_feet,subject_disjoint,20260920,96,0.502452,0.466667,0.466667
real_fists_feet,subject_disjoint,20260920,97,0.50124,0.466667,0.466667
real_fists_feet,subject_disjoint,20260920,98,0.50124,0.488889,0.488889
real_fists_feet,subject_disjoint,20260920,99,0.50124,0.488889,0.488889
real_fists_feet,subject_disjoint,20260920,100,0.50124,0.5,0.5
real_fists_feet,subject_disjoint,20260920,101,0.502452,0.511111,0.511111
real_fists_feet,subject_disjoint,20260920,102,0.501529,0.5,0.5
real_fists_feet,subject_disjoint,20260920,103,0.50124,0.511111,0.511111
real_fists_feet,subject_disjoint,20260920,104,0.501529,0.488889,0.488889
real_fists_feet,subject_disjoint,20260920,105,0.502452,0.488889,0.488889
real_fists_feet,subject_disjoint,20260920,106,0.501529,0.5,0.5
real_fists_feet,subject_disjoint,20260920,107,0.501529,0.533333,0.533333
real_fists_feet,subject_disjoint,20260920,108,0.50124,0.488889,0.488889
real_fists_feet,subject_disjoint,20260920,109,0.50124,0.466667,0.466667
