dataset,task,model,protocol,seed,fold,n_train,n_test,train_acc,test_acc
eegbci,imagery_left_right_fist,csp_lda,trial_random,20260916,trial0,3265,1633,0.558959,0.516228
eegbci,imagery_left_right_fist,riemann_ts_lr,trial_random,20260916,trial0,3265,1633,0.945789,0.633803
eegbci,imagery_left_right_fist,csp_lda,trial_random,20260916,trial1,3265,1633,0.580092,0.568892
eegbci,imagery_left_right_fist,riemann_ts_lr,trial_random,20260916,trial1,3265,1633,0.940276,0.666871
eegbci,imagery_left_right_fist,csp_lda,trial_random,20260916,trial2,3266,1632,0.538273,0.519608
eegbci,imagery_left_right_fist,riemann_ts_lr,trial_random,20260916,trial2,3266,1632,0.946724,0.645221
eegbci,imagery_left_right_fist,csp_lda,trial_random,20260917,trial0,3265,1633,0.551914,0.5297
eegbci,imagery_left_right_fist,riemann_ts_lr,trial_random,20260917,trial0,3265,1633,0.950383,0.649112
eegbci,imagery_left_right_fist,csp_lda,trial_random,20260917,trial1,3265,1633,0.611639,0.602572
eegbci,imagery_left_right_fist,riemann_ts_lr,trial_random,20260917,trial1,3265,1633,0.945176,0.658298
eegbci,imagery_left_right_fist,csp_lda,trial_random,20260917,trial2,3266,1632,0.533987,0.554534
eegbci,imagery_left_right_fist,riemann_ts_lr,trial_random,20260917,trial2,3266,1632,0.951317,0.639706
eegbci,imagery_left_right_fist,csp_lda,trial_random,20260918,trial0,3265,1633,0.548545,0.5297
eegbci,imagery_left_right_fist,riemann_ts_lr,trial_random,20260918,trial0,3265,1633,0.947933,0.653399
eegbci,imagery_left_right_fist,csp_lda,trial_random,20260918,trial1,3265,1633,0.573354,0.581139
eegbci,imagery_left_right_fist,riemann_ts_lr,trial_random,20260918,trial1,3265,1633,0.954364,0.641764
eegbci,imagery_left_right_fist,csp_lda,trial_random,20260918,trial2,3266,1632,0.557563,0.534926
eegbci,imagery_left_right_fist,riemann_ts_lr,trial_random,20260918,trial2,3266,1632,0.952235,0.656863
eegbci,imagery_left_right_fist,csp_lda,trial_random,20260919,trial0,3265,1633,0.61807,0.608696
eegbci,imagery_left_right_fist,riemann_ts_lr,trial_random,20260919,trial0,3265,1633,0.950077,0.639927
eegbci,imagery_left_right_fist,csp_lda,trial_random,20260919,trial1,3265,1633,0.631853,0.582364
eegbci,imagery_left_right_fist,riemann_ts_lr,trial_random,20260919,trial1,3265,1633,0.94732,0.617881
eegbci,imagery_left_right_fist,csp_lda,trial_random,20260919,trial2,3266,1632,0.609002,0.578431
eegbci,imagery_left_right_fist,riemann_ts_lr,trial_random,20260919,trial2,3266,1632,0.945193,0.660539
eegbci,imagery_left_right_fist,csp_lda,trial_random,20260920,trial0,3265,1633,0.615314,0.601347
eegbci,imagery_left_right_fist,riemann_ts_lr,trial_random,20260920,trial0,3265,1633,0.946708,0.651562
eegbci,imagery_left_right_fist,csp_lda,trial_random,20260920,trial1,3265,1633,0.586524,0.573178
eegbci,imagery_left_right_fist,riemann_ts_lr,trial_random,20260920,trial1,3265,1633,0.948239,0.641151
eegbci,imagery_left_right_fist,csp_lda,trial_random,20260920,trial2,3266,1632,0.603491,0.579657
eegbci,imagery_left_right_fist,riemann_ts_lr,trial_random,20260920,trial2,3266,1632,0.945805,0.64277
eegbci,imagery_left_right_fist,csp_lda,run_disjoint,20260916,run0,3262,1636,0.618639,0.599022
eegbci,imagery_left_right_fist,riemann_ts_lr,run_disjoint,20260916,run0,3262,1636,0.952177,0.642421
eegbci,imagery_left_right_fist,csp_lda,run_disjoint,20260916,run1,3269,1629,0.600489,0.590546
eegbci,imagery_left_right_fist,riemann_ts_lr,run_disjoint,20260916,run1,3269,1629,0.944325,0.655617
eegbci,imagery_left_right_fist,csp_lda,run_disjoint,20260916,run2,3265,1633,0.621133,0.636865
eegbci,imagery_left_right_fist,riemann_ts_lr,run_disjoint,20260916,run2,3265,1633,0.949464,0.661359
eegbci,imagery_left_right_fist,csp_lda,subject_disjoint,20260916,subj0,3242,1656,0.615978,0.594807
eegbci,imagery_left_right_fist,riemann_ts_lr,subject_disjoint,20260916,subj0,3242,1656,0.947563,0.610507
eegbci,imagery_left_right_fist,csp_lda,subject_disjoint,20260916,subj1,3280,1618,0.632012,0.609394
eegbci,imagery_left_right_fist,riemann_ts_lr,subject_disjoint,20260916,subj1,3280,1618,0.953659,0.563659
eegbci,imagery_left_right_fist,csp_lda,subject_disjoint,20260916,subj2,3274,1624,0.615761,0.617611
eegbci,imagery_left_right_fist,riemann_ts_lr,subject_disjoint,20260916,subj2,3274,1624,0.946854,0.605911
eegbci,imagery_left_right_fist,csp_lda,subject_disjoint,20260917,subj0,3224,1674,0.603288,0.592593
eegbci,imagery_left_right_fist,riemann_ts_lr,subject_disjoint,20260917,subj0,3224,1674,0.941687,0.613501
eegbci,imagery_left_right_fist,csp_lda,subject_disjoint,20260917,subj1,3287,1611,0.606328,0.60149
eegbci,imagery_left_right_fist,riemann_ts_lr,subject_disjoint,20260917,subj1,3287,1611,0.953149,0.597145
eegbci,imagery_left_right_fist,csp_lda,subject_disjoint,20260917,subj2,3285,1613,0.634094,0.581525
eegbci,imagery_left_right_fist,riemann_ts_lr,subject_disjoint,20260917,subj2,3285,1613,0.952207,0.606324
eegbci,imagery_left_right_fist,csp_lda,subject_disjoint,20260918,subj0,3227,1671,0.615432,0.596649
eegbci,imagery_left_right_fist,riemann_ts_lr,subject_disjoint,20260918,subj0,3227,1671,0.951348,0.593656
eegbci,imagery_left_right_fist,csp_lda,subject_disjoint,20260918,subj1,3288,1610,0.615268,0.603106
eegbci,imagery_left_right_fist,riemann_ts_lr,subject_disjoint,20260918,subj1,3288,1610,0.945864,0.603727
eegbci,imagery_left_right_fist,csp_lda,subject_disjoint,20260918,subj2,3281,1617,0.611399,0.580087
eegbci,imagery_left_right_fist,riemann_ts_lr,subject_disjoint,20260918,subj2,3281,1617,0.956721,0.596166
eegbci,imagery_left_right_fist,csp_lda,subject_disjoint,20260919,subj0,3242,1656,0.604565,0.609903
eegbci,imagery_left_right_fist,riemann_ts_lr,subject_disjoint,20260919,subj0,3242,1656,0.951265,0.592995
eegbci,imagery_left_right_fist,csp_lda,subject_disjoint,20260919,subj1,3264,1634,0.615196,0.583231
eegbci,imagery_left_right_fist,riemann_ts_lr,subject_disjoint,20260919,subj1,3264,1634,0.949449,0.588739
eegbci,imagery_left_right_fist,csp_lda,subject_disjoint,20260919,subj2,3290,1608,0.611854,0.601368
eegbci,imagery_left_right_fist,riemann_ts_lr,subject_disjoint,20260919,subj2,3290,1608,0.948936,0.587687
eegbci,imagery_left_right_fist,csp_lda,subject_disjoint,20260920,subj0,3243,1655,0.621647,0.599396
eegbci,imagery_left_right_fist,riemann_ts_lr,subject_disjoint,20260920,subj0,3243,1655,0.952205,0.603021
eegbci,imagery_left_right_fist,csp_lda,subject_disjoint,20260920,subj1,3276,1622,0.619963,0.589396
eegbci,imagery_left_right_fist,riemann_ts_lr,subject_disjoint,20260920,subj1,3276,1622,0.95177,0.611591
eegbci,imagery_left_right_fist,csp_lda,subject_disjoint,20260920,subj2,3277,1621,0.602991,0.595312
eegbci,imagery_left_right_fist,riemann_ts_lr,subject_disjoint,20260920,subj2,3277,1621,0.947818,0.619371
eegbci,imagery_left_right_fist,csp_lda,within_subject,20260916,within_s1_h0,30,15,1,0.666667
eegbci,imagery_left_right_fist,riemann_ts_lr,within_subject,20260916,within_s1_h0,30,15,1,0.933333
eegbci,imagery_left_right_fist,csp_lda,within_subject,20260916,within_s1_h1,30,15,1,0.666667
eegbci,imagery_left_right_fist,riemann_ts_lr,within_subject,20260916,within_s1_h1,30,15,1,0.733333
eegbci,imagery_left_right_fist,csp_lda,within_subject,20260916,within_s1_h2,30,15,0.966667,0.6
eegbci,imagery_left_right_fist,riemann_ts_lr,within_subject,20260916,within_s1_h2,30,15,1,0.733333
eegbci,imagery_left_right_fist,csp_lda,within_subject,20260916,within_s2_h0,30,15,0.966667,0.866667
eegbci,imagery_left_right_fist,riemann_ts_lr,within_subject,20260916,within_s2_h0,30,15,1,0.933333
eegbci,imagery_left_right_fist,csp_lda,within_subject,20260916,within_s2_h1,30,15,0.933333,0.8
eegbci,imagery_left_right_fist,riemann_ts_lr,within_subject,20260916,within_s2_h1,30,15,1,0.933333
eegbci,imagery_left_right_fist,csp_lda,within_subject,20260916,within_s2_h2,30,15,1,0.733333
eegbci,imagery_left_right_fist,riemann_ts_lr,within_subject,20260916,within_s2_h2,30,15,1,0.866667
eegbci,imagery_left_right_fist,csp_lda,within_subject,20260916,within_s3_h0,30,15,1,0.6
eegbci,imagery_left_right_fist,riemann_ts_lr,within_subject,20260916,within_s3_h0,30,15,1,0.6
eegbci,imagery_left_right_fist,csp_lda,within_subject,20260916,within_s3_h1,30,15,1,0.4
eegbci,imagery_left_right_fist,riemann_ts_lr,within_subject,20260916,within_s3_h1,30,15,1,0.466667
eegbci,imagery_left_right_fist,csp_lda,within_subject,20260916,within_s3_h2,30,15,0.966667,0.466667
eegbci,imagery_left_right_fist,riemann_ts_lr,within_subject,20260916,within_s3_h2,30,15,1,0.533333
eegbci,imagery_left_right_fist,csp_lda,within_subject,20260916,within_s4_h0,30,15,1,0.466667
eegbci,imagery_left_right_fist,riemann_ts_lr,within_subject,20260916,within_s4_h0,30,15,1,0.533333
eegbci,imagery_left_right_fist,csp_lda,within_subject,20260916,within_s4_h1,30,15,0.966667,0.6
eegbci,imagery_left_right_fist,riemann_ts_lr,within_subject,20260916,within_s4_h1,30,15,1,0.8
eegbci,imagery_left_right_fist,csp_lda,within_subject,20260916,within_s4_h2,30,15,0.966667,0.466667
eegbci,imagery_left_right_fist,riemann_ts_lr,within_subject,20260916,within_s4_h2,30,15,1,0.466667
eegbci,imagery_left_right_fist,csp_lda,within_subject,20260916,within_s5_h0,30,15,1,0.6
eegbci,imagery_left_right_fist,riemann_ts_lr,within_subject,20260916,within_s5_h0,30,15,1,0.466667
eegbci,imagery_left_right_fist,csp_lda,within_subject,20260916,within_s5_h1,30,15,1,0.6
eegbci,imagery_left_right_fist,riemann_ts_lr,within_subject,20260916,within_s5_h1,30,15,1,0.533333
eegbci,imagery_left_right_fist,csp_lda,within_subject,20260916,within_s5_h2,30,15,1,0.666667
eegbci,imagery_left_right_fist,riemann_ts_lr,within_subject,20260916,within_s5_h2,30,15,1,0.466667
eegbci,imagery_left_right_fist,csp_lda,within_subject,20260916,within_s6_h0,30,15,0.966667,0.533333
eegbci,imagery_left_right_fist,riemann_ts_lr,within_subject,20260916,within_s6_h0,30,15,1,0.533333
eegbci,imagery_left_right_fist,csp_lda,within_subject,20260916,within_s6_h1,30,15,1,0.666667
eegbci,imagery_left_right_fist,riemann_ts_lr,within_subject,20260916,within_s6_h1,30,15,1,0.666667
eegbci,imagery_left_right_fist,csp_lda,within_subject,20260916,within_s6_h2,30,15,1,0.533333
eegbci,imagery_left_right_fist,riemann_ts_lr,within_subject,20260916,within_s6_h2,30,15,1,0.6
eegbci,imagery_left_right_fist,csp_lda,within_subject,20260916,within_s7_h0,30,15,1,0.933333
eegbci,imagery_left_right_fist,riemann_ts_lr,within_subject,20260916,within_s7_h0,30,15,1,0.8
eegbci,imagery_left_right_fist,csp_lda,within_subject,20260916,within_s7_h1,30,15,1,0.933333
eegbci,imagery_left_right_fist,riemann_ts_lr,within_subject,20260916,within_s7_h1,30,15,1,0.933333
eegbci,imagery_left_right_fist,csp_lda,within_subject,20260916,within_s7_h2,30,15,1,1
eegbci,imagery_left_right_fist,riemann_ts_lr,within_subject,20260916,within_s7_h2,30,15,1,1
eegbci,imagery_left_right_fist,csp_lda,within_subject,20260916,within_s8_h0,30,15,1,0.533333
eegbci,imagery_left_right_fist,riemann_ts_lr,within_subject,20260916,within_s8_h0,30,15,1,0.666667
eegbci,imagery_left_right_fist,csp_lda,within_subject,20260916,within_s8_h1,30,15,0.966667,0.4
eegbci,imagery_left_right_fist,riemann_ts_lr,within_subject,20260916,within_s8_h1,30,15,1,0.533333
eegbci,imagery_left_right_fist,csp_lda,within_subject,20260916,within_s8_h2,30,15,1,0.466667
eegbci,imagery_left_right_fist,riemann_ts_lr,within_subject,20260916,within_s8_h2,30,15,1,0.533333
eegbci,imagery_left_right_fist,csp_lda,within_subject,20260916,within_s9_h0,30,15,1,0.533333
eegbci,imagery_left_right_fist,riemann_ts_lr,within_subject,20260916,within_s9_h0,30,15,1,0.533333
eegbci,imagery_left_right_fist,csp_lda,within_subject,20260916,within_s9_h1,30,15,1,0.466667
eegbci,imagery_left_right_fist,riemann_ts_lr,within_subject,20260916,within_s9_h1,30,15,1,0.533333
eegbci,imagery_left_right_fist,csp_lda,within_subject,20260916,within_s9_h2,30,15,1,0.6
eegbci,imagery_left_right_fist,riemann_ts_lr,within_subject,20260916,within_s9_h2,30,15,1,0.533333
eegbci,imagery_left_right_fist,csp_lda,within_subject,20260916,within_s10_h0,30,15,0.966667,0.533333
eegbci,imagery_left_right_fist,riemann_ts_lr,within_subject,20260916,within_s10_h0,30,15,1,0.533333
eegbci,imagery_left_right_fist,csp_lda,within_subject,20260916,within_s10_h1,30,15,1,0.666667
eegbci,imagery_left_right_fist,riemann_ts_lr,within_subject,20260916,within_s10_h1,30,15,1,0.6
eegbci,imagery_left_right_fist,csp_lda,within_subject,20260916,within_s10_h2,30,15,0.966667,0.733333
eegbci,imagery_left_right_fist,riemann_ts_lr,within_subject,20260916,within_s10_h2,30,15,1,0.533333
eegbci,imagery_left_right_fist,csp_lda,within_subject,20260916,within_s11_h0,30,15,1,0.466667
eegbci,imagery_left_right_fist,riemann_ts_lr,within_subject,20260916,within_s11_h0,30,15,1,0.733333
eegbci,imagery_left_right_fist,csp_lda,within_subject,20260916,within_s11_h1,30,15,1,0.533333
eegbci,imagery_left_right_fist,riemann_ts_lr,within_subject,20260916,within_s11_h1,30,15,1,0.533333
eegbci,imagery_left_right_fist,csp_lda,within_subject,20260916,within_s11_h2,30,15,0.966667,0.733333
eegbci,imagery_left_right_fist,riemann_ts_lr,within_subject,20260916,within_s11_h2,30,15,1,0.466667
eegbci,imagery_left_right_fist,csp_lda,within_subject,20260916,within_s12_h0,30,15,0.733333,0.533333
eegbci,imagery_left_right_fist,riemann_ts_lr,within_subject,20260916,within_s12_h0,30,15,1,0.666667
eegbci,imagery_left_right_fist,csp_lda,within_subject,20260916,within_s12_h1,30,15,0.766667,0.6
eegbci,imagery_left_right_fist,riemann_ts_lr,within_subject,20260916,within_s12_h1,30,15,1,0.666667
eegbci,imagery_left_right_fist,csp_lda,within_subject,20260916,within_s12_h2,30,15,1,0.8
eegbci,imagery_left_right_fist,riemann_ts_lr,within_subject,20260916,within_s12_h2,30,15,1,0.6
eegbci,imagery_left_right_fist,csp_lda,within_subject,20260916,within_s13_h0,30,15,0.933333,0.466667
eegbci,imagery_left_right_fist,riemann_ts_lr,within_subject,20260916,within_s13_h0,30,15,1,0.466667
eegbci,imagery_left_right_fist,csp_lda,within_subject,20260916,within_s13_h1,30,15,0.966667,0.666667
eegbci,imagery_left_right_fist,riemann_ts_lr,within_subject,20260916,within_s13_h1,30,15,1,0.533333
eegbci,imagery_left_right_fist,csp_lda,within_subject,20260916,within_s13_h2,30,15,0.9,0.666667
eegbci,imagery_left_right_fist,riemann_ts_lr,within_subject,20260916,within_s13_h2,30,15,1,0.733333
eegbci,imagery_left_right_fist,csp_lda,within_subject,20260916,within_s14_h0,30,15,1,0.466667
eegbci,imagery_left_right_fist,riemann_ts_lr,within_subject,20260916,within_s14_h0,30,15,1,0.6
eegbci,imagery_left_right_fist,csp_lda,within_subject,20260916,within_s14_h1,30,15,0.9,0.6
eegbci,imagery_left_right_fist,riemann_ts_lr,within_subject,20260916,within_s14_h1,30,15,1,0.533333
eegbci,imagery_left_right_fist,csp_lda,within_subject,20260916,within_s14_h2,30,15,1,0.6
eegbci,imagery_left_right_fist,riemann_ts_lr,within_subject,20260916,within_s14_h2,30,15,1,0.6
eegbci,imagery_left_right_fist,csp_lda,within_subject,20260916,within_s15_h0,30,15,1,0.6
eegbci,imagery_left_right_fist,riemann_ts_lr,within_subject,20260916,within_s15_h0,30,15,1,0.533333
eegbci,imagery_left_right_fist,csp_lda,within_subject,20260916,within_s15_h1,30,15,1,0.733333
eegbci,imagery_left_right_fist,riemann_ts_lr,within_subject,20260916,within_s15_h1,30,15,1,0.866667
eegbci,imagery_left_right_fist,csp_lda,within_subject,20260916,within_s15_h2,30,15,1,0.8
eegbci,imagery_left_right_fist,riemann_ts_lr,within_subject,20260916,within_s15_h2,30,15,1,0.866667
eegbci,imagery_left_right_fist,csp_lda,within_subject,20260916,within_s16_h0,30,15,1,0.533333
eegbci,imagery_left_right_fist,riemann_ts_lr,within_subject,20260916,within_s16_h0,30,15,1,0.533333
eegbci,imagery_left_right_fist,csp_lda,within_subject,20260916,within_s16_h1,30,15,1,0.666667
eegbci,imagery_left_right_fist,riemann_ts_lr,within_subject,20260916,within_s16_h1,30,15,1,0.666667
eegbci,imagery_left_right_fist,csp_lda,within_subject,20260916,within_s16_h2,30,15,1,0.8
eegbci,imagery_left_right_fist,riemann_ts_lr,within_subject,20260916,within_s16_h2,30,15,1,0.733333
eegbci,imagery_left_right_fist,csp_lda,within_subject,20260916,within_s17_h0,30,15,0.933333,0.4
eegbci,imagery_left_right_fist,riemann_ts_lr,within_subject,20260916,within_s17_h0,30,15,1,0.666667
eegbci,imagery_left_right_fist,csp_lda,within_subject,20260916,within_s17_h1,30,15,0.9,0.733333
eegbci,imagery_left_right_fist,riemann_ts_lr,within_subject,20260916,within_s17_h1,30,15,1,0.533333
eegbci,imagery_left_right_fist,csp_lda,within_subject,20260916,within_s17_h2,30,15,0.966667,0.533333
eegbci,imagery_left_right_fist,riemann_ts_lr,within_subject,20260916,within_s17_h2,30,15,1,0.666667
eegbci,imagery_left_right_fist,csp_lda,within_subject,20260916,within_s18_h0,30,15,1,0.533333
eegbci,imagery_left_right_fist,riemann_ts_lr,within_subject,20260916,within_s18_h0,30,15,1,0.666667
eegbci,imagery_left_right_fist,csp_lda,within_subject,20260916,within_s18_h1,30,15,1,0.533333
eegbci,imagery_left_right_fist,riemann_ts_lr,within_subject,20260916,within_s18_h1,30,15,1,0.466667
eegbci,imagery_left_right_fist,csp_lda,within_subject,20260916,within_s18_h2,30,15,1,0.6
eegbci,imagery_left_right_fist,riemann_ts_lr,within_subject,20260916,within_s18_h2,30,15,1,0.266667
eegbci,imagery_left_right_fist,csp_lda,within_subject,20260916,within_s19_h0,30,15,1,0.533333
eegbci,imagery_left_right_fist,riemann_ts_lr,within_subject,20260916,within_s19_h0,30,15,1,0.466667
eegbci,imagery_left_right_fist,csp_lda,within_subject,20260916,within_s19_h1,30,15,0.933333,0.4
eegbci,imagery_left_right_fist,riemann_ts_lr,within_subject,20260916,within_s19_h1,30,15,1,0.4
eegbci,imagery_left_right_fist,csp_lda,within_subject,20260916,within_s19_h2,30,15,1,0.4
eegbci,imagery_left_right_fist,riemann_ts_lr,within_subject,20260916,within_s19_h2,30,15,1,0.533333
eegbci,imagery_left_right_fist,csp_lda,within_subject,20260916,within_s20_h0,30,15,1,0.8
eegbci,imagery_left_right_fist,riemann_ts_lr,within_subject,20260916,within_s20_h0,30,15,1,0.8
eegbci,imagery_left_right_fist,csp_lda,within_subject,20260916,within_s20_h1,30,15,1,0.466667
eegbci,imagery_left_right_fist,riemann_ts_lr,within_subject,20260916,within_s20_h1,30,15,1,0.6
eegbci,imagery_left_right_fist,csp_lda,within_subject,20260916,within_s20_h2,30,15,0.966667,0.533333
eegbci,imagery_left_right_fist,riemann_ts_lr,within_subject,20260916,within_s20_h2,30,15,1,0.533333
eegbci,imagery_left_right_fist,csp_lda,within_subject,20260916,within_s21_h0,30,15,1,0.4
eegbci,imagery_left_right_fist,riemann_ts_lr,within_subject,20260916,within_s21_h0,30,15,1,0.4
eegbci,imagery_left_right_fist,csp_lda,within_subject,20260916,within_s21_h1,30,15,1,0.666667
eegbci,imagery_left_right_fist,riemann_ts_lr,within_subject,20260916,within_s21_h1,30,15,1,0.466667
eegbci,imagery_left_right_fist,csp_lda,within_subject,20260916,within_s21_h2,30,15,1,0.533333
eegbci,imagery_left_right_fist,riemann_ts_lr,within_subject,20260916,within_s21_h2,30,15,1,0.533333
eegbci,imagery_left_right_fist,csp_lda,within_subject,20260916,within_s22_h0,30,15,1,0.866667
eegbci,imagery_left_right_fist,riemann_ts_lr,within_subject,20260916,within_s22_h0,30,15,1,0.733333
eegbci,imagery_left_right_fist,csp_lda,within_subject,20260916,within_s22_h1,30,15,1,0.866667
eegbci,imagery_left_right_fist,riemann_ts_lr,within_subject,20260916,within_s22_h1,30,15,1,0.933333
eegbci,imagery_left_right_fist,csp_lda,within_subject,20260916,within_s22_h2,30,15,1,0.933333
eegbci,imagery_left_right_fist,riemann_ts_lr,within_subject,20260916,within_s22_h2,30,15,1,0.8
eegbci,imagery_left_right_fist,csp_lda,within_subject,20260916,within_s23_h0,30,15,0.866667,0.6
eegbci,imagery_left_right_fist,riemann_ts_lr,within_subject,20260916,within_s23_h0,30,15,1,0.666667
eegbci,imagery_left_right_fist,csp_lda,within_subject,20260916,within_s23_h1,30,15,0.9,0.466667
eegbci,imagery_left_right_fist,riemann_ts_lr,within_subject,20260916,within_s23_h1,30,15,1,0.533333
eegbci,imagery_left_right_fist,csp_lda,within_subject,20260916,within_s23_h2,30,15,0.866667,0.533333
eegbci,imagery_left_right_fist,riemann_ts_lr,within_subject,20260916,within_s23_h2,30,15,1,0.533333
eegbci,imagery_left_right_fist,csp_lda,within_subject,20260916,within_s24_h0,30,15,1,0.533333
eegbci,imagery_left_right_fist,riemann_ts_lr,within_subject,20260916,within_s24_h0,30,15,1,0.533333
eegbci,imagery_left_right_fist,csp_lda,within_subject,20260916,within_s24_h1,30,15,0.933333,0.466667
eegbci,imagery_left_right_fist,riemann_ts_lr,within_subject,20260916,within_s24_h1,30,15,1,0.533333
eegbci,imagery_left_right_fist,csp_lda,within_subject,20260916,within_s24_h2,30,15,1,0.533333
eegbci,imagery_left_right_fist,riemann_ts_lr,within_subject,20260916,within_s24_h2,30,15,1,0.466667
eegbci,imagery_left_right_fist,csp_lda,within_subject,20260916,within_s25_h0,30,15,0.933333,0.666667
eegbci,imagery_left_right_fist,riemann_ts_lr,within_subject,20260916,within_s25_h0,30,15,1,0.866667
eegbci,imagery_left_right_fist,csp_lda,within_subject,20260916,within_s25_h1,30,15,1,0.466667
eegbci,imagery_left_right_fist,riemann_ts_lr,within_subject,20260916,within_s25_h1,30,15,1,0.933333
eegbci,imagery_left_right_fist,csp_lda,within_subject,20260916,within_s25_h2,30,15,1,0.733333
eegbci,imagery_left_right_fist,riemann_ts_lr,within_subject,20260916,within_s25_h2,30,15,1,0.666667
eegbci,imagery_left_right_fist,csp_lda,within_subject,20260916,within_s26_h0,30,15,1,0.466667
eegbci,imagery_left_right_fist,riemann_ts_lr,within_subject,20260916,within_s26_h0,30,15,1,0.533333
eegbci,imagery_left_right_fist,csp_lda,within_subject,20260916,within_s26_h1,30,15,0.9,0.533333
eegbci,imagery_left_right_fist,riemann_ts_lr,within_subject,20260916,within_s26_h1,30,15,1,0.866667
eegbci,imagery_left_right_fist,csp_lda,within_subject,20260916,within_s26_h2,30,15,0.933333,0.733333
eegbci,imagery_left_right_fist,riemann_ts_lr,within_subject,20260916,within_s26_h2,30,15,1,0.666667
eegbci,imagery_left_right_fist,csp_lda,within_subject,20260916,within_s27_h0,30,15,0.9,0.266667
eegbci,imagery_left_right_fist,riemann_ts_lr,within_subject,20260916,within_s27_h0,30,15,1,0.8
eegbci,imagery_left_right_fist,csp_lda,within_subject,20260916,within_s27_h1,30,15,0.8,0.666667
eegbci,imagery_left_right_fist,riemann_ts_lr,within_subject,20260916,within_s27_h1,30,15,1,0.533333
eegbci,imagery_left_right_fist,csp_lda,within_subject,20260916,within_s27_h2,30,15,0.966667,0.266667
eegbci,imagery_left_right_fist,riemann_ts_lr,within_subject,20260916,within_s27_h2,30,15,1,0.666667
eegbci,imagery_left_right_fist,csp_lda,within_subject,20260916,within_s28_h0,30,15,0.966667,0.466667
eegbci,imagery_left_right_fist,riemann_ts_lr,within_subject,20260916,within_s28_h0,30,15,1,0.533333
eegbci,imagery_left_right_fist,csp_lda,within_subject,20260916,within_s28_h1,30,15,0.933333,0.466667
eegbci,imagery_left_right_fist,riemann_ts_lr,within_subject,20260916,within_s28_h1,30,15,1,0.4
eegbci,imagery_left_right_fist,csp_lda,within_subject,20260916,within_s28_h2,30,15,1,0.6
eegbci,imagery_left_right_fist,riemann_ts_lr,within_subject,20260916,within_s28_h2,30,15,1,0.466667
eegbci,imagery_left_right_fist,csp_lda,within_subject,20260916,within_s29_h0,30,15,1,1
eegbci,imagery_left_right_fist,riemann_ts_lr,within_subject,20260916,within_s29_h0,30,15,1,0.866667
eegbci,imagery_left_right_fist,csp_lda,within_subject,20260916,within_s29_h1,30,15,1,1
eegbci,imagery_left_right_fist,riemann_ts_lr,within_subject,20260916,within_s29_h1,30,15,1,1
eegbci,imagery_left_right_fist,csp_lda,within_subject,20260916,within_s29_h2,30,15,1,0.933333
eegbci,imagery_left_right_fist,riemann_ts_lr,within_subject,20260916,within_s29_h2,30,15,1,0.8
eegbci,imagery_left_right_fist,csp_lda,within_subject,20260916,within_s30_h0,30,15,0.633333,0.333333
eegbci,imagery_left_right_fist,riemann_ts_lr,within_subject,20260916,within_s30_h0,30,15,1,0.6
eegbci,imagery_left_right_fist,csp_lda,within_subject,20260916,within_s30_h1,30,15,0.633333,0.466667
eegbci,imagery_left_right_fist,riemann_ts_lr,within_subject,20260916,within_s30_h1,30,15,1,0.666667
eegbci,imagery_left_right_fist,csp_lda,within_subject,20260916,within_s30_h2,30,15,0.866667,0.4
eegbci,imagery_left_right_fist,riemann_ts_lr,within_subject,20260916,within_s30_h2,30,15,1,0.533333
eegbci,imagery_left_right_fist,csp_lda,within_subject,20260916,within_s31_h0,30,15,1,0.8
eegbci,imagery_left_right_fist,riemann_ts_lr,within_subject,20260916,within_s31_h0,30,15,1,0.666667
eegbci,imagery_left_right_fist,csp_lda,within_subject,20260916,within_s31_h1,30,15,1,0.8
eegbci,imagery_left_right_fist,riemann_ts_lr,within_subject,20260916,within_s31_h1,30,15,1,0.733333
eegbci,imagery_left_right_fist,csp_lda,within_subject,20260916,within_s31_h2,30,15,1,0.733333
eegbci,imagery_left_right_fist,riemann_ts_lr,within_subject,20260916,within_s31_h2,30,15,1,0.933333
eegbci,imagery_left_right_fist,csp_lda,within_subject,20260916,within_s32_h0,30,15,1,0.466667
eegbci,imagery_left_right_fist,riemann_ts_lr,within_subject,20260916,within_s32_h0,30,15,1,1
eegbci,imagery_left_right_fist,csp_lda,within_subject,20260916,within_s32_h1,30,15,0.966667,0.933333
eegbci,imagery_left_right_fist,riemann_ts_lr,within_subject,20260916,within_s32_h1,30,15,1,0.8
eegbci,imagery_left_right_fist,csp_lda,within_subject,20260916,within_s32_h2,30,15,1,0.733333
eegbci,imagery_left_right_fist,riemann_ts_lr,within_subject,20260916,within_s32_h2,30,15,1,0.933333
eegbci,imagery_left_right_fist,csp_lda,within_subject,20260916,within_s33_h0,30,15,1,0.466667
eegbci,imagery_left_right_fist,riemann_ts_lr,within_subject,20260916,within_s33_h0,30,15,1,0.8
eegbci,imagery_left_right_fist,csp_lda,within_subject,20260916,within_s33_h1,30,15,0.966667,0.666667
eegbci,imagery_left_right_fist,riemann_ts_lr,within_subject,20260916,within_s33_h1,30,15,1,0.4
eegbci,imagery_left_right_fist,csp_lda,within_subject,20260916,within_s33_h2,30,15,0.966667,0.8
eegbci,imagery_left_right_fist,riemann_ts_lr,within_subject,20260916,within_s33_h2,30,15,1,0.8
eegbci,imagery_left_right_fist,csp_lda,within_subject,20260916,within_s34_h0,28,15,1,0.866667
eegbci,imagery_left_right_fist,riemann_ts_lr,within_subject,20260916,within_s34_h0,28,15,1,0.8
eegbci,imagery_left_right_fist,csp_lda,within_subject,20260916,within_s34_h1,29,14,1,0.928571
eegbci,imagery_left_right_fist,riemann_ts_lr,within_subject,20260916,within_s34_h1,29,14,1,1
eegbci,imagery_left_right_fist,csp_lda,within_subject,20260916,within_s34_h2,29,14,1,0.857143
eegbci,imagery_left_right_fist,riemann_ts_lr,within_subject,20260916,within_s34_h2,29,14,1,0.857143
eegbci,imagery_left_right_fist,csp_lda,within_subject,20260916,within_s35_h0,30,15,1,0.533333
eegbci,imagery_left_right_fist,riemann_ts_lr,within_subject,20260916,within_s35_h0,30,15,1,0.666667
eegbci,imagery_left_right_fist,csp_lda,within_subject,20260916,within_s35_h1,30,15,1,0.8
eegbci,imagery_left_right_fist,riemann_ts_lr,within_subject,20260916,within_s35_h1,30,15,1,0.666667
eegbci,imagery_left_right_fist,csp_lda,within_subject,20260916,within_s35_h2,30,15,0.966667,0.533333
eegbci,imagery_left_right_fist,riemann_ts_lr,within_subject,20260916,within_s35_h2,30,15,1,0.666667
eegbci,imagery_left_right_fist,csp_lda,within_subject,20260916,within_s36_h0,30,15,1,0.533333
eegbci,imagery_left_right_fist,riemann_ts_lr,within_subject,20260916,within_s36_h0,30,15,1,0.533333
eegbci,imagery_left_right_fist,csp_lda,within_subject,20260916,within_s36_h1,30,15,0.933333,0.6
eegbci,imagery_left_right_fist,riemann_ts_lr,within_subject,20260916,within_s36_h1,30,15,1,0.666667
eegbci,imagery_left_right_fist,csp_lda,within_subject,20260916,within_s36_h2,30,15,0.966667,0.6
eegbci,imagery_left_right_fist,riemann_ts_lr,within_subject,20260916,within_s36_h2,30,15,1,0.666667
eegbci,imagery_left_right_fist,csp_lda,within_subject,20260916,within_s37_h0,28,15,1,0.533333
eegbci,imagery_left_right_fist,riemann_ts_lr,within_subject,20260916,within_s37_h0,28,15,1,0.733333
eegbci,imagery_left_right_fist,csp_lda,within_subject,20260916,within_s37_h1,29,14,0.827586,0.571429
eegbci,imagery_left_right_fist,riemann_ts_lr,within_subject,20260916,within_s37_h1,29,14,1,0.571429
eegbci,imagery_left_right_fist,csp_lda,within_subject,20260916,within_s37_h2,29,14,0.758621,0.428571
eegbci,imagery_left_right_fist,riemann_ts_lr,within_subject,20260916,within_s37_h2,29,14,1,0.642857
eegbci,imagery_left_right_fist,csp_lda,within_subject,20260916,within_s38_h0,30,15,0.833333,0.533333
eegbci,imagery_left_right_fist,riemann_ts_lr,within_subject,20260916,within_s38_h0,30,15,1,0.866667
eegbci,imagery_left_right_fist,csp_lda,within_subject,20260916,within_s38_h1,30,15,1,0.8
eegbci,imagery_left_right_fist,riemann_ts_lr,within_subject,20260916,within_s38_h1,30,15,1,0.866667
eegbci,imagery_left_right_fist,csp_lda,within_subject,20260916,within_s38_h2,30,15,1,0.533333
eegbci,imagery_left_right_fist,riemann_ts_lr,within_subject,20260916,within_s38_h2,30,15,1,0.533333
eegbci,imagery_left_right_fist,csp_lda,within_subject,20260916,within_s39_h0,30,15,1,0.6
eegbci,imagery_left_right_fist,riemann_ts_lr,within_subject,20260916,within_s39_h0,30,15,1,0.466667
eegbci,imagery_left_right_fist,csp_lda,within_subject,20260916,within_s39_h1,30,15,1,0.466667
eegbci,imagery_left_right_fist,riemann_ts_lr,within_subject,20260916,within_s39_h1,30,15,1,0.533333
eegbci,imagery_left_right_fist,csp_lda,within_subject,20260916,within_s39_h2,30,15,0.933333,0.533333
eegbci,imagery_left_right_fist,riemann_ts_lr,within_subject,20260916,within_s39_h2,30,15,1,0.533333
eegbci,imagery_left_right_fist,csp_lda,within_subject,20260916,within_s40_h0,30,15,1,0.666667
eegbci,imagery_left_right_fist,riemann_ts_lr,within_subject,20260916,within_s40_h0,30,15,1,0.8
eegbci,imagery_left_right_fist,csp_lda,within_subject,20260916,within_s40_h1,30,15,0.966667,0.866667
eegbci,imagery_left_right_fist,riemann_ts_lr,within_subject,20260916,within_s40_h1,30,15,1,0.533333
eegbci,imagery_left_right_fist,csp_lda,within_subject,20260916,within_s40_h2,30,15,1,0.866667
eegbci,imagery_left_right_fist,riemann_ts_lr,within_subject,20260916,within_s40_h2,30,15,1,0.6
eegbci,imagery_left_right_fist,csp_lda,within_subject,20260916,within_s41_h0,29,15,1,0.466667
eegbci,imagery_left_right_fist,riemann_ts_lr,within_subject,20260916,within_s41_h0,29,15,1,0.533333
eegbci,imagery_left_right_fist,csp_lda,within_subject,20260916,within_s41_h1,30,14,1,0.5
eegbci,imagery_left_right_fist,riemann_ts_lr,within_subject,20260916,within_s41_h1,30,14,1,0.642857
eegbci,imagery_left_right_fist,csp_lda,within_subject,20260916,within_s41_h2,29,15,1,0.4
eegbci,imagery_left_right_fist,riemann_ts_lr,within_subject,20260916,within_s41_h2,29,15,1,0.466667
eegbci,imagery_left_right_fist,csp_lda,within_subject,20260916,within_s42_h0,30,15,1,0.733333
eegbci,imagery_left_right_fist,riemann_ts_lr,within_subject,20260916,within_s42_h0,30,15,1,0.8
eegbci,imagery_left_right_fist,csp_lda,within_subject,20260916,within_s42_h1,30,15,1,0.933333
eegbci,imagery_left_right_fist,riemann_ts_lr,within_subject,20260916,within_s42_h1,30,15,1,1
eegbci,imagery_left_right_fist,csp_lda,within_subject,20260916,within_s42_h2,30,15,1,0.933333
eegbci,imagery_left_right_fist,riemann_ts_lr,within_subject,20260916,within_s42_h2,30,15,1,0.933333
eegbci,imagery_left_right_fist,csp_lda,within_subject,20260916,within_s43_h0,30,15,1,0.666667
eegbci,imagery_left_right_fist,riemann_ts_lr,within_subject,20260916,within_s43_h0,30,15,1,0.8
eegbci,imagery_left_right_fist,csp_lda,within_subject,20260916,within_s43_h1,30,15,1,1
eegbci,imagery_left_right_fist,riemann_ts_lr,within_subject,20260916,within_s43_h1,30,15,1,0.666667
eegbci,imagery_left_right_fist,csp_lda,within_subject,20260916,within_s43_h2,30,15,1,0.733333
eegbci,imagery_left_right_fist,riemann_ts_lr,within_subject,20260916,within_s43_h2,30,15,1,0.6
eegbci,imagery_left_right_fist,csp_lda,within_subject,20260916,within_s44_h0,30,15,0.9,0.8
eegbci,imagery_left_right_fist,riemann_ts_lr,within_subject,20260916,within_s44_h0,30,15,1,0.8
eegbci,imagery_left_right_fist,csp_lda,within_subject,20260916,within_s44_h1,30,15,0.666667,0.4
eegbci,imagery_left_right_fist,riemann_ts_lr,within_subject,20260916,within_s44_h1,30,15,1,0.6
eegbci,imagery_left_right_fist,csp_lda,within_subject,20260916,within_s44_h2,30,15,0.9,0.8
eegbci,imagery_left_right_fist,riemann_ts_lr,within_subject,20260916,within_s44_h2,30,15,1,0.666667
eegbci,imagery_left_right_fist,csp_lda,within_subject,20260916,within_s45_h0,30,15,0.9,0.466667
eegbci,imagery_left_right_fist,riemann_ts_lr,within_subject,20260916,within_s45_h0,30,15,1,0.533333
eegbci,imagery_left_right_fist,csp_lda,within_subject,20260916,within_s45_h1,30,15,0.966667,0.666667
eegbci,imagery_left_right_fist,riemann_ts_lr,within_subject,20260916,within_s45_h1,30,15,1,0.8
eegbci,imagery_left_right_fist,csp_lda,within_subject,20260916,within_s45_h2,30,15,0.966667,0.666667
eegbci,imagery_left_right_fist,riemann_ts_lr,within_subject,20260916,within_s45_h2,30,15,1,0.733333
eegbci,imagery_left_right_fist,csp_lda,within_subject,20260916,within_s46_h0,30,15,1,0.533333
eegbci,imagery_left_right_fist,riemann_ts_lr,within_subject,20260916,within_s46_h0,30,15,1,0.666667
eegbci,imagery_left_right_fist,csp_lda,within_subject,20260916,within_s46_h1,30,15,0.966667,0.6
eegbci,imagery_left_right_fist,riemann_ts_lr,within_subject,20260916,within_s46_h1,30,15,1,0.466667
eegbci,imagery_left_right_fist,csp_lda,within_subject,20260916,within_s46_h2,30,15,0.966667,0.466667
eegbci,imagery_left_right_fist,riemann_ts_lr,within_subject,20260916,within_s46_h2,30,15,1,0.533333
eegbci,imagery_left_right_fist,csp_lda,within_subject,20260916,within_s47_h0,30,15,1,0.466667
eegbci,imagery_left_right_fist,riemann_ts_lr,within_subject,20260916,within_s47_h0,30,15,1,0.466667
eegbci,imagery_left_right_fist,csp_lda,within_subject,20260916,within_s47_h1,30,15,1,0.6
eegbci,imagery_left_right_fist,riemann_ts_lr,within_subject,20260916,within_s47_h1,30,15,1,0.666667
eegbci,imagery_left_right_fist,csp_lda,within_subject,20260916,within_s47_h2,30,15,0.933333,0.533333
eegbci,imagery_left_right_fist,riemann_ts_lr,within_subject,20260916,within_s47_h2,30,15,1,0.6
eegbci,imagery_left_right_fist,csp_lda,within_subject,20260916,within_s48_h0,30,15,0.966667,0.8
eegbci,imagery_left_right_fist,riemann_ts_lr,within_subject,20260916,within_s48_h0,30,15,1,0.866667
eegbci,imagery_left_right_fist,csp_lda,within_subject,20260916,within_s48_h1,30,15,1,0.866667
eegbci,imagery_left_right_fist,riemann_ts_lr,within_subject,20260916,within_s48_h1,30,15,1,0.733333
eegbci,imagery_left_right_fist,csp_lda,within_subject,20260916,within_s48_h2,30,15,1,0.933333
eegbci,imagery_left_right_fist,riemann_ts_lr,within_subject,20260916,within_s48_h2,30,15,1,0.6
eegbci,imagery_left_right_fist,csp_lda,within_subject,20260916,within_s49_h0,30,15,1,0.8
eegbci,imagery_left_right_fist,riemann_ts_lr,within_subject,20260916,within_s49_h0,30,15,1,0.466667
eegbci,imagery_left_right_fist,csp_lda,within_subject,20260916,within_s49_h1,30,15,0.966667,0.8
eegbci,imagery_left_right_fist,riemann_ts_lr,within_subject,20260916,within_s49_h1,30,15,1,0.866667
eegbci,imagery_left_right_fist,csp_lda,within_subject,20260916,within_s49_h2,30,15,0.833333,0.733333
eegbci,imagery_left_right_fist,riemann_ts_lr,within_subject,20260916,within_s49_h2,30,15,1,0.733333
eegbci,imagery_left_right_fist,csp_lda,within_subject,20260916,within_s50_h0,30,15,1,0.666667
eegbci,imagery_left_right_fist,riemann_ts_lr,within_subject,20260916,within_s50_h0,30,15,1,0.733333
eegbci,imagery_left_right_fist,csp_lda,within_subject,20260916,within_s50_h1,30,15,1,0.533333
eegbci,imagery_left_right_fist,riemann_ts_lr,within_subject,20260916,within_s50_h1,30,15,1,0.6
eegbci,imagery_left_right_fist,csp_lda,within_subject,20260916,within_s50_h2,30,15,0.966667,0.533333
eegbci,imagery_left_right_fist,riemann_ts_lr,within_subject,20260916,within_s50_h2,30,15,1,0.866667
eegbci,imagery_left_right_fist,csp_lda,within_subject,20260916,within_s51_h0,30,15,0.9,0.6
eegbci,imagery_left_right_fist,riemann_ts_lr,within_subject,20260916,within_s51_h0,30,15,1,0.666667
eegbci,imagery_left_right_fist,csp_lda,within_subject,20260916,within_s51_h1,30,15,0.933333,0.666667
eegbci,imagery_left_right_fist,riemann_ts_lr,within_subject,20260916,within_s51_h1,30,15,1,0.8
eegbci,imagery_left_right_fist,csp_lda,within_subject,20260916,within_s51_h2,30,15,0.966667,0.733333
eegbci,imagery_left_right_fist,riemann_ts_lr,within_subject,20260916,within_s51_h2,30,15,1,0.733333
eegbci,imagery_left_right_fist,csp_lda,within_subject,20260916,within_s52_h0,30,15,0.966667,0.933333
eegbci,imagery_left_right_fist,riemann_ts_lr,within_subject,20260916,within_s52_h0,30,15,1,0.933333
eegbci,imagery_left_right_fist,csp_lda,within_subject,20260916,within_s52_h1,30,15,1,0.666667
eegbci,imagery_left_right_fist,riemann_ts_lr,within_subject,20260916,within_s52_h1,30,15,1,0.6
eegbci,imagery_left_right_fist,csp_lda,within_subject,20260916,within_s52_h2,30,15,0.966667,0.733333
eegbci,imagery_left_right_fist,riemann_ts_lr,within_subject,20260916,within_s52_h2,30,15,1,0.866667
eegbci,imagery_left_right_fist,csp_lda,within_subject,20260916,within_s53_h0,30,15,0.933333,0.8
eegbci,imagery_left_right_fist,riemann_ts_lr,within_subject,20260916,within_s53_h0,30,15,1,0.733333
eegbci,imagery_left_right_fist,csp_lda,within_subject,20260916,within_s53_h1,30,15,0.966667,0.933333
eegbci,imagery_left_right_fist,riemann_ts_lr,within_subject,20260916,within_s53_h1,30,15,1,1
eegbci,imagery_left_right_fist,csp_lda,within_subject,20260916,within_s53_h2,30,15,1,0.866667
eegbci,imagery_left_right_fist,riemann_ts_lr,within_subject,20260916,within_s53_h2,30,15,1,0.933333
eegbci,imagery_left_right_fist,csp_lda,within_subject,20260916,within_s54_h0,30,15,0.9,0.666667
eegbci,imagery_left_right_fist,riemann_ts_lr,within_subject,20260916,within_s54_h0,30,15,1,0.733333
eegbci,imagery_left_right_fist,csp_lda,within_subject,20260916,within_s54_h1,30,15,0.866667,0.666667
eegbci,imagery_left_right_fist,riemann_ts_lr,within_subject,20260916,within_s54_h1,30,15,1,0.866667
eegbci,imagery_left_right_fist,csp_lda,within_subject,20260916,within_s54_h2,30,15,0.866667,0.733333
eegbci,imagery_left_right_fist,riemann_ts_lr,within_subject,20260916,within_s54_h2,30,15,1,0.933333
eegbci,imagery_left_right_fist,csp_lda,within_subject,20260916,within_s55_h0,30,15,1,0.733333
eegbci,imagery_left_right_fist,riemann_ts_lr,within_subject,20260916,within_s55_h0,30,15,1,0.866667
eegbci,imagery_left_right_fist,csp_lda,within_subject,20260916,within_s55_h1,30,15,0.966667,0.8
eegbci,imagery_left_right_fist,riemann_ts_lr,within_subject,20260916,within_s55_h1,30,15,1,0.933333
eegbci,imagery_left_right_fist,csp_lda,within_subject,20260916,within_s55_h2,30,15,1,0.866667
eegbci,imagery_left_right_fist,riemann_ts_lr,within_subject,20260916,within_s55_h2,30,15,1,0.8
eegbci,imagery_left_right_fist,csp_lda,within_subject,20260916,within_s56_h0,30,15,1,0.933333
eegbci,imagery_left_right_fist,riemann_ts_lr,within_subject,20260916,within_s56_h0,30,15,1,0.933333
eegbci,imagery_left_right_fist,csp_lda,within_subject,20260916,within_s56_h1,30,15,1,1
eegbci,imagery_left_right_fist,riemann_ts_lr,within_subject,20260916,within_s56_h1,30,15,1,0.933333
eegbci,imagery_left_right_fist,csp_lda,within_subject,20260916,within_s56_h2,30,15,1,0.8
eegbci,imagery_left_right_fist,riemann_ts_lr,within_subject,20260916,within_s56_h2,30,15,1,0.866667
eegbci,imagery_left_right_fist,csp_lda,within_subject,20260916,within_s57_h0,30,15,1,0.666667
eegbci,imagery_left_right_fist,riemann_ts_lr,within_subject,20260916,within_s57_h0,30,15,1,0.533333
eegbci,imagery_left_right_fist,csp_lda,within_subject,20260916,within_s57_h1,30,15,0.966667,0.533333
eegbci,imagery_left_right_fist,riemann_ts_lr,within_subject,20260916,within_s57_h1,30,15,1,0.4
eegbci,imagery_left_right_fist,csp_lda,within_subject,20260916,within_s57_h2,30,15,1,0.466667
eegbci,imagery_left_right_fist,riemann_ts_lr,within_subject,20260916,within_s57_h2,30,15,1,0.466667
eegbci,imagery_left_right_fist,csp_lda,within_subject,20260916,within_s58_h0,30,15,1,0.466667
eegbci,imagery_left_right_fist,riemann_ts_lr,within_subject,20260916,within_s58_h0,30,15,1,0.533333
eegbci,imagery_left_right_fist,csp_lda,within_subject,20260916,within_s58_h1,30,15,1,0.4
eegbci,imagery_left_right_fist,riemann_ts_lr,within_subject,20260916,within_s58_h1,30,15,1,0.6
eegbci,imagery_left_right_fist,csp_lda,within_subject,20260916,within_s58_h2,30,15,1,0.533333
eegbci,imagery_left_right_fist,riemann_ts_lr,within_subject,20260916,within_s58_h2,30,15,1,0.533333
eegbci,imagery_left_right_fist,csp_lda,within_subject,20260916,within_s59_h0,30,15,0.933333,0.533333
eegbci,imagery_left_right_fist,riemann_ts_lr,within_subject,20260916,within_s59_h0,30,15,1,0.6
eegbci,imagery_left_right_fist,csp_lda,within_subject,20260916,within_s59_h1,30,15,0.766667,0.533333
eegbci,imagery_left_right_fist,riemann_ts_lr,within_subject,20260916,within_s59_h1,30,15,1,0.666667
eegbci,imagery_left_right_fist,csp_lda,within_subject,20260916,within_s59_h2,30,15,0.933333,0.533333
eegbci,imagery_left_right_fist,riemann_ts_lr,within_subject,20260916,within_s59_h2,30,15,1,0.466667
eegbci,imagery_left_right_fist,csp_lda,within_subject,20260916,within_s60_h0,30,15,0.933333,0.933333
eegbci,imagery_left_right_fist,riemann_ts_lr,within_subject,20260916,within_s60_h0,30,15,1,1
eegbci,imagery_left_right_fist,csp_lda,within_subject,20260916,within_s60_h1,30,15,1,0.666667
eegbci,imagery_left_right_fist,riemann_ts_lr,within_subject,20260916,within_s60_h1,30,15,1,0.733333
eegbci,imagery_left_right_fist,csp_lda,within_subject,20260916,within_s60_h2,30,15,0.933333,0.933333
eegbci,imagery_left_right_fist,riemann_ts_lr,within_subject,20260916,within_s60_h2,30,15,1,0.933333
eegbci,imagery_left_right_fist,csp_lda,within_subject,20260916,within_s61_h0,30,15,1,0.6
eegbci,imagery_left_right_fist,riemann_ts_lr,within_subject,20260916,within_s61_h0,30,15,1,0.733333
eegbci,imagery_left_right_fist,csp_lda,within_subject,20260916,within_s61_h1,30,15,1,0.8
eegbci,imagery_left_right_fist,riemann_ts_lr,within_subject,20260916,within_s61_h1,30,15,1,0.666667
eegbci,imagery_left_right_fist,csp_lda,within_subject,20260916,within_s61_h2,30,15,1,0.666667
eegbci,imagery_left_right_fist,riemann_ts_lr,within_subject,20260916,within_s61_h2,30,15,1,0.733333
eegbci,imagery_left_right_fist,csp_lda,within_subject,20260916,within_s62_h0,30,15,1,0.8
eegbci,imagery_left_right_fist,riemann_ts_lr,within_subject,20260916,within_s62_h0,30,15,1,1
eegbci,imagery_left_right_fist,csp_lda,within_subject,20260916,within_s62_h1,30,15,1,1
eegbci,imagery_left_right_fist,riemann_ts_lr,within_subject,20260916,within_s62_h1,30,15,1,0.933333
eegbci,imagery_left_right_fist,csp_lda,within_subject,20260916,within_s62_h2,30,15,1,0.733333
eegbci,imagery_left_right_fist,riemann_ts_lr,within_subject,20260916,within_s62_h2,30,15,1,0.8
eegbci,imagery_left_right_fist,csp_lda,within_subject,20260916,within_s63_h0,30,15,1,0.6
eegbci,imagery_left_right_fist,riemann_ts_lr,within_subject,20260916,within_s63_h0,30,15,1,0.666667
eegbci,imagery_left_right_fist,csp_lda,within_subject,20260916,within_s63_h1,30,15,1,0.666667
eegbci,imagery_left_right_fist,riemann_ts_lr,within_subject,20260916,within_s63_h1,30,15,1,0.6
eegbci,imagery_left_right_fist,csp_lda,within_subject,20260916,within_s63_h2,30,15,1,0.733333
eegbci,imagery_left_right_fist,riemann_ts_lr,within_subject,20260916,within_s63_h2,30,15,1,0.733333
eegbci,imagery_left_right_fist,csp_lda,within_subject,20260916,within_s64_h0,29,15,1,0.4
eegbci,imagery_left_right_fist,riemann_ts_lr,within_subject,20260916,within_s64_h0,29,15,1,0.533333
eegbci,imagery_left_right_fist,csp_lda,within_subject,20260916,within_s64_h1,29,15,1,0.6
eegbci,imagery_left_right_fist,riemann_ts_lr,within_subject,20260916,within_s64_h1,29,15,1,0.8
eegbci,imagery_left_right_fist,csp_lda,within_subject,20260916,within_s64_h2,30,14,1,0.571429
eegbci,imagery_left_right_fist,riemann_ts_lr,within_subject,20260916,within_s64_h2,30,14,1,0.5
eegbci,imagery_left_right_fist,csp_lda,within_subject,20260916,within_s65_h0,30,15,1,0.733333
eegbci,imagery_left_right_fist,riemann_ts_lr,within_subject,20260916,within_s65_h0,30,15,1,0.666667
eegbci,imagery_left_right_fist,csp_lda,within_subject,20260916,within_s65_h1,30,15,1,0.8
eegbci,imagery_left_right_fist,riemann_ts_lr,within_subject,20260916,within_s65_h1,30,15,1,0.666667
eegbci,imagery_left_right_fist,csp_lda,within_subject,20260916,within_s65_h2,30,15,1,0.466667
eegbci,imagery_left_right_fist,riemann_ts_lr,within_subject,20260916,within_s65_h2,30,15,1,0.533333
eegbci,imagery_left_right_fist,csp_lda,within_subject,20260916,within_s66_h0,30,15,0.966667,0.733333
eegbci,imagery_left_right_fist,riemann_ts_lr,within_subject,20260916,within_s66_h0,30,15,1,0.666667
eegbci,imagery_left_right_fist,csp_lda,within_subject,20260916,within_s66_h1,30,15,0.966667,0.466667
eegbci,imagery_left_right_fist,riemann_ts_lr,within_subject,20260916,within_s66_h1,30,15,1,0.6
eegbci,imagery_left_right_fist,csp_lda,within_subject,20260916,within_s66_h2,30,15,0.933333,0.333333
eegbci,imagery_left_right_fist,riemann_ts_lr,within_subject,20260916,within_s66_h2,30,15,1,0.666667
eegbci,imagery_left_right_fist,csp_lda,within_subject,20260916,within_s67_h0,30,15,0.933333,0.533333
eegbci,imagery_left_right_fist,riemann_ts_lr,within_subject,20260916,within_s67_h0,30,15,1,0.533333
eegbci,imagery_left_right_fist,csp_lda,within_subject,20260916,within_s67_h1,30,15,0.633333,0.533333
eegbci,imagery_left_right_fist,riemann_ts_lr,within_subject,20260916,within_s67_h1,30,15,1,0.733333
eegbci,imagery_left_right_fist,csp_lda,within_subject,20260916,within_s67_h2,30,15,0.7,0.466667
eegbci,imagery_left_right_fist,riemann_ts_lr,within_subject,20260916,within_s67_h2,30,15,1,0.533333
eegbci,imagery_left_right_fist,csp_lda,within_subject,20260916,within_s68_h0,30,15,1,0.6
eegbci,imagery_left_right_fist,riemann_ts_lr,within_subject,20260916,within_s68_h0,30,15,1,0.6
eegbci,imagery_left_right_fist,csp_lda,within_subject,20260916,within_s68_h1,30,15,1,0.533333
eegbci,imagery_left_right_fist,riemann_ts_lr,within_subject,20260916,within_s68_h1,30,15,1,0.733333
eegbci,imagery_left_right_fist,csp_lda,within_subject,20260916,within_s68_h2,30,15,1,0.4
eegbci,imagery_left_right_fist,riemann_ts_lr,within_subject,20260916,within_s68_h2,30,15,1,0.666667
eegbci,imagery_left_right_fist,csp_lda,within_subject,20260916,within_s69_h0,30,15,0.966667,0.466667
eegbci,imagery_left_right_fist,riemann_ts_lr,within_subject,20260916,within_s69_h0,30,15,1,0.6
eegbci,imagery_left_right_fist,csp_lda,within_subject,20260916,within_s69_h1,30,15,1,0.533333
eegbci,imagery_left_right_fist,riemann_ts_lr,within_subject,20260916,within_s69_h1,30,15,1,0.666667
eegbci,imagery_left_right_fist,csp_lda,within_subject,20260916,within_s69_h2,30,15,1,0.666667
eegbci,imagery_left_right_fist,riemann_ts_lr,within_subject,20260916,within_s69_h2,30,15,1,0.666667
eegbci,imagery_left_right_fist,csp_lda,within_subject,20260916,within_s70_h0,30,15,1,0.8
eegbci,imagery_left_right_fist,riemann_ts_lr,within_subject,20260916,within_s70_h0,30,15,1,1
eegbci,imagery_left_right_fist,csp_lda,within_subject,20260916,within_s70_h1,30,15,1,0.733333
eegbci,imagery_left_right_fist,riemann_ts_lr,within_subject,20260916,within_s70_h1,30,15,1,0.533333
eegbci,imagery_left_right_fist,csp_lda,within_subject,20260916,within_s70_h2,30,15,1,0.666667
eegbci,imagery_left_right_fist,riemann_ts_lr,within_subject,20260916,within_s70_h2,30,15,1,0.733333
eegbci,imagery_left_right_fist,csp_lda,within_subject,20260916,within_s71_h0,30,15,0.9,0.866667
eegbci,imagery_left_right_fist,riemann_ts_lr,within_subject,20260916,within_s71_h0,30,15,1,0.866667
eegbci,imagery_left_right_fist,csp_lda,within_subject,20260916,within_s71_h1,30,15,0.966667,0.8
eegbci,imagery_left_right_fist,riemann_ts_lr,within_subject,20260916,within_s71_h1,30,15,1,0.666667
eegbci,imagery_left_right_fist,csp_lda,within_subject,20260916,within_s71_h2,30,15,1,0.733333
eegbci,imagery_left_right_fist,riemann_ts_lr,within_subject,20260916,within_s71_h2,30,15,1,0.733333
eegbci,imagery_left_right_fist,csp_lda,within_subject,20260916,within_s72_h0,29,14,1,0.785714
eegbci,imagery_left_right_fist,riemann_ts_lr,within_subject,20260916,within_s72_h0,29,14,1,0.785714
eegbci,imagery_left_right_fist,csp_lda,within_subject,20260916,within_s72_h1,29,14,0.965517,1
eegbci,imagery_left_right_fist,riemann_ts_lr,within_subject,20260916,within_s72_h1,29,14,1,0.928571
eegbci,imagery_left_right_fist,csp_lda,within_subject,20260916,within_s72_h2,28,15,1,1
eegbci,imagery_left_right_fist,riemann_ts_lr,within_subject,20260916,within_s72_h2,28,15,1,1
eegbci,imagery_left_right_fist,csp_lda,within_subject,20260916,within_s73_h0,28,14,1,0.571429
eegbci,imagery_left_right_fist,riemann_ts_lr,within_subject,20260916,within_s73_h0,28,14,1,0.571429
eegbci,imagery_left_right_fist,csp_lda,within_subject,20260916,within_s73_h1,28,14,1,0.642857
eegbci,imagery_left_right_fist,riemann_ts_lr,within_subject,20260916,within_s73_h1,28,14,1,0.714286
eegbci,imagery_left_right_fist,csp_lda,within_subject,20260916,within_s73_h2,28,14,1,0.642857
eegbci,imagery_left_right_fist,riemann_ts_lr,within_subject,20260916,within_s73_h2,28,14,1,0.785714
eegbci,imagery_left_right_fist,csp_lda,within_subject,20260916,within_s74_h0,28,15,0.821429,0.733333
eegbci,imagery_left_right_fist,riemann_ts_lr,within_subject,20260916,within_s74_h0,28,15,1,0.866667
eegbci,imagery_left_right_fist,csp_lda,within_subject,20260916,within_s74_h1,29,14,0.862069,0.571429
eegbci,imagery_left_right_fist,riemann_ts_lr,within_subject,20260916,within_s74_h1,29,14,1,0.5
eegbci,imagery_left_right_fist,csp_lda,within_subject,20260916,within_s74_h2,29,14,0.827586,0.357143
eegbci,imagery_left_right_fist,riemann_ts_lr,within_subject,20260916,within_s74_h2,29,14,1,0.571429
eegbci,imagery_left_right_fist,csp_lda,within_subject,20260916,within_s75_h0,30,15,1,0.6
eegbci,imagery_left_right_fist,riemann_ts_lr,within_subject,20260916,within_s75_h0,30,15,1,0.866667
eegbci,imagery_left_right_fist,csp_lda,within_subject,20260916,within_s75_h1,30,15,0.966667,0.466667
eegbci,imagery_left_right_fist,riemann_ts_lr,within_subject,20260916,within_s75_h1,30,15,1,0.733333
eegbci,imagery_left_right_fist,csp_lda,within_subject,20260916,within_s75_h2,30,15,0.966667,0.533333
eegbci,imagery_left_right_fist,riemann_ts_lr,within_subject,20260916,within_s75_h2,30,15,1,0.666667
eegbci,imagery_left_right_fist,csp_lda,within_subject,20260916,within_s76_h0,28,14,0.964286,0.571429
eegbci,imagery_left_right_fist,riemann_ts_lr,within_subject,20260916,within_s76_h0,28,14,1,0.428571
eegbci,imagery_left_right_fist,csp_lda,within_subject,20260916,within_s76_h1,28,14,0.892857,0.642857
eegbci,imagery_left_right_fist,riemann_ts_lr,within_subject,20260916,within_s76_h1,28,14,1,0.714286
eegbci,imagery_left_right_fist,csp_lda,within_subject,20260916,within_s76_h2,28,14,0.928571,0.285714
eegbci,imagery_left_right_fist,riemann_ts_lr,within_subject,20260916,within_s76_h2,28,14,1,0.285714
eegbci,imagery_left_right_fist,csp_lda,within_subject,20260916,within_s77_h0,30,15,0.966667,0.466667
eegbci,imagery_left_right_fist,riemann_ts_lr,within_subject,20260916,within_s77_h0,30,15,1,0.333333
eegbci,imagery_left_right_fist,csp_lda,within_subject,20260916,within_s77_h1,30,15,1,0.533333
eegbci,imagery_left_right_fist,riemann_ts_lr,within_subject,20260916,within_s77_h1,30,15,1,0.533333
eegbci,imagery_left_right_fist,csp_lda,within_subject,20260916,within_s77_h2,30,15,1,0.466667
eegbci,imagery_left_right_fist,riemann_ts_lr,within_subject,20260916,within_s77_h2,30,15,1,0.6
eegbci,imagery_left_right_fist,csp_lda,within_subject,20260916,within_s78_h0,30,15,0.9,0.6
eegbci,imagery_left_right_fist,riemann_ts_lr,within_subject,20260916,within_s78_h0,30,15,1,0.6
eegbci,imagery_left_right_fist,csp_lda,within_subject,20260916,within_s78_h1,30,15,0.8,0.333333
eegbci,imagery_left_right_fist,riemann_ts_lr,within_subject,20260916,within_s78_h1,30,15,1,0.6
eegbci,imagery_left_right_fist,csp_lda,within_subject,20260916,within_s78_h2,30,15,0.833333,0.266667
eegbci,imagery_left_right_fist,riemann_ts_lr,within_subject,20260916,within_s78_h2,30,15,1,0.666667
eegbci,imagery_left_right_fist,csp_lda,within_subject,20260916,within_s79_h0,30,15,0.933333,0.466667
eegbci,imagery_left_right_fist,riemann_ts_lr,within_subject,20260916,within_s79_h0,30,15,1,0.466667
eegbci,imagery_left_right_fist,csp_lda,within_subject,20260916,within_s79_h1,30,15,0.866667,0.533333
eegbci,imagery_left_right_fist,riemann_ts_lr,within_subject,20260916,within_s79_h1,30,15,1,0.466667
eegbci,imagery_left_right_fist,csp_lda,within_subject,20260916,within_s79_h2,30,15,0.866667,0.533333
eegbci,imagery_left_right_fist,riemann_ts_lr,within_subject,20260916,within_s79_h2,30,15,1,0.533333
eegbci,imagery_left_right_fist,csp_lda,within_subject,20260916,within_s80_h0,30,15,1,0.533333
eegbci,imagery_left_right_fist,riemann_ts_lr,within_subject,20260916,within_s80_h0,30,15,1,0.6
eegbci,imagery_left_right_fist,csp_lda,within_subject,20260916,within_s80_h1,30,15,1,0.666667
eegbci,imagery_left_right_fist,riemann_ts_lr,within_subject,20260916,within_s80_h1,30,15,1,0.8
eegbci,imagery_left_right_fist,csp_lda,within_subject,20260916,within_s80_h2,30,15,0.966667,0.466667
eegbci,imagery_left_right_fist,riemann_ts_lr,within_subject,20260916,within_s80_h2,30,15,1,0.466667
eegbci,imagery_left_right_fist,csp_lda,within_subject,20260916,within_s81_h0,30,15,1,0.6
eegbci,imagery_left_right_fist,riemann_ts_lr,within_subject,20260916,within_s81_h0,30,15,1,0.8
eegbci,imagery_left_right_fist,csp_lda,within_subject,20260916,within_s81_h1,30,15,1,0.8
eegbci,imagery_left_right_fist,riemann_ts_lr,within_subject,20260916,within_s81_h1,30,15,1,0.666667
eegbci,imagery_left_right_fist,csp_lda,within_subject,20260916,within_s81_h2,30,15,1,0.666667
eegbci,imagery_left_right_fist,riemann_ts_lr,within_subject,20260916,within_s81_h2,30,15,1,0.733333
eegbci,imagery_left_right_fist,csp_lda,within_subject,20260916,within_s82_h0,30,15,0.866667,0.466667
eegbci,imagery_left_right_fist,riemann_ts_lr,within_subject,20260916,within_s82_h0,30,15,1,0.6
eegbci,imagery_left_right_fist,csp_lda,within_subject,20260916,within_s82_h1,30,15,0.933333,0.533333
eegbci,imagery_left_right_fist,riemann_ts_lr,within_subject,20260916,within_s82_h1,30,15,1,0.666667
eegbci,imagery_left_right_fist,csp_lda,within_subject,20260916,within_s82_h2,30,15,0.833333,0.533333
eegbci,imagery_left_right_fist,riemann_ts_lr,within_subject,20260916,within_s82_h2,30,15,1,0.733333
eegbci,imagery_left_right_fist,csp_lda,within_subject,20260916,within_s83_h0,30,15,0.966667,0.8
eegbci,imagery_left_right_fist,riemann_ts_lr,within_subject,20260916,within_s83_h0,30,15,1,0.6
eegbci,imagery_left_right_fist,csp_lda,within_subject,20260916,within_s83_h1,30,15,0.966667,0.666667
eegbci,imagery_left_right_fist,riemann_ts_lr,within_subject,20260916,within_s83_h1,30,15,1,0.666667
eegbci,imagery_left_right_fist,csp_lda,within_subject,20260916,within_s83_h2,30,15,1,0.666667
eegbci,imagery_left_right_fist,riemann_ts_lr,within_subject,20260916,within_s83_h2,30,15,1,0.533333
eegbci,imagery_left_right_fist,csp_lda,within_subject,20260916,within_s84_h0,30,15,1,0.4
eegbci,imagery_left_right_fist,riemann_ts_lr,within_subject,20260916,within_s84_h0,30,15,1,0.666667
eegbci,imagery_left_right_fist,csp_lda,within_subject,20260916,within_s84_h1,30,15,0.966667,0.6
eegbci,imagery_left_right_fist,riemann_ts_lr,within_subject,20260916,within_s84_h1,30,15,1,0.6
eegbci,imagery_left_right_fist,csp_lda,within_subject,20260916,within_s84_h2,30,15,1,0.533333
eegbci,imagery_left_right_fist,riemann_ts_lr,within_subject,20260916,within_s84_h2,30,15,1,0.466667
eegbci,imagery_left_right_fist,csp_lda,within_subject,20260916,within_s85_h0,30,15,1,0.933333
eegbci,imagery_left_right_fist,riemann_ts_lr,within_subject,20260916,within_s85_h0,30,15,1,1
eegbci,imagery_left_right_fist,csp_lda,within_subject,20260916,within_s85_h1,30,15,1,0.933333
eegbci,imagery_left_right_fist,riemann_ts_lr,within_subject,20260916,within_s85_h1,30,15,1,0.933333
eegbci,imagery_left_right_fist,csp_lda,within_subject,20260916,within_s85_h2,30,15,1,0.8
eegbci,imagery_left_right_fist,riemann_ts_lr,within_subject,20260916,within_s85_h2,30,15,1,0.933333
eegbci,imagery_left_right_fist,csp_lda,within_subject,20260916,within_s86_h0,30,15,1,0.466667
eegbci,imagery_left_right_fist,riemann_ts_lr,within_subject,20260916,within_s86_h0,30,15,1,0.6
eegbci,imagery_left_right_fist,csp_lda,within_subject,20260916,within_s86_h1,30,15,0.766667,0.466667
eegbci,imagery_left_right_fist,riemann_ts_lr,within_subject,20260916,within_s86_h1,30,15,1,0.6
eegbci,imagery_left_right_fist,csp_lda,within_subject,20260916,within_s86_h2,30,15,0.8,0.533333
eegbci,imagery_left_right_fist,riemann_ts_lr,within_subject,20260916,within_s86_h2,30,15,1,0.666667
eegbci,imagery_left_right_fist,csp_lda,within_subject,20260916,within_s87_h0,30,15,0.9,0.6
eegbci,imagery_left_right_fist,riemann_ts_lr,within_subject,20260916,within_s87_h0,30,15,1,0.666667
eegbci,imagery_left_right_fist,csp_lda,within_subject,20260916,within_s87_h1,30,15,0.933333,0.333333
eegbci,imagery_left_right_fist,riemann_ts_lr,within_subject,20260916,within_s87_h1,30,15,1,0.333333
eegbci,imagery_left_right_fist,csp_lda,within_subject,20260916,within_s87_h2,30,15,1,0.6
eegbci,imagery_left_right_fist,riemann_ts_lr,within_subject,20260916,within_s87_h2,30,15,1,0.466667
eegbci,imagery_left_right_fist,csp_lda,within_subject,20260916,within_s88_h0,38,19,0.763158,0.526316
eegbci,imagery_left_right_fist,riemann_ts_lr,within_subject,20260916,within_s88_h0,38,19,1,0.526316
eegbci,imagery_left_right_fist,csp_lda,within_subject,20260916,within_s88_h1,38,19,0.973684,0.473684
eegbci,imagery_left_right_fist,riemann_ts_lr,within_subject,20260916,within_s88_h1,38,19,1,0.473684
eegbci,imagery_left_right_fist,csp_lda,within_subject,20260916,within_s88_h2,38,19,0.763158,0.526316
eegbci,imagery_left_right_fist,riemann_ts_lr,within_subject,20260916,within_s88_h2,38,19,1,0.421053
eegbci,imagery_left_right_fist,csp_lda,within_subject,20260916,within_s89_h0,30,15,1,0.533333
eegbci,imagery_left_right_fist,riemann_ts_lr,within_subject,20260916,within_s89_h0,30,15,1,0.533333
eegbci,imagery_left_right_fist,csp_lda,within_subject,20260916,within_s89_h1,30,15,1,0.733333
eegbci,imagery_left_right_fist,riemann_ts_lr,within_subject,20260916,within_s89_h1,30,15,1,0.666667
eegbci,imagery_left_right_fist,csp_lda,within_subject,20260916,within_s89_h2,30,15,1,0.466667
eegbci,imagery_left_right_fist,riemann_ts_lr,within_subject,20260916,within_s89_h2,30,15,1,0.8
eegbci,imagery_left_right_fist,csp_lda,within_subject,20260916,within_s90_h0,30,15,1,0.866667
eegbci,imagery_left_right_fist,riemann_ts_lr,within_subject,20260916,within_s90_h0,30,15,1,0.933333
eegbci,imagery_left_right_fist,csp_lda,within_subject,20260916,within_s90_h1,30,15,1,0.8
eegbci,imagery_left_right_fist,riemann_ts_lr,within_subject,20260916,within_s90_h1,30,15,1,0.533333
eegbci,imagery_left_right_fist,csp_lda,within_subject,20260916,within_s90_h2,30,15,1,0.733333
eegbci,imagery_left_right_fist,riemann_ts_lr,within_subject,20260916,within_s90_h2,30,15,1,0.8
eegbci,imagery_left_right_fist,csp_lda,within_subject,20260916,within_s91_h0,30,15,0.966667,0.6
eegbci,imagery_left_right_fist,riemann_ts_lr,within_subject,20260916,within_s91_h0,30,15,1,0.666667
eegbci,imagery_left_right_fist,csp_lda,within_subject,20260916,within_s91_h1,30,15,0.966667,0.6
eegbci,imagery_left_right_fist,riemann_ts_lr,within_subject,20260916,within_s91_h1,30,15,1,0.666667
eegbci,imagery_left_right_fist,csp_lda,within_subject,20260916,within_s91_h2,30,15,0.866667,0.533333
eegbci,imagery_left_right_fist,riemann_ts_lr,within_subject,20260916,within_s91_h2,30,15,1,0.8
eegbci,imagery_left_right_fist,csp_lda,within_subject,20260916,within_s92_h0,38,19,0.868421,0.526316
eegbci,imagery_left_right_fist,riemann_ts_lr,within_subject,20260916,within_s92_h0,38,19,1,0.578947
eegbci,imagery_left_right_fist,csp_lda,within_subject,20260916,within_s92_h1,38,19,0.947368,0.578947
eegbci,imagery_left_right_fist,riemann_ts_lr,within_subject,20260916,within_s92_h1,38,19,1,0.684211
eegbci,imagery_left_right_fist,csp_lda,within_subject,20260916,within_s92_h2,38,19,0.868421,0.473684
eegbci,imagery_left_right_fist,riemann_ts_lr,within_subject,20260916,within_s92_h2,38,19,1,0.578947
eegbci,imagery_left_right_fist,csp_lda,within_subject,20260916,within_s93_h0,30,15,1,0.6
eegbci,imagery_left_right_fist,riemann_ts_lr,within_subject,20260916,within_s93_h0,30,15,1,0.866667
eegbci,imagery_left_right_fist,csp_lda,within_subject,20260916,within_s93_h1,30,15,0.966667,0.8
eegbci,imagery_left_right_fist,riemann_ts_lr,within_subject,20260916,within_s93_h1,30,15,1,0.866667
eegbci,imagery_left_right_fist,csp_lda,within_subject,20260916,within_s93_h2,30,15,0.966667,0.733333
eegbci,imagery_left_right_fist,riemann_ts_lr,within_subject,20260916,within_s93_h2,30,15,1,0.8
eegbci,imagery_left_right_fist,csp_lda,within_subject,20260916,within_s94_h0,30,15,0.933333,0.6
eegbci,imagery_left_right_fist,riemann_ts_lr,within_subject,20260916,within_s94_h0,30,15,1,0.933333
eegbci,imagery_left_right_fist,csp_lda,within_subject,20260916,within_s94_h1,30,15,1,1
eegbci,imagery_left_right_fist,riemann_ts_lr,within_subject,20260916,within_s94_h1,30,15,1,1
eegbci,imagery_left_right_fist,csp_lda,within_subject,20260916,within_s94_h2,30,15,0.866667,0.466667
eegbci,imagery_left_right_fist,riemann_ts_lr,within_subject,20260916,within_s94_h2,30,15,1,0.866667
eegbci,imagery_left_right_fist,csp_lda,within_subject,20260916,within_s95_h0,30,15,0.833333,0.533333
eegbci,imagery_left_right_fist,riemann_ts_lr,within_subject,20260916,within_s95_h0,30,15,1,0.533333
eegbci,imagery_left_right_fist,csp_lda,within_subject,20260916,within_s95_h1,30,15,0.966667,0.733333
eegbci,imagery_left_right_fist,riemann_ts_lr,within_subject,20260916,within_s95_h1,30,15,1,0.666667
eegbci,imagery_left_right_fist,csp_lda,within_subject,20260916,within_s95_h2,30,15,0.833333,0.6
eegbci,imagery_left_right_fist,riemann_ts_lr,within_subject,20260916,within_s95_h2,30,15,1,0.733333
eegbci,imagery_left_right_fist,csp_lda,within_subject,20260916,within_s96_h0,30,15,0.8,0.4
eegbci,imagery_left_right_fist,riemann_ts_lr,within_subject,20260916,within_s96_h0,30,15,1,0.533333
eegbci,imagery_left_right_fist,csp_lda,within_subject,20260916,within_s96_h1,30,15,0.8,0.533333
eegbci,imagery_left_right_fist,riemann_ts_lr,within_subject,20260916,within_s96_h1,30,15,1,0.666667
eegbci,imagery_left_right_fist,csp_lda,within_subject,20260916,within_s96_h2,30,15,0.9,0.533333
eegbci,imagery_left_right_fist,riemann_ts_lr,within_subject,20260916,within_s96_h2,30,15,1,0.533333
eegbci,imagery_left_right_fist,csp_lda,within_subject,20260916,within_s97_h0,30,15,1,0.2
eegbci,imagery_left_right_fist,riemann_ts_lr,within_subject,20260916,within_s97_h0,30,15,1,0.533333
eegbci,imagery_left_right_fist,csp_lda,within_subject,20260916,within_s97_h1,30,15,1,0.666667
eegbci,imagery_left_right_fist,riemann_ts_lr,within_subject,20260916,within_s97_h1,30,15,1,0.666667
eegbci,imagery_left_right_fist,csp_lda,within_subject,20260916,within_s97_h2,30,15,1,0.533333
eegbci,imagery_left_right_fist,riemann_ts_lr,within_subject,20260916,within_s97_h2,30,15,1,0.733333
eegbci,imagery_left_right_fist,csp_lda,within_subject,20260916,within_s98_h0,30,15,0.9,0.466667
eegbci,imagery_left_right_fist,riemann_ts_lr,within_subject,20260916,within_s98_h0,30,15,1,0.666667
eegbci,imagery_left_right_fist,csp_lda,within_subject,20260916,within_s98_h1,30,15,0.933333,0.8
eegbci,imagery_left_right_fist,riemann_ts_lr,within_subject,20260916,within_s98_h1,30,15,1,0.533333
eegbci,imagery_left_right_fist,csp_lda,within_subject,20260916,within_s98_h2,30,15,0.933333,0.533333
eegbci,imagery_left_right_fist,riemann_ts_lr,within_subject,20260916,within_s98_h2,30,15,1,0.533333
eegbci,imagery_left_right_fist,csp_lda,within_subject,20260916,within_s99_h0,30,15,1,0.466667
eegbci,imagery_left_right_fist,riemann_ts_lr,within_subject,20260916,within_s99_h0,30,15,1,0.6
eegbci,imagery_left_right_fist,csp_lda,within_subject,20260916,within_s99_h1,30,15,0.866667,0.466667
eegbci,imagery_left_right_fist,riemann_ts_lr,within_subject,20260916,within_s99_h1,30,15,1,0.466667
eegbci,imagery_left_right_fist,csp_lda,within_subject,20260916,within_s99_h2,30,15,0.966667,0.6
eegbci,imagery_left_right_fist,riemann_ts_lr,within_subject,20260916,within_s99_h2,30,15,1,0.733333
eegbci,imagery_left_right_fist,csp_lda,within_subject,20260916,within_s100_h0,24,12,1,0.583333
eegbci,imagery_left_right_fist,riemann_ts_lr,within_subject,20260916,within_s100_h0,24,12,1,0.5
eegbci,imagery_left_right_fist,csp_lda,within_subject,20260916,within_s100_h1,24,12,1,0.333333
eegbci,imagery_left_right_fist,riemann_ts_lr,within_subject,20260916,within_s100_h1,24,12,1,0.5
eegbci,imagery_left_right_fist,csp_lda,within_subject,20260916,within_s100_h2,24,12,1,0.416667
eegbci,imagery_left_right_fist,riemann_ts_lr,within_subject,20260916,within_s100_h2,24,12,1,0.666667
eegbci,imagery_left_right_fist,csp_lda,within_subject,20260916,within_s101_h0,30,15,1,0.266667
eegbci,imagery_left_right_fist,riemann_ts_lr,within_subject,20260916,within_s101_h0,30,15,1,0.6
eegbci,imagery_left_right_fist,csp_lda,within_subject,20260916,within_s101_h1,30,15,1,0.6
eegbci,imagery_left_right_fist,riemann_ts_lr,within_subject,20260916,within_s101_h1,30,15,1,0.333333
eegbci,imagery_left_right_fist,csp_lda,within_subject,20260916,within_s101_h2,30,15,1,0.333333
eegbci,imagery_left_right_fist,riemann_ts_lr,within_subject,20260916,within_s101_h2,30,15,1,0.333333
eegbci,imagery_left_right_fist,csp_lda,within_subject,20260916,within_s102_h0,28,14,1,0.642857
eegbci,imagery_left_right_fist,riemann_ts_lr,within_subject,20260916,within_s102_h0,28,14,1,0.785714
eegbci,imagery_left_right_fist,csp_lda,within_subject,20260916,within_s102_h1,28,14,1,0.642857
eegbci,imagery_left_right_fist,riemann_ts_lr,within_subject,20260916,within_s102_h1,28,14,1,0.714286
eegbci,imagery_left_right_fist,csp_lda,within_subject,20260916,within_s102_h2,28,14,1,0.857143
eegbci,imagery_left_right_fist,riemann_ts_lr,within_subject,20260916,within_s102_h2,28,14,1,0.785714
eegbci,imagery_left_right_fist,csp_lda,within_subject,20260916,within_s103_h0,30,15,0.966667,0.533333
eegbci,imagery_left_right_fist,riemann_ts_lr,within_subject,20260916,within_s103_h0,30,15,1,0.8
eegbci,imagery_left_right_fist,csp_lda,within_subject,20260916,within_s103_h1,30,15,1,0.666667
eegbci,imagery_left_right_fist,riemann_ts_lr,within_subject,20260916,within_s103_h1,30,15,1,0.6
eegbci,imagery_left_right_fist,csp_lda,within_subject,20260916,within_s103_h2,30,15,0.9,0.466667
eegbci,imagery_left_right_fist,riemann_ts_lr,within_subject,20260916,within_s103_h2,30,15,1,0.666667
eegbci,imagery_left_right_fist,csp_lda,within_subject,20260916,within_s104_h0,27,15,1,0.8
eegbci,imagery_left_right_fist,riemann_ts_lr,within_subject,20260916,within_s104_h0,27,15,1,0.533333
eegbci,imagery_left_right_fist,csp_lda,within_subject,20260916,within_s104_h1,30,12,1,0.583333
eegbci,imagery_left_right_fist,riemann_ts_lr,within_subject,20260916,within_s104_h1,30,12,1,0.666667
eegbci,imagery_left_right_fist,csp_lda,within_subject,20260916,within_s104_h2,27,15,1,0.6
eegbci,imagery_left_right_fist,riemann_ts_lr,within_subject,20260916,within_s104_h2,27,15,1,0.666667
eegbci,imagery_left_right_fist,csp_lda,within_subject,20260916,within_s105_h0,30,15,1,0.4
eegbci,imagery_left_right_fist,riemann_ts_lr,within_subject,20260916,within_s105_h0,30,15,1,0.666667
eegbci,imagery_left_right_fist,csp_lda,within_subject,20260916,within_s105_h1,30,15,1,0.8
eegbci,imagery_left_right_fist,riemann_ts_lr,within_subject,20260916,within_s105_h1,30,15,1,0.8
eegbci,imagery_left_right_fist,csp_lda,within_subject,20260916,within_s105_h2,30,15,0.966667,0.4
eegbci,imagery_left_right_fist,riemann_ts_lr,within_subject,20260916,within_s105_h2,30,15,1,0.6
eegbci,imagery_left_right_fist,csp_lda,within_subject,20260916,within_s106_h0,30,15,1,0.4
eegbci,imagery_left_right_fist,riemann_ts_lr,within_subject,20260916,within_s106_h0,30,15,1,0.533333
eegbci,imagery_left_right_fist,csp_lda,within_subject,20260916,within_s106_h1,30,15,1,0.666667
eegbci,imagery_left_right_fist,riemann_ts_lr,within_subject,20260916,within_s106_h1,30,15,1,0.666667
eegbci,imagery_left_right_fist,csp_lda,within_subject,20260916,within_s106_h2,30,15,0.933333,0.6
eegbci,imagery_left_right_fist,riemann_ts_lr,within_subject,20260916,within_s106_h2,30,15,1,0.533333
eegbci,imagery_left_right_fist,csp_lda,within_subject,20260916,within_s107_h0,30,15,0.933333,0.6
eegbci,imagery_left_right_fist,riemann_ts_lr,within_subject,20260916,within_s107_h0,30,15,1,0.666667
eegbci,imagery_left_right_fist,csp_lda,within_subject,20260916,within_s107_h1,30,15,0.966667,0.666667
eegbci,imagery_left_right_fist,riemann_ts_lr,within_subject,20260916,within_s107_h1,30,15,1,0.666667
eegbci,imagery_left_right_fist,csp_lda,within_subject,20260916,within_s107_h2,30,15,0.833333,0.6
eegbci,imagery_left_right_fist,riemann_ts_lr,within_subject,20260916,within_s107_h2,30,15,1,0.6
eegbci,imagery_left_right_fist,csp_lda,within_subject,20260916,within_s108_h0,30,15,1,0.733333
eegbci,imagery_left_right_fist,riemann_ts_lr,within_subject,20260916,within_s108_h0,30,15,1,0.933333
eegbci,imagery_left_right_fist,csp_lda,within_subject,20260916,within_s108_h1,30,15,0.9,0.733333
eegbci,imagery_left_right_fist,riemann_ts_lr,within_subject,20260916,within_s108_h1,30,15,1,0.733333
eegbci,imagery_left_right_fist,csp_lda,within_subject,20260916,within_s108_h2,30,15,1,0.666667
eegbci,imagery_left_right_fist,riemann_ts_lr,within_subject,20260916,within_s108_h2,30,15,1,0.533333
eegbci,imagery_left_right_fist,csp_lda,within_subject,20260916,within_s109_h0,30,15,1,0.4
eegbci,imagery_left_right_fist,riemann_ts_lr,within_subject,20260916,within_s109_h0,30,15,1,0.666667
eegbci,imagery_left_right_fist,csp_lda,within_subject,20260916,within_s109_h1,30,15,1,0.6
eegbci,imagery_left_right_fist,riemann_ts_lr,within_subject,20260916,within_s109_h1,30,15,1,0.533333
eegbci,imagery_left_right_fist,csp_lda,within_subject,20260916,within_s109_h2,30,15,1,0.266667
eegbci,imagery_left_right_fist,riemann_ts_lr,within_subject,20260916,within_s109_h2,30,15,1,0.466667
eegbci,real_left_right_fist,csp_lda,trial_random,20260916,trial0,3264,1633,0.583027,0.543784
eegbci,real_left_right_fist,riemann_ts_lr,trial_random,20260916,trial0,3264,1633,0.974571,0.695652
eegbci,real_left_right_fist,csp_lda,trial_random,20260916,trial1,3265,1632,0.564165,0.567402
eegbci,real_left_right_fist,riemann_ts_lr,trial_random,20260916,trial1,3265,1632,0.975191,0.70098
eegbci,real_left_right_fist,csp_lda,trial_random,20260916,trial2,3265,1632,0.58683,0.547181
eegbci,real_left_right_fist,riemann_ts_lr,trial_random,20260916,trial2,3265,1632,0.973354,0.698529
eegbci,real_left_right_fist,csp_lda,trial_random,20260917,trial0,3264,1633,0.599265,0.554807
eegbci,real_left_right_fist,riemann_ts_lr,trial_random,20260917,trial0,3264,1633,0.969056,0.719535
eegbci,real_left_right_fist,csp_lda,trial_random,20260917,trial1,3265,1632,0.556508,0.536152
eegbci,real_left_right_fist,riemann_ts_lr,trial_random,20260917,trial1,3265,1632,0.973354,0.709559
eegbci,real_left_right_fist,csp_lda,trial_random,20260917,trial2,3265,1632,0.563247,0.551471
eegbci,real_left_right_fist,riemann_ts_lr,trial_random,20260917,trial2,3265,1632,0.968147,0.721201
eegbci,real_left_right_fist,csp_lda,trial_random,20260918,trial0,3264,1633,0.592831,0.583588
eegbci,real_left_right_fist,riemann_ts_lr,trial_random,20260918,trial0,3264,1633,0.970282,0.715248
eegbci,real_left_right_fist,csp_lda,trial_random,20260918,trial1,3265,1632,0.562328,0.528799
eegbci,real_left_right_fist,riemann_ts_lr,trial_random,20260918,trial1,3265,1632,0.969372,0.710784
eegbci,real_left_right_fist,csp_lda,trial_random,20260918,trial2,3265,1632,0.588361,0.560049
eegbci,real_left_right_fist,riemann_ts_lr,trial_random,20260918,trial2,3265,1632,0.96876,0.719975
eegbci,real_left_right_fist,csp_lda,trial_random,20260919,trial0,3264,1633,0.579044,0.556032
eegbci,real_left_right_fist,riemann_ts_lr,trial_random,20260919,trial0,3264,1633,0.97212,0.714636
eegbci,real_left_right_fist,csp_lda,trial_random,20260919,trial1,3265,1632,0.581011,0.559436
eegbci,real_left_right_fist,riemann_ts_lr,trial_random,20260919,trial1,3265,1632,0.974273,0.716299
eegbci,real_left_right_fist,csp_lda,trial_random,20260919,trial2,3265,1632,0.556202,0.563113
eegbci,real_left_right_fist,riemann_ts_lr,trial_random,20260919,trial2,3265,1632,0.975191,0.730392
eegbci,real_left_right_fist,csp_lda,trial_random,20260920,trial0,3264,1633,0.620098,0.603184
eegbci,real_left_right_fist,riemann_ts_lr,trial_random,20260920,trial0,3264,1633,0.96875,0.711574
eegbci,real_left_right_fist,csp_lda,trial_random,20260920,trial1,3265,1632,0.568453,0.544118
eegbci,real_left_right_fist,riemann_ts_lr,trial_random,20260920,trial1,3265,1632,0.973354,0.697917
eegbci,real_left_right_fist,csp_lda,trial_random,20260920,trial2,3265,1632,0.564778,0.52451
eegbci,real_left_right_fist,riemann_ts_lr,trial_random,20260920,trial2,3265,1632,0.969985,0.73223
eegbci,real_left_right_fist,csp_lda,run_disjoint,20260916,run0,3260,1637,0.589571,0.574832
eegbci,real_left_right_fist,riemann_ts_lr,run_disjoint,20260916,run0,3260,1637,0.969325,0.69212
eegbci,real_left_right_fist,csp_lda,run_disjoint,20260916,run1,3267,1630,0.602388,0.591411
eegbci,real_left_right_fist,riemann_ts_lr,run_disjoint,20260916,run1,3267,1630,0.973064,0.714724
eegbci,real_left_right_fist,csp_lda,run_disjoint,20260916,run2,3267,1630,0.606367,0.604294
eegbci,real_left_right_fist,riemann_ts_lr,run_disjoint,20260916,run2,3267,1630,0.969391,0.723926
eegbci,real_left_right_fist,csp_lda,subject_disjoint,20260916,subj0,3240,1657,0.60216,0.567894
eegbci,real_left_right_fist,riemann_ts_lr,subject_disjoint,20260916,subj0,3240,1657,0.975309,0.628847
eegbci,real_left_right_fist,csp_lda,subject_disjoint,20260916,subj1,3280,1617,0.622256,0.583797
eegbci,real_left_right_fist,riemann_ts_lr,subject_disjoint,20260916,subj1,3280,1617,0.97439,0.623995
eegbci,real_left_right_fist,csp_lda,subject_disjoint,20260916,subj2,3274,1623,0.593769,0.590881
eegbci,real_left_right_fist,riemann_ts_lr,subject_disjoint,20260916,subj2,3274,1623,0.968235,0.675909
eegbci,real_left_right_fist,csp_lda,subject_disjoint,20260917,subj0,3219,1678,0.566636,0.589988
eegbci,real_left_right_fist,riemann_ts_lr,subject_disjoint,20260917,subj0,3219,1678,0.977633,0.643623
eegbci,real_left_right_fist,csp_lda,subject_disjoint,20260917,subj1,3292,1605,0.605711,0.598754
eegbci,real_left_right_fist,riemann_ts_lr,subject_disjoint,20260917,subj1,3292,1605,0.970535,0.619938
eegbci,real_left_right_fist,csp_lda,subject_disjoint,20260917,subj2,3283,1614,0.592446,0.548947
eegbci,real_left_right_fist,riemann_ts_lr,subject_disjoint,20260917,subj2,3283,1614,0.971977,0.649318
eegbci,real_left_right_fist,csp_lda,subject_disjoint,20260918,subj0,3235,1662,0.586399,0.61793
eegbci,real_left_right_fist,riemann_ts_lr,subject_disjoint,20260918,subj0,3235,1662,0.973725,0.637786
eegbci,real_left_right_fist,csp_lda,subject_disjoint,20260918,subj1,3289,1608,0.609608,0.605721
eegbci,real_left_right_fist,riemann_ts_lr,subject_disjoint,20260918,subj1,3289,1608,0.976589,0.628731
eegbci,real_left_right_fist,csp_lda,subject_disjoint,20260918,subj2,3270,1627,0.600306,0.559926
eegbci,real_left_right_fist,riemann_ts_lr,subject_disjoint,20260918,subj2,3270,1627,0.975841,0.634296
eegbci,real_left_right_fist,csp_lda,subject_disjoint,20260919,subj0,3244,1653,0.56566,0.563823
eegbci,real_left_right_fist,riemann_ts_lr,subject_disjoint,20260919,subj0,3244,1653,0.969482,0.648518
eegbci,real_left_right_fist,csp_lda,subject_disjoint,20260919,subj1,3258,1639,0.633211,0.61867
eegbci,real_left_right_fist,riemann_ts_lr,subject_disjoint,20260919,subj1,3258,1639,0.975138,0.636974
eegbci,real_left_right_fist,csp_lda,subject_disjoint,20260919,subj2,3292,1605,0.599028,0.554517
eegbci,real_left_right_fist,riemann_ts_lr,subject_disjoint,20260919,subj2,3292,1605,0.973876,0.637383
eegbci,real_left_right_fist,csp_lda,subject_disjoint,20260920,subj0,3237,1660,0.598085,0.56747
eegbci,real_left_right_fist,riemann_ts_lr,subject_disjoint,20260920,subj0,3237,1660,0.977757,0.64759
eegbci,real_left_right_fist,csp_lda,subject_disjoint,20260920,subj1,3280,1617,0.566463,0.579468
eegbci,real_left_right_fist,riemann_ts_lr,subject_disjoint,20260920,subj1,3280,1617,0.966463,0.670377
eegbci,real_left_right_fist,csp_lda,subject_disjoint,20260920,subj2,3277,1620,0.623741,0.575309
eegbci,real_left_right_fist,riemann_ts_lr,subject_disjoint,20260920,subj2,3277,1620,0.976808,0.634568
eegbci,real_left_right_fist,csp_lda,within_subject,20260916,within_s1_h0,30,15,1,0.733333
eegbci,real_left_right_fist,riemann_ts_lr,within_subject,20260916,within_s1_h0,30,15,1,0.733333
eegbci,real_left_right_fist,csp_lda,within_subject,20260916,within_s1_h1,30,15,0.966667,0.6
eegbci,real_left_right_fist,riemann_ts_lr,within_subject,20260916,within_s1_h1,30,15,1,0.533333
eegbci,real_left_right_fist,csp_lda,within_subject,20260916,within_s1_h2,30,15,0.966667,0.8
eegbci,real_left_right_fist,riemann_ts_lr,within_subject,20260916,within_s1_h2,30,15,1,0.733333
eegbci,real_left_right_fist,csp_lda,within_subject,20260916,within_s2_h0,30,15,1,0.466667
eegbci,real_left_right_fist,riemann_ts_lr,within_subject,20260916,within_s2_h0,30,15,1,0.6
eegbci,real_left_right_fist,csp_lda,within_subject,20260916,within_s2_h1,30,15,0.866667,0.466667
eegbci,real_left_right_fist,riemann_ts_lr,within_subject,20260916,within_s2_h1,30,15,1,0.866667
eegbci,real_left_right_fist,csp_lda,within_subject,20260916,within_s2_h2,30,15,0.966667,0.533333
eegbci,real_left_right_fist,riemann_ts_lr,within_subject,20260916,within_s2_h2,30,15,1,0.866667
eegbci,real_left_right_fist,csp_lda,within_subject,20260916,within_s3_h0,30,15,1,0.466667
eegbci,real_left_right_fist,riemann_ts_lr,within_subject,20260916,within_s3_h0,30,15,1,0.666667
eegbci,real_left_right_fist,csp_lda,within_subject,20260916,within_s3_h1,30,15,0.966667,0.666667
eegbci,real_left_right_fist,riemann_ts_lr,within_subject,20260916,within_s3_h1,30,15,1,0.666667
eegbci,real_left_right_fist,csp_lda,within_subject,20260916,within_s3_h2,30,15,1,0.666667
eegbci,real_left_right_fist,riemann_ts_lr,within_subject,20260916,within_s3_h2,30,15,1,0.733333
eegbci,real_left_right_fist,csp_lda,within_subject,20260916,within_s4_h0,30,15,1,0.866667
eegbci,real_left_right_fist,riemann_ts_lr,within_subject,20260916,within_s4_h0,30,15,1,0.733333
eegbci,real_left_right_fist,csp_lda,within_subject,20260916,within_s4_h1,30,15,1,0.666667
eegbci,real_left_right_fist,riemann_ts_lr,within_subject,20260916,within_s4_h1,30,15,1,0.866667
eegbci,real_left_right_fist,csp_lda,within_subject,20260916,within_s4_h2,30,15,1,0.8
eegbci,real_left_right_fist,riemann_ts_lr,within_subject,20260916,within_s4_h2,30,15,1,0.6
eegbci,real_left_right_fist,csp_lda,within_subject,20260916,within_s5_h0,30,15,1,0.6
eegbci,real_left_right_fist,riemann_ts_lr,within_subject,20260916,within_s5_h0,30,15,1,0.733333
eegbci,real_left_right_fist,csp_lda,within_subject,20260916,within_s5_h1,30,15,1,0.733333
eegbci,real_left_right_fist,riemann_ts_lr,within_subject,20260916,within_s5_h1,30,15,1,0.8
eegbci,real_left_right_fist,csp_lda,within_subject,20260916,within_s5_h2,30,15,1,0.933333
eegbci,real_left_right_fist,riemann_ts_lr,within_subject,20260916,within_s5_h2,30,15,1,0.533333
eegbci,real_left_right_fist,csp_lda,within_subject,20260916,within_s6_h0,30,15,0.766667,0.466667
eegbci,real_left_right_fist,riemann_ts_lr,within_subject,20260916,within_s6_h0,30,15,1,0.533333
eegbci,real_left_right_fist,csp_lda,within_subject,20260916,within_s6_h1,30,15,0.866667,0.533333
eegbci,real_left_right_fist,riemann_ts_lr,within_subject,20260916,within_s6_h1,30,15,1,0.666667
eegbci,real_left_right_fist,csp_lda,within_subject,20260916,within_s6_h2,30,15,0.866667,0.733333
eegbci,real_left_right_fist,riemann_ts_lr,within_subject,20260916,within_s6_h2,30,15,1,0.533333
eegbci,real_left_right_fist,csp_lda,within_subject,20260916,within_s7_h0,30,15,1,1
eegbci,real_left_right_fist,riemann_ts_lr,within_subject,20260916,within_s7_h0,30,15,1,0.933333
eegbci,real_left_right_fist,csp_lda,within_subject,20260916,within_s7_h1,30,15,1,1
eegbci,real_left_right_fist,riemann_ts_lr,within_subject,20260916,within_s7_h1,30,15,1,0.933333
eegbci,real_left_right_fist,csp_lda,within_subject,20260916,within_s7_h2,30,15,1,1
eegbci,real_left_right_fist,riemann_ts_lr,within_subject,20260916,within_s7_h2,30,15,1,1
eegbci,real_left_right_fist,csp_lda,within_subject,20260916,within_s8_h0,30,15,1,0.4
eegbci,real_left_right_fist,riemann_ts_lr,within_subject,20260916,within_s8_h0,30,15,1,0.6
eegbci,real_left_right_fist,csp_lda,within_subject,20260916,within_s8_h1,30,15,0.966667,0.733333
eegbci,real_left_right_fist,riemann_ts_lr,within_subject,20260916,within_s8_h1,30,15,1,0.6
eegbci,real_left_right_fist,csp_lda,within_subject,20260916,within_s8_h2,30,15,0.966667,0.466667
eegbci,real_left_right_fist,riemann_ts_lr,within_subject,20260916,within_s8_h2,30,15,1,0.933333
eegbci,real_left_right_fist,csp_lda,within_subject,20260916,within_s9_h0,30,15,1,0.466667
eegbci,real_left_right_fist,riemann_ts_lr,within_subject,20260916,within_s9_h0,30,15,1,0.466667
eegbci,real_left_right_fist,csp_lda,within_subject,20260916,within_s9_h1,30,15,1,0.6
eegbci,real_left_right_fist,riemann_ts_lr,within_subject,20260916,within_s9_h1,30,15,1,0.666667
eegbci,real_left_right_fist,csp_lda,within_subject,20260916,within_s9_h2,30,15,1,0.733333
eegbci,real_left_right_fist,riemann_ts_lr,within_subject,20260916,within_s9_h2,30,15,1,0.666667
eegbci,real_left_right_fist,csp_lda,within_subject,20260916,within_s10_h0,30,15,1,0.533333
eegbci,real_left_right_fist,riemann_ts_lr,within_subject,20260916,within_s10_h0,30,15,1,0.533333
eegbci,real_left_right_fist,csp_lda,within_subject,20260916,within_s10_h1,30,15,1,0.666667
eegbci,real_left_right_fist,riemann_ts_lr,within_subject,20260916,within_s10_h1,30,15,1,0.8
eegbci,real_left_right_fist,csp_lda,within_subject,20260916,within_s10_h2,30,15,1,0.6
eegbci,real_left_right_fist,riemann_ts_lr,within_subject,20260916,within_s10_h2,30,15,1,0.533333
eegbci,real_left_right_fist,csp_lda,within_subject,20260916,within_s11_h0,30,15,1,0.6
eegbci,real_left_right_fist,riemann_ts_lr,within_subject,20260916,within_s11_h0,30,15,1,0.466667
eegbci,real_left_right_fist,csp_lda,within_subject,20260916,within_s11_h1,30,15,0.966667,0.6
eegbci,real_left_right_fist,riemann_ts_lr,within_subject,20260916,within_s11_h1,30,15,1,0.733333
eegbci,real_left_right_fist,csp_lda,within_subject,20260916,within_s11_h2,30,15,1,0.6
eegbci,real_left_right_fist,riemann_ts_lr,within_subject,20260916,within_s11_h2,30,15,1,0.733333
eegbci,real_left_right_fist,csp_lda,within_subject,20260916,within_s12_h0,30,15,0.9,0.6
eegbci,real_left_right_fist,riemann_ts_lr,within_subject,20260916,within_s12_h0,30,15,1,0.8
eegbci,real_left_right_fist,csp_lda,within_subject,20260916,within_s12_h1,30,15,0.866667,0.733333
eegbci,real_left_right_fist,riemann_ts_lr,within_subject,20260916,within_s12_h1,30,15,1,1
eegbci,real_left_right_fist,csp_lda,within_subject,20260916,within_s12_h2,30,15,1,0.666667
eegbci,real_left_right_fist,riemann_ts_lr,within_subject,20260916,within_s12_h2,30,15,1,0.533333
eegbci,real_left_right_fist,csp_lda,within_subject,20260916,within_s13_h0,30,15,0.9,0.533333
eegbci,real_left_right_fist,riemann_ts_lr,within_subject,20260916,within_s13_h0,30,15,1,0.6
eegbci,real_left_right_fist,csp_lda,within_subject,20260916,within_s13_h1,30,15,0.966667,0.733333
eegbci,real_left_right_fist,riemann_ts_lr,within_subject,20260916,within_s13_h1,30,15,1,0.733333
eegbci,real_left_right_fist,csp_lda,within_subject,20260916,within_s13_h2,30,15,0.866667,0.6
eegbci,real_left_right_fist,riemann_ts_lr,within_subject,20260916,within_s13_h2,30,15,1,0.733333
eegbci,real_left_right_fist,csp_lda,within_subject,20260916,within_s14_h0,30,15,1,0.6
eegbci,real_left_right_fist,riemann_ts_lr,within_subject,20260916,within_s14_h0,30,15,1,0.733333
eegbci,real_left_right_fist,csp_lda,within_subject,20260916,within_s14_h1,30,15,0.966667,0.666667
eegbci,real_left_right_fist,riemann_ts_lr,within_subject,20260916,within_s14_h1,30,15,1,0.666667
eegbci,real_left_right_fist,csp_lda,within_subject,20260916,within_s14_h2,30,15,1,0.533333
eegbci,real_left_right_fist,riemann_ts_lr,within_subject,20260916,within_s14_h2,30,15,1,0.666667
eegbci,real_left_right_fist,csp_lda,within_subject,20260916,within_s15_h0,30,15,0.933333,0.533333
eegbci,real_left_right_fist,riemann_ts_lr,within_subject,20260916,within_s15_h0,30,15,1,0.866667
eegbci,real_left_right_fist,csp_lda,within_subject,20260916,within_s15_h1,30,15,0.933333,0.6
eegbci,real_left_right_fist,riemann_ts_lr,within_subject,20260916,within_s15_h1,30,15,1,0.733333
eegbci,real_left_right_fist,csp_lda,within_subject,20260916,within_s15_h2,30,15,1,0.666667
eegbci,real_left_right_fist,riemann_ts_lr,within_subject,20260916,within_s15_h2,30,15,1,0.733333
eegbci,real_left_right_fist,csp_lda,within_subject,20260916,within_s16_h0,30,15,1,0.333333
eegbci,real_left_right_fist,riemann_ts_lr,within_subject,20260916,within_s16_h0,30,15,1,0.6
eegbci,real_left_right_fist,csp_lda,within_subject,20260916,within_s16_h1,30,15,1,0.533333
eegbci,real_left_right_fist,riemann_ts_lr,within_subject,20260916,within_s16_h1,30,15,1,0.733333
eegbci,real_left_right_fist,csp_lda,within_subject,20260916,within_s16_h2,30,15,0.966667,0.8
eegbci,real_left_right_fist,riemann_ts_lr,within_subject,20260916,within_s16_h2,30,15,1,0.533333
eegbci,real_left_right_fist,csp_lda,within_subject,20260916,within_s17_h0,30,15,0.933333,0.533333
eegbci,real_left_right_fist,riemann_ts_lr,within_subject,20260916,within_s17_h0,30,15,1,0.466667
eegbci,real_left_right_fist,csp_lda,within_subject,20260916,within_s17_h1,30,15,0.9,0.4
eegbci,real_left_right_fist,riemann_ts_lr,within_subject,20260916,within_s17_h1,30,15,1,0.466667
eegbci,real_left_right_fist,csp_lda,within_subject,20260916,within_s17_h2,30,15,0.9,0.466667
eegbci,real_left_right_fist,riemann_ts_lr,within_subject,20260916,within_s17_h2,30,15,1,0.466667
eegbci,real_left_right_fist,csp_lda,within_subject,20260916,within_s18_h0,30,15,1,0.533333
eegbci,real_left_right_fist,riemann_ts_lr,within_subject,20260916,within_s18_h0,30,15,1,0.533333
eegbci,real_left_right_fist,csp_lda,within_subject,20260916,within_s18_h1,30,15,0.966667,0.533333
eegbci,real_left_right_fist,riemann_ts_lr,within_subject,20260916,within_s18_h1,30,15,1,0.666667
eegbci,real_left_right_fist,csp_lda,within_subject,20260916,within_s18_h2,30,15,1,0.733333
eegbci,real_left_right_fist,riemann_ts_lr,within_subject,20260916,within_s18_h2,30,15,1,0.6
eegbci,real_left_right_fist,csp_lda,within_subject,20260916,within_s19_h0,30,15,0.966667,0.733333
eegbci,real_left_right_fist,riemann_ts_lr,within_subject,20260916,within_s19_h0,30,15,1,0.6
eegbci,real_left_right_fist,csp_lda,within_subject,20260916,within_s19_h1,30,15,1,0.8
eegbci,real_left_right_fist,riemann_ts_lr,within_subject,20260916,within_s19_h1,30,15,1,0.933333
eegbci,real_left_right_fist,csp_lda,within_subject,20260916,within_s19_h2,30,15,0.966667,0.933333
eegbci,real_left_right_fist,riemann_ts_lr,within_subject,20260916,within_s19_h2,30,15,1,0.866667
eegbci,real_left_right_fist,csp_lda,within_subject,20260916,within_s20_h0,30,15,0.966667,0.6
eegbci,real_left_right_fist,riemann_ts_lr,within_subject,20260916,within_s20_h0,30,15,1,0.666667
eegbci,real_left_right_fist,csp_lda,within_subject,20260916,within_s20_h1,30,15,0.833333,0.4
eegbci,real_left_right_fist,riemann_ts_lr,within_subject,20260916,within_s20_h1,30,15,1,0.6
eegbci,real_left_right_fist,csp_lda,within_subject,20260916,within_s20_h2,30,15,0.8,0.533333
eegbci,real_left_right_fist,riemann_ts_lr,within_subject,20260916,within_s20_h2,30,15,1,0.666667
eegbci,real_left_right_fist,csp_lda,within_subject,20260916,within_s21_h0,30,15,1,0.8
eegbci,real_left_right_fist,riemann_ts_lr,within_subject,20260916,within_s21_h0,30,15,1,0.666667
eegbci,real_left_right_fist,csp_lda,within_subject,20260916,within_s21_h1,30,15,1,0.8
eegbci,real_left_right_fist,riemann_ts_lr,within_subject,20260916,within_s21_h1,30,15,1,0.733333
eegbci,real_left_right_fist,csp_lda,within_subject,20260916,within_s21_h2,30,15,0.933333,0.533333
eegbci,real_left_right_fist,riemann_ts_lr,within_subject,20260916,within_s21_h2,30,15,1,0.8
eegbci,real_left_right_fist,csp_lda,within_subject,20260916,within_s22_h0,30,15,1,0.666667
eegbci,real_left_right_fist,riemann_ts_lr,within_subject,20260916,within_s22_h0,30,15,1,0.733333
eegbci,real_left_right_fist,csp_lda,within_subject,20260916,within_s22_h1,30,15,0.933333,0.866667
eegbci,real_left_right_fist,riemann_ts_lr,within_subject,20260916,within_s22_h1,30,15,1,0.733333
eegbci,real_left_right_fist,csp_lda,within_subject,20260916,within_s22_h2,30,15,1,0.6
eegbci,real_left_right_fist,riemann_ts_lr,within_subject,20260916,within_s22_h2,30,15,1,0.666667
eegbci,real_left_right_fist,csp_lda,within_subject,20260916,within_s23_h0,30,15,0.866667,0.533333
eegbci,real_left_right_fist,riemann_ts_lr,within_subject,20260916,within_s23_h0,30,15,1,0.533333
eegbci,real_left_right_fist,csp_lda,within_subject,20260916,within_s23_h1,30,15,0.7,0.533333
eegbci,real_left_right_fist,riemann_ts_lr,within_subject,20260916,within_s23_h1,30,15,1,0.733333
eegbci,real_left_right_fist,csp_lda,within_subject,20260916,within_s23_h2,30,15,0.933333,0.733333
eegbci,real_left_right_fist,riemann_ts_lr,within_subject,20260916,within_s23_h2,30,15,1,0.733333
eegbci,real_left_right_fist,csp_lda,within_subject,20260916,within_s24_h0,30,15,0.866667,0.533333
eegbci,real_left_right_fist,riemann_ts_lr,within_subject,20260916,within_s24_h0,30,15,1,0.733333
eegbci,real_left_right_fist,csp_lda,within_subject,20260916,within_s24_h1,30,15,0.966667,0.8
eegbci,real_left_right_fist,riemann_ts_lr,within_subject,20260916,within_s24_h1,30,15,1,0.666667
eegbci,real_left_right_fist,csp_lda,within_subject,20260916,within_s24_h2,30,15,0.866667,0.8
eegbci,real_left_right_fist,riemann_ts_lr,within_subject,20260916,within_s24_h2,30,15,1,0.733333
eegbci,real_left_right_fist,csp_lda,within_subject,20260916,within_s25_h0,30,15,1,0.666667
eegbci,real_left_right_fist,riemann_ts_lr,within_subject,20260916,within_s25_h0,30,15,1,0.866667
eegbci,real_left_right_fist,csp_lda,within_subject,20260916,within_s25_h1,30,15,1,0.533333
eegbci,real_left_right_fist,riemann_ts_lr,within_subject,20260916,within_s25_h1,30,15,1,0.666667
eegbci,real_left_right_fist,csp_lda,within_subject,20260916,within_s25_h2,30,15,1,0.733333
eegbci,real_left_right_fist,riemann_ts_lr,within_subject,20260916,within_s25_h2,30,15,1,0.666667
eegbci,real_left_right_fist,csp_lda,within_subject,20260916,within_s26_h0,30,15,1,0.8
eegbci,real_left_right_fist,riemann_ts_lr,within_subject,20260916,within_s26_h0,30,15,1,0.8
eegbci,real_left_right_fist,csp_lda,within_subject,20260916,within_s26_h1,30,15,1,0.8
eegbci,real_left_right_fist,riemann_ts_lr,within_subject,20260916,within_s26_h1,30,15,1,1
eegbci,real_left_right_fist,csp_lda,within_subject,20260916,within_s26_h2,30,15,1,0.866667
eegbci,real_left_right_fist,riemann_ts_lr,within_subject,20260916,within_s26_h2,30,15,1,0.866667
eegbci,real_left_right_fist,csp_lda,within_subject,20260916,within_s27_h0,30,15,0.966667,0.6
eegbci,real_left_right_fist,riemann_ts_lr,within_subject,20260916,within_s27_h0,30,15,1,0.666667
eegbci,real_left_right_fist,csp_lda,within_subject,20260916,within_s27_h1,30,15,0.8,0.266667
eegbci,real_left_right_fist,riemann_ts_lr,within_subject,20260916,within_s27_h1,30,15,1,0.4
eegbci,real_left_right_fist,csp_lda,within_subject,20260916,within_s27_h2,30,15,0.833333,0.666667
eegbci,real_left_right_fist,riemann_ts_lr,within_subject,20260916,within_s27_h2,30,15,1,0.466667
eegbci,real_left_right_fist,csp_lda,within_subject,20260916,within_s28_h0,30,15,1,0.8
eegbci,real_left_right_fist,riemann_ts_lr,within_subject,20260916,within_s28_h0,30,15,1,0.666667
eegbci,real_left_right_fist,csp_lda,within_subject,20260916,within_s28_h1,30,15,0.966667,0.533333
eegbci,real_left_right_fist,riemann_ts_lr,within_subject,20260916,within_s28_h1,30,15,1,0.4
eegbci,real_left_right_fist,csp_lda,within_subject,20260916,within_s28_h2,30,15,1,0.8
eegbci,real_left_right_fist,riemann_ts_lr,within_subject,20260916,within_s28_h2,30,15,1,0.666667
eegbci,real_left_right_fist,csp_lda,within_subject,20260916,within_s29_h0,30,15,0.966667,0.8
eegbci,real_left_right_fist,riemann_ts_lr,within_subject,20260916,within_s29_h0,30,15,1,0.733333
eegbci,real_left_right_fist,csp_lda,within_subject,20260916,within_s29_h1,30,15,1,0.666667
eegbci,real_left_right_fist,riemann_ts_lr,within_subject,20260916,within_s29_h1,30,15,1,0.933333
eegbci,real_left_right_fist,csp_lda,within_subject,20260916,within_s29_h2,30,15,1,0.933333
eegbci,real_left_right_fist,riemann_ts_lr,within_subject,20260916,within_s29_h2,30,15,1,0.8
eegbci,real_left_right_fist,csp_lda,within_subject,20260916,within_s30_h0,30,15,0.9,0.533333
eegbci,real_left_right_fist,riemann_ts_lr,within_subject,20260916,within_s30_h0,30,15,1,0.8
eegbci,real_left_right_fist,csp_lda,within_subject,20260916,within_s30_h1,30,15,1,0.666667
eegbci,real_left_right_fist,riemann_ts_lr,within_subject,20260916,within_s30_h1,30,15,1,0.866667
eegbci,real_left_right_fist,csp_lda,within_subject,20260916,within_s30_h2,30,15,0.933333,0.6
eegbci,real_left_right_fist,riemann_ts_lr,within_subject,20260916,within_s30_h2,30,15,1,0.733333
eegbci,real_left_right_fist,csp_lda,within_subject,20260916,within_s31_h0,30,15,0.933333,0.8
eegbci,real_left_right_fist,riemann_ts_lr,within_subject,20260916,within_s31_h0,30,15,1,0.6
eegbci,real_left_right_fist,csp_lda,within_subject,20260916,within_s31_h1,30,15,1,0.8
eegbci,real_left_right_fist,riemann_ts_lr,within_subject,20260916,within_s31_h1,30,15,1,0.733333
eegbci,real_left_right_fist,csp_lda,within_subject,20260916,within_s31_h2,30,15,1,0.733333
eegbci,real_left_right_fist,riemann_ts_lr,within_subject,20260916,within_s31_h2,30,15,1,0.933333
eegbci,real_left_right_fist,csp_lda,within_subject,20260916,within_s32_h0,30,15,1,1
eegbci,real_left_right_fist,riemann_ts_lr,within_subject,20260916,within_s32_h0,30,15,1,1
eegbci,real_left_right_fist,csp_lda,within_subject,20260916,within_s32_h1,30,15,1,0.866667
eegbci,real_left_right_fist,riemann_ts_lr,within_subject,20260916,within_s32_h1,30,15,1,1
eegbci,real_left_right_fist,csp_lda,within_subject,20260916,within_s32_h2,30,15,1,0.6
eegbci,real_left_right_fist,riemann_ts_lr,within_subject,20260916,within_s32_h2,30,15,1,0.466667
eegbci,real_left_right_fist,csp_lda,within_subject,20260916,within_s33_h0,30,15,1,0.533333
eegbci,real_left_right_fist,riemann_ts_lr,within_subject,20260916,within_s33_h0,30,15,1,0.8
eegbci,real_left_right_fist,csp_lda,within_subject,20260916,within_s33_h1,30,15,1,0.8
eegbci,real_left_right_fist,riemann_ts_lr,within_subject,20260916,within_s33_h1,30,15,1,0.866667
eegbci,real_left_right_fist,csp_lda,within_subject,20260916,within_s33_h2,30,15,0.933333,0.533333
eegbci,real_left_right_fist,riemann_ts_lr,within_subject,20260916,within_s33_h2,30,15,1,0.533333
eegbci,real_left_right_fist,csp_lda,within_subject,20260916,within_s34_h0,28,14,1,0.714286
eegbci,real_left_right_fist,riemann_ts_lr,within_subject,20260916,within_s34_h0,28,14,1,0.571429
eegbci,real_left_right_fist,csp_lda,within_subject,20260916,within_s34_h1,28,14,0.964286,0.857143
eegbci,real_left_right_fist,riemann_ts_lr,within_subject,20260916,within_s34_h1,28,14,1,0.785714
eegbci,real_left_right_fist,csp_lda,within_subject,20260916,within_s34_h2,28,14,1,0.642857
eegbci,real_left_right_fist,riemann_ts_lr,within_subject,20260916,within_s34_h2,28,14,1,0.714286
eegbci,real_left_right_fist,csp_lda,within_subject,20260916,within_s35_h0,30,15,1,0.6
eegbci,real_left_right_fist,riemann_ts_lr,within_subject,20260916,within_s35_h0,30,15,1,0.8
eegbci,real_left_right_fist,csp_lda,within_subject,20260916,within_s35_h1,30,15,1,0.666667
eegbci,real_left_right_fist,riemann_ts_lr,within_subject,20260916,within_s35_h1,30,15,1,0.933333
eegbci,real_left_right_fist,csp_lda,within_subject,20260916,within_s35_h2,30,15,1,0.8
eegbci,real_left_right_fist,riemann_ts_lr,within_subject,20260916,within_s35_h2,30,15,1,0.666667
eegbci,real_left_right_fist,csp_lda,within_subject,20260916,within_s36_h0,30,15,0.966667,0.466667
eegbci,real_left_right_fist,riemann_ts_lr,within_subject,20260916,within_s36_h0,30,15,1,0.533333
eegbci,real_left_right_fist,csp_lda,within_subject,20260916,within_s36_h1,30,15,1,0.466667
eegbci,real_left_right_fist,riemann_ts_lr,within_subject,20260916,within_s36_h1,30,15,1,0.666667
eegbci,real_left_right_fist,csp_lda,within_subject,20260916,within_s36_h2,30,15,0.833333,0.466667
eegbci,real_left_right_fist,riemann_ts_lr,within_subject,20260916,within_s36_h2,30,15,1,0.533333
eegbci,real_left_right_fist,csp_lda,within_subject,20260916,within_s37_h0,28,14,0.75,0.571429
eegbci,real_left_right_fist,riemann_ts_lr,within_subject,20260916,within_s37_h0,28,14,1,0.5
eegbci,real_left_right_fist,csp_lda,within_subject,20260916,within_s37_h1,28,14,0.964286,0.5
eegbci,real_left_right_fist,riemann_ts_lr,within_subject,20260916,within_s37_h1,28,14,1,0.785714
eegbci,real_left_right_fist,csp_lda,within_subject,20260916,within_s37_h2,28,14,0.535714,0.5
eegbci,real_left_right_fist,riemann_ts_lr,within_subject,20260916,within_s37_h2,28,14,1,0.714286
eegbci,real_left_right_fist,csp_lda,within_subject,20260916,within_s38_h0,30,15,1,0.733333
eegbci,real_left_right_fist,riemann_ts_lr,within_subject,20260916,within_s38_h0,30,15,1,0.6
eegbci,real_left_right_fist,csp_lda,within_subject,20260916,within_s38_h1,30,15,0.933333,0.666667
eegbci,real_left_right_fist,riemann_ts_lr,within_subject,20260916,within_s38_h1,30,15,1,0.466667
eegbci,real_left_right_fist,csp_lda,within_subject,20260916,within_s38_h2,30,15,1,0.533333
eegbci,real_left_right_fist,riemann_ts_lr,within_subject,20260916,within_s38_h2,30,15,1,0.666667
eegbci,real_left_right_fist,csp_lda,within_subject,20260916,within_s39_h0,30,15,1,0.533333
eegbci,real_left_right_fist,riemann_ts_lr,within_subject,20260916,within_s39_h0,30,15,1,0.533333
eegbci,real_left_right_fist,csp_lda,within_subject,20260916,within_s39_h1,30,15,1,0.866667
eegbci,real_left_right_fist,riemann_ts_lr,within_subject,20260916,within_s39_h1,30,15,1,0.8
eegbci,real_left_right_fist,csp_lda,within_subject,20260916,within_s39_h2,30,15,1,0.666667
eegbci,real_left_right_fist,riemann_ts_lr,within_subject,20260916,within_s39_h2,30,15,1,0.866667
eegbci,real_left_right_fist,csp_lda,within_subject,20260916,within_s40_h0,30,15,1,0.6
eegbci,real_left_right_fist,riemann_ts_lr,within_subject,20260916,within_s40_h0,30,15,1,0.6
eegbci,real_left_right_fist,csp_lda,within_subject,20260916,within_s40_h1,30,15,1,0.733333
eegbci,real_left_right_fist,riemann_ts_lr,within_subject,20260916,within_s40_h1,30,15,1,0.733333
eegbci,real_left_right_fist,csp_lda,within_subject,20260916,within_s40_h2,30,15,1,0.6
eegbci,real_left_right_fist,riemann_ts_lr,within_subject,20260916,within_s40_h2,30,15,1,0.6
eegbci,real_left_right_fist,csp_lda,within_subject,20260916,within_s41_h0,28,14,1,0.5
eegbci,real_left_right_fist,riemann_ts_lr,within_subject,20260916,within_s41_h0,28,14,1,0.571429
eegbci,real_left_right_fist,csp_lda,within_subject,20260916,within_s41_h1,28,14,0.964286,0.5
eegbci,real_left_right_fist,riemann_ts_lr,within_subject,20260916,within_s41_h1,28,14,1,0.5
eegbci,real_left_right_fist,csp_lda,within_subject,20260916,within_s41_h2,28,14,1,0.642857
eegbci,real_left_right_fist,riemann_ts_lr,within_subject,20260916,within_s41_h2,28,14,1,0.571429
eegbci,real_left_right_fist,csp_lda,within_subject,20260916,within_s42_h0,30,15,1,1
eegbci,real_left_right_fist,riemann_ts_lr,within_subject,20260916,within_s42_h0,30,15,1,0.933333
eegbci,real_left_right_fist,csp_lda,within_subject,20260916,within_s42_h1,30,15,1,1
eegbci,real_left_right_fist,riemann_ts_lr,within_subject,20260916,within_s42_h1,30,15,1,0.933333
eegbci,real_left_right_fist,csp_lda,within_subject,20260916,within_s42_h2,30,15,1,0.933333
eegbci,real_left_right_fist,riemann_ts_lr,within_subject,20260916,within_s42_h2,30,15,1,1
eegbci,real_left_right_fist,csp_lda,within_subject,20260916,within_s43_h0,30,15,0.733333,0.466667
eegbci,real_left_right_fist,riemann_ts_lr,within_subject,20260916,within_s43_h0,30,15,1,0.8
eegbci,real_left_right_fist,csp_lda,within_subject,20260916,within_s43_h1,30,15,0.933333,0.666667
eegbci,real_left_right_fist,riemann_ts_lr,within_subject,20260916,within_s43_h1,30,15,1,0.733333
eegbci,real_left_right_fist,csp_lda,within_subject,20260916,within_s43_h2,30,15,1,0.733333
eegbci,real_left_right_fist,riemann_ts_lr,within_subject,20260916,within_s43_h2,30,15,1,0.733333
eegbci,real_left_right_fist,csp_lda,within_subject,20260916,within_s44_h0,30,15,1,0.933333
eegbci,real_left_right_fist,riemann_ts_lr,within_subject,20260916,within_s44_h0,30,15,1,0.933333
eegbci,real_left_right_fist,csp_lda,within_subject,20260916,within_s44_h1,30,15,0.733333,0.4
eegbci,real_left_right_fist,riemann_ts_lr,within_subject,20260916,within_s44_h1,30,15,1,0.733333
eegbci,real_left_right_fist,csp_lda,within_subject,20260916,within_s44_h2,30,15,1,0.466667
eegbci,real_left_right_fist,riemann_ts_lr,within_subject,20260916,within_s44_h2,30,15,1,0.8
eegbci,real_left_right_fist,csp_lda,within_subject,20260916,within_s45_h0,30,15,0.833333,0.533333
eegbci,real_left_right_fist,riemann_ts_lr,within_subject,20260916,within_s45_h0,30,15,1,0.666667
eegbci,real_left_right_fist,csp_lda,within_subject,20260916,within_s45_h1,30,15,0.866667,0.4
eegbci,real_left_right_fist,riemann_ts_lr,within_subject,20260916,within_s45_h1,30,15,1,0.6
eegbci,real_left_right_fist,csp_lda,within_subject,20260916,within_s45_h2,30,15,1,0.933333
eegbci,real_left_right_fist,riemann_ts_lr,within_subject,20260916,within_s45_h2,30,15,1,0.533333
eegbci,real_left_right_fist,csp_lda,within_subject,20260916,within_s46_h0,30,15,1,0.933333
eegbci,real_left_right_fist,riemann_ts_lr,within_subject,20260916,within_s46_h0,30,15,1,0.933333
eegbci,real_left_right_fist,csp_lda,within_subject,20260916,within_s46_h1,30,15,1,1
eegbci,real_left_right_fist,riemann_ts_lr,within_subject,20260916,within_s46_h1,30,15,1,1
eegbci,real_left_right_fist,csp_lda,within_subject,20260916,within_s46_h2,30,15,1,0.866667
eegbci,real_left_right_fist,riemann_ts_lr,within_subject,20260916,within_s46_h2,30,15,1,0.933333
eegbci,real_left_right_fist,csp_lda,within_subject,20260916,within_s47_h0,30,15,1,0.666667
eegbci,real_left_right_fist,riemann_ts_lr,within_subject,20260916,within_s47_h0,30,15,1,0.666667
eegbci,real_left_right_fist,csp_lda,within_subject,20260916,within_s47_h1,30,15,1,0.266667
eegbci,real_left_right_fist,riemann_ts_lr,within_subject,20260916,within_s47_h1,30,15,1,0.4
eegbci,real_left_right_fist,csp_lda,within_subject,20260916,within_s47_h2,30,15,1,0.666667
eegbci,real_left_right_fist,riemann_ts_lr,within_subject,20260916,within_s47_h2,30,15,1,0.666667
eegbci,real_left_right_fist,csp_lda,within_subject,20260916,within_s48_h0,30,15,1,1
eegbci,real_left_right_fist,riemann_ts_lr,within_subject,20260916,within_s48_h0,30,15,1,0.933333
eegbci,real_left_right_fist,csp_lda,within_subject,20260916,within_s48_h1,30,15,1,0.933333
eegbci,real_left_right_fist,riemann_ts_lr,within_subject,20260916,within_s48_h1,30,15,1,0.933333
eegbci,real_left_right_fist,csp_lda,within_subject,20260916,within_s48_h2,30,15,1,0.866667
eegbci,real_left_right_fist,riemann_ts_lr,within_subject,20260916,within_s48_h2,30,15,1,0.933333
eegbci,real_left_right_fist,csp_lda,within_subject,20260916,within_s49_h0,30,15,1,0.8
eegbci,real_left_right_fist,riemann_ts_lr,within_subject,20260916,within_s49_h0,30,15,1,0.6
eegbci,real_left_right_fist,csp_lda,within_subject,20260916,within_s49_h1,30,15,1,0.933333
eegbci,real_left_right_fist,riemann_ts_lr,within_subject,20260916,within_s49_h1,30,15,1,0.866667
eegbci,real_left_right_fist,csp_lda,within_subject,20260916,within_s49_h2,30,15,1,0.666667
eegbci,real_left_right_fist,riemann_ts_lr,within_subject,20260916,within_s49_h2,30,15,1,0.733333
eegbci,real_left_right_fist,csp_lda,within_subject,20260916,within_s50_h0,30,15,1,0.666667
eegbci,real_left_right_fist,riemann_ts_lr,within_subject,20260916,within_s50_h0,30,15,1,0.933333
eegbci,real_left_right_fist,csp_lda,within_subject,20260916,within_s50_h1,30,15,1,0.866667
eegbci,real_left_right_fist,riemann_ts_lr,within_subject,20260916,within_s50_h1,30,15,1,0.866667
eegbci,real_left_right_fist,csp_lda,within_subject,20260916,within_s50_h2,30,15,1,0.8
eegbci,real_left_right_fist,riemann_ts_lr,within_subject,20260916,within_s50_h2,30,15,1,1
eegbci,real_left_right_fist,csp_lda,within_subject,20260916,within_s51_h0,28,14,1,1
eegbci,real_left_right_fist,riemann_ts_lr,within_subject,20260916,within_s51_h0,28,14,1,0.5
eegbci,real_left_right_fist,csp_lda,within_subject,20260916,within_s51_h1,28,14,1,0.714286
eegbci,real_left_right_fist,riemann_ts_lr,within_subject,20260916,within_s51_h1,28,14,1,0.857143
eegbci,real_left_right_fist,csp_lda,within_subject,20260916,within_s51_h2,28,14,1,0.857143
eegbci,real_left_right_fist,riemann_ts_lr,within_subject,20260916,within_s51_h2,28,14,1,0.714286
eegbci,real_left_right_fist,csp_lda,within_subject,20260916,within_s52_h0,30,15,1,0.666667
eegbci,real_left_right_fist,riemann_ts_lr,within_subject,20260916,within_s52_h0,30,15,1,0.666667
eegbci,real_left_right_fist,csp_lda,within_subject,20260916,within_s52_h1,30,15,1,0.733333
eegbci,real_left_right_fist,riemann_ts_lr,within_subject,20260916,within_s52_h1,30,15,1,0.666667
eegbci,real_left_right_fist,csp_lda,within_subject,20260916,within_s52_h2,30,15,1,0.733333
eegbci,real_left_right_fist,riemann_ts_lr,within_subject,20260916,within_s52_h2,30,15,1,0.933333
eegbci,real_left_right_fist,csp_lda,within_subject,20260916,within_s53_h0,30,15,1,0.666667
eegbci,real_left_right_fist,riemann_ts_lr,within_subject,20260916,within_s53_h0,30,15,1,0.733333
eegbci,real_left_right_fist,csp_lda,within_subject,20260916,within_s53_h1,30,15,0.933333,0.933333
eegbci,real_left_right_fist,riemann_ts_lr,within_subject,20260916,within_s53_h1,30,15,1,0.933333
eegbci,real_left_right_fist,csp_lda,within_subject,20260916,within_s53_h2,30,15,1,0.866667
eegbci,real_left_right_fist,riemann_ts_lr,within_subject,20260916,within_s53_h2,30,15,1,1
eegbci,real_left_right_fist,csp_lda,within_subject,20260916,within_s54_h0,30,15,1,0.733333
eegbci,real_left_right_fist,riemann_ts_lr,within_subject,20260916,within_s54_h0,30,15,1,0.933333
eegbci,real_left_right_fist,csp_lda,within_subject,20260916,within_s54_h1,30,15,1,1
eegbci,real_left_right_fist,riemann_ts_lr,within_subject,20260916,within_s54_h1,30,15,1,1
eegbci,real_left_right_fist,csp_lda,within_subject,20260916,within_s54_h2,30,15,1,0.733333
eegbci,real_left_right_fist,riemann_ts_lr,within_subject,20260916,within_s54_h2,30,15,1,0.866667
eegbci,real_left_right_fist,csp_lda,within_subject,20260916,within_s55_h0,30,15,1,0.666667
eegbci,real_left_right_fist,riemann_ts_lr,within_subject,20260916,within_s55_h0,30,15,1,0.533333
eegbci,real_left_right_fist,csp_lda,within_subject,20260916,within_s55_h1,30,15,1,0.866667
eegbci,real_left_right_fist,riemann_ts_lr,within_subject,20260916,within_s55_h1,30,15,1,0.8
eegbci,real_left_right_fist,csp_lda,within_subject,20260916,within_s55_h2,30,15,1,0.866667
eegbci,real_left_right_fist,riemann_ts_lr,within_subject,20260916,within_s55_h2,30,15,1,0.866667
eegbci,real_left_right_fist,csp_lda,within_subject,20260916,within_s56_h0,30,15,1,0.866667
eegbci,real_left_right_fist,riemann_ts_lr,within_subject,20260916,within_s56_h0,30,15,1,0.8
eegbci,real_left_right_fist,csp_lda,within_subject,20260916,within_s56_h1,30,15,1,0.866667
eegbci,real_left_right_fist,riemann_ts_lr,within_subject,20260916,within_s56_h1,30,15,1,0.8
eegbci,real_left_right_fist,csp_lda,within_subject,20260916,within_s56_h2,30,15,1,0.8
eegbci,real_left_right_fist,riemann_ts_lr,within_subject,20260916,within_s56_h2,30,15,1,0.533333
eegbci,real_left_right_fist,csp_lda,within_subject,20260916,within_s57_h0,30,15,0.966667,0.933333
eegbci,real_left_right_fist,riemann_ts_lr,within_subject,20260916,within_s57_h0,30,15,1,1
eegbci,real_left_right_fist,csp_lda,within_subject,20260916,within_s57_h1,30,15,1,0.6
eegbci,real_left_right_fist,riemann_ts_lr,within_subject,20260916,within_s57_h1,30,15,1,0.533333
eegbci,real_left_right_fist,csp_lda,within_subject,20260916,within_s57_h2,30,15,0.966667,0.8
eegbci,real_left_right_fist,riemann_ts_lr,within_subject,20260916,within_s57_h2,30,15,1,0.933333
eegbci,real_left_right_fist,csp_lda,within_subject,20260916,within_s58_h0,30,15,1,0.466667
eegbci,real_left_right_fist,riemann_ts_lr,within_subject,20260916,within_s58_h0,30,15,1,0.466667
eegbci,real_left_right_fist,csp_lda,within_subject,20260916,within_s58_h1,30,15,1,0.6
eegbci,real_left_right_fist,riemann_ts_lr,within_subject,20260916,within_s58_h1,30,15,1,0.466667
eegbci,real_left_right_fist,csp_lda,within_subject,20260916,within_s58_h2,30,15,0.833333,0.533333
eegbci,real_left_right_fist,riemann_ts_lr,within_subject,20260916,within_s58_h2,30,15,1,0.8
eegbci,real_left_right_fist,csp_lda,within_subject,20260916,within_s59_h0,30,15,0.8,0.466667
eegbci,real_left_right_fist,riemann_ts_lr,within_subject,20260916,within_s59_h0,30,15,1,0.666667
eegbci,real_left_right_fist,csp_lda,within_subject,20260916,within_s59_h1,30,15,0.9,0.466667
eegbci,real_left_right_fist,riemann_ts_lr,within_subject,20260916,within_s59_h1,30,15,1,0.6
eegbci,real_left_right_fist,csp_lda,within_subject,20260916,within_s59_h2,30,15,0.966667,0.533333
eegbci,real_left_right_fist,riemann_ts_lr,within_subject,20260916,within_s59_h2,30,15,1,0.6
eegbci,real_left_right_fist,csp_lda,within_subject,20260916,within_s60_h0,30,15,1,0.733333
eegbci,real_left_right_fist,riemann_ts_lr,within_subject,20260916,within_s60_h0,30,15,1,0.733333
eegbci,real_left_right_fist,csp_lda,within_subject,20260916,within_s60_h1,30,15,0.966667,0.733333
eegbci,real_left_right_fist,riemann_ts_lr,within_subject,20260916,within_s60_h1,30,15,1,0.6
eegbci,real_left_right_fist,csp_lda,within_subject,20260916,within_s60_h2,30,15,0.966667,0.866667
eegbci,real_left_right_fist,riemann_ts_lr,within_subject,20260916,within_s60_h2,30,15,1,0.733333
eegbci,real_left_right_fist,csp_lda,within_subject,20260916,within_s61_h0,30,15,1,0.466667
eegbci,real_left_right_fist,riemann_ts_lr,within_subject,20260916,within_s61_h0,30,15,1,0.933333
eegbci,real_left_right_fist,csp_lda,within_subject,20260916,within_s61_h1,30,15,0.966667,0.8
eegbci,real_left_right_fist,riemann_ts_lr,within_subject,20260916,within_s61_h1,30,15,1,1
eegbci,real_left_right_fist,csp_lda,within_subject,20260916,within_s61_h2,30,15,1,0.733333
eegbci,real_left_right_fist,riemann_ts_lr,within_subject,20260916,within_s61_h2,30,15,1,0.8
eegbci,real_left_right_fist,csp_lda,within_subject,20260916,within_s62_h0,30,15,1,0.466667
eegbci,real_left_right_fist,riemann_ts_lr,within_subject,20260916,within_s62_h0,30,15,1,0.666667
eegbci,real_left_right_fist,csp_lda,within_subject,20260916,within_s62_h1,30,15,0.733333,0.466667
eegbci,real_left_right_fist,riemann_ts_lr,within_subject,20260916,within_s62_h1,30,15,1,0.533333
eegbci,real_left_right_fist,csp_lda,within_subject,20260916,within_s62_h2,30,15,0.6,0.533333
eegbci,real_left_right_fist,riemann_ts_lr,within_subject,20260916,within_s62_h2,30,15,1,0.533333
eegbci,real_left_right_fist,csp_lda,within_subject,20260916,within_s63_h0,30,15,1,0.533333
eegbci,real_left_right_fist,riemann_ts_lr,within_subject,20260916,within_s63_h0,30,15,1,0.466667
eegbci,real_left_right_fist,csp_lda,within_subject,20260916,within_s63_h1,30,15,1,0.6
eegbci,real_left_right_fist,riemann_ts_lr,within_subject,20260916,within_s63_h1,30,15,1,0.533333
eegbci,real_left_right_fist,csp_lda,within_subject,20260916,within_s63_h2,30,15,1,0.533333
eegbci,real_left_right_fist,riemann_ts_lr,within_subject,20260916,within_s63_h2,30,15,1,0.533333
eegbci,real_left_right_fist,csp_lda,within_subject,20260916,within_s64_h0,28,14,1,0.714286
eegbci,real_left_right_fist,riemann_ts_lr,within_subject,20260916,within_s64_h0,28,14,1,0.5
eegbci,real_left_right_fist,csp_lda,within_subject,20260916,within_s64_h1,28,14,1,0.928571
eegbci,real_left_right_fist,riemann_ts_lr,within_subject,20260916,within_s64_h1,28,14,1,0.928571
eegbci,real_left_right_fist,csp_lda,within_subject,20260916,within_s64_h2,28,14,1,0.928571
eegbci,real_left_right_fist,riemann_ts_lr,within_subject,20260916,within_s64_h2,28,14,1,1
eegbci,real_left_right_fist,csp_lda,within_subject,20260916,within_s65_h0,30,15,1,0.6
eegbci,real_left_right_fist,riemann_ts_lr,within_subject,20260916,within_s65_h0,30,15,1,0.533333
eegbci,real_left_right_fist,csp_lda,within_subject,20260916,within_s65_h1,30,15,1,0.666667
eegbci,real_left_right_fist,riemann_ts_lr,within_subject,20260916,within_s65_h1,30,15,1,0.666667
eegbci,real_left_right_fist,csp_lda,within_subject,20260916,within_s65_h2,30,15,0.966667,0.733333
eegbci,real_left_right_fist,riemann_ts_lr,within_subject,20260916,within_s65_h2,30,15,1,0.6
eegbci,real_left_right_fist,csp_lda,within_subject,20260916,within_s66_h0,30,15,0.966667,0.4
eegbci,real_left_right_fist,riemann_ts_lr,within_subject,20260916,within_s66_h0,30,15,1,0.6
eegbci,real_left_right_fist,csp_lda,within_subject,20260916,within_s66_h1,30,15,0.833333,0.6
eegbci,real_left_right_fist,riemann_ts_lr,within_subject,20260916,within_s66_h1,30,15,1,0.666667
eegbci,real_left_right_fist,csp_lda,within_subject,20260916,within_s66_h2,30,15,0.966667,0.466667
eegbci,real_left_right_fist,riemann_ts_lr,within_subject,20260916,within_s66_h2,30,15,1,0.733333
eegbci,real_left_right_fist,csp_lda,within_subject,20260916,within_s67_h0,30,15,0.8,0.4
eegbci,real_left_right_fist,riemann_ts_lr,within_subject,20260916,within_s67_h0,30,15,1,0.4
eegbci,real_left_right_fist,csp_lda,within_subject,20260916,within_s67_h1,30,15,0.866667,0.466667
eegbci,real_left_right_fist,riemann_ts_lr,within_subject,20260916,within_s67_h1,30,15,1,0.733333
eegbci,real_left_right_fist,csp_lda,within_subject,20260916,within_s67_h2,30,15,0.633333,0.533333
eegbci,real_left_right_fist,riemann_ts_lr,within_subject,20260916,within_s67_h2,30,15,1,0.533333
eegbci,real_left_right_fist,csp_lda,within_subject,20260916,within_s68_h0,30,15,0.933333,0.533333
eegbci,real_left_right_fist,riemann_ts_lr,within_subject,20260916,within_s68_h0,30,15,1,0.466667
eegbci,real_left_right_fist,csp_lda,within_subject,20260916,within_s68_h1,30,15,1,0.466667
eegbci,real_left_right_fist,riemann_ts_lr,within_subject,20260916,within_s68_h1,30,15,1,0.733333
eegbci,real_left_right_fist,csp_lda,within_subject,20260916,within_s68_h2,30,15,0.833333,0.533333
eegbci,real_left_right_fist,riemann_ts_lr,within_subject,20260916,within_s68_h2,30,15,1,0.466667
eegbci,real_left_right_fist,csp_lda,within_subject,20260916,within_s69_h0,30,15,0.966667,0.733333
eegbci,real_left_right_fist,riemann_ts_lr,within_subject,20260916,within_s69_h0,30,15,1,0.666667
eegbci,real_left_right_fist,csp_lda,within_subject,20260916,within_s69_h1,30,15,1,0.733333
eegbci,real_left_right_fist,riemann_ts_lr,within_subject,20260916,within_s69_h1,30,15,1,0.733333
eegbci,real_left_right_fist,csp_lda,within_subject,20260916,within_s69_h2,30,15,1,0.666667
eegbci,real_left_right_fist,riemann_ts_lr,within_subject,20260916,within_s69_h2,30,15,1,0.533333
eegbci,real_left_right_fist,csp_lda,within_subject,20260916,within_s70_h0,30,15,1,0.666667
eegbci,real_left_right_fist,riemann_ts_lr,within_subject,20260916,within_s70_h0,30,15,1,0.866667
eegbci,real_left_right_fist,csp_lda,within_subject,20260916,within_s70_h1,30,15,1,0.666667
eegbci,real_left_right_fist,riemann_ts_lr,within_subject,20260916,within_s70_h1,30,15,1,0.6
eegbci,real_left_right_fist,csp_lda,within_subject,20260916,within_s70_h2,30,15,1,0.866667
eegbci,real_left_right_fist,riemann_ts_lr,within_subject,20260916,within_s70_h2,30,15,1,0.8
eegbci,real_left_right_fist,csp_lda,within_subject,20260916,within_s71_h0,30,15,0.966667,0.533333
eegbci,real_left_right_fist,riemann_ts_lr,within_subject,20260916,within_s71_h0,30,15,1,0.666667
eegbci,real_left_right_fist,csp_lda,within_subject,20260916,within_s71_h1,30,15,1,0.4
eegbci,real_left_right_fist,riemann_ts_lr,within_subject,20260916,within_s71_h1,30,15,1,0.6
eegbci,real_left_right_fist,csp_lda,within_subject,20260916,within_s71_h2,30,15,0.966667,0.533333
eegbci,real_left_right_fist,riemann_ts_lr,within_subject,20260916,within_s71_h2,30,15,1,0.533333
eegbci,real_left_right_fist,csp_lda,within_subject,20260916,within_s72_h0,28,14,1,0.642857
eegbci,real_left_right_fist,riemann_ts_lr,within_subject,20260916,within_s72_h0,28,14,1,0.785714
eegbci,real_left_right_fist,csp_lda,within_subject,20260916,within_s72_h1,28,14,0.964286,0.642857
eegbci,real_left_right_fist,riemann_ts_lr,within_subject,20260916,within_s72_h1,28,14,1,0.5
eegbci,real_left_right_fist,csp_lda,within_subject,20260916,within_s72_h2,28,14,1,0.571429
eegbci,real_left_right_fist,riemann_ts_lr,within_subject,20260916,within_s72_h2,28,14,1,0.785714
eegbci,real_left_right_fist,csp_lda,within_subject,20260916,within_s73_h0,28,14,0.964286,0.5
eegbci,real_left_right_fist,riemann_ts_lr,within_subject,20260916,within_s73_h0,28,14,1,0.5
eegbci,real_left_right_fist,csp_lda,within_subject,20260916,within_s73_h1,28,14,0.964286,0.428571
eegbci,real_left_right_fist,riemann_ts_lr,within_subject,20260916,within_s73_h1,28,14,1,0.642857
eegbci,real_left_right_fist,csp_lda,within_subject,20260916,within_s73_h2,28,14,1,0.5
eegbci,real_left_right_fist,riemann_ts_lr,within_subject,20260916,within_s73_h2,28,14,1,0.714286
eegbci,real_left_right_fist,csp_lda,within_subject,20260916,within_s74_h0,28,14,0.821429,0.5
eegbci,real_left_right_fist,riemann_ts_lr,within_subject,20260916,within_s74_h0,28,14,1,0.571429
eegbci,real_left_right_fist,csp_lda,within_subject,20260916,within_s74_h1,28,14,0.75,0.357143
eegbci,real_left_right_fist,riemann_ts_lr,within_subject,20260916,within_s74_h1,28,14,1,0.857143
eegbci,real_left_right_fist,csp_lda,within_subject,20260916,within_s74_h2,28,14,0.892857,0.714286
eegbci,real_left_right_fist,riemann_ts_lr,within_subject,20260916,within_s74_h2,28,14,1,0.857143
eegbci,real_left_right_fist,csp_lda,within_subject,20260916,within_s75_h0,30,15,0.833333,0.666667
eegbci,real_left_right_fist,riemann_ts_lr,within_subject,20260916,within_s75_h0,30,15,1,0.533333
eegbci,real_left_right_fist,csp_lda,within_subject,20260916,within_s75_h1,30,15,0.9,0.6
eegbci,real_left_right_fist,riemann_ts_lr,within_subject,20260916,within_s75_h1,30,15,1,0.6
eegbci,real_left_right_fist,csp_lda,within_subject,20260916,within_s75_h2,30,15,0.933333,0.6
eegbci,real_left_right_fist,riemann_ts_lr,within_subject,20260916,within_s75_h2,30,15,1,0.533333
eegbci,real_left_right_fist,csp_lda,within_subject,20260916,within_s76_h0,28,14,1,0.714286
eegbci,real_left_right_fist,riemann_ts_lr,within_subject,20260916,within_s76_h0,28,14,1,0.928571
eegbci,real_left_right_fist,csp_lda,within_subject,20260916,within_s76_h1,28,14,1,0.642857
eegbci,real_left_right_fist,riemann_ts_lr,within_subject,20260916,within_s76_h1,28,14,1,0.928571
eegbci,real_left_right_fist,csp_lda,within_subject,20260916,within_s76_h2,28,14,1,0.857143
eegbci,real_left_right_fist,riemann_ts_lr,within_subject,20260916,within_s76_h2,28,14,1,0.928571
eegbci,real_left_right_fist,csp_lda,within_subject,20260916,within_s77_h0,30,15,0.833333,0.6
eegbci,real_left_right_fist,riemann_ts_lr,within_subject,20260916,within_s77_h0,30,15,1,0.666667
eegbci,real_left_right_fist,csp_lda,within_subject,20260916,within_s77_h1,30,15,0.933333,0.533333
eegbci,real_left_right_fist,riemann_ts_lr,within_subject,20260916,within_s77_h1,30,15,1,0.6
eegbci,real_left_right_fist,csp_lda,within_subject,20260916,within_s77_h2,30,15,1,0.4
eegbci,real_left_right_fist,riemann_ts_lr,within_subject,20260916,within_s77_h2,30,15,1,0.6
eegbci,real_left_right_fist,csp_lda,within_subject,20260916,within_s78_h0,30,15,0.933333,0.4
eegbci,real_left_right_fist,riemann_ts_lr,within_subject,20260916,within_s78_h0,30,15,1,0.533333
eegbci,real_left_right_fist,csp_lda,within_subject,20260916,within_s78_h1,30,15,0.9,0.533333
eegbci,real_left_right_fist,riemann_ts_lr,within_subject,20260916,within_s78_h1,30,15,1,0.466667
eegbci,real_left_right_fist,csp_lda,within_subject,20260916,within_s78_h2,30,15,0.8,0.6
eegbci,real_left_right_fist,riemann_ts_lr,within_subject,20260916,within_s78_h2,30,15,1,0.6
eegbci,real_left_right_fist,csp_lda,within_subject,20260916,within_s79_h0,30,15,0.6,0.4
eegbci,real_left_right_fist,riemann_ts_lr,within_subject,20260916,within_s79_h0,30,15,1,0.8
eegbci,real_left_right_fist,csp_lda,within_subject,20260916,within_s79_h1,30,15,0.666667,0.733333
eegbci,real_left_right_fist,riemann_ts_lr,within_subject,20260916,within_s79_h1,30,15,1,0.6
eegbci,real_left_right_fist,csp_lda,within_subject,20260916,within_s79_h2,30,15,1,0.733333
eegbci,real_left_right_fist,riemann_ts_lr,within_subject,20260916,within_s79_h2,30,15,1,0.933333
eegbci,real_left_right_fist,csp_lda,within_subject,20260916,within_s80_h0,30,15,1,0.533333
eegbci,real_left_right_fist,riemann_ts_lr,within_subject,20260916,within_s80_h0,30,15,1,0.466667
eegbci,real_left_right_fist,csp_lda,within_subject,20260916,within_s80_h1,30,15,1,0.733333
eegbci,real_left_right_fist,riemann_ts_lr,within_subject,20260916,within_s80_h1,30,15,1,0.533333
eegbci,real_left_right_fist,csp_lda,within_subject,20260916,within_s80_h2,30,15,1,0.533333
eegbci,real_left_right_fist,riemann_ts_lr,within_subject,20260916,within_s80_h2,30,15,1,0.466667
eegbci,real_left_right_fist,csp_lda,within_subject,20260916,within_s81_h0,30,15,0.966667,0.533333
eegbci,real_left_right_fist,riemann_ts_lr,within_subject,20260916,within_s81_h0,30,15,1,0.733333
eegbci,real_left_right_fist,csp_lda,within_subject,20260916,within_s81_h1,30,15,1,0.8
eegbci,real_left_right_fist,riemann_ts_lr,within_subject,20260916,within_s81_h1,30,15,1,0.866667
eegbci,real_left_right_fist,csp_lda,within_subject,20260916,within_s81_h2,30,15,0.966667,0.6
eegbci,real_left_right_fist,riemann_ts_lr,within_subject,20260916,within_s81_h2,30,15,1,0.733333
eegbci,real_left_right_fist,csp_lda,within_subject,20260916,within_s82_h0,30,15,1,0.533333
eegbci,real_left_right_fist,riemann_ts_lr,within_subject,20260916,within_s82_h0,30,15,1,0.8
eegbci,real_left_right_fist,csp_lda,within_subject,20260916,within_s82_h1,30,15,1,0.6
eegbci,real_left_right_fist,riemann_ts_lr,within_subject,20260916,within_s82_h1,30,15,1,0.8
eegbci,real_left_right_fist,csp_lda,within_subject,20260916,within_s82_h2,30,15,1,0.933333
eegbci,real_left_right_fist,riemann_ts_lr,within_subject,20260916,within_s82_h2,30,15,1,0.933333
eegbci,real_left_right_fist,csp_lda,within_subject,20260916,within_s83_h0,30,15,1,0.8
eegbci,real_left_right_fist,riemann_ts_lr,within_subject,20260916,within_s83_h0,30,15,1,0.866667
eegbci,real_left_right_fist,csp_lda,within_subject,20260916,within_s83_h1,30,15,1,0.8
eegbci,real_left_right_fist,riemann_ts_lr,within_subject,20260916,within_s83_h1,30,15,1,0.733333
eegbci,real_left_right_fist,csp_lda,within_subject,20260916,within_s83_h2,30,15,1,0.933333
eegbci,real_left_right_fist,riemann_ts_lr,within_subject,20260916,within_s83_h2,30,15,1,0.8
eegbci,real_left_right_fist,csp_lda,within_subject,20260916,within_s84_h0,30,15,0.766667,0.466667
eegbci,real_left_right_fist,riemann_ts_lr,within_subject,20260916,within_s84_h0,30,15,1,0.666667
eegbci,real_left_right_fist,csp_lda,within_subject,20260916,within_s84_h1,30,15,1,0.533333
eegbci,real_left_right_fist,riemann_ts_lr,within_subject,20260916,within_s84_h1,30,15,1,0.333333
eegbci,real_left_right_fist,csp_lda,within_subject,20260916,within_s84_h2,30,15,0.8,0.533333
eegbci,real_left_right_fist,riemann_ts_lr,within_subject,20260916,within_s84_h2,30,15,1,0.466667
eegbci,real_left_right_fist,csp_lda,within_subject,20260916,within_s85_h0,30,15,1,0.466667
eegbci,real_left_right_fist,riemann_ts_lr,within_subject,20260916,within_s85_h0,30,15,1,0.666667
eegbci,real_left_right_fist,csp_lda,within_subject,20260916,within_s85_h1,30,15,1,0.533333
eegbci,real_left_right_fist,riemann_ts_lr,within_subject,20260916,within_s85_h1,30,15,1,0.6
eegbci,real_left_right_fist,csp_lda,within_subject,20260916,within_s85_h2,30,15,1,0.666667
eegbci,real_left_right_fist,riemann_ts_lr,within_subject,20260916,within_s85_h2,30,15,1,0.8
eegbci,real_left_right_fist,csp_lda,within_subject,20260916,within_s86_h0,30,15,0.733333,0.466667
eegbci,real_left_right_fist,riemann_ts_lr,within_subject,20260916,within_s86_h0,30,15,1,0.666667
eegbci,real_left_right_fist,csp_lda,within_subject,20260916,within_s86_h1,30,15,0.966667,0.666667
eegbci,real_left_right_fist,riemann_ts_lr,within_subject,20260916,within_s86_h1,30,15,1,0.733333
eegbci,real_left_right_fist,csp_lda,within_subject,20260916,within_s86_h2,30,15,0.7,0.466667
eegbci,real_left_right_fist,riemann_ts_lr,within_subject,20260916,within_s86_h2,30,15,1,0.733333
eegbci,real_left_right_fist,csp_lda,within_subject,20260916,within_s87_h0,30,15,1,0.533333
eegbci,real_left_right_fist,riemann_ts_lr,within_subject,20260916,within_s87_h0,30,15,1,0.533333
eegbci,real_left_right_fist,csp_lda,within_subject,20260916,within_s87_h1,30,15,0.966667,0.6
eegbci,real_left_right_fist,riemann_ts_lr,within_subject,20260916,within_s87_h1,30,15,1,0.6
eegbci,real_left_right_fist,csp_lda,within_subject,20260916,within_s87_h2,30,15,1,0.666667
eegbci,real_left_right_fist,riemann_ts_lr,within_subject,20260916,within_s87_h2,30,15,1,0.733333
eegbci,real_left_right_fist,csp_lda,within_subject,20260916,within_s88_h0,38,19,0.921053,0.631579
eegbci,real_left_right_fist,riemann_ts_lr,within_subject,20260916,within_s88_h0,38,19,1,0.578947
eegbci,real_left_right_fist,csp_lda,within_subject,20260916,within_s88_h1,38,19,0.921053,0.473684
eegbci,real_left_right_fist,riemann_ts_lr,within_subject,20260916,within_s88_h1,38,19,1,0.736842
eegbci,real_left_right_fist,csp_lda,within_subject,20260916,within_s88_h2,38,19,0.894737,0.631579
eegbci,real_left_right_fist,riemann_ts_lr,within_subject,20260916,within_s88_h2,38,19,1,0.526316
eegbci,real_left_right_fist,csp_lda,within_subject,20260916,within_s89_h0,30,22,1,0.545455
eegbci,real_left_right_fist,riemann_ts_lr,within_subject,20260916,within_s89_h0,30,22,1,0.590909
eegbci,real_left_right_fist,csp_lda,within_subject,20260916,within_s89_h1,37,15,1,0.666667
eegbci,real_left_right_fist,riemann_ts_lr,within_subject,20260916,within_s89_h1,37,15,1,0.533333
eegbci,real_left_right_fist,csp_lda,within_subject,20260916,within_s89_h2,37,15,0.945946,0.533333
eegbci,real_left_right_fist,riemann_ts_lr,within_subject,20260916,within_s89_h2,37,15,1,0.733333
eegbci,real_left_right_fist,csp_lda,within_subject,20260916,within_s90_h0,30,15,0.966667,0.6
eegbci,real_left_right_fist,riemann_ts_lr,within_subject,20260916,within_s90_h0,30,15,1,0.533333
eegbci,real_left_right_fist,csp_lda,within_subject,20260916,within_s90_h1,30,15,0.9,0.8
eegbci,real_left_right_fist,riemann_ts_lr,within_subject,20260916,within_s90_h1,30,15,1,0.866667
eegbci,real_left_right_fist,csp_lda,within_subject,20260916,within_s90_h2,30,15,0.933333,0.8
eegbci,real_left_right_fist,riemann_ts_lr,within_subject,20260916,within_s90_h2,30,15,1,0.8
eegbci,real_left_right_fist,csp_lda,within_subject,20260916,within_s91_h0,30,15,1,0.866667
eegbci,real_left_right_fist,riemann_ts_lr,within_subject,20260916,within_s91_h0,30,15,1,0.866667
eegbci,real_left_right_fist,csp_lda,within_subject,20260916,within_s91_h1,30,15,1,0.6
eegbci,real_left_right_fist,riemann_ts_lr,within_subject,20260916,within_s91_h1,30,15,1,0.666667
eegbci,real_left_right_fist,csp_lda,within_subject,20260916,within_s91_h2,30,15,1,0.8
eegbci,real_left_right_fist,riemann_ts_lr,within_subject,20260916,within_s91_h2,30,15,1,0.8
eegbci,real_left_right_fist,csp_lda,within_subject,20260916,within_s92_h0,38,19,1,0.578947
eegbci,real_left_right_fist,riemann_ts_lr,within_subject,20260916,within_s92_h0,38,19,1,0.684211
eegbci,real_left_right_fist,csp_lda,within_subject,20260916,within_s92_h1,38,19,0.894737,0.789474
eegbci,real_left_right_fist,riemann_ts_lr,within_subject,20260916,within_s92_h1,38,19,1,0.842105
eegbci,real_left_right_fist,csp_lda,within_subject,20260916,within_s92_h2,38,19,1,0.894737
eegbci,real_left_right_fist,riemann_ts_lr,within_subject,20260916,within_s92_h2,38,19,1,0.842105
eegbci,real_left_right_fist,csp_lda,within_subject,20260916,within_s93_h0,30,15,1,0.6
eegbci,real_left_right_fist,riemann_ts_lr,within_subject,20260916,within_s93_h0,30,15,1,0.6
eegbci,real_left_right_fist,csp_lda,within_subject,20260916,within_s93_h1,30,15,0.833333,0.666667
eegbci,real_left_right_fist,riemann_ts_lr,within_subject,20260916,within_s93_h1,30,15,1,0.733333
eegbci,real_left_right_fist,csp_lda,within_subject,20260916,within_s93_h2,30,15,1,0.6
eegbci,real_left_right_fist,riemann_ts_lr,within_subject,20260916,within_s93_h2,30,15,1,0.666667
eegbci,real_left_right_fist,csp_lda,within_subject,20260916,within_s94_h0,30,15,1,1
eegbci,real_left_right_fist,riemann_ts_lr,within_subject,20260916,within_s94_h0,30,15,1,0.8
eegbci,real_left_right_fist,csp_lda,within_subject,20260916,within_s94_h1,30,15,1,0.933333
eegbci,real_left_right_fist,riemann_ts_lr,within_subject,20260916,within_s94_h1,30,15,1,0.8
eegbci,real_left_right_fist,csp_lda,within_subject,20260916,within_s94_h2,30,15,1,0.866667
eegbci,real_left_right_fist,riemann_ts_lr,within_subject,20260916,within_s94_h2,30,15,1,0.8
eegbci,real_left_right_fist,csp_lda,within_subject,20260916,within_s95_h0,30,15,0.9,0.466667
eegbci,real_left_right_fist,riemann_ts_lr,within_subject,20260916,within_s95_h0,30,15,1,0.466667
eegbci,real_left_right_fist,csp_lda,within_subject,20260916,within_s95_h1,30,15,1,0.6
eegbci,real_left_right_fist,riemann_ts_lr,within_subject,20260916,within_s95_h1,30,15,1,0.533333
eegbci,real_left_right_fist,csp_lda,within_subject,20260916,within_s95_h2,30,15,1,0.4
eegbci,real_left_right_fist,riemann_ts_lr,within_subject,20260916,within_s95_h2,30,15,1,0.533333
eegbci,real_left_right_fist,csp_lda,within_subject,20260916,within_s96_h0,30,15,0.866667,0.466667
eegbci,real_left_right_fist,riemann_ts_lr,within_subject,20260916,within_s96_h0,30,15,1,0.933333
eegbci,real_left_right_fist,csp_lda,within_subject,20260916,within_s96_h1,30,15,0.966667,0.8
eegbci,real_left_right_fist,riemann_ts_lr,within_subject,20260916,within_s96_h1,30,15,1,0.666667
eegbci,real_left_right_fist,csp_lda,within_subject,20260916,within_s96_h2,30,15,0.866667,0.533333
eegbci,real_left_right_fist,riemann_ts_lr,within_subject,20260916,within_s96_h2,30,15,1,0.866667
eegbci,real_left_right_fist,csp_lda,within_subject,20260916,within_s97_h0,30,15,1,0.6
eegbci,real_left_right_fist,riemann_ts_lr,within_subject,20260916,within_s97_h0,30,15,1,0.8
eegbci,real_left_right_fist,csp_lda,within_subject,20260916,within_s97_h1,30,15,1,0.533333
eegbci,real_left_right_fist,riemann_ts_lr,within_subject,20260916,within_s97_h1,30,15,1,0.533333
eegbci,real_left_right_fist,csp_lda,within_subject,20260916,within_s97_h2,30,15,0.933333,0.666667
eegbci,real_left_right_fist,riemann_ts_lr,within_subject,20260916,within_s97_h2,30,15,1,0.933333
eegbci,real_left_right_fist,csp_lda,within_subject,20260916,within_s98_h0,30,15,0.766667,0.466667
eegbci,real_left_right_fist,riemann_ts_lr,within_subject,20260916,within_s98_h0,30,15,1,0.466667
eegbci,real_left_right_fist,csp_lda,within_subject,20260916,within_s98_h1,30,15,0.733333,0.733333
eegbci,real_left_right_fist,riemann_ts_lr,within_subject,20260916,within_s98_h1,30,15,1,0.733333
eegbci,real_left_right_fist,csp_lda,within_subject,20260916,within_s98_h2,30,15,0.933333,0.533333
eegbci,real_left_right_fist,riemann_ts_lr,within_subject,20260916,within_s98_h2,30,15,1,0.6
eegbci,real_left_right_fist,csp_lda,within_subject,20260916,within_s99_h0,30,15,1,0.6
eegbci,real_left_right_fist,riemann_ts_lr,within_subject,20260916,within_s99_h0,30,15,1,0.6
eegbci,real_left_right_fist,csp_lda,within_subject,20260916,within_s99_h1,30,15,1,0.733333
eegbci,real_left_right_fist,riemann_ts_lr,within_subject,20260916,within_s99_h1,30,15,1,0.733333
eegbci,real_left_right_fist,csp_lda,within_subject,20260916,within_s99_h2,30,15,0.9,0.533333
eegbci,real_left_right_fist,riemann_ts_lr,within_subject,20260916,within_s99_h2,30,15,1,0.533333
eegbci,real_left_right_fist,csp_lda,within_subject,20260916,within_s100_h0,24,12,1,0.5
eegbci,real_left_right_fist,riemann_ts_lr,within_subject,20260916,within_s100_h0,24,12,1,0.5
eegbci,real_left_right_fist,csp_lda,within_subject,20260916,within_s100_h1,24,12,1,0.416667
eegbci,real_left_right_fist,riemann_ts_lr,within_subject,20260916,within_s100_h1,24,12,1,0.333333
eegbci,real_left_right_fist,csp_lda,within_subject,20260916,within_s100_h2,24,12,1,0.666667
eegbci,real_left_right_fist,riemann_ts_lr,within_subject,20260916,within_s100_h2,24,12,1,0.5
eegbci,real_left_right_fist,csp_lda,within_subject,20260916,within_s101_h0,30,15,1,0.6
eegbci,real_left_right_fist,riemann_ts_lr,within_subject,20260916,within_s101_h0,30,15,1,0.6
eegbci,real_left_right_fist,csp_lda,within_subject,20260916,within_s101_h1,30,15,1,0.466667
eegbci,real_left_right_fist,riemann_ts_lr,within_subject,20260916,within_s101_h1,30,15,1,0.533333
eegbci,real_left_right_fist,csp_lda,within_subject,20260916,within_s101_h2,30,15,1,0.6
eegbci,real_left_right_fist,riemann_ts_lr,within_subject,20260916,within_s101_h2,30,15,1,0.466667
eegbci,real_left_right_fist,csp_lda,within_subject,20260916,within_s102_h0,28,14,1,0.642857
eegbci,real_left_right_fist,riemann_ts_lr,within_subject,20260916,within_s102_h0,28,14,1,0.5
eegbci,real_left_right_fist,csp_lda,within_subject,20260916,within_s102_h1,28,14,1,0.714286
eegbci,real_left_right_fist,riemann_ts_lr,within_subject,20260916,within_s102_h1,28,14,1,0.785714
eegbci,real_left_right_fist,csp_lda,within_subject,20260916,within_s102_h2,28,14,0.964286,0.857143
eegbci,real_left_right_fist,riemann_ts_lr,within_subject,20260916,within_s102_h2,28,14,1,0.714286
eegbci,real_left_right_fist,csp_lda,within_subject,20260916,within_s103_h0,30,15,0.833333,0.533333
eegbci,real_left_right_fist,riemann_ts_lr,within_subject,20260916,within_s103_h0,30,15,1,0.666667
eegbci,real_left_right_fist,csp_lda,within_subject,20260916,within_s103_h1,30,15,0.933333,0.6
eegbci,real_left_right_fist,riemann_ts_lr,within_subject,20260916,within_s103_h1,30,15,1,0.666667
eegbci,real_left_right_fist,csp_lda,within_subject,20260916,within_s103_h2,30,15,0.933333,0.533333
eegbci,real_left_right_fist,riemann_ts_lr,within_subject,20260916,within_s103_h2,30,15,1,0.533333
eegbci,real_left_right_fist,csp_lda,within_subject,20260916,within_s104_h0,30,15,1,0.733333
eegbci,real_left_right_fist,riemann_ts_lr,within_subject,20260916,within_s104_h0,30,15,1,0.666667
eegbci,real_left_right_fist,csp_lda,within_subject,20260916,within_s104_h1,30,15,0.966667,0.666667
eegbci,real_left_right_fist,riemann_ts_lr,within_subject,20260916,within_s104_h1,30,15,1,0.8
eegbci,real_left_right_fist,csp_lda,within_subject,20260916,within_s104_h2,30,15,0.933333,0.866667
eegbci,real_left_right_fist,riemann_ts_lr,within_subject,20260916,within_s104_h2,30,15,1,0.466667
eegbci,real_left_right_fist,csp_lda,within_subject,20260916,within_s105_h0,30,15,0.9,0.6
eegbci,real_left_right_fist,riemann_ts_lr,within_subject,20260916,within_s105_h0,30,15,1,0.933333
eegbci,real_left_right_fist,csp_lda,within_subject,20260916,within_s105_h1,30,15,1,0.666667
eegbci,real_left_right_fist,riemann_ts_lr,within_subject,20260916,within_s105_h1,30,15,1,0.866667
eegbci,real_left_right_fist,csp_lda,within_subject,20260916,within_s105_h2,30,15,0.933333,0.733333
eegbci,real_left_right_fist,riemann_ts_lr,within_subject,20260916,within_s105_h2,30,15,1,0.866667
eegbci,real_left_right_fist,csp_lda,within_subject,20260916,within_s106_h0,30,15,1,0.466667
eegbci,real_left_right_fist,riemann_ts_lr,within_subject,20260916,within_s106_h0,30,15,1,0.4
eegbci,real_left_right_fist,csp_lda,within_subject,20260916,within_s106_h1,30,15,1,0.666667
eegbci,real_left_right_fist,riemann_ts_lr,within_subject,20260916,within_s106_h1,30,15,1,0.4
eegbci,real_left_right_fist,csp_lda,within_subject,20260916,within_s106_h2,30,15,1,0.6
eegbci,real_left_right_fist,riemann_ts_lr,within_subject,20260916,within_s106_h2,30,15,1,0.533333
eegbci,real_left_right_fist,csp_lda,within_subject,20260916,within_s107_h0,30,15,0.833333,0.533333
eegbci,real_left_right_fist,riemann_ts_lr,within_subject,20260916,within_s107_h0,30,15,1,0.533333
eegbci,real_left_right_fist,csp_lda,within_subject,20260916,within_s107_h1,30,15,0.9,0.466667
eegbci,real_left_right_fist,riemann_ts_lr,within_subject,20260916,within_s107_h1,30,15,1,0.666667
eegbci,real_left_right_fist,csp_lda,within_subject,20260916,within_s107_h2,30,15,0.733333,0.6
eegbci,real_left_right_fist,riemann_ts_lr,within_subject,20260916,within_s107_h2,30,15,1,0.533333
eegbci,real_left_right_fist,csp_lda,within_subject,20260916,within_s108_h0,30,15,0.966667,0.8
eegbci,real_left_right_fist,riemann_ts_lr,within_subject,20260916,within_s108_h0,30,15,1,0.6
eegbci,real_left_right_fist,csp_lda,within_subject,20260916,within_s108_h1,30,15,1,0.6
eegbci,real_left_right_fist,riemann_ts_lr,within_subject,20260916,within_s108_h1,30,15,1,0.6
eegbci,real_left_right_fist,csp_lda,within_subject,20260916,within_s108_h2,30,15,1,0.466667
eegbci,real_left_right_fist,riemann_ts_lr,within_subject,20260916,within_s108_h2,30,15,1,0.866667
eegbci,real_left_right_fist,csp_lda,within_subject,20260916,within_s109_h0,30,15,1,0.6
eegbci,real_left_right_fist,riemann_ts_lr,within_subject,20260916,within_s109_h0,30,15,1,0.533333
eegbci,real_left_right_fist,csp_lda,within_subject,20260916,within_s109_h1,30,15,1,0.8
eegbci,real_left_right_fist,riemann_ts_lr,within_subject,20260916,within_s109_h1,30,15,1,0.866667
eegbci,real_left_right_fist,csp_lda,within_subject,20260916,within_s109_h2,30,15,0.966667,0.666667
eegbci,real_left_right_fist,riemann_ts_lr,within_subject,20260916,within_s109_h2,30,15,1,0.533333
eegbci,imagery_fists_feet,csp_lda,trial_random,20260916,trial0,3264,1633,0.609681,0.59951
eegbci,imagery_fists_feet,riemann_ts_lr,trial_random,20260916,trial0,3264,1633,0.9375,0.646663
eegbci,imagery_fists_feet,csp_lda,trial_random,20260916,trial1,3265,1632,0.601225,0.603554
eegbci,imagery_fists_feet,riemann_ts_lr,trial_random,20260916,trial1,3265,1632,0.950077,0.618873
eegbci,imagery_fists_feet,csp_lda,trial_random,20260916,trial2,3265,1632,0.606432,0.585172
eegbci,imagery_fists_feet,riemann_ts_lr,trial_random,20260916,trial2,3265,1632,0.952221,0.613358
eegbci,imagery_fists_feet,csp_lda,trial_random,20260917,trial0,3264,1633,0.606311,0.574403
eegbci,imagery_fists_feet,riemann_ts_lr,trial_random,20260917,trial0,3264,1633,0.943934,0.631353
eegbci,imagery_fists_feet,csp_lda,trial_random,20260917,trial1,3265,1632,0.606432,0.593137
eegbci,imagery_fists_feet,riemann_ts_lr,trial_random,20260917,trial1,3265,1632,0.950077,0.636029
eegbci,imagery_fists_feet,csp_lda,trial_random,20260917,trial2,3265,1632,0.60827,0.609069
eegbci,imagery_fists_feet,riemann_ts_lr,trial_random,20260917,trial2,3265,1632,0.946401,0.625
eegbci,imagery_fists_feet,csp_lda,trial_random,20260918,trial0,3264,1633,0.587623,0.56338
eegbci,imagery_fists_feet,riemann_ts_lr,trial_random,20260918,trial0,3264,1633,0.952206,0.636865
eegbci,imagery_fists_feet,csp_lda,trial_random,20260918,trial1,3265,1632,0.605207,0.606005
eegbci,imagery_fists_feet,riemann_ts_lr,trial_random,20260918,trial1,3265,1632,0.94732,0.620098
eegbci,imagery_fists_feet,csp_lda,trial_random,20260918,trial2,3265,1632,0.606432,0.59375
eegbci,imagery_fists_feet,riemann_ts_lr,trial_random,20260918,trial2,3265,1632,0.941501,0.634804
eegbci,imagery_fists_feet,csp_lda,trial_random,20260919,trial0,3264,1633,0.598346,0.578077
eegbci,imagery_fists_feet,riemann_ts_lr,trial_random,20260919,trial0,3264,1633,0.942708,0.641151
eegbci,imagery_fists_feet,csp_lda,trial_random,20260919,trial1,3265,1632,0.602144,0.59375
eegbci,imagery_fists_feet,riemann_ts_lr,trial_random,20260919,trial1,3265,1632,0.945176,0.640319
eegbci,imagery_fists_feet,csp_lda,trial_random,20260919,trial2,3265,1632,0.599081,0.554534
eegbci,imagery_fists_feet,riemann_ts_lr,trial_random,20260919,trial2,3265,1632,0.943645,0.615809
eegbci,imagery_fists_feet,csp_lda,trial_random,20260920,trial0,3264,1633,0.613358,0.592162
eegbci,imagery_fists_feet,riemann_ts_lr,trial_random,20260920,trial0,3264,1633,0.946691,0.628291
eegbci,imagery_fists_feet,csp_lda,trial_random,20260920,trial1,3265,1632,0.524043,0.530025
eegbci,imagery_fists_feet,riemann_ts_lr,trial_random,20260920,trial1,3265,1632,0.94487,0.63848
eegbci,imagery_fists_feet,csp_lda,trial_random,20260920,trial2,3265,1632,0.537519,0.54473
eegbci,imagery_fists_feet,riemann_ts_lr,trial_random,20260920,trial2,3265,1632,0.935681,0.634804
eegbci,imagery_fists_feet,csp_lda,run_disjoint,20260916,run0,3265,1632,0.600306,0.610294
eegbci,imagery_fists_feet,riemann_ts_lr,run_disjoint,20260916,run0,3265,1632,0.941194,0.654412
eegbci,imagery_fists_feet,csp_lda,run_disjoint,20260916,run1,3265,1632,0.612251,0.586397
eegbci,imagery_fists_feet,riemann_ts_lr,run_disjoint,20260916,run1,3265,1632,0.94732,0.640319
eegbci,imagery_fists_feet,csp_lda,run_disjoint,20260916,run2,3264,1633,0.60049,0.603184
eegbci,imagery_fists_feet,riemann_ts_lr,run_disjoint,20260916,run2,3264,1633,0.939951,0.636865
eegbci,imagery_fists_feet,csp_lda,subject_disjoint,20260916,subj0,3241,1656,0.612465,0.581522
eegbci,imagery_fists_feet,riemann_ts_lr,subject_disjoint,20260916,subj0,3241,1656,0.945079,0.591787
eegbci,imagery_fists_feet,csp_lda,subject_disjoint,20260916,subj1,3280,1617,0.61372,0.597403
eegbci,imagery_fists_feet,riemann_ts_lr,subject_disjoint,20260916,subj1,3280,1617,0.948171,0.573284
eegbci,imagery_fists_feet,csp_lda,subject_disjoint,20260916,subj2,3273,1624,0.603116,0.592365
eegbci,imagery_fists_feet,riemann_ts_lr,subject_disjoint,20260916,subj2,3273,1624,0.94806,0.586823
eegbci,imagery_fists_feet,csp_lda,subject_disjoint,20260917,subj0,3222,1675,0.597455,0.620299
eegbci,imagery_fists_feet,riemann_ts_lr,subject_disjoint,20260917,subj0,3222,1675,0.941962,0.586269
eegbci,imagery_fists_feet,csp_lda,subject_disjoint,20260917,subj1,3289,1608,0.614777,0.590174
eegbci,imagery_fists_feet,riemann_ts_lr,subject_disjoint,20260917,subj1,3289,1608,0.950441,0.61194
eegbci,imagery_fists_feet,csp_lda,subject_disjoint,20260917,subj2,3283,1614,0.614072,0.571252
eegbci,imagery_fists_feet,riemann_ts_lr,subject_disjoint,20260917,subj2,3283,1614,0.955833,0.581784
eegbci,imagery_fists_feet,csp_lda,subject_disjoint,20260918,subj0,3229,1668,0.598637,0.561151
eegbci,imagery_fists_feet,riemann_ts_lr,subject_disjoint,20260918,subj0,3229,1668,0.94921,0.592326
eegbci,imagery_fists_feet,csp_lda,subject_disjoint,20260918,subj1,3288,1609,0.595803,0.595401
eegbci,imagery_fists_feet,riemann_ts_lr,subject_disjoint,20260918,subj1,3288,1609,0.947689,0.59105
eegbci,imagery_fists_feet,csp_lda,subject_disjoint,20260918,subj2,3277,1620,0.622521,0.598765
eegbci,imagery_fists_feet,riemann_ts_lr,subject_disjoint,20260918,subj2,3277,1620,0.946292,0.566667
eegbci,imagery_fists_feet,csp_lda,subject_disjoint,20260919,subj0,3241,1656,0.60938,0.601449
eegbci,imagery_fists_feet,riemann_ts_lr,subject_disjoint,20260919,subj0,3241,1656,0.94045,0.603865
eegbci,imagery_fists_feet,csp_lda,subject_disjoint,20260919,subj1,3264,1633,0.617647,0.600735
eegbci,imagery_fists_feet,riemann_ts_lr,subject_disjoint,20260919,subj1,3264,1633,0.954044,0.598285
eegbci,imagery_fists_feet,csp_lda,subject_disjoint,20260919,subj2,3289,1608,0.602919,0.572761
eegbci,imagery_fists_feet,riemann_ts_lr,subject_disjoint,20260919,subj2,3289,1608,0.952569,0.554726
eegbci,imagery_fists_feet,csp_lda,subject_disjoint,20260920,subj0,3242,1655,0.596854,0.590332
eegbci,imagery_fists_feet,riemann_ts_lr,subject_disjoint,20260920,subj0,3242,1655,0.939543,0.596375
eegbci,imagery_fists_feet,csp_lda,subject_disjoint,20260920,subj1,3279,1618,0.597133,0.590235
eegbci,imagery_fists_feet,riemann_ts_lr,subject_disjoint,20260920,subj1,3279,1618,0.939311,0.590235
eegbci,imagery_fists_feet,csp_lda,subject_disjoint,20260920,subj2,3273,1624,0.605255,0.6133
eegbci,imagery_fists_feet,riemann_ts_lr,subject_disjoint,20260920,subj2,3273,1624,0.95417,0.586207
eegbci,imagery_fists_feet,csp_lda,within_subject,20260916,within_s1_h0,30,15,1,1
eegbci,imagery_fists_feet,riemann_ts_lr,within_subject,20260916,within_s1_h0,30,15,1,0.933333
eegbci,imagery_fists_feet,csp_lda,within_subject,20260916,within_s1_h1,30,15,1,0.933333
eegbci,imagery_fists_feet,riemann_ts_lr,within_subject,20260916,within_s1_h1,30,15,1,1
eegbci,imagery_fists_feet,csp_lda,within_subject,20260916,within_s1_h2,30,15,1,0.866667
eegbci,imagery_fists_feet,riemann_ts_lr,within_subject,20260916,within_s1_h2,30,15,1,0.933333
eegbci,imagery_fists_feet,csp_lda,within_subject,20260916,within_s2_h0,30,15,0.866667,0.866667
eegbci,imagery_fists_feet,riemann_ts_lr,within_subject,20260916,within_s2_h0,30,15,1,0.866667
eegbci,imagery_fists_feet,csp_lda,within_subject,20260916,within_s2_h1,30,15,0.933333,0.666667
eegbci,imagery_fists_feet,riemann_ts_lr,within_subject,20260916,within_s2_h1,30,15,1,0.933333
eegbci,imagery_fists_feet,csp_lda,within_subject,20260916,within_s2_h2,30,15,0.766667,0.933333
eegbci,imagery_fists_feet,riemann_ts_lr,within_subject,20260916,within_s2_h2,30,15,1,1
eegbci,imagery_fists_feet,csp_lda,within_subject,20260916,within_s3_h0,30,15,0.966667,0.666667
eegbci,imagery_fists_feet,riemann_ts_lr,within_subject,20260916,within_s3_h0,30,15,1,0.6
eegbci,imagery_fists_feet,csp_lda,within_subject,20260916,within_s3_h1,30,15,1,0.533333
eegbci,imagery_fists_feet,riemann_ts_lr,within_subject,20260916,within_s3_h1,30,15,1,0.6
eegbci,imagery_fists_feet,csp_lda,within_subject,20260916,within_s3_h2,30,15,1,0.8
eegbci,imagery_fists_feet,riemann_ts_lr,within_subject,20260916,within_s3_h2,30,15,1,0.533333
eegbci,imagery_fists_feet,csp_lda,within_subject,20260916,within_s4_h0,30,15,1,0.8
eegbci,imagery_fists_feet,riemann_ts_lr,within_subject,20260916,within_s4_h0,30,15,1,0.8
eegbci,imagery_fists_feet,csp_lda,within_subject,20260916,within_s4_h1,30,15,0.866667,0.466667
eegbci,imagery_fists_feet,riemann_ts_lr,within_subject,20260916,within_s4_h1,30,15,1,0.533333
eegbci,imagery_fists_feet,csp_lda,within_subject,20260916,within_s4_h2,30,15,0.966667,0.6
eegbci,imagery_fists_feet,riemann_ts_lr,within_subject,20260916,within_s4_h2,30,15,1,0.6
eegbci,imagery_fists_feet,csp_lda,within_subject,20260916,within_s5_h0,30,15,1,0.533333
eegbci,imagery_fists_feet,riemann_ts_lr,within_subject,20260916,within_s5_h0,30,15,1,0.533333
eegbci,imagery_fists_feet,csp_lda,within_subject,20260916,within_s5_h1,30,15,1,0.533333
eegbci,imagery_fists_feet,riemann_ts_lr,within_subject,20260916,within_s5_h1,30,15,1,0.733333
eegbci,imagery_fists_feet,csp_lda,within_subject,20260916,within_s5_h2,30,15,1,0.533333
eegbci,imagery_fists_feet,riemann_ts_lr,within_subject,20260916,within_s5_h2,30,15,1,0.6
eegbci,imagery_fists_feet,csp_lda,within_subject,20260916,within_s6_h0,30,15,0.9,0.533333
eegbci,imagery_fists_feet,riemann_ts_lr,within_subject,20260916,within_s6_h0,30,15,1,0.533333
eegbci,imagery_fists_feet,csp_lda,within_subject,20260916,within_s6_h1,30,15,0.9,0.666667
eegbci,imagery_fists_feet,riemann_ts_lr,within_subject,20260916,within_s6_h1,30,15,1,0.533333
eegbci,imagery_fists_feet,csp_lda,within_subject,20260916,within_s6_h2,30,15,0.7,0.666667
eegbci,imagery_fists_feet,riemann_ts_lr,within_subject,20260916,within_s6_h2,30,15,1,0.533333
eegbci,imagery_fists_feet,csp_lda,within_subject,20260916,within_s7_h0,30,15,0.933333,1
eegbci,imagery_fists_feet,riemann_ts_lr,within_subject,20260916,within_s7_h0,30,15,1,0.866667
eegbci,imagery_fists_feet,csp_lda,within_subject,20260916,within_s7_h1,30,15,0.933333,1
eegbci,imagery_fists_feet,riemann_ts_lr,within_subject,20260916,within_s7_h1,30,15,1,0.933333
eegbci,imagery_fists_feet,csp_lda,within_subject,20260916,within_s7_h2,30,15,1,0.866667
eegbci,imagery_fists_feet,riemann_ts_lr,within_subject,20260916,within_s7_h2,30,15,1,0.866667
eegbci,imagery_fists_feet,csp_lda,within_subject,20260916,within_s8_h0,30,15,1,0.666667
eegbci,imagery_fists_feet,riemann_ts_lr,within_subject,20260916,within_s8_h0,30,15,1,0.733333
eegbci,imagery_fists_feet,csp_lda,within_subject,20260916,within_s8_h1,30,15,0.966667,0.8
eegbci,imagery_fists_feet,riemann_ts_lr,within_subject,20260916,within_s8_h1,30,15,1,0.733333
eegbci,imagery_fists_feet,csp_lda,within_subject,20260916,within_s8_h2,30,15,1,0.866667
eegbci,imagery_fists_feet,riemann_ts_lr,within_subject,20260916,within_s8_h2,30,15,1,1
eegbci,imagery_fists_feet,csp_lda,within_subject,20260916,within_s9_h0,30,15,1,0.666667
eegbci,imagery_fists_feet,riemann_ts_lr,within_subject,20260916,within_s9_h0,30,15,1,0.533333
eegbci,imagery_fists_feet,csp_lda,within_subject,20260916,within_s9_h1,30,15,1,0.333333
eegbci,imagery_fists_feet,riemann_ts_lr,within_subject,20260916,within_s9_h1,30,15,1,0.533333
eegbci,imagery_fists_feet,csp_lda,within_subject,20260916,within_s9_h2,30,15,1,0.666667
eegbci,imagery_fists_feet,riemann_ts_lr,within_subject,20260916,within_s9_h2,30,15,1,0.466667
eegbci,imagery_fists_feet,csp_lda,within_subject,20260916,within_s10_h0,30,15,0.966667,0.8
eegbci,imagery_fists_feet,riemann_ts_lr,within_subject,20260916,within_s10_h0,30,15,1,0.8
eegbci,imagery_fists_feet,csp_lda,within_subject,20260916,within_s10_h1,30,15,0.933333,0.8
eegbci,imagery_fists_feet,riemann_ts_lr,within_subject,20260916,within_s10_h1,30,15,1,0.733333
eegbci,imagery_fists_feet,csp_lda,within_subject,20260916,within_s10_h2,30,15,1,0.6
eegbci,imagery_fists_feet,riemann_ts_lr,within_subject,20260916,within_s10_h2,30,15,1,0.866667
eegbci,imagery_fists_feet,csp_lda,within_subject,20260916,within_s11_h0,30,15,0.966667,0.533333
eegbci,imagery_fists_feet,riemann_ts_lr,within_subject,20260916,within_s11_h0,30,15,1,0.533333
eegbci,imagery_fists_feet,csp_lda,within_subject,20260916,within_s11_h1,30,15,0.9,0.8
eegbci,imagery_fists_feet,riemann_ts_lr,within_subject,20260916,within_s11_h1,30,15,1,0.733333
eegbci,imagery_fists_feet,csp_lda,within_subject,20260916,within_s11_h2,30,15,1,0.733333
eegbci,imagery_fists_feet,riemann_ts_lr,within_subject,20260916,within_s11_h2,30,15,1,0.8
eegbci,imagery_fists_feet,csp_lda,within_subject,20260916,within_s12_h0,30,15,1,0.666667
eegbci,imagery_fists_feet,riemann_ts_lr,within_subject,20260916,within_s12_h0,30,15,1,0.666667
eegbci,imagery_fists_feet,csp_lda,within_subject,20260916,within_s12_h1,30,15,1,1
eegbci,imagery_fists_feet,riemann_ts_lr,within_subject,20260916,within_s12_h1,30,15,1,0.933333
eegbci,imagery_fists_feet,csp_lda,within_subject,20260916,within_s12_h2,30,15,1,0.533333
eegbci,imagery_fists_feet,riemann_ts_lr,within_subject,20260916,within_s12_h2,30,15,1,0.8
eegbci,imagery_fists_feet,csp_lda,within_subject,20260916,within_s13_h0,30,15,1,0.8
eegbci,imagery_fists_feet,riemann_ts_lr,within_subject,20260916,within_s13_h0,30,15,1,0.533333
eegbci,imagery_fists_feet,csp_lda,within_subject,20260916,within_s13_h1,30,15,1,0.866667
eegbci,imagery_fists_feet,riemann_ts_lr,within_subject,20260916,within_s13_h1,30,15,1,0.733333
eegbci,imagery_fists_feet,csp_lda,within_subject,20260916,within_s13_h2,30,15,1,0.6
eegbci,imagery_fists_feet,riemann_ts_lr,within_subject,20260916,within_s13_h2,30,15,1,0.8
eegbci,imagery_fists_feet,csp_lda,within_subject,20260916,within_s14_h0,30,15,1,0.466667
eegbci,imagery_fists_feet,riemann_ts_lr,within_subject,20260916,within_s14_h0,30,15,1,0.4
eegbci,imagery_fists_feet,csp_lda,within_subject,20260916,within_s14_h1,30,15,1,0.533333
eegbci,imagery_fists_feet,riemann_ts_lr,within_subject,20260916,within_s14_h1,30,15,1,0.666667
eegbci,imagery_fists_feet,csp_lda,within_subject,20260916,within_s14_h2,30,15,1,0.6
eegbci,imagery_fists_feet,riemann_ts_lr,within_subject,20260916,within_s14_h2,30,15,1,0.533333
eegbci,imagery_fists_feet,csp_lda,within_subject,20260916,within_s15_h0,30,15,1,0.933333
eegbci,imagery_fists_feet,riemann_ts_lr,within_subject,20260916,within_s15_h0,30,15,1,0.866667
eegbci,imagery_fists_feet,csp_lda,within_subject,20260916,within_s15_h1,30,15,1,0.866667
eegbci,imagery_fists_feet,riemann_ts_lr,within_subject,20260916,within_s15_h1,30,15,1,0.933333
eegbci,imagery_fists_feet,csp_lda,within_subject,20260916,within_s15_h2,30,15,1,0.933333
eegbci,imagery_fists_feet,riemann_ts_lr,within_subject,20260916,within_s15_h2,30,15,1,0.866667
eegbci,imagery_fists_feet,csp_lda,within_subject,20260916,within_s16_h0,30,15,0.866667,0.533333
eegbci,imagery_fists_feet,riemann_ts_lr,within_subject,20260916,within_s16_h0,30,15,1,0.533333
eegbci,imagery_fists_feet,csp_lda,within_subject,20260916,within_s16_h1,30,15,0.933333,0.6
eegbci,imagery_fists_feet,riemann_ts_lr,within_subject,20260916,within_s16_h1,30,15,1,0.6
eegbci,imagery_fists_feet,csp_lda,within_subject,20260916,within_s16_h2,30,15,1,0.8
eegbci,imagery_fists_feet,riemann_ts_lr,within_subject,20260916,within_s16_h2,30,15,1,0.8
eegbci,imagery_fists_feet,csp_lda,within_subject,20260916,within_s17_h0,30,15,1,0.4
eegbci,imagery_fists_feet,riemann_ts_lr,within_subject,20260916,within_s17_h0,30,15,1,0.466667
eegbci,imagery_fists_feet,csp_lda,within_subject,20260916,within_s17_h1,30,15,1,0.533333
eegbci,imagery_fists_feet,riemann_ts_lr,within_subject,20260916,within_s17_h1,30,15,1,0.6
eegbci,imagery_fists_feet,csp_lda,within_subject,20260916,within_s17_h2,30,15,1,0.6
eegbci,imagery_fists_feet,riemann_ts_lr,within_subject,20260916,within_s17_h2,30,15,1,0.533333
eegbci,imagery_fists_feet,csp_lda,within_subject,20260916,within_s18_h0,30,15,1,0.333333
eegbci,imagery_fists_feet,riemann_ts_lr,within_subject,20260916,within_s18_h0,30,15,1,0.666667
eegbci,imagery_fists_feet,csp_lda,within_subject,20260916,within_s18_h1,30,15,0.933333,0.4
eegbci,imagery_fists_feet,riemann_ts_lr,within_subject,20260916,within_s18_h1,30,15,1,0.466667
eegbci,imagery_fists_feet,csp_lda,within_subject,20260916,within_s18_h2,30,15,1,0.533333
eegbci,imagery_fists_feet,riemann_ts_lr,within_subject,20260916,within_s18_h2,30,15,1,0.533333
eegbci,imagery_fists_feet,csp_lda,within_subject,20260916,within_s19_h0,30,15,1,0.6
eegbci,imagery_fists_feet,riemann_ts_lr,within_subject,20260916,within_s19_h0,30,15,1,0.866667
eegbci,imagery_fists_feet,csp_lda,within_subject,20260916,within_s19_h1,30,15,1,0.533333
eegbci,imagery_fists_feet,riemann_ts_lr,within_subject,20260916,within_s19_h1,30,15,1,0.733333
eegbci,imagery_fists_feet,csp_lda,within_subject,20260916,within_s19_h2,30,15,1,0.6
eegbci,imagery_fists_feet,riemann_ts_lr,within_subject,20260916,within_s19_h2,30,15,1,0.666667
eegbci,imagery_fists_feet,csp_lda,within_subject,20260916,within_s20_h0,30,15,0.833333,0.533333
eegbci,imagery_fists_feet,riemann_ts_lr,within_subject,20260916,within_s20_h0,30,15,1,0.666667
eegbci,imagery_fists_feet,csp_lda,within_subject,20260916,within_s20_h1,30,15,0.966667,0.6
eegbci,imagery_fists_feet,riemann_ts_lr,within_subject,20260916,within_s20_h1,30,15,1,0.466667
eegbci,imagery_fists_feet,csp_lda,within_subject,20260916,within_s20_h2,30,15,0.966667,0.4
eegbci,imagery_fists_feet,riemann_ts_lr,within_subject,20260916,within_s20_h2,30,15,1,0.733333
eegbci,imagery_fists_feet,csp_lda,within_subject,20260916,within_s21_h0,30,15,1,0.466667
eegbci,imagery_fists_feet,riemann_ts_lr,within_subject,20260916,within_s21_h0,30,15,1,0.666667
eegbci,imagery_fists_feet,csp_lda,within_subject,20260916,within_s21_h1,30,15,0.866667,0.466667
eegbci,imagery_fists_feet,riemann_ts_lr,within_subject,20260916,within_s21_h1,30,15,1,0.6
eegbci,imagery_fists_feet,csp_lda,within_subject,20260916,within_s21_h2,30,15,0.9,0.666667
eegbci,imagery_fists_feet,riemann_ts_lr,within_subject,20260916,within_s21_h2,30,15,1,0.533333
eegbci,imagery_fists_feet,csp_lda,within_subject,20260916,within_s22_h0,30,15,0.966667,0.6
eegbci,imagery_fists_feet,riemann_ts_lr,within_subject,20260916,within_s22_h0,30,15,1,0.733333
eegbci,imagery_fists_feet,csp_lda,within_subject,20260916,within_s22_h1,30,15,0.933333,0.866667
eegbci,imagery_fists_feet,riemann_ts_lr,within_subject,20260916,within_s22_h1,30,15,1,0.733333
eegbci,imagery_fists_feet,csp_lda,within_subject,20260916,within_s22_h2,30,15,0.933333,0.866667
eegbci,imagery_fists_feet,riemann_ts_lr,within_subject,20260916,within_s22_h2,30,15,1,0.8
eegbci,imagery_fists_feet,csp_lda,within_subject,20260916,within_s23_h0,30,15,0.666667,0.4
eegbci,imagery_fists_feet,riemann_ts_lr,within_subject,20260916,within_s23_h0,30,15,1,0.733333
eegbci,imagery_fists_feet,csp_lda,within_subject,20260916,within_s23_h1,30,15,0.8,0.666667
eegbci,imagery_fists_feet,riemann_ts_lr,within_subject,20260916,within_s23_h1,30,15,1,0.6
eegbci,imagery_fists_feet,csp_lda,within_subject,20260916,within_s23_h2,30,15,1,0.533333
eegbci,imagery_fists_feet,riemann_ts_lr,within_subject,20260916,within_s23_h2,30,15,1,0.733333
eegbci,imagery_fists_feet,csp_lda,within_subject,20260916,within_s24_h0,30,15,0.933333,0.466667
eegbci,imagery_fists_feet,riemann_ts_lr,within_subject,20260916,within_s24_h0,30,15,1,0.533333
eegbci,imagery_fists_feet,csp_lda,within_subject,20260916,within_s24_h1,30,15,1,0.666667
eegbci,imagery_fists_feet,riemann_ts_lr,within_subject,20260916,within_s24_h1,30,15,1,0.466667
eegbci,imagery_fists_feet,csp_lda,within_subject,20260916,within_s24_h2,30,15,0.966667,0.533333
eegbci,imagery_fists_feet,riemann_ts_lr,within_subject,20260916,within_s24_h2,30,15,1,0.466667
eegbci,imagery_fists_feet,csp_lda,within_subject,20260916,within_s25_h0,30,15,1,0.666667
eegbci,imagery_fists_feet,riemann_ts_lr,within_subject,20260916,within_s25_h0,30,15,1,0.666667
eegbci,imagery_fists_feet,csp_lda,within_subject,20260916,within_s25_h1,30,15,1,0.8
eegbci,imagery_fists_feet,riemann_ts_lr,within_subject,20260916,within_s25_h1,30,15,1,0.8
eegbci,imagery_fists_feet,csp_lda,within_subject,20260916,within_s25_h2,30,15,1,0.733333
eegbci,imagery_fists_feet,riemann_ts_lr,within_subject,20260916,within_s25_h2,30,15,1,0.8
eegbci,imagery_fists_feet,csp_lda,within_subject,20260916,within_s26_h0,30,15,0.966667,0.533333
eegbci,imagery_fists_feet,riemann_ts_lr,within_subject,20260916,within_s26_h0,30,15,1,0.6
eegbci,imagery_fists_feet,csp_lda,within_subject,20260916,within_s26_h1,30,15,0.933333,0.533333
eegbci,imagery_fists_feet,riemann_ts_lr,within_subject,20260916,within_s26_h1,30,15,1,0.933333
eegbci,imagery_fists_feet,csp_lda,within_subject,20260916,within_s26_h2,30,15,0.933333,0.533333
eegbci,imagery_fists_feet,riemann_ts_lr,within_subject,20260916,within_s26_h2,30,15,1,0.533333
eegbci,imagery_fists_feet,csp_lda,within_subject,20260916,within_s27_h0,30,15,0.933333,0.666667
eegbci,imagery_fists_feet,riemann_ts_lr,within_subject,20260916,within_s27_h0,30,15,1,0.8
eegbci,imagery_fists_feet,csp_lda,within_subject,20260916,within_s27_h1,30,15,0.933333,0.4
eegbci,imagery_fists_feet,riemann_ts_lr,within_subject,20260916,within_s27_h1,30,15,1,0.466667
eegbci,imagery_fists_feet,csp_lda,within_subject,20260916,within_s27_h2,30,15,0.833333,0.4
eegbci,imagery_fists_feet,riemann_ts_lr,within_subject,20260916,within_s27_h2,30,15,1,0.533333
eegbci,imagery_fists_feet,csp_lda,within_subject,20260916,within_s28_h0,30,15,0.933333,0.733333
eegbci,imagery_fists_feet,riemann_ts_lr,within_subject,20260916,within_s28_h0,30,15,1,0.533333
eegbci,imagery_fists_feet,csp_lda,within_subject,20260916,within_s28_h1,30,15,0.9,0.466667
eegbci,imagery_fists_feet,riemann_ts_lr,within_subject,20260916,within_s28_h1,30,15,1,0.466667
eegbci,imagery_fists_feet,csp_lda,within_subject,20260916,within_s28_h2,30,15,0.9,0.466667
eegbci,imagery_fists_feet,riemann_ts_lr,within_subject,20260916,within_s28_h2,30,15,1,0.466667
eegbci,imagery_fists_feet,csp_lda,within_subject,20260916,within_s29_h0,30,15,1,0.8
eegbci,imagery_fists_feet,riemann_ts_lr,within_subject,20260916,within_s29_h0,30,15,1,0.866667
eegbci,imagery_fists_feet,csp_lda,within_subject,20260916,within_s29_h1,30,15,1,0.933333
eegbci,imagery_fists_feet,riemann_ts_lr,within_subject,20260916,within_s29_h1,30,15,1,0.933333
eegbci,imagery_fists_feet,csp_lda,within_subject,20260916,within_s29_h2,30,15,0.966667,0.733333
eegbci,imagery_fists_feet,riemann_ts_lr,within_subject,20260916,within_s29_h2,30,15,1,0.866667
eegbci,imagery_fists_feet,csp_lda,within_subject,20260916,within_s30_h0,30,15,0.9,0.6
eegbci,imagery_fists_feet,riemann_ts_lr,within_subject,20260916,within_s30_h0,30,15,1,0.866667
eegbci,imagery_fists_feet,csp_lda,within_subject,20260916,within_s30_h1,30,15,1,0.6
eegbci,imagery_fists_feet,riemann_ts_lr,within_subject,20260916,within_s30_h1,30,15,1,0.666667
eegbci,imagery_fists_feet,csp_lda,within_subject,20260916,within_s30_h2,30,15,0.966667,0.533333
eegbci,imagery_fists_feet,riemann_ts_lr,within_subject,20260916,within_s30_h2,30,15,1,0.6
eegbci,imagery_fists_feet,csp_lda,within_subject,20260916,within_s31_h0,30,15,1,0.533333
eegbci,imagery_fists_feet,riemann_ts_lr,within_subject,20260916,within_s31_h0,30,15,1,0.933333
eegbci,imagery_fists_feet,csp_lda,within_subject,20260916,within_s31_h1,30,15,1,0.866667
eegbci,imagery_fists_feet,riemann_ts_lr,within_subject,20260916,within_s31_h1,30,15,1,0.8
eegbci,imagery_fists_feet,csp_lda,within_subject,20260916,within_s31_h2,30,15,1,0.866667
eegbci,imagery_fists_feet,riemann_ts_lr,within_subject,20260916,within_s31_h2,30,15,1,0.733333
eegbci,imagery_fists_feet,csp_lda,within_subject,20260916,within_s32_h0,30,15,1,0.533333
eegbci,imagery_fists_feet,riemann_ts_lr,within_subject,20260916,within_s32_h0,30,15,1,0.466667
eegbci,imagery_fists_feet,csp_lda,within_subject,20260916,within_s32_h1,30,15,0.766667,0.6
eegbci,imagery_fists_feet,riemann_ts_lr,within_subject,20260916,within_s32_h1,30,15,1,0.733333
eegbci,imagery_fists_feet,csp_lda,within_subject,20260916,within_s32_h2,30,15,1,0.533333
eegbci,imagery_fists_feet,riemann_ts_lr,within_subject,20260916,within_s32_h2,30,15,1,0.733333
eegbci,imagery_fists_feet,csp_lda,within_subject,20260916,within_s33_h0,30,15,0.966667,0.6
eegbci,imagery_fists_feet,riemann_ts_lr,within_subject,20260916,within_s33_h0,30,15,1,0.866667
eegbci,imagery_fists_feet,csp_lda,within_subject,20260916,within_s33_h1,30,15,0.933333,0.466667
eegbci,imagery_fists_feet,riemann_ts_lr,within_subject,20260916,within_s33_h1,30,15,1,0.733333
eegbci,imagery_fists_feet,csp_lda,within_subject,20260916,within_s33_h2,30,15,0.966667,0.733333
eegbci,imagery_fists_feet,riemann_ts_lr,within_subject,20260916,within_s33_h2,30,15,1,0.8
eegbci,imagery_fists_feet,csp_lda,within_subject,20260916,within_s34_h0,28,14,1,0.785714
eegbci,imagery_fists_feet,riemann_ts_lr,within_subject,20260916,within_s34_h0,28,14,1,1
eegbci,imagery_fists_feet,csp_lda,within_subject,20260916,within_s34_h1,28,14,1,0.714286
eegbci,imagery_fists_feet,riemann_ts_lr,within_subject,20260916,within_s34_h1,28,14,1,0.857143
eegbci,imagery_fists_feet,csp_lda,within_subject,20260916,within_s34_h2,28,14,0.964286,0.857143
eegbci,imagery_fists_feet,riemann_ts_lr,within_subject,20260916,within_s34_h2,28,14,1,0.928571
eegbci,imagery_fists_feet,csp_lda,within_subject,20260916,within_s35_h0,30,15,1,1
eegbci,imagery_fists_feet,riemann_ts_lr,within_subject,20260916,within_s35_h0,30,15,1,1
eegbci,imagery_fists_feet,csp_lda,within_subject,20260916,within_s35_h1,30,15,1,1
eegbci,imagery_fists_feet,riemann_ts_lr,within_subject,20260916,within_s35_h1,30,15,1,0.933333
eegbci,imagery_fists_feet,csp_lda,within_subject,20260916,within_s35_h2,30,15,1,1
eegbci,imagery_fists_feet,riemann_ts_lr,within_subject,20260916,within_s35_h2,30,15,1,1
eegbci,imagery_fists_feet,csp_lda,within_subject,20260916,within_s36_h0,30,15,0.966667,0.733333
eegbci,imagery_fists_feet,riemann_ts_lr,within_subject,20260916,within_s36_h0,30,15,1,0.6
eegbci,imagery_fists_feet,csp_lda,within_subject,20260916,within_s36_h1,30,15,1,0.733333
eegbci,imagery_fists_feet,riemann_ts_lr,within_subject,20260916,within_s36_h1,30,15,1,0.533333
eegbci,imagery_fists_feet,csp_lda,within_subject,20260916,within_s36_h2,30,15,1,0.666667
eegbci,imagery_fists_feet,riemann_ts_lr,within_subject,20260916,within_s36_h2,30,15,1,0.466667
eegbci,imagery_fists_feet,csp_lda,within_subject,20260916,within_s37_h0,28,14,0.857143,0.5
eegbci,imagery_fists_feet,riemann_ts_lr,within_subject,20260916,within_s37_h0,28,14,1,0.5
eegbci,imagery_fists_feet,csp_lda,within_subject,20260916,within_s37_h1,28,14,0.928571,0.5
eegbci,imagery_fists_feet,riemann_ts_lr,within_subject,20260916,within_s37_h1,28,14,1,0.5
eegbci,imagery_fists_feet,csp_lda,within_subject,20260916,within_s37_h2,28,14,0.821429,0.642857
eegbci,imagery_fists_feet,riemann_ts_lr,within_subject,20260916,within_s37_h2,28,14,1,0.857143
eegbci,imagery_fists_feet,csp_lda,within_subject,20260916,within_s38_h0,30,15,0.9,0.466667
eegbci,imagery_fists_feet,riemann_ts_lr,within_subject,20260916,within_s38_h0,30,15,1,0.466667
eegbci,imagery_fists_feet,csp_lda,within_subject,20260916,within_s38_h1,30,15,1,0.533333
eegbci,imagery_fists_feet,riemann_ts_lr,within_subject,20260916,within_s38_h1,30,15,1,0.4
eegbci,imagery_fists_feet,csp_lda,within_subject,20260916,within_s38_h2,30,15,0.933333,0.4
eegbci,imagery_fists_feet,riemann_ts_lr,within_subject,20260916,within_s38_h2,30,15,1,0.333333
eegbci,imagery_fists_feet,csp_lda,within_subject,20260916,within_s39_h0,30,15,0.833333,0.466667
eegbci,imagery_fists_feet,riemann_ts_lr,within_subject,20260916,within_s39_h0,30,15,1,0.533333
eegbci,imagery_fists_feet,csp_lda,within_subject,20260916,within_s39_h1,30,15,0.8,0.533333
eegbci,imagery_fists_feet,riemann_ts_lr,within_subject,20260916,within_s39_h1,30,15,1,0.4
eegbci,imagery_fists_feet,csp_lda,within_subject,20260916,within_s39_h2,30,15,1,0.466667
eegbci,imagery_fists_feet,riemann_ts_lr,within_subject,20260916,within_s39_h2,30,15,1,0.466667
eegbci,imagery_fists_feet,csp_lda,within_subject,20260916,within_s40_h0,30,15,1,1
eegbci,imagery_fists_feet,riemann_ts_lr,within_subject,20260916,within_s40_h0,30,15,1,0.733333
eegbci,imagery_fists_feet,csp_lda,within_subject,20260916,within_s40_h1,30,15,1,0.533333
eegbci,imagery_fists_feet,riemann_ts_lr,within_subject,20260916,within_s40_h1,30,15,1,0.8
eegbci,imagery_fists_feet,csp_lda,within_subject,20260916,within_s40_h2,30,15,1,0.866667
eegbci,imagery_fists_feet,riemann_ts_lr,within_subject,20260916,within_s40_h2,30,15,1,0.733333
eegbci,imagery_fists_feet,csp_lda,within_subject,20260916,within_s41_h0,30,14,1,0.642857
eegbci,imagery_fists_feet,riemann_ts_lr,within_subject,20260916,within_s41_h0,30,14,1,0.642857
eegbci,imagery_fists_feet,csp_lda,within_subject,20260916,within_s41_h1,29,15,1,0.666667
eegbci,imagery_fists_feet,riemann_ts_lr,within_subject,20260916,within_s41_h1,29,15,1,0.8
eegbci,imagery_fists_feet,csp_lda,within_subject,20260916,within_s41_h2,29,15,0.896552,0.533333
eegbci,imagery_fists_feet,riemann_ts_lr,within_subject,20260916,within_s41_h2,29,15,1,0.6
eegbci,imagery_fists_feet,csp_lda,within_subject,20260916,within_s42_h0,30,15,1,1
eegbci,imagery_fists_feet,riemann_ts_lr,within_subject,20260916,within_s42_h0,30,15,1,1
eegbci,imagery_fists_feet,csp_lda,within_subject,20260916,within_s42_h1,30,15,1,1
eegbci,imagery_fists_feet,riemann_ts_lr,within_subject,20260916,within_s42_h1,30,15,1,1
eegbci,imagery_fists_feet,csp_lda,within_subject,20260916,within_s42_h2,30,15,1,0.933333
eegbci,imagery_fists_feet,riemann_ts_lr,within_subject,20260916,within_s42_h2,30,15,1,1
eegbci,imagery_fists_feet,csp_lda,within_subject,20260916,within_s43_h0,30,15,1,0.866667
eegbci,imagery_fists_feet,riemann_ts_lr,within_subject,20260916,within_s43_h0,30,15,1,0.933333
eegbci,imagery_fists_feet,csp_lda,within_subject,20260916,within_s43_h1,30,15,0.966667,0.866667
eegbci,imagery_fists_feet,riemann_ts_lr,within_subject,20260916,within_s43_h1,30,15,1,0.8
eegbci,imagery_fists_feet,csp_lda,within_subject,20260916,within_s43_h2,30,15,1,1
eegbci,imagery_fists_feet,riemann_ts_lr,within_subject,20260916,within_s43_h2,30,15,1,0.8
eegbci,imagery_fists_feet,csp_lda,within_subject,20260916,within_s44_h0,30,15,0.966667,0.8
eegbci,imagery_fists_feet,riemann_ts_lr,within_subject,20260916,within_s44_h0,30,15,1,0.733333
eegbci,imagery_fists_feet,csp_lda,within_subject,20260916,within_s44_h1,30,15,0.833333,0.933333
eegbci,imagery_fists_feet,riemann_ts_lr,within_subject,20260916,within_s44_h1,30,15,1,0.866667
eegbci,imagery_fists_feet,csp_lda,within_subject,20260916,within_s44_h2,30,15,0.966667,0.8
eegbci,imagery_fists_feet,riemann_ts_lr,within_subject,20260916,within_s44_h2,30,15,1,0.8
eegbci,imagery_fists_feet,csp_lda,within_subject,20260916,within_s45_h0,30,15,1,0.466667
eegbci,imagery_fists_feet,riemann_ts_lr,within_subject,20260916,within_s45_h0,30,15,1,0.6
eegbci,imagery_fists_feet,csp_lda,within_subject,20260916,within_s45_h1,30,15,1,0.6
eegbci,imagery_fists_feet,riemann_ts_lr,within_subject,20260916,within_s45_h1,30,15,1,0.8
eegbci,imagery_fists_feet,csp_lda,within_subject,20260916,within_s45_h2,30,15,1,0.6
eegbci,imagery_fists_feet,riemann_ts_lr,within_subject,20260916,within_s45_h2,30,15,1,0.6
eegbci,imagery_fists_feet,csp_lda,within_subject,20260916,within_s46_h0,30,15,1,0.866667
eegbci,imagery_fists_feet,riemann_ts_lr,within_subject,20260916,within_s46_h0,30,15,1,0.533333
eegbci,imagery_fists_feet,csp_lda,within_subject,20260916,within_s46_h1,30,15,0.866667,0.6
eegbci,imagery_fists_feet,riemann_ts_lr,within_subject,20260916,within_s46_h1,30,15,1,0.8
eegbci,imagery_fists_feet,csp_lda,within_subject,20260916,within_s46_h2,30,15,0.9,0.666667
eegbci,imagery_fists_feet,riemann_ts_lr,within_subject,20260916,within_s46_h2,30,15,1,0.666667
eegbci,imagery_fists_feet,csp_lda,within_subject,20260916,within_s47_h0,30,15,1,0.466667
eegbci,imagery_fists_feet,riemann_ts_lr,within_subject,20260916,within_s47_h0,30,15,1,0.4
eegbci,imagery_fists_feet,csp_lda,within_subject,20260916,within_s47_h1,30,15,1,0.466667
eegbci,imagery_fists_feet,riemann_ts_lr,within_subject,20260916,within_s47_h1,30,15,1,0.333333
eegbci,imagery_fists_feet,csp_lda,within_subject,20260916,within_s47_h2,30,15,1,0.466667
eegbci,imagery_fists_feet,riemann_ts_lr,within_subject,20260916,within_s47_h2,30,15,1,0.466667
eegbci,imagery_fists_feet,csp_lda,within_subject,20260916,within_s48_h0,30,15,1,0.866667
eegbci,imagery_fists_feet,riemann_ts_lr,within_subject,20260916,within_s48_h0,30,15,1,0.866667
eegbci,imagery_fists_feet,csp_lda,within_subject,20260916,within_s48_h1,30,15,1,0.8
eegbci,imagery_fists_feet,riemann_ts_lr,within_subject,20260916,within_s48_h1,30,15,1,0.733333
eegbci,imagery_fists_feet,csp_lda,within_subject,20260916,within_s48_h2,30,15,1,0.8
eegbci,imagery_fists_feet,riemann_ts_lr,within_subject,20260916,within_s48_h2,30,15,1,0.866667
eegbci,imagery_fists_feet,csp_lda,within_subject,20260916,within_s49_h0,30,15,0.966667,0.6
eegbci,imagery_fists_feet,riemann_ts_lr,within_subject,20260916,within_s49_h0,30,15,1,0.8
eegbci,imagery_fists_feet,csp_lda,within_subject,20260916,within_s49_h1,30,15,0.966667,0.733333
eegbci,imagery_fists_feet,riemann_ts_lr,within_subject,20260916,within_s49_h1,30,15,1,0.6
eegbci,imagery_fists_feet,csp_lda,within_subject,20260916,within_s49_h2,30,15,0.933333,0.466667
eegbci,imagery_fists_feet,riemann_ts_lr,within_subject,20260916,within_s49_h2,30,15,1,0.666667
eegbci,imagery_fists_feet,csp_lda,within_subject,20260916,within_s50_h0,30,15,1,0.733333
eegbci,imagery_fists_feet,riemann_ts_lr,within_subject,20260916,within_s50_h0,30,15,1,0.733333
eegbci,imagery_fists_feet,csp_lda,within_subject,20260916,within_s50_h1,30,15,1,0.6
eegbci,imagery_fists_feet,riemann_ts_lr,within_subject,20260916,within_s50_h1,30,15,1,0.533333
eegbci,imagery_fists_feet,csp_lda,within_subject,20260916,within_s50_h2,30,15,1,0.733333
eegbci,imagery_fists_feet,riemann_ts_lr,within_subject,20260916,within_s50_h2,30,15,1,0.8
eegbci,imagery_fists_feet,csp_lda,within_subject,20260916,within_s51_h0,30,15,0.833333,0.6
eegbci,imagery_fists_feet,riemann_ts_lr,within_subject,20260916,within_s51_h0,30,15,1,0.533333
eegbci,imagery_fists_feet,csp_lda,within_subject,20260916,within_s51_h1,30,15,0.733333,0.666667
eegbci,imagery_fists_feet,riemann_ts_lr,within_subject,20260916,within_s51_h1,30,15,1,0.4
eegbci,imagery_fists_feet,csp_lda,within_subject,20260916,within_s51_h2,30,15,0.966667,0.6
eegbci,imagery_fists_feet,riemann_ts_lr,within_subject,20260916,within_s51_h2,30,15,1,0.533333
eegbci,imagery_fists_feet,csp_lda,within_subject,20260916,within_s52_h0,30,15,1,0.8
eegbci,imagery_fists_feet,riemann_ts_lr,within_subject,20260916,within_s52_h0,30,15,1,0.933333
eegbci,imagery_fists_feet,csp_lda,within_subject,20260916,within_s52_h1,30,15,0.933333,0.733333
eegbci,imagery_fists_feet,riemann_ts_lr,within_subject,20260916,within_s52_h1,30,15,1,0.866667
eegbci,imagery_fists_feet,csp_lda,within_subject,20260916,within_s52_h2,30,15,1,0.733333
eegbci,imagery_fists_feet,riemann_ts_lr,within_subject,20260916,within_s52_h2,30,15,1,0.666667
eegbci,imagery_fists_feet,csp_lda,within_subject,20260916,within_s53_h0,30,15,1,0.666667
eegbci,imagery_fists_feet,riemann_ts_lr,within_subject,20260916,within_s53_h0,30,15,1,0.666667
eegbci,imagery_fists_feet,csp_lda,within_subject,20260916,within_s53_h1,30,15,1,0.733333
eegbci,imagery_fists_feet,riemann_ts_lr,within_subject,20260916,within_s53_h1,30,15,1,0.666667
eegbci,imagery_fists_feet,csp_lda,within_subject,20260916,within_s53_h2,30,15,1,0.666667
eegbci,imagery_fists_feet,riemann_ts_lr,within_subject,20260916,within_s53_h2,30,15,1,0.533333
eegbci,imagery_fists_feet,csp_lda,within_subject,20260916,within_s54_h0,30,15,0.9,0.533333
eegbci,imagery_fists_feet,riemann_ts_lr,within_subject,20260916,within_s54_h0,30,15,1,0.666667
eegbci,imagery_fists_feet,csp_lda,within_subject,20260916,within_s54_h1,30,15,0.9,0.8
eegbci,imagery_fists_feet,riemann_ts_lr,within_subject,20260916,within_s54_h1,30,15,1,0.8
eegbci,imagery_fists_feet,csp_lda,within_subject,20260916,within_s54_h2,30,15,0.9,0.666667
eegbci,imagery_fists_feet,riemann_ts_lr,within_subject,20260916,within_s54_h2,30,15,1,0.866667
eegbci,imagery_fists_feet,csp_lda,within_subject,20260916,within_s55_h0,30,15,1,1
eegbci,imagery_fists_feet,riemann_ts_lr,within_subject,20260916,within_s55_h0,30,15,1,1
eegbci,imagery_fists_feet,csp_lda,within_subject,20260916,within_s55_h1,30,15,1,0.866667
eegbci,imagery_fists_feet,riemann_ts_lr,within_subject,20260916,within_s55_h1,30,15,1,0.866667
eegbci,imagery_fists_feet,csp_lda,within_subject,20260916,within_s55_h2,30,15,1,0.933333
eegbci,imagery_fists_feet,riemann_ts_lr,within_subject,20260916,within_s55_h2,30,15,1,0.933333
eegbci,imagery_fists_feet,csp_lda,within_subject,20260916,within_s56_h0,30,15,1,0.8
eegbci,imagery_fists_feet,riemann_ts_lr,within_subject,20260916,within_s56_h0,30,15,1,0.866667
eegbci,imagery_fists_feet,csp_lda,within_subject,20260916,within_s56_h1,30,15,1,0.933333
eegbci,imagery_fists_feet,riemann_ts_lr,within_subject,20260916,within_s56_h1,30,15,1,0.933333
eegbci,imagery_fists_feet,csp_lda,within_subject,20260916,within_s56_h2,30,15,1,0.866667
eegbci,imagery_fists_feet,riemann_ts_lr,within_subject,20260916,within_s56_h2,30,15,1,0.933333
eegbci,imagery_fists_feet,csp_lda,within_subject,20260916,within_s57_h0,30,15,0.833333,0.666667
eegbci,imagery_fists_feet,riemann_ts_lr,within_subject,20260916,within_s57_h0,30,15,1,0.666667
eegbci,imagery_fists_feet,csp_lda,within_subject,20260916,within_s57_h1,30,15,1,0.533333
eegbci,imagery_fists_feet,riemann_ts_lr,within_subject,20260916,within_s57_h1,30,15,1,0.666667
eegbci,imagery_fists_feet,csp_lda,within_subject,20260916,within_s57_h2,30,15,0.966667,0.6
eegbci,imagery_fists_feet,riemann_ts_lr,within_subject,20260916,within_s57_h2,30,15,1,0.666667
eegbci,imagery_fists_feet,csp_lda,within_subject,20260916,within_s58_h0,30,15,1,0.6
eegbci,imagery_fists_feet,riemann_ts_lr,within_subject,20260916,within_s58_h0,30,15,1,0.6
eegbci,imagery_fists_feet,csp_lda,within_subject,20260916,within_s58_h1,30,15,1,0.733333
eegbci,imagery_fists_feet,riemann_ts_lr,within_subject,20260916,within_s58_h1,30,15,1,0.866667
eegbci,imagery_fists_feet,csp_lda,within_subject,20260916,within_s58_h2,30,15,0.966667,0.8
eegbci,imagery_fists_feet,riemann_ts_lr,within_subject,20260916,within_s58_h2,30,15,1,0.866667
eegbci,imagery_fists_feet,csp_lda,within_subject,20260916,within_s59_h0,30,15,0.866667,0.4
eegbci,imagery_fists_feet,riemann_ts_lr,within_subject,20260916,within_s59_h0,30,15,1,0.466667
eegbci,imagery_fists_feet,csp_lda,within_subject,20260916,within_s59_h1,30,15,0.733333,0.6
eegbci,imagery_fists_feet,riemann_ts_lr,within_subject,20260916,within_s59_h1,30,15,1,0.6
eegbci,imagery_fists_feet,csp_lda,within_subject,20260916,within_s59_h2,30,15,0.866667,0.666667
eegbci,imagery_fists_feet,riemann_ts_lr,within_subject,20260916,within_s59_h2,30,15,1,0.733333
eegbci,imagery_fists_feet,csp_lda,within_subject,20260916,within_s60_h0,30,15,1,0.866667
eegbci,imagery_fists_feet,riemann_ts_lr,within_subject,20260916,within_s60_h0,30,15,1,0.866667
eegbci,imagery_fists_feet,csp_lda,within_subject,20260916,within_s60_h1,30,15,1,0.6
eegbci,imagery_fists_feet,riemann_ts_lr,within_subject,20260916,within_s60_h1,30,15,1,0.8
eegbci,imagery_fists_feet,csp_lda,within_subject,20260916,within_s60_h2,30,15,0.9,0.8
eegbci,imagery_fists_feet,riemann_ts_lr,within_subject,20260916,within_s60_h2,30,15,1,0.733333
eegbci,imagery_fists_feet,csp_lda,within_subject,20260916,within_s61_h0,30,15,0.866667,0.4
eegbci,imagery_fists_feet,riemann_ts_lr,within_subject,20260916,within_s61_h0,30,15,1,0.6
eegbci,imagery_fists_feet,csp_lda,within_subject,20260916,within_s61_h1,30,15,0.933333,0.4
eegbci,imagery_fists_feet,riemann_ts_lr,within_subject,20260916,within_s61_h1,30,15,1,0.533333
eegbci,imagery_fists_feet,csp_lda,within_subject,20260916,within_s61_h2,30,15,1,0.533333
eegbci,imagery_fists_feet,riemann_ts_lr,within_subject,20260916,within_s61_h2,30,15,1,0.6
eegbci,imagery_fists_feet,csp_lda,within_subject,20260916,within_s62_h0,30,15,1,0.6
eegbci,imagery_fists_feet,riemann_ts_lr,within_subject,20260916,within_s62_h0,30,15,1,0.933333
eegbci,imagery_fists_feet,csp_lda,within_subject,20260916,within_s62_h1,30,15,1,1
eegbci,imagery_fists_feet,riemann_ts_lr,within_subject,20260916,within_s62_h1,30,15,1,1
eegbci,imagery_fists_feet,csp_lda,within_subject,20260916,within_s62_h2,30,15,1,1
eegbci,imagery_fists_feet,riemann_ts_lr,within_subject,20260916,within_s62_h2,30,15,1,1
eegbci,imagery_fists_feet,csp_lda,within_subject,20260916,within_s63_h0,30,15,1,0.6
eegbci,imagery_fists_feet,riemann_ts_lr,within_subject,20260916,within_s63_h0,30,15,1,0.733333
eegbci,imagery_fists_feet,csp_lda,within_subject,20260916,within_s63_h1,30,15,1,0.533333
eegbci,imagery_fists_feet,riemann_ts_lr,within_subject,20260916,within_s63_h1,30,15,1,0.466667
eegbci,imagery_fists_feet,csp_lda,within_subject,20260916,within_s63_h2,30,15,0.966667,0.533333
eegbci,imagery_fists_feet,riemann_ts_lr,within_subject,20260916,within_s63_h2,30,15,1,0.533333
eegbci,imagery_fists_feet,csp_lda,within_subject,20260916,within_s64_h0,28,15,1,0.466667
eegbci,imagery_fists_feet,riemann_ts_lr,within_subject,20260916,within_s64_h0,28,15,1,0.666667
eegbci,imagery_fists_feet,csp_lda,within_subject,20260916,within_s64_h1,29,14,1,0.571429
eegbci,imagery_fists_feet,riemann_ts_lr,within_subject,20260916,within_s64_h1,29,14,1,0.5
eegbci,imagery_fists_feet,csp_lda,within_subject,20260916,within_s64_h2,29,14,1,0.785714
eegbci,imagery_fists_feet,riemann_ts_lr,within_subject,20260916,within_s64_h2,29,14,1,0.714286
eegbci,imagery_fists_feet,csp_lda,within_subject,20260916,within_s65_h0,30,15,1,0.533333
eegbci,imagery_fists_feet,riemann_ts_lr,within_subject,20260916,within_s65_h0,30,15,1,0.666667
eegbci,imagery_fists_feet,csp_lda,within_subject,20260916,within_s65_h1,30,15,1,0.733333
eegbci,imagery_fists_feet,riemann_ts_lr,within_subject,20260916,within_s65_h1,30,15,1,0.6
eegbci,imagery_fists_feet,csp_lda,within_subject,20260916,within_s65_h2,30,15,1,0.666667
eegbci,imagery_fists_feet,riemann_ts_lr,within_subject,20260916,within_s65_h2,30,15,1,0.866667
eegbci,imagery_fists_feet,csp_lda,within_subject,20260916,within_s66_h0,30,15,0.966667,0.533333
eegbci,imagery_fists_feet,riemann_ts_lr,within_subject,20260916,within_s66_h0,30,15,1,0.533333
eegbci,imagery_fists_feet,csp_lda,within_subject,20260916,within_s66_h1,30,15,0.9,0.666667
eegbci,imagery_fists_feet,riemann_ts_lr,within_subject,20260916,within_s66_h1,30,15,1,0.733333
eegbci,imagery_fists_feet,csp_lda,within_subject,20260916,within_s66_h2,30,15,0.966667,0.666667
eegbci,imagery_fists_feet,riemann_ts_lr,within_subject,20260916,within_s66_h2,30,15,1,0.8
eegbci,imagery_fists_feet,csp_lda,within_subject,20260916,within_s67_h0,30,15,1,0.466667
eegbci,imagery_fists_feet,riemann_ts_lr,within_subject,20260916,within_s67_h0,30,15,1,0.466667
eegbci,imagery_fists_feet,csp_lda,within_subject,20260916,within_s67_h1,30,15,1,0.466667
eegbci,imagery_fists_feet,riemann_ts_lr,within_subject,20260916,within_s67_h1,30,15,1,0.4
eegbci,imagery_fists_feet,csp_lda,within_subject,20260916,within_s67_h2,30,15,1,0.533333
eegbci,imagery_fists_feet,riemann_ts_lr,within_subject,20260916,within_s67_h2,30,15,1,0.533333
eegbci,imagery_fists_feet,csp_lda,within_subject,20260916,within_s68_h0,30,15,1,0.6
eegbci,imagery_fists_feet,riemann_ts_lr,within_subject,20260916,within_s68_h0,30,15,1,0.533333
eegbci,imagery_fists_feet,csp_lda,within_subject,20260916,within_s68_h1,30,15,1,0.666667
eegbci,imagery_fists_feet,riemann_ts_lr,within_subject,20260916,within_s68_h1,30,15,1,0.666667
eegbci,imagery_fists_feet,csp_lda,within_subject,20260916,within_s68_h2,30,15,0.966667,0.533333
eegbci,imagery_fists_feet,riemann_ts_lr,within_subject,20260916,within_s68_h2,30,15,1,0.466667
eegbci,imagery_fists_feet,csp_lda,within_subject,20260916,within_s69_h0,30,15,0.966667,0.6
eegbci,imagery_fists_feet,riemann_ts_lr,within_subject,20260916,within_s69_h0,30,15,1,0.6
eegbci,imagery_fists_feet,csp_lda,within_subject,20260916,within_s69_h1,30,15,0.933333,0.666667
eegbci,imagery_fists_feet,riemann_ts_lr,within_subject,20260916,within_s69_h1,30,15,1,0.733333
eegbci,imagery_fists_feet,csp_lda,within_subject,20260916,within_s69_h2,30,15,0.966667,0.8
eegbci,imagery_fists_feet,riemann_ts_lr,within_subject,20260916,within_s69_h2,30,15,1,0.8
eegbci,imagery_fists_feet,csp_lda,within_subject,20260916,within_s70_h0,30,15,1,1
eegbci,imagery_fists_feet,riemann_ts_lr,within_subject,20260916,within_s70_h0,30,15,1,0.733333
eegbci,imagery_fists_feet,csp_lda,within_subject,20260916,within_s70_h1,30,15,1,0.933333
eegbci,imagery_fists_feet,riemann_ts_lr,within_subject,20260916,within_s70_h1,30,15,1,0.933333
eegbci,imagery_fists_feet,csp_lda,within_subject,20260916,within_s70_h2,30,15,1,0.8
eegbci,imagery_fists_feet,riemann_ts_lr,within_subject,20260916,within_s70_h2,30,15,1,0.866667
eegbci,imagery_fists_feet,csp_lda,within_subject,20260916,within_s71_h0,30,15,0.966667,0.866667
eegbci,imagery_fists_feet,riemann_ts_lr,within_subject,20260916,within_s71_h0,30,15,1,0.533333
eegbci,imagery_fists_feet,csp_lda,within_subject,20260916,within_s71_h1,30,15,0.966667,0.733333
eegbci,imagery_fists_feet,riemann_ts_lr,within_subject,20260916,within_s71_h1,30,15,1,0.866667
eegbci,imagery_fists_feet,csp_lda,within_subject,20260916,within_s71_h2,30,15,0.966667,0.733333
eegbci,imagery_fists_feet,riemann_ts_lr,within_subject,20260916,within_s71_h2,30,15,1,0.733333
eegbci,imagery_fists_feet,csp_lda,within_subject,20260916,within_s72_h0,28,14,1,0.857143
eegbci,imagery_fists_feet,riemann_ts_lr,within_subject,20260916,within_s72_h0,28,14,1,0.928571
eegbci,imagery_fists_feet,csp_lda,within_subject,20260916,within_s72_h1,28,14,1,0.928571
eegbci,imagery_fists_feet,riemann_ts_lr,within_subject,20260916,within_s72_h1,28,14,1,0.928571
eegbci,imagery_fists_feet,csp_lda,within_subject,20260916,within_s72_h2,28,14,1,0.928571
eegbci,imagery_fists_feet,riemann_ts_lr,within_subject,20260916,within_s72_h2,28,14,1,1
eegbci,imagery_fists_feet,csp_lda,within_subject,20260916,within_s73_h0,28,14,1,0.928571
eegbci,imagery_fists_feet,riemann_ts_lr,within_subject,20260916,within_s73_h0,28,14,1,0.857143
eegbci,imagery_fists_feet,csp_lda,within_subject,20260916,within_s73_h1,28,14,0.964286,0.928571
eegbci,imagery_fists_feet,riemann_ts_lr,within_subject,20260916,within_s73_h1,28,14,1,0.857143
eegbci,imagery_fists_feet,csp_lda,within_subject,20260916,within_s73_h2,28,14,0.964286,0.785714
eegbci,imagery_fists_feet,riemann_ts_lr,within_subject,20260916,within_s73_h2,28,14,1,0.857143
eegbci,imagery_fists_feet,csp_lda,within_subject,20260916,within_s74_h0,28,14,0.821429,0.571429
eegbci,imagery_fists_feet,riemann_ts_lr,within_subject,20260916,within_s74_h0,28,14,1,0.428571
eegbci,imagery_fists_feet,csp_lda,within_subject,20260916,within_s74_h1,28,14,0.75,0.5
eegbci,imagery_fists_feet,riemann_ts_lr,within_subject,20260916,within_s74_h1,28,14,1,0.5
eegbci,imagery_fists_feet,csp_lda,within_subject,20260916,within_s74_h2,28,14,0.785714,0.5
eegbci,imagery_fists_feet,riemann_ts_lr,within_subject,20260916,within_s74_h2,28,14,1,0.5
eegbci,imagery_fists_feet,csp_lda,within_subject,20260916,within_s75_h0,30,15,1,0.466667
eegbci,imagery_fists_feet,riemann_ts_lr,within_subject,20260916,within_s75_h0,30,15,1,0.6
eegbci,imagery_fists_feet,csp_lda,within_subject,20260916,within_s75_h1,30,15,0.966667,0.533333
eegbci,imagery_fists_feet,riemann_ts_lr,within_subject,20260916,within_s75_h1,30,15,1,0.666667
eegbci,imagery_fists_feet,csp_lda,within_subject,20260916,within_s75_h2,30,15,0.933333,0.8
eegbci,imagery_fists_feet,riemann_ts_lr,within_subject,20260916,within_s75_h2,30,15,1,0.533333
eegbci,imagery_fists_feet,csp_lda,within_subject,20260916,within_s76_h0,28,14,0.857143,0.714286
eegbci,imagery_fists_feet,riemann_ts_lr,within_subject,20260916,within_s76_h0,28,14,1,0.642857
eegbci,imagery_fists_feet,csp_lda,within_subject,20260916,within_s76_h1,28,14,0.964286,0.642857
eegbci,imagery_fists_feet,riemann_ts_lr,within_subject,20260916,within_s76_h1,28,14,1,0.571429
eegbci,imagery_fists_feet,csp_lda,within_subject,20260916,within_s76_h2,28,14,0.857143,0.5
eegbci,imagery_fists_feet,riemann_ts_lr,within_subject,20260916,within_s76_h2,28,14,1,0.571429
eegbci,imagery_fists_feet,csp_lda,within_subject,20260916,within_s77_h0,30,15,1,0.533333
eegbci,imagery_fists_feet,riemann_ts_lr,within_subject,20260916,within_s77_h0,30,15,1,0.733333
eegbci,imagery_fists_feet,csp_lda,within_subject,20260916,within_s77_h1,30,15,0.966667,0.333333
eegbci,imagery_fists_feet,riemann_ts_lr,within_subject,20260916,within_s77_h1,30,15,1,0.6
eegbci,imagery_fists_feet,csp_lda,within_subject,20260916,within_s77_h2,30,15,1,0.533333
eegbci,imagery_fists_feet,riemann_ts_lr,within_subject,20260916,within_s77_h2,30,15,1,0.666667
eegbci,imagery_fists_feet,csp_lda,within_subject,20260916,within_s78_h0,30,15,0.966667,0.333333
eegbci,imagery_fists_feet,riemann_ts_lr,within_subject,20260916,within_s78_h0,30,15,1,0.466667
eegbci,imagery_fists_feet,csp_lda,within_subject,20260916,within_s78_h1,30,15,0.933333,0.466667
eegbci,imagery_fists_feet,riemann_ts_lr,within_subject,20260916,within_s78_h1,30,15,1,0.533333
eegbci,imagery_fists_feet,csp_lda,within_subject,20260916,within_s78_h2,30,15,1,0.4
eegbci,imagery_fists_feet,riemann_ts_lr,within_subject,20260916,within_s78_h2,30,15,1,0.333333
eegbci,imagery_fists_feet,csp_lda,within_subject,20260916,within_s79_h0,30,15,0.933333,0.6
eegbci,imagery_fists_feet,riemann_ts_lr,within_subject,20260916,within_s79_h0,30,15,1,0.666667
eegbci,imagery_fists_feet,csp_lda,within_subject,20260916,within_s79_h1,30,15,0.9,0.466667
eegbci,imagery_fists_feet,riemann_ts_lr,within_subject,20260916,within_s79_h1,30,15,1,0.6
eegbci,imagery_fists_feet,csp_lda,within_subject,20260916,within_s79_h2,30,15,0.9,0.6
eegbci,imagery_fists_feet,riemann_ts_lr,within_subject,20260916,within_s79_h2,30,15,1,0.8
eegbci,imagery_fists_feet,csp_lda,within_subject,20260916,within_s80_h0,30,15,1,0.666667
eegbci,imagery_fists_feet,riemann_ts_lr,within_subject,20260916,within_s80_h0,30,15,1,0.8
eegbci,imagery_fists_feet,csp_lda,within_subject,20260916,within_s80_h1,30,15,1,0.666667
eegbci,imagery_fists_feet,riemann_ts_lr,within_subject,20260916,within_s80_h1,30,15,1,0.6
eegbci,imagery_fists_feet,csp_lda,within_subject,20260916,within_s80_h2,30,15,0.966667,0.733333
eegbci,imagery_fists_feet,riemann_ts_lr,within_subject,20260916,within_s80_h2,30,15,1,0.733333
eegbci,imagery_fists_feet,csp_lda,within_subject,20260916,within_s81_h0,30,15,1,0.533333
eegbci,imagery_fists_feet,riemann_ts_lr,within_subject,20260916,within_s81_h0,30,15,1,0.866667
eegbci,imagery_fists_feet,csp_lda,within_subject,20260916,within_s81_h1,30,15,1,0.8
eegbci,imagery_fists_feet,riemann_ts_lr,within_subject,20260916,within_s81_h1,30,15,1,0.8
eegbci,imagery_fists_feet,csp_lda,within_subject,20260916,within_s81_h2,30,15,1,0.8
eegbci,imagery_fists_feet,riemann_ts_lr,within_subject,20260916,within_s81_h2,30,15,1,0.666667
eegbci,imagery_fists_feet,csp_lda,within_subject,20260916,within_s82_h0,30,15,0.833333,0.6
eegbci,imagery_fists_feet,riemann_ts_lr,within_subject,20260916,within_s82_h0,30,15,1,0.666667
eegbci,imagery_fists_feet,csp_lda,within_subject,20260916,within_s82_h1,30,15,0.866667,0.466667
eegbci,imagery_fists_feet,riemann_ts_lr,within_subject,20260916,within_s82_h1,30,15,1,0.666667
eegbci,imagery_fists_feet,csp_lda,within_subject,20260916,within_s82_h2,30,15,1,0.666667
eegbci,imagery_fists_feet,riemann_ts_lr,within_subject,20260916,within_s82_h2,30,15,1,0.733333
eegbci,imagery_fists_feet,csp_lda,within_subject,20260916,within_s83_h0,30,15,0.866667,0.533333
eegbci,imagery_fists_feet,riemann_ts_lr,within_subject,20260916,within_s83_h0,30,15,1,0.8
eegbci,imagery_fists_feet,csp_lda,within_subject,20260916,within_s83_h1,30,15,0.933333,0.8
eegbci,imagery_fists_feet,riemann_ts_lr,within_subject,20260916,within_s83_h1,30,15,1,0.866667
eegbci,imagery_fists_feet,csp_lda,within_subject,20260916,within_s83_h2,30,15,1,0.533333
eegbci,imagery_fists_feet,riemann_ts_lr,within_subject,20260916,within_s83_h2,30,15,1,0.733333
eegbci,imagery_fists_feet,csp_lda,within_subject,20260916,within_s84_h0,30,15,0.833333,0.466667
eegbci,imagery_fists_feet,riemann_ts_lr,within_subject,20260916,within_s84_h0,30,15,1,0.6
eegbci,imagery_fists_feet,csp_lda,within_subject,20260916,within_s84_h1,30,15,0.666667,0.4
eegbci,imagery_fists_feet,riemann_ts_lr,within_subject,20260916,within_s84_h1,30,15,1,0.8
eegbci,imagery_fists_feet,csp_lda,within_subject,20260916,within_s84_h2,30,15,0.966667,0.466667
eegbci,imagery_fists_feet,riemann_ts_lr,within_subject,20260916,within_s84_h2,30,15,1,0.8
eegbci,imagery_fists_feet,csp_lda,within_subject,20260916,within_s85_h0,30,15,0.966667,0.866667
eegbci,imagery_fists_feet,riemann_ts_lr,within_subject,20260916,within_s85_h0,30,15,1,0.866667
eegbci,imagery_fists_feet,csp_lda,within_subject,20260916,within_s85_h1,30,15,1,0.8
eegbci,imagery_fists_feet,riemann_ts_lr,within_subject,20260916,within_s85_h1,30,15,1,1
eegbci,imagery_fists_feet,csp_lda,within_subject,20260916,within_s85_h2,30,15,0.966667,0.8
eegbci,imagery_fists_feet,riemann_ts_lr,within_subject,20260916,within_s85_h2,30,15,1,0.933333
eegbci,imagery_fists_feet,csp_lda,within_subject,20260916,within_s86_h0,30,15,1,0.733333
eegbci,imagery_fists_feet,riemann_ts_lr,within_subject,20260916,within_s86_h0,30,15,1,0.866667
eegbci,imagery_fists_feet,csp_lda,within_subject,20260916,within_s86_h1,30,15,1,1
eegbci,imagery_fists_feet,riemann_ts_lr,within_subject,20260916,within_s86_h1,30,15,1,0.866667
eegbci,imagery_fists_feet,csp_lda,within_subject,20260916,within_s86_h2,30,15,0.966667,0.933333
eegbci,imagery_fists_feet,riemann_ts_lr,within_subject,20260916,within_s86_h2,30,15,1,0.933333
eegbci,imagery_fists_feet,csp_lda,within_subject,20260916,within_s87_h0,30,15,0.9,0.666667
eegbci,imagery_fists_feet,riemann_ts_lr,within_subject,20260916,within_s87_h0,30,15,1,0.6
eegbci,imagery_fists_feet,csp_lda,within_subject,20260916,within_s87_h1,30,15,1,0.533333
eegbci,imagery_fists_feet,riemann_ts_lr,within_subject,20260916,within_s87_h1,30,15,1,0.666667
eegbci,imagery_fists_feet,csp_lda,within_subject,20260916,within_s87_h2,30,15,1,0.533333
eegbci,imagery_fists_feet,riemann_ts_lr,within_subject,20260916,within_s87_h2,30,15,1,0.8
eegbci,imagery_fists_feet,csp_lda,within_subject,20260916,within_s88_h0,38,19,1,0.526316
eegbci,imagery_fists_feet,riemann_ts_lr,within_subject,20260916,within_s88_h0,38,19,1,0.526316
eegbci,imagery_fists_feet,csp_lda,within_subject,20260916,within_s88_h1,38,19,0.894737,0.684211
eegbci,imagery_fists_feet,riemann_ts_lr,within_subject,20260916,within_s88_h1,38,19,1,0.789474
eegbci,imagery_fists_feet,csp_lda,within_subject,20260916,within_s88_h2,38,19,1,0.631579
eegbci,imagery_fists_feet,riemann_ts_lr,within_subject,20260916,within_s88_h2,38,19,1,0.578947
eegbci,imagery_fists_feet,csp_lda,within_subject,20260916,within_s89_h0,30,15,1,0.666667
eegbci,imagery_fists_feet,riemann_ts_lr,within_subject,20260916,within_s89_h0,30,15,1,0.6
eegbci,imagery_fists_feet,csp_lda,within_subject,20260916,within_s89_h1,30,15,0.966667,0.733333
eegbci,imagery_fists_feet,riemann_ts_lr,within_subject,20260916,within_s89_h1,30,15,1,0.533333
eegbci,imagery_fists_feet,csp_lda,within_subject,20260916,within_s89_h2,30,15,1,0.666667
eegbci,imagery_fists_feet,riemann_ts_lr,within_subject,20260916,within_s89_h2,30,15,1,0.6
eegbci,imagery_fists_feet,csp_lda,within_subject,20260916,within_s90_h0,30,15,0.966667,0.666667
eegbci,imagery_fists_feet,riemann_ts_lr,within_subject,20260916,within_s90_h0,30,15,1,0.533333
eegbci,imagery_fists_feet,csp_lda,within_subject,20260916,within_s90_h1,30,15,1,0.4
eegbci,imagery_fists_feet,riemann_ts_lr,within_subject,20260916,within_s90_h1,30,15,1,0.4
eegbci,imagery_fists_feet,csp_lda,within_subject,20260916,within_s90_h2,30,15,1,0.6
eegbci,imagery_fists_feet,riemann_ts_lr,within_subject,20260916,within_s90_h2,30,15,1,0.666667
eegbci,imagery_fists_feet,csp_lda,within_subject,20260916,within_s91_h0,30,15,0.8,0.8
eegbci,imagery_fists_feet,riemann_ts_lr,within_subject,20260916,within_s91_h0,30,15,1,0.866667
eegbci,imagery_fists_feet,csp_lda,within_subject,20260916,within_s91_h1,30,15,0.866667,0.6
eegbci,imagery_fists_feet,riemann_ts_lr,within_subject,20260916,within_s91_h1,30,15,1,0.6
eegbci,imagery_fists_feet,csp_lda,within_subject,20260916,within_s91_h2,30,15,0.866667,0.8
eegbci,imagery_fists_feet,riemann_ts_lr,within_subject,20260916,within_s91_h2,30,15,1,0.8
eegbci,imagery_fists_feet,csp_lda,within_subject,20260916,within_s92_h0,38,19,0.947368,0.684211
eegbci,imagery_fists_feet,riemann_ts_lr,within_subject,20260916,within_s92_h0,38,19,1,0.684211
eegbci,imagery_fists_feet,csp_lda,within_subject,20260916,within_s92_h1,38,19,0.947368,0.526316
eegbci,imagery_fists_feet,riemann_ts_lr,within_subject,20260916,within_s92_h1,38,19,1,0.526316
eegbci,imagery_fists_feet,csp_lda,within_subject,20260916,within_s92_h2,38,19,0.789474,0.684211
eegbci,imagery_fists_feet,riemann_ts_lr,within_subject,20260916,within_s92_h2,38,19,1,0.842105
eegbci,imagery_fists_feet,csp_lda,within_subject,20260916,within_s93_h0,30,15,1,0.866667
eegbci,imagery_fists_feet,riemann_ts_lr,within_subject,20260916,within_s93_h0,30,15,1,0.933333
eegbci,imagery_fists_feet,csp_lda,within_subject,20260916,within_s93_h1,30,15,1,0.933333
eegbci,imagery_fists_feet,riemann_ts_lr,within_subject,20260916,within_s93_h1,30,15,1,0.8
eegbci,imagery_fists_feet,csp_lda,within_subject,20260916,within_s93_h2,30,15,0.966667,0.8
eegbci,imagery_fists_feet,riemann_ts_lr,within_subject,20260916,within_s93_h2,30,15,1,0.866667
eegbci,imagery_fists_feet,csp_lda,within_subject,20260916,within_s94_h0,30,15,1,0.933333
eegbci,imagery_fists_feet,riemann_ts_lr,within_subject,20260916,within_s94_h0,30,15,1,0.8
eegbci,imagery_fists_feet,csp_lda,within_subject,20260916,within_s94_h1,30,15,1,0.933333
eegbci,imagery_fists_feet,riemann_ts_lr,within_subject,20260916,within_s94_h1,30,15,1,0.866667
eegbci,imagery_fists_feet,csp_lda,within_subject,20260916,within_s94_h2,30,15,1,0.6
eegbci,imagery_fists_feet,riemann_ts_lr,within_subject,20260916,within_s94_h2,30,15,1,0.866667
eegbci,imagery_fists_feet,csp_lda,within_subject,20260916,within_s95_h0,30,15,0.9,0.8
eegbci,imagery_fists_feet,riemann_ts_lr,within_subject,20260916,within_s95_h0,30,15,1,0.733333
eegbci,imagery_fists_feet,csp_lda,within_subject,20260916,within_s95_h1,30,15,0.966667,0.6
eegbci,imagery_fists_feet,riemann_ts_lr,within_subject,20260916,within_s95_h1,30,15,1,0.666667
eegbci,imagery_fists_feet,csp_lda,within_subject,20260916,within_s95_h2,30,15,0.966667,0.8
eegbci,imagery_fists_feet,riemann_ts_lr,within_subject,20260916,within_s95_h2,30,15,1,0.8
eegbci,imagery_fists_feet,csp_lda,within_subject,20260916,within_s96_h0,30,15,0.933333,0.666667
eegbci,imagery_fists_feet,riemann_ts_lr,within_subject,20260916,within_s96_h0,30,15,1,0.666667
eegbci,imagery_fists_feet,csp_lda,within_subject,20260916,within_s96_h1,30,15,0.633333,0.533333
eegbci,imagery_fists_feet,riemann_ts_lr,within_subject,20260916,within_s96_h1,30,15,1,0.533333
eegbci,imagery_fists_feet,csp_lda,within_subject,20260916,within_s96_h2,30,15,0.7,0.6
eegbci,imagery_fists_feet,riemann_ts_lr,within_subject,20260916,within_s96_h2,30,15,1,0.6
eegbci,imagery_fists_feet,csp_lda,within_subject,20260916,within_s97_h0,30,15,0.966667,0.6
eegbci,imagery_fists_feet,riemann_ts_lr,within_subject,20260916,within_s97_h0,30,15,1,0.6
eegbci,imagery_fists_feet,csp_lda,within_subject,20260916,within_s97_h1,30,15,0.966667,0.466667
eegbci,imagery_fists_feet,riemann_ts_lr,within_subject,20260916,within_s97_h1,30,15,1,0.533333
eegbci,imagery_fists_feet,csp_lda,within_subject,20260916,within_s97_h2,30,15,1,0.666667
eegbci,imagery_fists_feet,riemann_ts_lr,within_subject,20260916,within_s97_h2,30,15,1,0.666667
eegbci,imagery_fists_feet,csp_lda,within_subject,20260916,within_s98_h0,30,15,0.866667,0.8
eegbci,imagery_fists_feet,riemann_ts_lr,within_subject,20260916,within_s98_h0,30,15,1,0.8
eegbci,imagery_fists_feet,csp_lda,within_subject,20260916,within_s98_h1,30,15,0.966667,0.666667
eegbci,imagery_fists_feet,riemann_ts_lr,within_subject,20260916,within_s98_h1,30,15,1,0.866667
eegbci,imagery_fists_feet,csp_lda,within_subject,20260916,within_s98_h2,30,15,0.966667,0.6
eegbci,imagery_fists_feet,riemann_ts_lr,within_subject,20260916,within_s98_h2,30,15,1,0.6
eegbci,imagery_fists_feet,csp_lda,within_subject,20260916,within_s99_h0,30,15,1,0.8
eegbci,imagery_fists_feet,riemann_ts_lr,within_subject,20260916,within_s99_h0,30,15,1,0.266667
eegbci,imagery_fists_feet,csp_lda,within_subject,20260916,within_s99_h1,30,15,0.966667,0.666667
eegbci,imagery_fists_feet,riemann_ts_lr,within_subject,20260916,within_s99_h1,30,15,1,0.533333
eegbci,imagery_fists_feet,csp_lda,within_subject,20260916,within_s99_h2,30,15,0.9,0.666667
eegbci,imagery_fists_feet,riemann_ts_lr,within_subject,20260916,within_s99_h2,30,15,1,0.6
eegbci,imagery_fists_feet,csp_lda,within_subject,20260916,within_s100_h0,24,12,1,1
eegbci,imagery_fists_feet,riemann_ts_lr,within_subject,20260916,within_s100_h0,24,12,1,0.75
eegbci,imagery_fists_feet,csp_lda,within_subject,20260916,within_s100_h1,24,12,1,0.833333
eegbci,imagery_fists_feet,riemann_ts_lr,within_subject,20260916,within_s100_h1,24,12,1,0.75
eegbci,imagery_fists_feet,csp_lda,within_subject,20260916,within_s100_h2,24,12,1,1
eegbci,imagery_fists_feet,riemann_ts_lr,within_subject,20260916,within_s100_h2,24,12,1,0.916667
eegbci,imagery_fists_feet,csp_lda,within_subject,20260916,within_s101_h0,30,15,1,0.6
eegbci,imagery_fists_feet,riemann_ts_lr,within_subject,20260916,within_s101_h0,30,15,1,0.533333
eegbci,imagery_fists_feet,csp_lda,within_subject,20260916,within_s101_h1,30,15,1,0.533333
eegbci,imagery_fists_feet,riemann_ts_lr,within_subject,20260916,within_s101_h1,30,15,1,0.533333
eegbci,imagery_fists_feet,csp_lda,within_subject,20260916,within_s101_h2,30,15,1,0.466667
eegbci,imagery_fists_feet,riemann_ts_lr,within_subject,20260916,within_s101_h2,30,15,1,0.533333
eegbci,imagery_fists_feet,csp_lda,within_subject,20260916,within_s102_h0,29,14,1,0.428571
eegbci,imagery_fists_feet,riemann_ts_lr,within_subject,20260916,within_s102_h0,29,14,1,0.857143
eegbci,imagery_fists_feet,csp_lda,within_subject,20260916,within_s102_h1,29,14,1,0.571429
eegbci,imagery_fists_feet,riemann_ts_lr,within_subject,20260916,within_s102_h1,29,14,1,0.642857
eegbci,imagery_fists_feet,csp_lda,within_subject,20260916,within_s102_h2,28,15,0.964286,0.533333
eegbci,imagery_fists_feet,riemann_ts_lr,within_subject,20260916,within_s102_h2,28,15,1,0.6
eegbci,imagery_fists_feet,csp_lda,within_subject,20260916,within_s103_h0,30,15,0.966667,0.533333
eegbci,imagery_fists_feet,riemann_ts_lr,within_subject,20260916,within_s103_h0,30,15,1,0.666667
eegbci,imagery_fists_feet,csp_lda,within_subject,20260916,within_s103_h1,30,15,1,0.533333
eegbci,imagery_fists_feet,riemann_ts_lr,within_subject,20260916,within_s103_h1,30,15,1,0.666667
eegbci,imagery_fists_feet,csp_lda,within_subject,20260916,within_s103_h2,30,15,1,0.733333
eegbci,imagery_fists_feet,riemann_ts_lr,within_subject,20260916,within_s103_h2,30,15,1,0.533333
eegbci,imagery_fists_feet,csp_lda,within_subject,20260916,within_s104_h0,30,15,1,0.8
eegbci,imagery_fists_feet,riemann_ts_lr,within_subject,20260916,within_s104_h0,30,15,1,0.866667
eegbci,imagery_fists_feet,csp_lda,within_subject,20260916,within_s104_h1,30,15,1,0.8
eegbci,imagery_fists_feet,riemann_ts_lr,within_subject,20260916,within_s104_h1,30,15,1,0.933333
eegbci,imagery_fists_feet,csp_lda,within_subject,20260916,within_s104_h2,30,15,1,0.733333
eegbci,imagery_fists_feet,riemann_ts_lr,within_subject,20260916,within_s104_h2,30,15,1,0.666667
eegbci,imagery_fists_feet,csp_lda,within_subject,20260916,within_s105_h0,30,15,0.966667,0.666667
eegbci,imagery_fists_feet,riemann_ts_lr,within_subject,20260916,within_s105_h0,30,15,1,0.8
eegbci,imagery_fists_feet,csp_lda,within_subject,20260916,within_s105_h1,30,15,1,0.533333
eegbci,imagery_fists_feet,riemann_ts_lr,within_subject,20260916,within_s105_h1,30,15,1,0.733333
eegbci,imagery_fists_feet,csp_lda,within_subject,20260916,within_s105_h2,30,15,1,0.533333
eegbci,imagery_fists_feet,riemann_ts_lr,within_subject,20260916,within_s105_h2,30,15,1,0.6
eegbci,imagery_fists_feet,csp_lda,within_subject,20260916,within_s106_h0,30,15,1,0.533333
eegbci,imagery_fists_feet,riemann_ts_lr,within_subject,20260916,within_s106_h0,30,15,1,0.466667
eegbci,imagery_fists_feet,csp_lda,within_subject,20260916,within_s106_h1,30,15,0.966667,0.866667
eegbci,imagery_fists_feet,riemann_ts_lr,within_subject,20260916,within_s106_h1,30,15,1,0.933333
eegbci,imagery_fists_feet,csp_lda,within_subject,20260916,within_s106_h2,30,15,0.966667,0.866667
eegbci,imagery_fists_feet,riemann_ts_lr,within_subject,20260916,within_s106_h2,30,15,1,0.933333
eegbci,imagery_fists_feet,csp_lda,within_subject,20260916,within_s107_h0,30,15,0.9,0.666667
eegbci,imagery_fists_feet,riemann_ts_lr,within_subject,20260916,within_s107_h0,30,15,1,0.533333
eegbci,imagery_fists_feet,csp_lda,within_subject,20260916,within_s107_h1,30,15,0.766667,0.533333
eegbci,imagery_fists_feet,riemann_ts_lr,within_subject,20260916,within_s107_h1,30,15,1,0.466667
eegbci,imagery_fists_feet,csp_lda,within_subject,20260916,within_s107_h2,30,15,0.9,0.733333
eegbci,imagery_fists_feet,riemann_ts_lr,within_subject,20260916,within_s107_h2,30,15,1,0.666667
eegbci,imagery_fists_feet,csp_lda,within_subject,20260916,within_s108_h0,30,15,0.933333,0.533333
eegbci,imagery_fists_feet,riemann_ts_lr,within_subject,20260916,within_s108_h0,30,15,1,0.6
eegbci,imagery_fists_feet,csp_lda,within_subject,20260916,within_s108_h1,30,15,0.966667,0.6
eegbci,imagery_fists_feet,riemann_ts_lr,within_subject,20260916,within_s108_h1,30,15,1,0.6
eegbci,imagery_fists_feet,csp_lda,within_subject,20260916,within_s108_h2,30,15,0.866667,0.6
eegbci,imagery_fists_feet,riemann_ts_lr,within_subject,20260916,within_s108_h2,30,15,1,0.533333
eegbci,imagery_fists_feet,csp_lda,within_subject,20260916,within_s109_h0,30,15,1,0.4
eegbci,imagery_fists_feet,riemann_ts_lr,within_subject,20260916,within_s109_h0,30,15,1,0.466667
eegbci,imagery_fists_feet,csp_lda,within_subject,20260916,within_s109_h1,30,15,1,0.533333
eegbci,imagery_fists_feet,riemann_ts_lr,within_subject,20260916,within_s109_h1,30,15,1,0.666667
eegbci,imagery_fists_feet,csp_lda,within_subject,20260916,within_s109_h2,30,15,1,0.333333
eegbci,imagery_fists_feet,riemann_ts_lr,within_subject,20260916,within_s109_h2,30,15,1,0.466667
eegbci,real_fists_feet,csp_lda,trial_random,20260916,trial0,3252,1627,0.534748,0.519975
eegbci,real_fists_feet,riemann_ts_lr,trial_random,20260916,trial0,3252,1627,0.98155,0.775046
eegbci,real_fists_feet,csp_lda,trial_random,20260916,trial1,3253,1626,0.514294,0.49016
eegbci,real_fists_feet,riemann_ts_lr,trial_random,20260916,trial1,3253,1626,0.980941,0.745387
eegbci,real_fists_feet,csp_lda,trial_random,20260916,trial2,3253,1626,0.521057,0.50861
eegbci,real_fists_feet,riemann_ts_lr,trial_random,20260916,trial2,3253,1626,0.976637,0.754613
eegbci,real_fists_feet,csp_lda,trial_random,20260917,trial0,3252,1627,0.536285,0.516902
eegbci,real_fists_feet,riemann_ts_lr,trial_random,20260917,trial0,3252,1627,0.97909,0.746773
eegbci,real_fists_feet,csp_lda,trial_random,20260917,trial1,3253,1626,0.520135,0.509225
eegbci,real_fists_feet,riemann_ts_lr,trial_random,20260917,trial1,3253,1626,0.986474,0.751538
eegbci,real_fists_feet,csp_lda,trial_random,20260917,trial2,3253,1626,0.519828,0.504305
eegbci,real_fists_feet,riemann_ts_lr,trial_random,20260917,trial2,3253,1626,0.976637,0.763223
eegbci,real_fists_feet,csp_lda,trial_random,20260918,trial0,3252,1627,0.521218,0.489859
eegbci,real_fists_feet,riemann_ts_lr,trial_random,20260918,trial0,3252,1627,0.984317,0.767056
eegbci,real_fists_feet,csp_lda,trial_random,20260918,trial1,3253,1626,0.518291,0.531365
eegbci,real_fists_feet,riemann_ts_lr,trial_random,20260918,trial1,3253,1626,0.984015,0.744772
eegbci,real_fists_feet,csp_lda,trial_random,20260918,trial2,3253,1626,0.529972,0.52214
eegbci,real_fists_feet,riemann_ts_lr,trial_random,20260918,trial2,3253,1626,0.976637,0.739852
eegbci,real_fists_feet,csp_lda,trial_random,20260919,trial0,3252,1627,0.52214,0.513215
eegbci,real_fists_feet,riemann_ts_lr,trial_random,20260919,trial0,3252,1627,0.980935,0.745544
eegbci,real_fists_feet,csp_lda,trial_random,20260919,trial1,3253,1626,0.521365,0.54428
eegbci,real_fists_feet,riemann_ts_lr,trial_random,20260919,trial1,3253,1626,0.984015,0.737392
eegbci,real_fists_feet,csp_lda,trial_random,20260919,trial2,3253,1626,0.53028,0.507995
eegbci,real_fists_feet,riemann_ts_lr,trial_random,20260919,trial2,3253,1626,0.980326,0.751538
eegbci,real_fists_feet,csp_lda,trial_random,20260920,trial0,3252,1627,0.53444,0.513215
eegbci,real_fists_feet,riemann_ts_lr,trial_random,20260920,trial0,3252,1627,0.981857,0.750461
eegbci,real_fists_feet,csp_lda,trial_random,20260920,trial1,3253,1626,0.525976,0.53567
eegbci,real_fists_feet,riemann_ts_lr,trial_random,20260920,trial1,3253,1626,0.98217,0.750308
eegbci,real_fists_feet,csp_lda,trial_random,20260920,trial2,3253,1626,0.518598,0.506765
eegbci,real_fists_feet,riemann_ts_lr,trial_random,20260920,trial2,3253,1626,0.981555,0.744157
eegbci,real_fists_feet,csp_lda,run_disjoint,20260916,run0,3260,1619,0.513804,0.508338
eegbci,real_fists_feet,riemann_ts_lr,run_disjoint,20260916,run0,3260,1619,0.983129,0.736875
eegbci,real_fists_feet,csp_lda,run_disjoint,20260916,run1,3249,1630,0.53124,0.526994
eegbci,real_fists_feet,riemann_ts_lr,run_disjoint,20260916,run1,3249,1630,0.977224,0.758896
eegbci,real_fists_feet,csp_lda,run_disjoint,20260916,run2,3249,1630,0.533395,0.509202
eegbci,real_fists_feet,riemann_ts_lr,run_disjoint,20260916,run2,3249,1630,0.982764,0.739264
eegbci,real_fists_feet,csp_lda,subject_disjoint,20260916,subj0,3229,1650,0.528647,0.497576
eegbci,real_fists_feet,riemann_ts_lr,subject_disjoint,20260916,subj0,3229,1650,0.983896,0.657576
eegbci,real_fists_feet,csp_lda,subject_disjoint,20260916,subj1,3262,1617,0.508277,0.508967
eegbci,real_fists_feet,riemann_ts_lr,subject_disjoint,20260916,subj1,3262,1617,0.989577,0.6376
eegbci,real_fists_feet,csp_lda,subject_disjoint,20260916,subj2,3267,1612,0.505969,0.497519
eegbci,real_fists_feet,riemann_ts_lr,subject_disjoint,20260916,subj2,3267,1612,0.979492,0.655707
eegbci,real_fists_feet,csp_lda,subject_disjoint,20260917,subj0,3208,1671,0.532107,0.510473
eegbci,real_fists_feet,riemann_ts_lr,subject_disjoint,20260917,subj0,3208,1671,0.983167,0.656493
eegbci,real_fists_feet,csp_lda,subject_disjoint,20260917,subj1,3285,1594,0.530898,0.502509
eegbci,real_fists_feet,riemann_ts_lr,subject_disjoint,20260917,subj1,3285,1594,0.979909,0.678795
eegbci,real_fists_feet,csp_lda,subject_disjoint,20260917,subj2,3265,1614,0.512711,0.508055
eegbci,real_fists_feet,riemann_ts_lr,subject_disjoint,20260917,subj2,3265,1614,0.987136,0.626394
eegbci,real_fists_feet,csp_lda,subject_disjoint,20260918,subj0,3217,1662,0.528132,0.524669
eegbci,real_fists_feet,riemann_ts_lr,subject_disjoint,20260918,subj0,3217,1662,0.985079,0.688327
eegbci,real_fists_feet,csp_lda,subject_disjoint,20260918,subj1,3282,1597,0.499391,0.518472
eegbci,real_fists_feet,riemann_ts_lr,subject_disjoint,20260918,subj1,3282,1597,0.987203,0.633688
eegbci,real_fists_feet,csp_lda,subject_disjoint,20260918,subj2,3259,1620,0.512734,0.485802
eegbci,real_fists_feet,riemann_ts_lr,subject_disjoint,20260918,subj2,3259,1620,0.98251,0.632099
eegbci,real_fists_feet,csp_lda,subject_disjoint,20260919,subj0,3226,1653,0.512399,0.505142
eegbci,real_fists_feet,riemann_ts_lr,subject_disjoint,20260919,subj0,3226,1653,0.978301,0.701754
eegbci,real_fists_feet,csp_lda,subject_disjoint,20260919,subj1,3258,1621,0.511357,0.502776
eegbci,real_fists_feet,riemann_ts_lr,subject_disjoint,20260919,subj1,3258,1621,0.982812,0.638495
eegbci,real_fists_feet,csp_lda,subject_disjoint,20260919,subj2,3274,1605,0.526573,0.501558
eegbci,real_fists_feet,riemann_ts_lr,subject_disjoint,20260919,subj2,3274,1605,0.987172,0.638006
eegbci,real_fists_feet,csp_lda,subject_disjoint,20260920,subj0,3226,1653,0.566336,0.522081
eegbci,real_fists_feet,riemann_ts_lr,subject_disjoint,20260920,subj0,3226,1653,0.982021,0.630369
eegbci,real_fists_feet,csp_lda,subject_disjoint,20260920,subj1,3262,1617,0.500307,0.504638
eegbci,real_fists_feet,riemann_ts_lr,subject_disjoint,20260920,subj1,3262,1617,0.982833,0.670996
eegbci,real_fists_feet,csp_lda,subject_disjoint,20260920,subj2,3270,1609,0.522324,0.518334
eegbci,real_fists_feet,riemann_ts_lr,subject_disjoint,20260920,subj2,3270,1609,0.987462,0.649472
eegbci,real_fists_feet,csp_lda,within_subject,20260916,within_s1_h0,30,15,1,0.933333
eegbci,real_fists_feet,riemann_ts_lr,within_subject,20260916,within_s1_h0,30,15,1,0.866667
eegbci,real_fists_feet,csp_lda,within_subject,20260916,within_s1_h1,30,15,1,1
eegbci,real_fists_feet,riemann_ts_lr,within_subject,20260916,within_s1_h1,30,15,1,1
eegbci,real_fists_feet,csp_lda,within_subject,20260916,within_s1_h2,30,15,1,1
eegbci,real_fists_feet,riemann_ts_lr,within_subject,20260916,within_s1_h2,30,15,1,1
eegbci,real_fists_feet,csp_lda,within_subject,20260916,within_s2_h0,30,15,1,1
eegbci,real_fists_feet,riemann_ts_lr,within_subject,20260916,within_s2_h0,30,15,1,1
eegbci,real_fists_feet,csp_lda,within_subject,20260916,within_s2_h1,30,15,1,1
eegbci,real_fists_feet,riemann_ts_lr,within_subject,20260916,within_s2_h1,30,15,1,1
eegbci,real_fists_feet,csp_lda,within_subject,20260916,within_s2_h2,30,15,1,1
eegbci,real_fists_feet,riemann_ts_lr,within_subject,20260916,within_s2_h2,30,15,1,1
eegbci,real_fists_feet,csp_lda,within_subject,20260916,within_s3_h0,30,15,1,0.666667
eegbci,real_fists_feet,riemann_ts_lr,within_subject,20260916,within_s3_h0,30,15,1,0.6
eegbci,real_fists_feet,csp_lda,within_subject,20260916,within_s3_h1,30,15,1,0.666667
eegbci,real_fists_feet,riemann_ts_lr,within_subject,20260916,within_s3_h1,30,15,1,0.866667
eegbci,real_fists_feet,csp_lda,within_subject,20260916,within_s3_h2,30,15,1,0.6
eegbci,real_fists_feet,riemann_ts_lr,within_subject,20260916,within_s3_h2,30,15,1,0.733333
eegbci,real_fists_feet,csp_lda,within_subject,20260916,within_s4_h0,30,15,1,0.933333
eegbci,real_fists_feet,riemann_ts_lr,within_subject,20260916,within_s4_h0,30,15,1,0.866667
eegbci,real_fists_feet,csp_lda,within_subject,20260916,within_s4_h1,30,15,0.966667,0.933333
eegbci,real_fists_feet,riemann_ts_lr,within_subject,20260916,within_s4_h1,30,15,1,1
eegbci,real_fists_feet,csp_lda,within_subject,20260916,within_s4_h2,30,15,1,0.933333
eegbci,real_fists_feet,riemann_ts_lr,within_subject,20260916,within_s4_h2,30,15,1,1
eegbci,real_fists_feet,csp_lda,within_subject,20260916,within_s5_h0,30,15,0.9,0.466667
eegbci,real_fists_feet,riemann_ts_lr,within_subject,20260916,within_s5_h0,30,15,1,0.466667
eegbci,real_fists_feet,csp_lda,within_subject,20260916,within_s5_h1,30,15,0.933333,0.6
eegbci,real_fists_feet,riemann_ts_lr,within_subject,20260916,within_s5_h1,30,15,1,0.866667
eegbci,real_fists_feet,csp_lda,within_subject,20260916,within_s5_h2,30,15,1,0.8
eegbci,real_fists_feet,riemann_ts_lr,within_subject,20260916,within_s5_h2,30,15,1,0.733333
eegbci,real_fists_feet,csp_lda,within_subject,20260916,within_s6_h0,30,15,0.933333,0.866667
eegbci,real_fists_feet,riemann_ts_lr,within_subject,20260916,within_s6_h0,30,15,1,0.666667
eegbci,real_fists_feet,csp_lda,within_subject,20260916,within_s6_h1,30,15,1,0.533333
eegbci,real_fists_feet,riemann_ts_lr,within_subject,20260916,within_s6_h1,30,15,1,0.466667
eegbci,real_fists_feet,csp_lda,within_subject,20260916,within_s6_h2,30,15,1,0.666667
eegbci,real_fists_feet,riemann_ts_lr,within_subject,20260916,within_s6_h2,30,15,1,0.533333
eegbci,real_fists_feet,csp_lda,within_subject,20260916,within_s7_h0,30,15,1,1
eegbci,real_fists_feet,riemann_ts_lr,within_subject,20260916,within_s7_h0,30,15,1,0.933333
eegbci,real_fists_feet,csp_lda,within_subject,20260916,within_s7_h1,30,15,1,0.866667
eegbci,real_fists_feet,riemann_ts_lr,within_subject,20260916,within_s7_h1,30,15,1,0.933333
eegbci,real_fists_feet,csp_lda,within_subject,20260916,within_s7_h2,30,15,1,0.933333
eegbci,real_fists_feet,riemann_ts_lr,within_subject,20260916,within_s7_h2,30,15,1,0.8
eegbci,real_fists_feet,csp_lda,within_subject,20260916,within_s8_h0,30,15,0.933333,0.533333
eegbci,real_fists_feet,riemann_ts_lr,within_subject,20260916,within_s8_h0,30,15,1,0.8
eegbci,real_fists_feet,csp_lda,within_subject,20260916,within_s8_h1,30,15,1,0.8
eegbci,real_fists_feet,riemann_ts_lr,within_subject,20260916,within_s8_h1,30,15,1,0.8
eegbci,real_fists_feet,csp_lda,within_subject,20260916,within_s8_h2,30,15,0.966667,0.466667
eegbci,real_fists_feet,riemann_ts_lr,within_subject,20260916,within_s8_h2,30,15,1,0.866667
eegbci,real_fists_feet,csp_lda,within_subject,20260916,within_s9_h0,30,15,1,0.466667
eegbci,real_fists_feet,riemann_ts_lr,within_subject,20260916,within_s9_h0,30,15,1,0.466667
eegbci,real_fists_feet,csp_lda,within_subject,20260916,within_s9_h1,30,15,1,0.4
eegbci,real_fists_feet,riemann_ts_lr,within_subject,20260916,within_s9_h1,30,15,1,0.733333
eegbci,real_fists_feet,csp_lda,within_subject,20260916,within_s9_h2,30,15,1,0.733333
eegbci,real_fists_feet,riemann_ts_lr,within_subject,20260916,within_s9_h2,30,15,1,0.466667
eegbci,real_fists_feet,csp_lda,within_subject,20260916,within_s10_h0,30,15,1,0.8
eegbci,real_fists_feet,riemann_ts_lr,within_subject,20260916,within_s10_h0,30,15,1,0.8
eegbci,real_fists_feet,csp_lda,within_subject,20260916,within_s10_h1,30,15,1,0.933333
eegbci,real_fists_feet,riemann_ts_lr,within_subject,20260916,within_s10_h1,30,15,1,1
eegbci,real_fists_feet,csp_lda,within_subject,20260916,within_s10_h2,30,15,1,0.8
eegbci,real_fists_feet,riemann_ts_lr,within_subject,20260916,within_s10_h2,30,15,1,1
eegbci,real_fists_feet,csp_lda,within_subject,20260916,within_s11_h0,30,15,1,0.6
eegbci,real_fists_feet,riemann_ts_lr,within_subject,20260916,within_s11_h0,30,15,1,0.533333
eegbci,real_fists_feet,csp_lda,within_subject,20260916,within_s11_h1,30,15,0.933333,0.866667
eegbci,real_fists_feet,riemann_ts_lr,within_subject,20260916,within_s11_h1,30,15,1,0.866667
eegbci,real_fists_feet,csp_lda,within_subject,20260916,within_s11_h2,30,15,1,0.733333
eegbci,real_fists_feet,riemann_ts_lr,within_subject,20260916,within_s11_h2,30,15,1,1
eegbci,real_fists_feet,csp_lda,within_subject,20260916,within_s12_h0,30,15,1,0.466667
eegbci,real_fists_feet,riemann_ts_lr,within_subject,20260916,within_s12_h0,30,15,1,0.533333
eegbci,real_fists_feet,csp_lda,within_subject,20260916,within_s12_h1,30,15,1,0.933333
eegbci,real_fists_feet,riemann_ts_lr,within_subject,20260916,within_s12_h1,30,15,1,0.933333
eegbci,real_fists_feet,csp_lda,within_subject,20260916,within_s12_h2,30,15,1,0.733333
eegbci,real_fists_feet,riemann_ts_lr,within_subject,20260916,within_s12_h2,30,15,1,0.866667
eegbci,real_fists_feet,csp_lda,within_subject,20260916,within_s13_h0,30,15,0.966667,0.933333
eegbci,real_fists_feet,riemann_ts_lr,within_subject,20260916,within_s13_h0,30,15,1,0.6
eegbci,real_fists_feet,csp_lda,within_subject,20260916,within_s13_h1,30,15,1,1
eegbci,real_fists_feet,riemann_ts_lr,within_subject,20260916,within_s13_h1,30,15,1,0.666667
eegbci,real_fists_feet,csp_lda,within_subject,20260916,within_s13_h2,30,15,1,0.866667
eegbci,real_fists_feet,riemann_ts_lr,within_subject,20260916,within_s13_h2,30,15,1,0.8
eegbci,real_fists_feet,csp_lda,within_subject,20260916,within_s14_h0,30,15,1,0.933333
eegbci,real_fists_feet,riemann_ts_lr,within_subject,20260916,within_s14_h0,30,15,1,1
eegbci,real_fists_feet,csp_lda,within_subject,20260916,within_s14_h1,30,15,1,1
eegbci,real_fists_feet,riemann_ts_lr,within_subject,20260916,within_s14_h1,30,15,1,1
eegbci,real_fists_feet,csp_lda,within_subject,20260916,within_s14_h2,30,15,1,1
eegbci,real_fists_feet,riemann_ts_lr,within_subject,20260916,within_s14_h2,30,15,1,1
eegbci,real_fists_feet,csp_lda,within_subject,20260916,within_s15_h0,30,15,1,0.866667
eegbci,real_fists_feet,riemann_ts_lr,within_subject,20260916,within_s15_h0,30,15,1,0.733333
eegbci,real_fists_feet,csp_lda,within_subject,20260916,within_s15_h1,30,15,1,1
eegbci,real_fists_feet,riemann_ts_lr,within_subject,20260916,within_s15_h1,30,15,1,0.866667
eegbci,real_fists_feet,csp_lda,within_subject,20260916,within_s15_h2,30,15,1,0.8
eegbci,real_fists_feet,riemann_ts_lr,within_subject,20260916,within_s15_h2,30,15,1,0.733333
eegbci,real_fists_feet,csp_lda,within_subject,20260916,within_s16_h0,30,15,1,0.733333
eegbci,real_fists_feet,riemann_ts_lr,within_subject,20260916,within_s16_h0,30,15,1,0.8
eegbci,real_fists_feet,csp_lda,within_subject,20260916,within_s16_h1,30,15,1,0.733333
eegbci,real_fists_feet,riemann_ts_lr,within_subject,20260916,within_s16_h1,30,15,1,0.8
eegbci,real_fists_feet,csp_lda,within_subject,20260916,within_s16_h2,30,15,1,0.733333
eegbci,real_fists_feet,riemann_ts_lr,within_subject,20260916,within_s16_h2,30,15,1,0.866667
eegbci,real_fists_feet,csp_lda,within_subject,20260916,within_s17_h0,30,15,0.966667,0.733333
eegbci,real_fists_feet,riemann_ts_lr,within_subject,20260916,within_s17_h0,30,15,1,0.8
eegbci,real_fists_feet,csp_lda,within_subject,20260916,within_s17_h1,30,15,0.966667,0.533333
eegbci,real_fists_feet,riemann_ts_lr,within_subject,20260916,within_s17_h1,30,15,1,0.466667
eegbci,real_fists_feet,csp_lda,within_subject,20260916,within_s17_h2,30,15,1,0.733333
eegbci,real_fists_feet,riemann_ts_lr,within_subject,20260916,within_s17_h2,30,15,1,0.8
eegbci,real_fists_feet,csp_lda,within_subject,20260916,within_s18_h0,30,15,1,0.866667
eegbci,real_fists_feet,riemann_ts_lr,within_subject,20260916,within_s18_h0,30,15,1,0.733333
eegbci,real_fists_feet,csp_lda,within_subject,20260916,within_s18_h1,30,15,1,0.733333
eegbci,real_fists_feet,riemann_ts_lr,within_subject,20260916,within_s18_h1,30,15,1,0.666667
eegbci,real_fists_feet,csp_lda,within_subject,20260916,within_s18_h2,30,15,0.9,0.866667
eegbci,real_fists_feet,riemann_ts_lr,within_subject,20260916,within_s18_h2,30,15,1,0.666667
eegbci,real_fists_feet,csp_lda,within_subject,20260916,within_s19_h0,30,15,1,1
eegbci,real_fists_feet,riemann_ts_lr,within_subject,20260916,within_s19_h0,30,15,1,0.8
eegbci,real_fists_feet,csp_lda,within_subject,20260916,within_s19_h1,30,15,1,0.866667
eegbci,real_fists_feet,riemann_ts_lr,within_subject,20260916,within_s19_h1,30,15,1,0.8
eegbci,real_fists_feet,csp_lda,within_subject,20260916,within_s19_h2,30,15,1,0.933333
eegbci,real_fists_feet,riemann_ts_lr,within_subject,20260916,within_s19_h2,30,15,1,0.933333
eegbci,real_fists_feet,csp_lda,within_subject,20260916,within_s20_h0,30,15,0.9,0.4
eegbci,real_fists_feet,riemann_ts_lr,within_subject,20260916,within_s20_h0,30,15,1,0.666667
eegbci,real_fists_feet,csp_lda,within_subject,20260916,within_s20_h1,30,15,0.966667,0.533333
eegbci,real_fists_feet,riemann_ts_lr,within_subject,20260916,within_s20_h1,30,15,1,0.6
eegbci,real_fists_feet,csp_lda,within_subject,20260916,within_s20_h2,30,15,0.833333,0.6
eegbci,real_fists_feet,riemann_ts_lr,within_subject,20260916,within_s20_h2,30,15,1,0.533333
eegbci,real_fists_feet,csp_lda,within_subject,20260916,within_s21_h0,30,15,0.966667,0.666667
eegbci,real_fists_feet,riemann_ts_lr,within_subject,20260916,within_s21_h0,30,15,1,0.866667
eegbci,real_fists_feet,csp_lda,within_subject,20260916,within_s21_h1,30,15,0.966667,0.8
eegbci,real_fists_feet,riemann_ts_lr,within_subject,20260916,within_s21_h1,30,15,1,0.666667
eegbci,real_fists_feet,csp_lda,within_subject,20260916,within_s21_h2,30,15,1,0.533333
eegbci,real_fists_feet,riemann_ts_lr,within_subject,20260916,within_s21_h2,30,15,1,0.6
eegbci,real_fists_feet,csp_lda,within_subject,20260916,within_s22_h0,30,15,1,0.466667
eegbci,real_fists_feet,riemann_ts_lr,within_subject,20260916,within_s22_h0,30,15,1,0.466667
eegbci,real_fists_feet,csp_lda,within_subject,20260916,within_s22_h1,30,15,1,1
eegbci,real_fists_feet,riemann_ts_lr,within_subject,20260916,within_s22_h1,30,15,1,0.866667
eegbci,real_fists_feet,csp_lda,within_subject,20260916,within_s22_h2,30,15,1,0.8
eegbci,real_fists_feet,riemann_ts_lr,within_subject,20260916,within_s22_h2,30,15,1,0.8
eegbci,real_fists_feet,csp_lda,within_subject,20260916,within_s23_h0,30,15,1,0.666667
eegbci,real_fists_feet,riemann_ts_lr,within_subject,20260916,within_s23_h0,30,15,1,0.6
eegbci,real_fists_feet,csp_lda,within_subject,20260916,within_s23_h1,30,15,0.866667,0.6
eegbci,real_fists_feet,riemann_ts_lr,within_subject,20260916,within_s23_h1,30,15,1,0.466667
eegbci,real_fists_feet,csp_lda,within_subject,20260916,within_s23_h2,30,15,0.866667,0.533333
eegbci,real_fists_feet,riemann_ts_lr,within_subject,20260916,within_s23_h2,30,15,1,0.866667
eegbci,real_fists_feet,csp_lda,within_subject,20260916,within_s24_h0,30,15,1,0.533333
eegbci,real_fists_feet,riemann_ts_lr,within_subject,20260916,within_s24_h0,30,15,1,0.866667
eegbci,real_fists_feet,csp_lda,within_subject,20260916,within_s24_h1,30,15,1,0.733333
eegbci,real_fists_feet,riemann_ts_lr,within_subject,20260916,within_s24_h1,30,15,1,0.8
eegbci,real_fists_feet,csp_lda,within_subject,20260916,within_s24_h2,30,15,1,0.866667
eegbci,real_fists_feet,riemann_ts_lr,within_subject,20260916,within_s24_h2,30,15,1,0.8
eegbci,real_fists_feet,csp_lda,within_subject,20260916,within_s25_h0,30,15,1,0.933333
eegbci,real_fists_feet,riemann_ts_lr,within_subject,20260916,within_s25_h0,30,15,1,0.866667
eegbci,real_fists_feet,csp_lda,within_subject,20260916,within_s25_h1,30,15,1,0.933333
eegbci,real_fists_feet,riemann_ts_lr,within_subject,20260916,within_s25_h1,30,15,1,0.933333
eegbci,real_fists_feet,csp_lda,within_subject,20260916,within_s25_h2,30,15,1,0.933333
eegbci,real_fists_feet,riemann_ts_lr,within_subject,20260916,within_s25_h2,30,15,1,0.933333
eegbci,real_fists_feet,csp_lda,within_subject,20260916,within_s26_h0,30,15,1,0.666667
eegbci,real_fists_feet,riemann_ts_lr,within_subject,20260916,within_s26_h0,30,15,1,0.8
eegbci,real_fists_feet,csp_lda,within_subject,20260916,within_s26_h1,30,15,1,0.933333
eegbci,real_fists_feet,riemann_ts_lr,within_subject,20260916,within_s26_h1,30,15,1,1
eegbci,real_fists_feet,csp_lda,within_subject,20260916,within_s26_h2,30,15,1,0.866667
eegbci,real_fists_feet,riemann_ts_lr,within_subject,20260916,within_s26_h2,30,15,1,0.8
eegbci,real_fists_feet,csp_lda,within_subject,20260916,within_s27_h0,30,15,0.966667,1
eegbci,real_fists_feet,riemann_ts_lr,within_subject,20260916,within_s27_h0,30,15,1,1
eegbci,real_fists_feet,csp_lda,within_subject,20260916,within_s27_h1,30,15,1,0.8
eegbci,real_fists_feet,riemann_ts_lr,within_subject,20260916,within_s27_h1,30,15,1,0.533333
eegbci,real_fists_feet,csp_lda,within_subject,20260916,within_s27_h2,30,15,0.966667,1
eegbci,real_fists_feet,riemann_ts_lr,within_subject,20260916,within_s27_h2,30,15,1,1
eegbci,real_fists_feet,csp_lda,within_subject,20260916,within_s28_h0,30,15,1,0.6
eegbci,real_fists_feet,riemann_ts_lr,within_subject,20260916,within_s28_h0,30,15,1,0.533333
eegbci,real_fists_feet,csp_lda,within_subject,20260916,within_s28_h1,30,15,0.966667,0.666667
eegbci,real_fists_feet,riemann_ts_lr,within_subject,20260916,within_s28_h1,30,15,1,0.866667
eegbci,real_fists_feet,csp_lda,within_subject,20260916,within_s28_h2,30,15,1,0.933333
eegbci,real_fists_feet,riemann_ts_lr,within_subject,20260916,within_s28_h2,30,15,1,0.933333
eegbci,real_fists_feet,csp_lda,within_subject,20260916,within_s29_h0,30,15,1,1
eegbci,real_fists_feet,riemann_ts_lr,within_subject,20260916,within_s29_h0,30,15,1,1
eegbci,real_fists_feet,csp_lda,within_subject,20260916,within_s29_h1,30,15,1,0.933333
eegbci,real_fists_feet,riemann_ts_lr,within_subject,20260916,within_s29_h1,30,15,1,1
eegbci,real_fists_feet,csp_lda,within_subject,20260916,within_s29_h2,30,15,1,1
eegbci,real_fists_feet,riemann_ts_lr,within_subject,20260916,within_s29_h2,30,15,1,0.866667
eegbci,real_fists_feet,csp_lda,within_subject,20260916,within_s30_h0,30,15,0.966667,0.666667
eegbci,real_fists_feet,riemann_ts_lr,within_subject,20260916,within_s30_h0,30,15,1,0.866667
eegbci,real_fists_feet,csp_lda,within_subject,20260916,within_s30_h1,30,15,0.8,0.733333
eegbci,real_fists_feet,riemann_ts_lr,within_subject,20260916,within_s30_h1,30,15,1,0.666667
eegbci,real_fists_feet,csp_lda,within_subject,20260916,within_s30_h2,30,15,0.933333,0.733333
eegbci,real_fists_feet,riemann_ts_lr,within_subject,20260916,within_s30_h2,30,15,1,0.533333
eegbci,real_fists_feet,csp_lda,within_subject,20260916,within_s31_h0,30,15,1,0.8
eegbci,real_fists_feet,riemann_ts_lr,within_subject,20260916,within_s31_h0,30,15,1,0.733333
eegbci,real_fists_feet,csp_lda,within_subject,20260916,within_s31_h1,30,15,0.933333,0.933333
eegbci,real_fists_feet,riemann_ts_lr,within_subject,20260916,within_s31_h1,30,15,1,0.933333
eegbci,real_fists_feet,csp_lda,within_subject,20260916,within_s31_h2,30,15,1,0.733333
eegbci,real_fists_feet,riemann_ts_lr,within_subject,20260916,within_s31_h2,30,15,1,0.933333
eegbci,real_fists_feet,csp_lda,within_subject,20260916,within_s32_h0,30,15,1,1
eegbci,real_fists_feet,riemann_ts_lr,within_subject,20260916,within_s32_h0,30,15,1,0.466667
eegbci,real_fists_feet,csp_lda,within_subject,20260916,within_s32_h1,30,15,1,1
eegbci,real_fists_feet,riemann_ts_lr,within_subject,20260916,within_s32_h1,30,15,1,1
eegbci,real_fists_feet,csp_lda,within_subject,20260916,within_s32_h2,30,15,1,0.933333
eegbci,real_fists_feet,riemann_ts_lr,within_subject,20260916,within_s32_h2,30,15,1,0.8
eegbci,real_fists_feet,csp_lda,within_subject,20260916,within_s33_h0,30,15,1,0.6
eegbci,real_fists_feet,riemann_ts_lr,within_subject,20260916,within_s33_h0,30,15,1,0.8
eegbci,real_fists_feet,csp_lda,within_subject,20260916,within_s33_h1,30,15,1,0.533333
eegbci,real_fists_feet,riemann_ts_lr,within_subject,20260916,within_s33_h1,30,15,1,0.666667
eegbci,real_fists_feet,csp_lda,within_subject,20260916,within_s33_h2,30,15,1,0.933333
eegbci,real_fists_feet,riemann_ts_lr,within_subject,20260916,within_s33_h2,30,15,1,0.866667
eegbci,real_fists_feet,csp_lda,within_subject,20260916,within_s34_h0,28,14,1,0.785714
eegbci,real_fists_feet,riemann_ts_lr,within_subject,20260916,within_s34_h0,28,14,1,0.857143
eegbci,real_fists_feet,csp_lda,within_subject,20260916,within_s34_h1,28,14,1,0.928571
eegbci,real_fists_feet,riemann_ts_lr,within_subject,20260916,within_s34_h1,28,14,1,1
eegbci,real_fists_feet,csp_lda,within_subject,20260916,within_s34_h2,28,14,1,0.928571
eegbci,real_fists_feet,riemann_ts_lr,within_subject,20260916,within_s34_h2,28,14,1,1
eegbci,real_fists_feet,csp_lda,within_subject,20260916,within_s35_h0,30,15,1,1
eegbci,real_fists_feet,riemann_ts_lr,within_subject,20260916,within_s35_h0,30,15,1,1
eegbci,real_fists_feet,csp_lda,within_subject,20260916,within_s35_h1,30,15,1,1
eegbci,real_fists_feet,riemann_ts_lr,within_subject,20260916,within_s35_h1,30,15,1,1
eegbci,real_fists_feet,csp_lda,within_subject,20260916,within_s35_h2,30,15,1,0.933333
eegbci,real_fists_feet,riemann_ts_lr,within_subject,20260916,within_s35_h2,30,15,1,0.933333
eegbci,real_fists_feet,csp_lda,within_subject,20260916,within_s36_h0,30,15,1,0.933333
eegbci,real_fists_feet,riemann_ts_lr,within_subject,20260916,within_s36_h0,30,15,1,0.666667
eegbci,real_fists_feet,csp_lda,within_subject,20260916,within_s36_h1,30,15,1,0.933333
eegbci,real_fists_feet,riemann_ts_lr,within_subject,20260916,within_s36_h1,30,15,1,0.733333
eegbci,real_fists_feet,csp_lda,within_subject,20260916,within_s36_h2,30,15,1,1
eegbci,real_fists_feet,riemann_ts_lr,within_subject,20260916,within_s36_h2,30,15,1,0.733333
eegbci,real_fists_feet,csp_lda,within_subject,20260916,within_s37_h0,28,14,0.785714,0.642857
eegbci,real_fists_feet,riemann_ts_lr,within_subject,20260916,within_s37_h0,28,14,1,0.714286
eegbci,real_fists_feet,csp_lda,within_subject,20260916,within_s37_h1,28,14,0.785714,0.714286
eegbci,real_fists_feet,riemann_ts_lr,within_subject,20260916,within_s37_h1,28,14,1,0.785714
eegbci,real_fists_feet,csp_lda,within_subject,20260916,within_s37_h2,28,14,0.857143,0.428571
eegbci,real_fists_feet,riemann_ts_lr,within_subject,20260916,within_s37_h2,28,14,1,0.642857
eegbci,real_fists_feet,csp_lda,within_subject,20260916,within_s38_h0,30,15,0.9,0.8
eegbci,real_fists_feet,riemann_ts_lr,within_subject,20260916,within_s38_h0,30,15,1,0.666667
eegbci,real_fists_feet,csp_lda,within_subject,20260916,within_s38_h1,30,15,0.966667,0.466667
eegbci,real_fists_feet,riemann_ts_lr,within_subject,20260916,within_s38_h1,30,15,1,0.533333
eegbci,real_fists_feet,csp_lda,within_subject,20260916,within_s38_h2,30,15,1,0.533333
eegbci,real_fists_feet,riemann_ts_lr,within_subject,20260916,within_s38_h2,30,15,1,0.533333
eegbci,real_fists_feet,csp_lda,within_subject,20260916,within_s39_h0,30,15,0.9,0.466667
eegbci,real_fists_feet,riemann_ts_lr,within_subject,20260916,within_s39_h0,30,15,1,0.533333
eegbci,real_fists_feet,csp_lda,within_subject,20260916,within_s39_h1,30,15,0.766667,0.533333
eegbci,real_fists_feet,riemann_ts_lr,within_subject,20260916,within_s39_h1,30,15,1,0.533333
eegbci,real_fists_feet,csp_lda,within_subject,20260916,within_s39_h2,30,15,0.9,0.666667
eegbci,real_fists_feet,riemann_ts_lr,within_subject,20260916,within_s39_h2,30,15,1,0.666667
eegbci,real_fists_feet,csp_lda,within_subject,20260916,within_s40_h0,30,15,0.933333,0.533333
eegbci,real_fists_feet,riemann_ts_lr,within_subject,20260916,within_s40_h0,30,15,1,0.466667
eegbci,real_fists_feet,csp_lda,within_subject,20260916,within_s40_h1,30,15,0.966667,0.6
eegbci,real_fists_feet,riemann_ts_lr,within_subject,20260916,within_s40_h1,30,15,1,0.733333
eegbci,real_fists_feet,csp_lda,within_subject,20260916,within_s40_h2,30,15,1,0.533333
eegbci,real_fists_feet,riemann_ts_lr,within_subject,20260916,within_s40_h2,30,15,1,0.333333
eegbci,real_fists_feet,csp_lda,within_subject,20260916,within_s41_h0,28,14,1,0.785714
eegbci,real_fists_feet,riemann_ts_lr,within_subject,20260916,within_s41_h0,28,14,1,0.928571
eegbci,real_fists_feet,csp_lda,within_subject,20260916,within_s41_h1,28,14,1,0.928571
eegbci,real_fists_feet,riemann_ts_lr,within_subject,20260916,within_s41_h1,28,14,1,0.928571
eegbci,real_fists_feet,csp_lda,within_subject,20260916,within_s41_h2,28,14,1,1
eegbci,real_fists_feet,riemann_ts_lr,within_subject,20260916,within_s41_h2,28,14,1,0.928571
eegbci,real_fists_feet,csp_lda,within_subject,20260916,within_s42_h0,30,15,1,1
eegbci,real_fists_feet,riemann_ts_lr,within_subject,20260916,within_s42_h0,30,15,1,1
eegbci,real_fists_feet,csp_lda,within_subject,20260916,within_s42_h1,30,15,1,1
eegbci,real_fists_feet,riemann_ts_lr,within_subject,20260916,within_s42_h1,30,15,1,1
eegbci,real_fists_feet,csp_lda,within_subject,20260916,within_s42_h2,30,15,1,0.933333
eegbci,real_fists_feet,riemann_ts_lr,within_subject,20260916,within_s42_h2,30,15,1,1
eegbci,real_fists_feet,csp_lda,within_subject,20260916,within_s43_h0,30,15,0.7,0.466667
eegbci,real_fists_feet,riemann_ts_lr,within_subject,20260916,within_s43_h0,30,15,1,0.666667
eegbci,real_fists_feet,csp_lda,within_subject,20260916,within_s43_h1,30,15,0.8,0.6
eegbci,real_fists_feet,riemann_ts_lr,within_subject,20260916,within_s43_h1,30,15,1,0.6
eegbci,real_fists_feet,csp_lda,within_subject,20260916,within_s43_h2,30,15,0.866667,0.666667
eegbci,real_fists_feet,riemann_ts_lr,within_subject,20260916,within_s43_h2,30,15,1,0.666667
eegbci,real_fists_feet,csp_lda,within_subject,20260916,within_s44_h0,30,15,0.866667,0.666667
eegbci,real_fists_feet,riemann_ts_lr,within_subject,20260916,within_s44_h0,30,15,1,0.6
eegbci,real_fists_feet,csp_lda,within_subject,20260916,within_s44_h1,30,15,0.766667,0.533333
eegbci,real_fists_feet,riemann_ts_lr,within_subject,20260916,within_s44_h1,30,15,1,0.666667
eegbci,real_fists_feet,csp_lda,within_subject,20260916,within_s44_h2,30,15,0.833333,0.733333
eegbci,real_fists_feet,riemann_ts_lr,within_subject,20260916,within_s44_h2,30,15,1,0.666667
eegbci,real_fists_feet,csp_lda,within_subject,20260916,within_s45_h0,30,15,0.833333,0.466667
eegbci,real_fists_feet,riemann_ts_lr,within_subject,20260916,within_s45_h0,30,15,1,0.666667
eegbci,real_fists_feet,csp_lda,within_subject,20260916,within_s45_h1,30,15,0.966667,0.733333
eegbci,real_fists_feet,riemann_ts_lr,within_subject,20260916,within_s45_h1,30,15,1,0.533333
eegbci,real_fists_feet,csp_lda,within_subject,20260916,within_s45_h2,30,15,0.833333,0.666667
eegbci,real_fists_feet,riemann_ts_lr,within_subject,20260916,within_s45_h2,30,15,1,0.6
eegbci,real_fists_feet,csp_lda,within_subject,20260916,within_s46_h0,30,15,1,1
eegbci,real_fists_feet,riemann_ts_lr,within_subject,20260916,within_s46_h0,30,15,1,1
eegbci,real_fists_feet,csp_lda,within_subject,20260916,within_s46_h1,30,15,1,0.866667
eegbci,real_fists_feet,riemann_ts_lr,within_subject,20260916,within_s46_h1,30,15,1,0.933333
eegbci,real_fists_feet,csp_lda,within_subject,20260916,within_s46_h2,30,15,1,1
eegbci,real_fists_feet,riemann_ts_lr,within_subject,20260916,within_s46_h2,30,15,1,1
eegbci,real_fists_feet,csp_lda,within_subject,20260916,within_s47_h0,30,15,1,0.8
eegbci,real_fists_feet,riemann_ts_lr,within_subject,20260916,within_s47_h0,30,15,1,0.6
eegbci,real_fists_feet,csp_lda,within_subject,20260916,within_s47_h1,30,15,1,0.533333
eegbci,real_fists_feet,riemann_ts_lr,within_subject,20260916,within_s47_h1,30,15,1,0.533333
eegbci,real_fists_feet,csp_lda,within_subject,20260916,within_s47_h2,30,15,1,0.733333
eegbci,real_fists_feet,riemann_ts_lr,within_subject,20260916,within_s47_h2,30,15,1,0.533333
eegbci,real_fists_feet,csp_lda,within_subject,20260916,within_s48_h0,30,15,0.966667,0.8
eegbci,real_fists_feet,riemann_ts_lr,within_subject,20260916,within_s48_h0,30,15,1,0.866667
eegbci,real_fists_feet,csp_lda,within_subject,20260916,within_s48_h1,30,15,0.933333,0.733333
eegbci,real_fists_feet,riemann_ts_lr,within_subject,20260916,within_s48_h1,30,15,1,0.733333
eegbci,real_fists_feet,csp_lda,within_subject,20260916,within_s48_h2,30,15,1,0.866667
eegbci,real_fists_feet,riemann_ts_lr,within_subject,20260916,within_s48_h2,30,15,1,0.533333
eegbci,real_fists_feet,csp_lda,within_subject,20260916,within_s49_h0,30,15,1,0.866667
eegbci,real_fists_feet,riemann_ts_lr,within_subject,20260916,within_s49_h0,30,15,1,0.933333
eegbci,real_fists_feet,csp_lda,within_subject,20260916,within_s49_h1,30,15,1,0.666667
eegbci,real_fists_feet,riemann_ts_lr,within_subject,20260916,within_s49_h1,30,15,1,0.933333
eegbci,real_fists_feet,csp_lda,within_subject,20260916,within_s49_h2,30,15,1,0.8
eegbci,real_fists_feet,riemann_ts_lr,within_subject,20260916,within_s49_h2,30,15,1,0.866667
eegbci,real_fists_feet,csp_lda,within_subject,20260916,within_s50_h0,30,15,1,0.933333
eegbci,real_fists_feet,riemann_ts_lr,within_subject,20260916,within_s50_h0,30,15,1,0.866667
eegbci,real_fists_feet,csp_lda,within_subject,20260916,within_s50_h1,30,15,1,0.533333
eegbci,real_fists_feet,riemann_ts_lr,within_subject,20260916,within_s50_h1,30,15,1,0.8
eegbci,real_fists_feet,csp_lda,within_subject,20260916,within_s50_h2,30,15,1,0.933333
eegbci,real_fists_feet,riemann_ts_lr,within_subject,20260916,within_s50_h2,30,15,1,0.933333
eegbci,real_fists_feet,csp_lda,within_subject,20260916,within_s51_h0,28,14,0.785714,0.5
eegbci,real_fists_feet,riemann_ts_lr,within_subject,20260916,within_s51_h0,28,14,1,0.785714
eegbci,real_fists_feet,csp_lda,within_subject,20260916,within_s51_h1,28,14,0.928571,0.571429
eegbci,real_fists_feet,riemann_ts_lr,within_subject,20260916,within_s51_h1,28,14,1,0.714286
eegbci,real_fists_feet,csp_lda,within_subject,20260916,within_s51_h2,28,14,0.857143,0.714286
eegbci,real_fists_feet,riemann_ts_lr,within_subject,20260916,within_s51_h2,28,14,1,0.857143
eegbci,real_fists_feet,csp_lda,within_subject,20260916,within_s52_h0,30,15,1,0.733333
eegbci,real_fists_feet,riemann_ts_lr,within_subject,20260916,within_s52_h0,30,15,1,0.933333
eegbci,real_fists_feet,csp_lda,within_subject,20260916,within_s52_h1,30,15,1,0.933333
eegbci,real_fists_feet,riemann_ts_lr,within_subject,20260916,within_s52_h1,30,15,1,0.933333
eegbci,real_fists_feet,csp_lda,within_subject,20260916,within_s52_h2,30,15,1,0.733333
eegbci,real_fists_feet,riemann_ts_lr,within_subject,20260916,within_s52_h2,30,15,1,0.8
eegbci,real_fists_feet,csp_lda,within_subject,20260916,within_s53_h0,30,15,1,0.866667
eegbci,real_fists_feet,riemann_ts_lr,within_subject,20260916,within_s53_h0,30,15,1,0.666667
eegbci,real_fists_feet,csp_lda,within_subject,20260916,within_s53_h1,30,15,1,0.866667
eegbci,real_fists_feet,riemann_ts_lr,within_subject,20260916,within_s53_h1,30,15,1,0.8
eegbci,real_fists_feet,csp_lda,within_subject,20260916,within_s53_h2,30,15,1,0.666667
eegbci,real_fists_feet,riemann_ts_lr,within_subject,20260916,within_s53_h2,30,15,1,0.6
eegbci,real_fists_feet,csp_lda,within_subject,20260916,within_s54_h0,30,15,1,0.866667
eegbci,real_fists_feet,riemann_ts_lr,within_subject,20260916,within_s54_h0,30,15,1,1
eegbci,real_fists_feet,csp_lda,within_subject,20260916,within_s54_h1,30,15,1,0.866667
eegbci,real_fists_feet,riemann_ts_lr,within_subject,20260916,within_s54_h1,30,15,1,1
eegbci,real_fists_feet,csp_lda,within_subject,20260916,within_s54_h2,30,15,1,1
eegbci,real_fists_feet,riemann_ts_lr,within_subject,20260916,within_s54_h2,30,15,1,0.8
eegbci,real_fists_feet,csp_lda,within_subject,20260916,within_s55_h0,30,15,1,1
eegbci,real_fists_feet,riemann_ts_lr,within_subject,20260916,within_s55_h0,30,15,1,1
eegbci,real_fists_feet,csp_lda,within_subject,20260916,within_s55_h1,30,15,1,1
eegbci,real_fists_feet,riemann_ts_lr,within_subject,20260916,within_s55_h1,30,15,1,1
eegbci,real_fists_feet,csp_lda,within_subject,20260916,within_s55_h2,30,15,1,0.933333
eegbci,real_fists_feet,riemann_ts_lr,within_subject,20260916,within_s55_h2,30,15,1,0.866667
eegbci,real_fists_feet,csp_lda,within_subject,20260916,within_s56_h0,30,15,0.966667,0.866667
eegbci,real_fists_feet,riemann_ts_lr,within_subject,20260916,within_s56_h0,30,15,1,1
eegbci,real_fists_feet,csp_lda,within_subject,20260916,within_s56_h1,30,15,0.9,0.866667
eegbci,real_fists_feet,riemann_ts_lr,within_subject,20260916,within_s56_h1,30,15,1,0.733333
eegbci,real_fists_feet,csp_lda,within_subject,20260916,within_s56_h2,30,15,0.966667,0.733333
eegbci,real_fists_feet,riemann_ts_lr,within_subject,20260916,within_s56_h2,30,15,1,0.666667
eegbci,real_fists_feet,csp_lda,within_subject,20260916,within_s57_h0,30,15,0.966667,0.733333
eegbci,real_fists_feet,riemann_ts_lr,within_subject,20260916,within_s57_h0,30,15,1,0.866667
eegbci,real_fists_feet,csp_lda,within_subject,20260916,within_s57_h1,30,15,1,0.866667
eegbci,real_fists_feet,riemann_ts_lr,within_subject,20260916,within_s57_h1,30,15,1,0.8
eegbci,real_fists_feet,csp_lda,within_subject,20260916,within_s57_h2,30,15,0.866667,0.8
eegbci,real_fists_feet,riemann_ts_lr,within_subject,20260916,within_s57_h2,30,15,1,0.8
eegbci,real_fists_feet,csp_lda,within_subject,20260916,within_s58_h0,30,15,0.966667,0.666667
eegbci,real_fists_feet,riemann_ts_lr,within_subject,20260916,within_s58_h0,30,15,1,0.533333
eegbci,real_fists_feet,csp_lda,within_subject,20260916,within_s58_h1,30,15,0.933333,0.866667
eegbci,real_fists_feet,riemann_ts_lr,within_subject,20260916,within_s58_h1,30,15,1,0.466667
eegbci,real_fists_feet,csp_lda,within_subject,20260916,within_s58_h2,30,15,1,1
eegbci,real_fists_feet,riemann_ts_lr,within_subject,20260916,within_s58_h2,30,15,1,0.6
eegbci,real_fists_feet,csp_lda,within_subject,20260916,within_s59_h0,30,15,0.866667,0.533333
eegbci,real_fists_feet,riemann_ts_lr,within_subject,20260916,within_s59_h0,30,15,1,0.666667
eegbci,real_fists_feet,csp_lda,within_subject,20260916,within_s59_h1,30,15,0.9,0.6
eegbci,real_fists_feet,riemann_ts_lr,within_subject,20260916,within_s59_h1,30,15,1,0.8
eegbci,real_fists_feet,csp_lda,within_subject,20260916,within_s59_h2,30,15,0.933333,0.6
eegbci,real_fists_feet,riemann_ts_lr,within_subject,20260916,within_s59_h2,30,15,1,0.666667
eegbci,real_fists_feet,csp_lda,within_subject,20260916,within_s60_h0,30,15,0.966667,0.733333
eegbci,real_fists_feet,riemann_ts_lr,within_subject,20260916,within_s60_h0,30,15,1,0.666667
eegbci,real_fists_feet,csp_lda,within_subject,20260916,within_s60_h1,30,15,0.933333,0.933333
eegbci,real_fists_feet,riemann_ts_lr,within_subject,20260916,within_s60_h1,30,15,1,0.933333
eegbci,real_fists_feet,csp_lda,within_subject,20260916,within_s60_h2,30,15,1,0.8
eegbci,real_fists_feet,riemann_ts_lr,within_subject,20260916,within_s60_h2,30,15,1,0.866667
eegbci,real_fists_feet,csp_lda,within_subject,20260916,within_s61_h0,30,15,0.966667,0.666667
eegbci,real_fists_feet,riemann_ts_lr,within_subject,20260916,within_s61_h0,30,15,1,0.733333
eegbci,real_fists_feet,csp_lda,within_subject,20260916,within_s61_h1,30,15,0.933333,0.8
eegbci,real_fists_feet,riemann_ts_lr,within_subject,20260916,within_s61_h1,30,15,1,0.866667
eegbci,real_fists_feet,csp_lda,within_subject,20260916,within_s61_h2,30,15,1,0.733333
eegbci,real_fists_feet,riemann_ts_lr,within_subject,20260916,within_s61_h2,30,15,1,0.733333
eegbci,real_fists_feet,csp_lda,within_subject,20260916,within_s62_h0,30,15,1,0.933333
eegbci,real_fists_feet,riemann_ts_lr,within_subject,20260916,within_s62_h0,30,15,1,0.866667
eegbci,real_fists_feet,csp_lda,within_subject,20260916,within_s62_h1,30,15,1,0.666667
eegbci,real_fists_feet,riemann_ts_lr,within_subject,20260916,within_s62_h1,30,15,1,0.8
eegbci,real_fists_feet,csp_lda,within_subject,20260916,within_s62_h2,30,15,1,0.933333
eegbci,real_fists_feet,riemann_ts_lr,within_subject,20260916,within_s62_h2,30,15,1,0.466667
eegbci,real_fists_feet,csp_lda,within_subject,20260916,within_s63_h0,30,15,1,0.466667
eegbci,real_fists_feet,riemann_ts_lr,within_subject,20260916,within_s63_h0,30,15,1,0.533333
eegbci,real_fists_feet,csp_lda,within_subject,20260916,within_s63_h1,30,15,0.766667,0.533333
eegbci,real_fists_feet,riemann_ts_lr,within_subject,20260916,within_s63_h1,30,15,1,0.466667
eegbci,real_fists_feet,csp_lda,within_subject,20260916,within_s63_h2,30,15,0.733333,0.533333
eegbci,real_fists_feet,riemann_ts_lr,within_subject,20260916,within_s63_h2,30,15,1,0.466667
eegbci,real_fists_feet,csp_lda,within_subject,20260916,within_s64_h0,28,14,0.964286,0.642857
eegbci,real_fists_feet,riemann_ts_lr,within_subject,20260916,within_s64_h0,28,14,1,0.857143
eegbci,real_fists_feet,csp_lda,within_subject,20260916,within_s64_h1,28,14,1,0.714286
eegbci,real_fists_feet,riemann_ts_lr,within_subject,20260916,within_s64_h1,28,14,1,0.714286
eegbci,real_fists_feet,csp_lda,within_subject,20260916,within_s64_h2,28,14,0.928571,0.785714
eegbci,real_fists_feet,riemann_ts_lr,within_subject,20260916,within_s64_h2,28,14,1,0.571429
eegbci,real_fists_feet,csp_lda,within_subject,20260916,within_s65_h0,30,15,0.966667,0.733333
eegbci,real_fists_feet,riemann_ts_lr,within_subject,20260916,within_s65_h0,30,15,1,1
eegbci,real_fists_feet,csp_lda,within_subject,20260916,within_s65_h1,30,15,0.966667,1
eegbci,real_fists_feet,riemann_ts_lr,within_subject,20260916,within_s65_h1,30,15,1,1
eegbci,real_fists_feet,csp_lda,within_subject,20260916,within_s65_h2,30,15,1,0.8
eegbci,real_fists_feet,riemann_ts_lr,within_subject,20260916,within_s65_h2,30,15,1,0.8
eegbci,real_fists_feet,csp_lda,within_subject,20260916,within_s66_h0,30,15,1,0.733333
eegbci,real_fists_feet,riemann_ts_lr,within_subject,20260916,within_s66_h0,30,15,1,0.733333
eegbci,real_fists_feet,csp_lda,within_subject,20260916,within_s66_h1,30,15,1,0.866667
eegbci,real_fists_feet,riemann_ts_lr,within_subject,20260916,within_s66_h1,30,15,1,1
eegbci,real_fists_feet,csp_lda,within_subject,20260916,within_s66_h2,30,15,1,0.733333
eegbci,real_fists_feet,riemann_ts_lr,within_subject,20260916,within_s66_h2,30,15,1,0.8
eegbci,real_fists_feet,csp_lda,within_subject,20260916,within_s67_h0,30,15,0.866667,0.866667
eegbci,real_fists_feet,riemann_ts_lr,within_subject,20260916,within_s67_h0,30,15,1,1
eegbci,real_fists_feet,csp_lda,within_subject,20260916,within_s67_h1,30,15,0.766667,0.533333
eegbci,real_fists_feet,riemann_ts_lr,within_subject,20260916,within_s67_h1,30,15,1,0.8
eegbci,real_fists_feet,csp_lda,within_subject,20260916,within_s67_h2,30,15,0.9,0.6
eegbci,real_fists_feet,riemann_ts_lr,within_subject,20260916,within_s67_h2,30,15,1,0.6
eegbci,real_fists_feet,csp_lda,within_subject,20260916,within_s68_h0,30,15,0.966667,0.6
eegbci,real_fists_feet,riemann_ts_lr,within_subject,20260916,within_s68_h0,30,15,1,0.6
eegbci,real_fists_feet,csp_lda,within_subject,20260916,within_s68_h1,30,15,0.866667,1
eegbci,real_fists_feet,riemann_ts_lr,within_subject,20260916,within_s68_h1,30,15,1,1
eegbci,real_fists_feet,csp_lda,within_subject,20260916,within_s68_h2,30,15,0.9,0.8
eegbci,real_fists_feet,riemann_ts_lr,within_subject,20260916,within_s68_h2,30,15,1,0.933333
eegbci,real_fists_feet,csp_lda,within_subject,20260916,within_s69_h0,30,15,1,0.666667
eegbci,real_fists_feet,riemann_ts_lr,within_subject,20260916,within_s69_h0,30,15,1,0.8
eegbci,real_fists_feet,csp_lda,within_subject,20260916,within_s69_h1,30,15,1,0.6
eegbci,real_fists_feet,riemann_ts_lr,within_subject,20260916,within_s69_h1,30,15,1,0.8
eegbci,real_fists_feet,csp_lda,within_subject,20260916,within_s69_h2,30,15,1,0.733333
eegbci,real_fists_feet,riemann_ts_lr,within_subject,20260916,within_s69_h2,30,15,1,0.666667
eegbci,real_fists_feet,csp_lda,within_subject,20260916,within_s70_h0,30,15,1,0.8
eegbci,real_fists_feet,riemann_ts_lr,within_subject,20260916,within_s70_h0,30,15,1,0.866667
eegbci,real_fists_feet,csp_lda,within_subject,20260916,within_s70_h1,30,15,1,0.8
eegbci,real_fists_feet,riemann_ts_lr,within_subject,20260916,within_s70_h1,30,15,1,0.866667
eegbci,real_fists_feet,csp_lda,within_subject,20260916,within_s70_h2,30,15,1,0.666667
eegbci,real_fists_feet,riemann_ts_lr,within_subject,20260916,within_s70_h2,30,15,1,0.666667
eegbci,real_fists_feet,csp_lda,within_subject,20260916,within_s71_h0,30,15,0.966667,0.866667
eegbci,real_fists_feet,riemann_ts_lr,within_subject,20260916,within_s71_h0,30,15,1,1
eegbci,real_fists_feet,csp_lda,within_subject,20260916,within_s71_h1,30,15,0.933333,1
eegbci,real_fists_feet,riemann_ts_lr,within_subject,20260916,within_s71_h1,30,15,1,1
eegbci,real_fists_feet,csp_lda,within_subject,20260916,within_s71_h2,30,15,1,0.933333
eegbci,real_fists_feet,riemann_ts_lr,within_subject,20260916,within_s71_h2,30,15,1,0.866667
eegbci,real_fists_feet,csp_lda,within_subject,20260916,within_s72_h0,28,14,1,0.928571
eegbci,real_fists_feet,riemann_ts_lr,within_subject,20260916,within_s72_h0,28,14,1,1
eegbci,real_fists_feet,csp_lda,within_subject,20260916,within_s72_h1,28,14,1,1
eegbci,real_fists_feet,riemann_ts_lr,within_subject,20260916,within_s72_h1,28,14,1,1
eegbci,real_fists_feet,csp_lda,within_subject,20260916,within_s72_h2,28,14,1,1
eegbci,real_fists_feet,riemann_ts_lr,within_subject,20260916,within_s72_h2,28,14,1,1
eegbci,real_fists_feet,csp_lda,within_subject,20260916,within_s73_h0,28,14,0.964286,0.5
eegbci,real_fists_feet,riemann_ts_lr,within_subject,20260916,within_s73_h0,28,14,1,0.785714
eegbci,real_fists_feet,csp_lda,within_subject,20260916,within_s73_h1,28,14,1,0.785714
eegbci,real_fists_feet,riemann_ts_lr,within_subject,20260916,within_s73_h1,28,14,1,0.571429
eegbci,real_fists_feet,csp_lda,within_subject,20260916,within_s73_h2,28,14,0.928571,0.714286
eegbci,real_fists_feet,riemann_ts_lr,within_subject,20260916,within_s73_h2,28,14,1,0.642857
eegbci,real_fists_feet,csp_lda,within_subject,20260916,within_s74_h0,28,14,0.678571,0.428571
eegbci,real_fists_feet,riemann_ts_lr,within_subject,20260916,within_s74_h0,28,14,1,0.714286
eegbci,real_fists_feet,csp_lda,within_subject,20260916,within_s74_h1,28,14,1,0.714286
eegbci,real_fists_feet,riemann_ts_lr,within_subject,20260916,within_s74_h1,28,14,1,0.642857
eegbci,real_fists_feet,csp_lda,within_subject,20260916,within_s74_h2,28,14,0.714286,0.571429
eegbci,real_fists_feet,riemann_ts_lr,within_subject,20260916,within_s74_h2,28,14,1,0.571429
eegbci,real_fists_feet,csp_lda,within_subject,20260916,within_s75_h0,30,15,0.9,0.733333
eegbci,real_fists_feet,riemann_ts_lr,within_subject,20260916,within_s75_h0,30,15,1,0.866667
eegbci,real_fists_feet,csp_lda,within_subject,20260916,within_s75_h1,30,15,0.933333,0.8
eegbci,real_fists_feet,riemann_ts_lr,within_subject,20260916,within_s75_h1,30,15,1,0.8
eegbci,real_fists_feet,csp_lda,within_subject,20260916,within_s75_h2,30,15,0.966667,0.533333
eegbci,real_fists_feet,riemann_ts_lr,within_subject,20260916,within_s75_h2,30,15,1,0.666667
eegbci,real_fists_feet,csp_lda,within_subject,20260916,within_s76_h0,28,14,1,0.714286
eegbci,real_fists_feet,riemann_ts_lr,within_subject,20260916,within_s76_h0,28,14,1,0.5
eegbci,real_fists_feet,csp_lda,within_subject,20260916,within_s76_h1,28,14,0.964286,0.642857
eegbci,real_fists_feet,riemann_ts_lr,within_subject,20260916,within_s76_h1,28,14,1,0.5
eegbci,real_fists_feet,csp_lda,within_subject,20260916,within_s76_h2,28,14,1,0.642857
eegbci,real_fists_feet,riemann_ts_lr,within_subject,20260916,within_s76_h2,28,14,1,0.785714
eegbci,real_fists_feet,csp_lda,within_subject,20260916,within_s77_h0,30,15,1,0.533333
eegbci,real_fists_feet,riemann_ts_lr,within_subject,20260916,within_s77_h0,30,15,1,1
eegbci,real_fists_feet,csp_lda,within_subject,20260916,within_s77_h1,30,15,1,1
eegbci,real_fists_feet,riemann_ts_lr,within_subject,20260916,within_s77_h1,30,15,1,1
eegbci,real_fists_feet,csp_lda,within_subject,20260916,within_s77_h2,30,15,1,1
eegbci,real_fists_feet,riemann_ts_lr,within_subject,20260916,within_s77_h2,30,15,1,1
eegbci,real_fists_feet,csp_lda,within_subject,20260916,within_s78_h0,30,15,0.933333,0.533333
eegbci,real_fists_feet,riemann_ts_lr,within_subject,20260916,within_s78_h0,30,15,1,0.533333
eegbci,real_fists_feet,csp_lda,within_subject,20260916,within_s78_h1,30,15,0.866667,0.733333
eegbci,real_fists_feet,riemann_ts_lr,within_subject,20260916,within_s78_h1,30,15,1,0.8
eegbci,real_fists_feet,csp_lda,within_subject,20260916,within_s78_h2,30,15,0.933333,0.666667
eegbci,real_fists_feet,riemann_ts_lr,within_subject,20260916,within_s78_h2,30,15,1,0.666667
eegbci,real_fists_feet,csp_lda,within_subject,20260916,within_s79_h0,30,15,0.966667,0.666667
eegbci,real_fists_feet,riemann_ts_lr,within_subject,20260916,within_s79_h0,30,15,1,0.6
eegbci,real_fists_feet,csp_lda,within_subject,20260916,within_s79_h1,30,15,0.966667,0.733333
eegbci,real_fists_feet,riemann_ts_lr,within_subject,20260916,within_s79_h1,30,15,1,0.733333
eegbci,real_fists_feet,csp_lda,within_subject,20260916,within_s79_h2,30,15,0.9,0.866667
eegbci,real_fists_feet,riemann_ts_lr,within_subject,20260916,within_s79_h2,30,15,1,0.933333
eegbci,real_fists_feet,csp_lda,within_subject,20260916,within_s80_h0,30,15,0.933333,0.4
eegbci,real_fists_feet,riemann_ts_lr,within_subject,20260916,within_s80_h0,30,15,1,0.733333
eegbci,real_fists_feet,csp_lda,within_subject,20260916,within_s80_h1,30,15,1,0.666667
eegbci,real_fists_feet,riemann_ts_lr,within_subject,20260916,within_s80_h1,30,15,1,0.733333
eegbci,real_fists_feet,csp_lda,within_subject,20260916,within_s80_h2,30,15,0.9,0.733333
eegbci,real_fists_feet,riemann_ts_lr,within_subject,20260916,within_s80_h2,30,15,1,0.533333
eegbci,real_fists_feet,csp_lda,within_subject,20260916,within_s81_h0,30,15,1,0.866667
eegbci,real_fists_feet,riemann_ts_lr,within_subject,20260916,within_s81_h0,30,15,1,0.866667
eegbci,real_fists_feet,csp_lda,within_subject,20260916,within_s81_h1,30,15,0.966667,0.866667
eegbci,real_fists_feet,riemann_ts_lr,within_subject,20260916,within_s81_h1,30,15,1,1
eegbci,real_fists_feet,csp_lda,within_subject,20260916,within_s81_h2,30,15,0.966667,1
eegbci,real_fists_feet,riemann_ts_lr,within_subject,20260916,within_s81_h2,30,15,1,0.933333
eegbci,real_fists_feet,csp_lda,within_subject,20260916,within_s82_h0,30,15,1,0.466667
eegbci,real_fists_feet,riemann_ts_lr,within_subject,20260916,within_s82_h0,30,15,1,0.466667
eegbci,real_fists_feet,csp_lda,within_subject,20260916,within_s82_h1,30,15,1,0.466667
eegbci,real_fists_feet,riemann_ts_lr,within_subject,20260916,within_s82_h1,30,15,1,0.6
eegbci,real_fists_feet,csp_lda,within_subject,20260916,within_s82_h2,30,15,0.966667,0.866667
eegbci,real_fists_feet,riemann_ts_lr,within_subject,20260916,within_s82_h2,30,15,1,0.666667
eegbci,real_fists_feet,csp_lda,within_subject,20260916,within_s83_h0,30,15,1,0.933333
eegbci,real_fists_feet,riemann_ts_lr,within_subject,20260916,within_s83_h0,30,15,1,0.466667
eegbci,real_fists_feet,csp_lda,within_subject,20260916,within_s83_h1,30,15,0.966667,0.933333
eegbci,real_fists_feet,riemann_ts_lr,within_subject,20260916,within_s83_h1,30,15,1,0.933333
eegbci,real_fists_feet,csp_lda,within_subject,20260916,within_s83_h2,30,15,1,1
eegbci,real_fists_feet,riemann_ts_lr,within_subject,20260916,within_s83_h2,30,15,1,1
eegbci,real_fists_feet,csp_lda,within_subject,20260916,within_s84_h0,30,15,1,0.666667
eegbci,real_fists_feet,riemann_ts_lr,within_subject,20260916,within_s84_h0,30,15,1,0.6
eegbci,real_fists_feet,csp_lda,within_subject,20260916,within_s84_h1,30,15,1,0.533333
eegbci,real_fists_feet,riemann_ts_lr,within_subject,20260916,within_s84_h1,30,15,1,0.6
eegbci,real_fists_feet,csp_lda,within_subject,20260916,within_s84_h2,30,15,1,0.6
eegbci,real_fists_feet,riemann_ts_lr,within_subject,20260916,within_s84_h2,30,15,1,0.466667
eegbci,real_fists_feet,csp_lda,within_subject,20260916,within_s85_h0,30,15,1,1
eegbci,real_fists_feet,riemann_ts_lr,within_subject,20260916,within_s85_h0,30,15,1,0.866667
eegbci,real_fists_feet,csp_lda,within_subject,20260916,within_s85_h1,30,15,1,1
eegbci,real_fists_feet,riemann_ts_lr,within_subject,20260916,within_s85_h1,30,15,1,1
eegbci,real_fists_feet,csp_lda,within_subject,20260916,within_s85_h2,30,15,1,1
eegbci,real_fists_feet,riemann_ts_lr,within_subject,20260916,within_s85_h2,30,15,1,1
eegbci,real_fists_feet,csp_lda,within_subject,20260916,within_s86_h0,30,15,1,0.866667
eegbci,real_fists_feet,riemann_ts_lr,within_subject,20260916,within_s86_h0,30,15,1,0.933333
eegbci,real_fists_feet,csp_lda,within_subject,20260916,within_s86_h1,30,15,0.9,0.666667
eegbci,real_fists_feet,riemann_ts_lr,within_subject,20260916,within_s86_h1,30,15,1,0.466667
eegbci,real_fists_feet,csp_lda,within_subject,20260916,within_s86_h2,30,15,0.866667,0.666667
eegbci,real_fists_feet,riemann_ts_lr,within_subject,20260916,within_s86_h2,30,15,1,0.866667
eegbci,real_fists_feet,csp_lda,within_subject,20260916,within_s87_h0,30,15,1,0.8
eegbci,real_fists_feet,riemann_ts_lr,within_subject,20260916,within_s87_h0,30,15,1,0.733333
eegbci,real_fists_feet,csp_lda,within_subject,20260916,within_s87_h1,30,15,0.966667,0.733333
eegbci,real_fists_feet,riemann_ts_lr,within_subject,20260916,within_s87_h1,30,15,1,0.666667
eegbci,real_fists_feet,csp_lda,within_subject,20260916,within_s87_h2,30,15,1,0.666667
eegbci,real_fists_feet,riemann_ts_lr,within_subject,20260916,within_s87_h2,30,15,1,0.8
eegbci,real_fists_feet,csp_lda,within_subject,20260916,within_s88_h0,38,19,0.921053,0.736842
eegbci,real_fists_feet,riemann_ts_lr,within_subject,20260916,within_s88_h0,38,19,1,0.789474
eegbci,real_fists_feet,csp_lda,within_subject,20260916,within_s88_h1,38,19,0.947368,0.473684
eegbci,real_fists_feet,riemann_ts_lr,within_subject,20260916,within_s88_h1,38,19,1,0.684211
eegbci,real_fists_feet,csp_lda,within_subject,20260916,within_s88_h2,38,19,0.973684,0.631579
eegbci,real_fists_feet,riemann_ts_lr,within_subject,20260916,within_s88_h2,38,19,1,0.526316
eegbci,real_fists_feet,csp_lda,within_subject,20260916,within_s89_h0,30,15,1,0.466667
eegbci,real_fists_feet,riemann_ts_lr,within_subject,20260916,within_s89_h0,30,15,1,0.466667
eegbci,real_fists_feet,csp_lda,within_subject,20260916,within_s89_h1,30,15,1,0.866667
eegbci,real_fists_feet,riemann_ts_lr,within_subject,20260916,within_s89_h1,30,15,1,0.8
eegbci,real_fists_feet,csp_lda,within_subject,20260916,within_s89_h2,30,15,1,0.733333
eegbci,real_fists_feet,riemann_ts_lr,within_subject,20260916,within_s89_h2,30,15,1,0.8
eegbci,real_fists_feet,csp_lda,within_subject,20260916,within_s90_h0,30,15,1,0.466667
eegbci,real_fists_feet,riemann_ts_lr,within_subject,20260916,within_s90_h0,30,15,1,0.6
eegbci,real_fists_feet,csp_lda,within_subject,20260916,within_s90_h1,30,15,1,0.466667
eegbci,real_fists_feet,riemann_ts_lr,within_subject,20260916,within_s90_h1,30,15,1,0.466667
eegbci,real_fists_feet,csp_lda,within_subject,20260916,within_s90_h2,30,15,1,0.6
eegbci,real_fists_feet,riemann_ts_lr,within_subject,20260916,within_s90_h2,30,15,1,0.466667
eegbci,real_fists_feet,csp_lda,within_subject,20260916,within_s91_h0,30,15,0.966667,0.8
eegbci,real_fists_feet,riemann_ts_lr,within_subject,20260916,within_s91_h0,30,15,1,1
eegbci,real_fists_feet,csp_lda,within_subject,20260916,within_s91_h1,30,15,1,1
eegbci,real_fists_feet,riemann_ts_lr,within_subject,20260916,within_s91_h1,30,15,1,0.933333
eegbci,real_fists_feet,csp_lda,within_subject,20260916,within_s91_h2,30,15,1,0.933333
eegbci,real_fists_feet,riemann_ts_lr,within_subject,20260916,within_s91_h2,30,15,1,1
eegbci,real_fists_feet,csp_lda,within_subject,20260916,within_s92_h0,38,19,1,1
eegbci,real_fists_feet,riemann_ts_lr,within_subject,20260916,within_s92_h0,38,19,1,0.842105
eegbci,real_fists_feet,csp_lda,within_subject,20260916,within_s92_h1,38,19,1,0.894737
eegbci,real_fists_feet,riemann_ts_lr,within_subject,20260916,within_s92_h1,38,19,1,0.736842
eegbci,real_fists_feet,csp_lda,within_subject,20260916,within_s92_h2,38,19,1,0.578947
eegbci,real_fists_feet,riemann_ts_lr,within_subject,20260916,within_s92_h2,38,19,1,0.631579
eegbci,real_fists_feet,csp_lda,within_subject,20260916,within_s93_h0,30,15,1,0.866667
eegbci,real_fists_feet,riemann_ts_lr,within_subject,20260916,within_s93_h0,30,15,1,0.8
eegbci,real_fists_feet,csp_lda,within_subject,20260916,within_s93_h1,30,15,1,0.933333
eegbci,real_fists_feet,riemann_ts_lr,within_subject,20260916,within_s93_h1,30,15,1,0.866667
eegbci,real_fists_feet,csp_lda,within_subject,20260916,within_s93_h2,30,15,1,0.666667
eegbci,real_fists_feet,riemann_ts_lr,within_subject,20260916,within_s93_h2,30,15,1,0.933333
eegbci,real_fists_feet,csp_lda,within_subject,20260916,within_s94_h0,30,15,1,1
eegbci,real_fists_feet,riemann_ts_lr,within_subject,20260916,within_s94_h0,30,15,1,1
eegbci,real_fists_feet,csp_lda,within_subject,20260916,within_s94_h1,30,15,1,1
eegbci,real_fists_feet,riemann_ts_lr,within_subject,20260916,within_s94_h1,30,15,1,0.733333
eegbci,real_fists_feet,csp_lda,within_subject,20260916,within_s94_h2,30,15,1,1
eegbci,real_fists_feet,riemann_ts_lr,within_subject,20260916,within_s94_h2,30,15,1,1
eegbci,real_fists_feet,csp_lda,within_subject,20260916,within_s95_h0,30,15,1,0.666667
eegbci,real_fists_feet,riemann_ts_lr,within_subject,20260916,within_s95_h0,30,15,1,0.6
eegbci,real_fists_feet,csp_lda,within_subject,20260916,within_s95_h1,30,15,0.966667,0.6
eegbci,real_fists_feet,riemann_ts_lr,within_subject,20260916,within_s95_h1,30,15,1,0.533333
eegbci,real_fists_feet,csp_lda,within_subject,20260916,within_s95_h2,30,15,1,0.533333
eegbci,real_fists_feet,riemann_ts_lr,within_subject,20260916,within_s95_h2,30,15,1,0.6
eegbci,real_fists_feet,csp_lda,within_subject,20260916,within_s96_h0,30,15,0.733333,0.466667
eegbci,real_fists_feet,riemann_ts_lr,within_subject,20260916,within_s96_h0,30,15,1,0.933333
eegbci,real_fists_feet,csp_lda,within_subject,20260916,within_s96_h1,30,15,0.7,0.4
eegbci,real_fists_feet,riemann_ts_lr,within_subject,20260916,within_s96_h1,30,15,1,0.8
eegbci,real_fists_feet,csp_lda,within_subject,20260916,within_s96_h2,30,15,1,0.666667
eegbci,real_fists_feet,riemann_ts_lr,within_subject,20260916,within_s96_h2,30,15,1,0.6
eegbci,real_fists_feet,csp_lda,within_subject,20260916,within_s97_h0,30,15,0.666667,0.333333
eegbci,real_fists_feet,riemann_ts_lr,within_subject,20260916,within_s97_h0,30,15,1,0.866667
eegbci,real_fists_feet,csp_lda,within_subject,20260916,within_s97_h1,30,15,1,0.533333
eegbci,real_fists_feet,riemann_ts_lr,within_subject,20260916,within_s97_h1,30,15,1,0.666667
eegbci,real_fists_feet,csp_lda,within_subject,20260916,within_s97_h2,30,15,0.6,0.666667
eegbci,real_fists_feet,riemann_ts_lr,within_subject,20260916,within_s97_h2,30,15,1,0.533333
eegbci,real_fists_feet,csp_lda,within_subject,20260916,within_s98_h0,30,15,0.9,0.666667
eegbci,real_fists_feet,riemann_ts_lr,within_subject,20260916,within_s98_h0,30,15,1,0.533333
eegbci,real_fists_feet,csp_lda,within_subject,20260916,within_s98_h1,30,15,1,0.466667
eegbci,real_fists_feet,riemann_ts_lr,within_subject,20260916,within_s98_h1,30,15,1,0.533333
eegbci,real_fists_feet,csp_lda,within_subject,20260916,within_s98_h2,30,15,1,0.4
eegbci,real_fists_feet,riemann_ts_lr,within_subject,20260916,within_s98_h2,30,15,1,0.466667
eegbci,real_fists_feet,csp_lda,within_subject,20260916,within_s99_h0,30,15,0.933333,0.666667
eegbci,real_fists_feet,riemann_ts_lr,within_subject,20260916,within_s99_h0,30,15,1,0.466667
eegbci,real_fists_feet,csp_lda,within_subject,20260916,within_s99_h1,30,15,1,0.866667
eegbci,real_fists_feet,riemann_ts_lr,within_subject,20260916,within_s99_h1,30,15,1,0.466667
eegbci,real_fists_feet,csp_lda,within_subject,20260916,within_s99_h2,30,15,1,0.8
eegbci,real_fists_feet,riemann_ts_lr,within_subject,20260916,within_s99_h2,30,15,1,0.8
eegbci,real_fists_feet,csp_lda,within_subject,20260916,within_s100_h0,24,12,1,0.916667
eegbci,real_fists_feet,riemann_ts_lr,within_subject,20260916,within_s100_h0,24,12,1,0.833333
eegbci,real_fists_feet,csp_lda,within_subject,20260916,within_s100_h1,24,12,0.916667,0.916667
eegbci,real_fists_feet,riemann_ts_lr,within_subject,20260916,within_s100_h1,24,12,1,1
eegbci,real_fists_feet,csp_lda,within_subject,20260916,within_s100_h2,24,12,0.916667,0.75
eegbci,real_fists_feet,riemann_ts_lr,within_subject,20260916,within_s100_h2,24,12,1,0.833333
eegbci,real_fists_feet,csp_lda,within_subject,20260916,within_s101_h0,30,15,1,0.533333
eegbci,real_fists_feet,riemann_ts_lr,within_subject,20260916,within_s101_h0,30,15,1,0.6
eegbci,real_fists_feet,csp_lda,within_subject,20260916,within_s101_h1,30,15,1,0.666667
eegbci,real_fists_feet,riemann_ts_lr,within_subject,20260916,within_s101_h1,30,15,1,0.533333
eegbci,real_fists_feet,csp_lda,within_subject,20260916,within_s101_h2,30,15,1,0.4
eegbci,real_fists_feet,riemann_ts_lr,within_subject,20260916,within_s101_h2,30,15,1,0.533333
eegbci,real_fists_feet,csp_lda,within_subject,20260916,within_s102_h0,28,14,1,0.714286
eegbci,real_fists_feet,riemann_ts_lr,within_subject,20260916,within_s102_h0,28,14,1,0.785714
eegbci,real_fists_feet,csp_lda,within_subject,20260916,within_s102_h1,28,14,0.964286,0.928571
eegbci,real_fists_feet,riemann_ts_lr,within_subject,20260916,within_s102_h1,28,14,1,0.928571
eegbci,real_fists_feet,csp_lda,within_subject,20260916,within_s102_h2,28,14,1,0.785714
eegbci,real_fists_feet,riemann_ts_lr,within_subject,20260916,within_s102_h2,28,14,1,0.857143
eegbci,real_fists_feet,csp_lda,within_subject,20260916,within_s103_h0,30,15,1,0.933333
eegbci,real_fists_feet,riemann_ts_lr,within_subject,20260916,within_s103_h0,30,15,1,0.866667
eegbci,real_fists_feet,csp_lda,within_subject,20260916,within_s103_h1,30,15,1,0.8
eegbci,real_fists_feet,riemann_ts_lr,within_subject,20260916,within_s103_h1,30,15,1,0.933333
eegbci,real_fists_feet,csp_lda,within_subject,20260916,within_s103_h2,30,15,1,0.866667
eegbci,real_fists_feet,riemann_ts_lr,within_subject,20260916,within_s103_h2,30,15,1,0.6
eegbci,real_fists_feet,csp_lda,within_subject,20260916,within_s104_h0,30,15,0.933333,1
eegbci,real_fists_feet,riemann_ts_lr,within_subject,20260916,within_s104_h0,30,15,1,1
eegbci,real_fists_feet,csp_lda,within_subject,20260916,within_s104_h1,30,15,0.966667,0.866667
eegbci,real_fists_feet,riemann_ts_lr,within_subject,20260916,within_s104_h1,30,15,1,0.933333
eegbci,real_fists_feet,csp_lda,within_subject,20260916,within_s104_h2,30,15,0.966667,0.933333
eegbci,real_fists_feet,riemann_ts_lr,within_subject,20260916,within_s104_h2,30,15,1,0.933333
eegbci,real_fists_feet,csp_lda,within_subject,20260916,within_s105_h0,30,15,1,0.8
eegbci,real_fists_feet,riemann_ts_lr,within_subject,20260916,within_s105_h0,30,15,1,0.8
eegbci,real_fists_feet,csp_lda,within_subject,20260916,within_s105_h1,30,15,1,0.933333
eegbci,real_fists_feet,riemann_ts_lr,within_subject,20260916,within_s105_h1,30,15,1,1
eegbci,real_fists_feet,csp_lda,within_subject,20260916,within_s105_h2,30,15,1,1
eegbci,real_fists_feet,riemann_ts_lr,within_subject,20260916,within_s105_h2,30,15,1,1
eegbci,real_fists_feet,csp_lda,within_subject,20260916,within_s106_h0,30,4,0.933333,0.5
eegbci,real_fists_feet,riemann_ts_lr,within_subject,20260916,within_s106_h0,30,4,1,0.5
eegbci,real_fists_feet,csp_lda,within_subject,20260916,within_s106_h1,19,15,1,0.4
eegbci,real_fists_feet,riemann_ts_lr,within_subject,20260916,within_s106_h1,19,15,1,0.4
eegbci,real_fists_feet,csp_lda,within_subject,20260916,within_s106_h2,19,15,1,0.4
eegbci,real_fists_feet,riemann_ts_lr,within_subject,20260916,within_s106_h2,19,15,1,0.466667
eegbci,real_fists_feet,csp_lda,within_subject,20260916,within_s107_h0,30,15,0.833333,0.6
eegbci,real_fists_feet,riemann_ts_lr,within_subject,20260916,within_s107_h0,30,15,1,0.666667
eegbci,real_fists_feet,csp_lda,within_subject,20260916,within_s107_h1,30,15,0.966667,0.533333
eegbci,real_fists_feet,riemann_ts_lr,within_subject,20260916,within_s107_h1,30,15,1,0.6
eegbci,real_fists_feet,csp_lda,within_subject,20260916,within_s107_h2,30,15,0.9,0.6
eegbci,real_fists_feet,riemann_ts_lr,within_subject,20260916,within_s107_h2,30,15,1,0.6
eegbci,real_fists_feet,csp_lda,within_subject,20260916,within_s108_h0,30,15,0.966667,0.533333
eegbci,real_fists_feet,riemann_ts_lr,within_subject,20260916,within_s108_h0,30,15,1,0.666667
eegbci,real_fists_feet,csp_lda,within_subject,20260916,within_s108_h1,30,15,0.966667,0.866667
eegbci,real_fists_feet,riemann_ts_lr,within_subject,20260916,within_s108_h1,30,15,1,0.933333
eegbci,real_fists_feet,csp_lda,within_subject,20260916,within_s108_h2,30,15,1,0.933333
eegbci,real_fists_feet,riemann_ts_lr,within_subject,20260916,within_s108_h2,30,15,1,0.8
eegbci,real_fists_feet,csp_lda,within_subject,20260916,within_s109_h0,30,15,1,1
eegbci,real_fists_feet,riemann_ts_lr,within_subject,20260916,within_s109_h0,30,15,1,1
eegbci,real_fists_feet,csp_lda,within_subject,20260916,within_s109_h1,30,15,1,1
eegbci,real_fists_feet,riemann_ts_lr,within_subject,20260916,within_s109_h1,30,15,1,1
eegbci,real_fists_feet,csp_lda,within_subject,20260916,within_s109_h2,30,15,1,1
eegbci,real_fists_feet,riemann_ts_lr,within_subject,20260916,within_s109_h2,30,15,1,1
