task,protocol,seed,fold,d,n_train,n_test,train_acc,test_acc,w_norm,explained_var
imagery_left_right_fist,trial_random,20260916,trial0,2,3265,1633,0.511792,0.49602,0.00799523,0.636246
imagery_left_right_fist,trial_random,20260916,trial0,4,3265,1633,0.512098,0.502756,0.0238338,0.668414
imagery_left_right_fist,trial_random,20260916,trial0,8,3265,1633,0.524349,0.500306,0.0627517,0.712008
imagery_left_right_fist,trial_random,20260916,trial0,16,3265,1633,0.541194,0.492958,0.132014,0.767912
imagery_left_right_fist,trial_random,20260916,trial0,32,3265,1633,0.543951,0.499694,0.20898,0.830521
imagery_left_right_fist,trial_random,20260916,trial0,64,3265,1633,0.571516,0.500306,0.499764,0.89015
imagery_left_right_fist,trial_random,20260916,trial0,128,3265,1633,0.662787,0.638089,3.5582,0.925678
imagery_left_right_fist,trial_random,20260916,trial0,256,3265,1633,0.741194,0.682792,6.91655,0.943444
imagery_left_right_fist,trial_random,20260916,trial0,512,3265,1633,0.785299,0.665034,9.36582,0.964124
imagery_left_right_fist,trial_random,20260916,trial0,1024,3265,1633,0.85758,0.661359,16.1166,0.986553
imagery_left_right_fist,trial_random,20260916,trial0,2080,3265,1633,0.945789,0.633803,22.8338,1
imagery_left_right_fist,trial_random,20260916,trial1,2,3265,1633,0.504441,0.50398,0.000429435,0.630157
imagery_left_right_fist,trial_random,20260916,trial1,4,3265,1633,0.504135,0.504593,0.0158262,0.662759
imagery_left_right_fist,trial_random,20260916,trial1,8,3265,1633,0.514242,0.499081,0.0526854,0.707217
imagery_left_right_fist,trial_random,20260916,trial1,16,3265,1633,0.528637,0.518065,0.105621,0.764947
imagery_left_right_fist,trial_random,20260916,trial1,32,3265,1633,0.539357,0.515615,0.21068,0.828538
imagery_left_right_fist,trial_random,20260916,trial1,64,3265,1633,0.565391,0.518677,0.516441,0.888489
imagery_left_right_fist,trial_random,20260916,trial1,128,3265,1633,0.676876,0.652786,3.69333,0.924396
imagery_left_right_fist,trial_random,20260916,trial1,256,3265,1633,0.735681,0.698102,6.93051,0.942539
imagery_left_right_fist,trial_random,20260916,trial1,512,3265,1633,0.775191,0.694427,9.36755,0.96353
imagery_left_right_fist,trial_random,20260916,trial1,1024,3265,1633,0.843492,0.684017,15.2357,0.98636
imagery_left_right_fist,trial_random,20260916,trial1,2080,3265,1633,0.940276,0.666871,22.7403,1
imagery_left_right_fist,trial_random,20260916,trial2,2,3266,1632,0.505205,0.495098,0.00306445,0.629347
imagery_left_right_fist,trial_random,20260916,trial2,4,3266,1632,0.507042,0.504902,0.0158195,0.662001
imagery_left_right_fist,trial_random,20260916,trial2,8,3266,1632,0.52572,0.501225,0.0687083,0.7075
imagery_left_right_fist,trial_random,20260916,trial2,16,3266,1632,0.525413,0.514706,0.12519,0.76467
imagery_left_right_fist,trial_random,20260916,trial2,32,3266,1632,0.543478,0.522059,0.223963,0.828759
imagery_left_right_fist,trial_random,20260916,trial2,64,3266,1632,0.56338,0.537377,0.476221,0.889117
imagery_left_right_fist,trial_random,20260916,trial2,128,3266,1632,0.683711,0.60723,4.01899,0.92472
imagery_left_right_fist,trial_random,20260916,trial2,256,3266,1632,0.749235,0.673407,7.2485,0.942785
imagery_left_right_fist,trial_random,20260916,trial2,512,3266,1632,0.780465,0.686275,10.0371,0.96372
imagery_left_right_fist,trial_random,20260916,trial2,1024,3266,1632,0.854256,0.656863,15.812,0.986437
imagery_left_right_fist,trial_random,20260916,trial2,2080,3266,1632,0.946724,0.645221,22.6723,1
imagery_left_right_fist,trial_random,20260917,trial0,2,3265,1633,0.501378,0.497244,0.00507231,0.636227
imagery_left_right_fist,trial_random,20260917,trial0,4,3265,1633,0.503216,0.489896,0.0188224,0.668281
imagery_left_right_fist,trial_random,20260917,trial0,8,3265,1633,0.51608,0.499081,0.0649068,0.712449
imagery_left_right_fist,trial_random,20260917,trial0,16,3265,1633,0.527718,0.497244,0.130947,0.768469
imagery_left_right_fist,trial_random,20260917,trial0,32,3265,1633,0.52925,0.485609,0.203012,0.830875
imagery_left_right_fist,trial_random,20260917,trial0,64,3265,1633,0.562634,0.505205,0.571941,0.890081
imagery_left_right_fist,trial_random,20260917,trial0,128,3265,1633,0.682389,0.631353,3.84919,0.925451
imagery_left_right_fist,trial_random,20260917,trial0,256,3265,1633,0.746708,0.680955,7.32595,0.943316
imagery_left_right_fist,trial_random,20260917,trial0,512,3265,1633,0.791118,0.677281,9.93963,0.964045
imagery_left_right_fist,trial_random,20260917,trial0,1024,3265,1633,0.847779,0.652174,15.7207,0.986553
imagery_left_right_fist,trial_random,20260917,trial0,2080,3265,1633,0.950383,0.649112,22.8991,1
imagery_left_right_fist,trial_random,20260917,trial1,2,3265,1633,0.508729,0.495407,0.0074906,0.629782
imagery_left_right_fist,trial_random,20260917,trial1,4,3265,1633,0.509342,0.50398,0.0235945,0.662357
imagery_left_right_fist,trial_random,20260917,trial1,8,3265,1633,0.515161,0.507655,0.0544443,0.706823
imagery_left_right_fist,trial_random,20260917,trial1,16,3265,1633,0.532312,0.488059,0.149117,0.764255
imagery_left_right_fist,trial_random,20260917,trial1,32,3265,1633,0.54242,0.502143,0.240441,0.827906
imagery_left_right_fist,trial_random,20260917,trial1,64,3265,1633,0.566003,0.50643,0.436224,0.88846
imagery_left_right_fist,trial_random,20260917,trial1,128,3265,1633,0.681164,0.624617,3.65728,0.92434
imagery_left_right_fist,trial_random,20260917,trial1,256,3265,1633,0.742113,0.68463,6.76887,0.942483
imagery_left_right_fist,trial_random,20260917,trial1,512,3265,1633,0.786524,0.675444,9.72076,0.963505
imagery_left_right_fist,trial_random,20260917,trial1,1024,3265,1633,0.854211,0.674219,15.6266,0.986332
imagery_left_right_fist,trial_random,20260917,trial1,2080,3265,1633,0.945176,0.658298,22.7887,1
imagery_left_right_fist,trial_random,20260917,trial2,2,3266,1632,0.507655,0.477328,0.00677588,0.629659
imagery_left_right_fist,trial_random,20260917,trial2,4,3266,1632,0.516534,0.491422,0.029088,0.662519
imagery_left_right_fist,trial_random,20260917,trial2,8,3266,1632,0.529394,0.504902,0.0653398,0.707401
imagery_left_right_fist,trial_random,20260917,trial2,16,3266,1632,0.52725,0.520833,0.101742,0.76471
imagery_left_right_fist,trial_random,20260917,trial2,32,3266,1632,0.552051,0.501838,0.230716,0.82878
imagery_left_right_fist,trial_random,20260917,trial2,64,3266,1632,0.570729,0.514093,0.466718,0.88924
imagery_left_right_fist,trial_random,20260917,trial2,128,3266,1632,0.670545,0.620098,3.83115,0.924952
imagery_left_right_fist,trial_random,20260917,trial2,256,3266,1632,0.751072,0.673407,6.95862,0.942931
imagery_left_right_fist,trial_random,20260917,trial2,512,3266,1632,0.780772,0.666667,9.66965,0.963792
imagery_left_right_fist,trial_random,20260917,trial2,1024,3266,1632,0.85395,0.64951,16.3915,0.986449
imagery_left_right_fist,trial_random,20260917,trial2,2080,3266,1632,0.951317,0.639706,22.7909,1
imagery_left_right_fist,trial_random,20260918,trial0,2,3265,1633,0.510567,0.487446,0.00674615,0.629403
imagery_left_right_fist,trial_random,20260918,trial0,4,3265,1633,0.517611,0.482547,0.0303927,0.661879
imagery_left_right_fist,trial_random,20260918,trial0,8,3265,1633,0.525268,0.50398,0.0656224,0.706775
imagery_left_right_fist,trial_random,20260918,trial0,16,3265,1633,0.535681,0.501531,0.114227,0.763823
imagery_left_right_fist,trial_random,20260918,trial0,32,3265,1633,0.546401,0.494182,0.249361,0.828084
imagery_left_right_fist,trial_random,20260918,trial0,64,3265,1633,0.567228,0.513166,0.573702,0.888219
imagery_left_right_fist,trial_random,20260918,trial0,128,3265,1633,0.670138,0.640539,3.64166,0.924225
imagery_left_right_fist,trial_random,20260918,trial0,256,3265,1633,0.747626,0.680343,6.94313,0.942355
imagery_left_right_fist,trial_random,20260918,trial0,512,3265,1633,0.79173,0.683405,9.94146,0.963424
imagery_left_right_fist,trial_random,20260918,trial0,1024,3265,1633,0.846861,0.662584,15.5704,0.986318
imagery_left_right_fist,trial_random,20260918,trial0,2080,3265,1633,0.947933,0.653399,22.6794,1
imagery_left_right_fist,trial_random,20260918,trial1,2,3265,1633,0.503522,0.501531,0.00589043,0.636323
imagery_left_right_fist,trial_random,20260918,trial1,4,3265,1633,0.509342,0.499694,0.0177963,0.668889
imagery_left_right_fist,trial_random,20260918,trial1,8,3265,1633,0.511485,0.477648,0.0725764,0.712775
imagery_left_right_fist,trial_random,20260918,trial1,16,3265,1633,0.537213,0.512554,0.130916,0.768986
imagery_left_right_fist,trial_random,20260918,trial1,32,3265,1633,0.546095,0.513166,0.192025,0.831307
imagery_left_right_fist,trial_random,20260918,trial1,64,3265,1633,0.57611,0.521739,0.485035,0.890652
imagery_left_right_fist,trial_random,20260918,trial1,128,3265,1633,0.686677,0.62523,3.83842,0.925886
imagery_left_right_fist,trial_random,20260918,trial1,256,3265,1633,0.745482,0.675444,7.05202,0.943689
imagery_left_right_fist,trial_random,20260918,trial1,512,3265,1633,0.779173,0.665034,9.8998,0.964308
imagery_left_right_fist,trial_random,20260918,trial1,1024,3265,1633,0.854211,0.653399,15.9024,0.986655
imagery_left_right_fist,trial_random,20260918,trial1,2080,3265,1633,0.954364,0.641764,22.8088,1
imagery_left_right_fist,trial_random,20260918,trial2,2,3266,1632,0.50398,0.488358,0.00686523,0.630019
imagery_left_right_fist,trial_random,20260918,trial2,4,3266,1632,0.511635,0.497549,0.0151903,0.662478
imagery_left_right_fist,trial_random,20260918,trial2,8,3266,1632,0.512554,0.508578,0.0550967,0.707324
imagery_left_right_fist,trial_random,20260918,trial2,16,3266,1632,0.533068,0.502451,0.124324,0.764749
imagery_left_right_fist,trial_random,20260918,trial2,32,3266,1632,0.545928,0.511029,0.223689,0.828328
imagery_left_right_fist,trial_random,20260918,trial2,64,3266,1632,0.558175,0.514706,0.414483,0.888924
imagery_left_right_fist,trial_random,20260918,trial2,128,3266,1632,0.664115,0.64277,3.72151,0.924666
imagery_left_right_fist,trial_random,20260918,trial2,256,3266,1632,0.738518,0.696078,7.046,0.942695
imagery_left_right_fist,trial_random,20260918,trial2,512,3266,1632,0.770361,0.693015,9.61037,0.96361
imagery_left_right_fist,trial_random,20260918,trial2,1024,3266,1632,0.848438,0.669118,15.7945,0.986369
imagery_left_right_fist,trial_random,20260918,trial2,2080,3266,1632,0.952235,0.656863,23.0674,1
imagery_left_right_fist,trial_random,20260919,trial0,2,3265,1633,0.504747,0.496632,0.0049237,0.633984
imagery_left_right_fist,trial_random,20260919,trial0,4,3265,1633,0.503522,0.510104,0.0188303,0.666459
imagery_left_right_fist,trial_random,20260919,trial0,8,3265,1633,0.517611,0.50398,0.0550183,0.710521
imagery_left_right_fist,trial_random,20260919,trial0,16,3265,1633,0.533538,0.502756,0.131677,0.767363
imagery_left_right_fist,trial_random,20260919,trial0,32,3265,1633,0.537213,0.505205,0.209906,0.830959
imagery_left_right_fist,trial_random,20260919,trial0,64,3265,1633,0.565084,0.515615,0.456686,0.890518
imagery_left_right_fist,trial_random,20260919,trial0,128,3265,1633,0.680245,0.637477,3.78451,0.925731
imagery_left_right_fist,trial_random,20260919,trial0,256,3265,1633,0.745176,0.676669,7.13019,0.943547
imagery_left_right_fist,trial_random,20260919,trial0,512,3265,1633,0.777642,0.679731,9.78986,0.964194
imagery_left_right_fist,trial_random,20260919,trial0,1024,3265,1633,0.856662,0.662584,15.8765,0.986602
imagery_left_right_fist,trial_random,20260919,trial0,2080,3265,1633,0.950077,0.639927,22.8475,1
imagery_left_right_fist,trial_random,20260919,trial1,2,3265,1633,0.509342,0.49357,0.0103881,0.632831
imagery_left_right_fist,trial_random,20260919,trial1,4,3265,1633,0.505666,0.502756,0.0193356,0.665592
imagery_left_right_fist,trial_random,20260919,trial1,8,3265,1633,0.519449,0.503368,0.077203,0.710309
imagery_left_right_fist,trial_random,20260919,trial1,16,3265,1633,0.530168,0.510104,0.113508,0.767492
imagery_left_right_fist,trial_random,20260919,trial1,32,3265,1633,0.542113,0.515615,0.192478,0.82982
imagery_left_right_fist,trial_random,20260919,trial1,64,3265,1633,0.566922,0.509492,0.517086,0.889369
imagery_left_right_fist,trial_random,20260919,trial1,128,3265,1633,0.685452,0.612982,4.03466,0.925054
imagery_left_right_fist,trial_random,20260919,trial1,256,3265,1633,0.751608,0.666258,6.97348,0.943015
imagery_left_right_fist,trial_random,20260919,trial1,512,3265,1633,0.787749,0.661972,9.65031,0.963836
imagery_left_right_fist,trial_random,20260919,trial1,1024,3265,1633,0.859418,0.657685,15.8611,0.986462
imagery_left_right_fist,trial_random,20260919,trial1,2080,3265,1633,0.94732,0.617881,22.7621,1
imagery_left_right_fist,trial_random,20260919,trial2,2,3266,1632,0.515309,0.496936,0.00346258,0.628904
imagery_left_right_fist,trial_random,20260919,trial2,4,3266,1632,0.513166,0.505515,0.0192379,0.661243
imagery_left_right_fist,trial_random,20260919,trial2,8,3266,1632,0.515309,0.507966,0.0321904,0.706064
imagery_left_right_fist,trial_random,20260919,trial2,16,3266,1632,0.53368,0.534926,0.108937,0.762889
imagery_left_right_fist,trial_random,20260919,trial2,32,3266,1632,0.556338,0.531863,0.229001,0.827142
imagery_left_right_fist,trial_random,20260919,trial2,64,3266,1632,0.567055,0.494485,0.593308,0.887982
imagery_left_right_fist,trial_random,20260919,trial2,128,3266,1632,0.670851,0.64277,3.49708,0.923994
imagery_left_right_fist,trial_random,20260919,trial2,256,3266,1632,0.738212,0.694853,6.77908,0.942188
imagery_left_right_fist,trial_random,20260919,trial2,512,3266,1632,0.774954,0.697917,9.67251,0.963322
imagery_left_right_fist,trial_random,20260919,trial2,1024,3266,1632,0.852113,0.677696,15.6538,0.986275
imagery_left_right_fist,trial_random,20260919,trial2,2080,3266,1632,0.945193,0.660539,22.5928,1
imagery_left_right_fist,trial_random,20260920,trial0,2,3265,1633,0.511792,0.492345,0.00962164,0.633519
imagery_left_right_fist,trial_random,20260920,trial0,4,3265,1633,0.515467,0.494182,0.0426282,0.665582
imagery_left_right_fist,trial_random,20260920,trial0,8,3265,1633,0.519449,0.508879,0.0668058,0.709252
imagery_left_right_fist,trial_random,20260920,trial0,16,3265,1633,0.528637,0.511329,0.132297,0.76566
imagery_left_right_fist,trial_random,20260920,trial0,32,3265,1633,0.553139,0.531537,0.2154,0.828996
imagery_left_right_fist,trial_random,20260920,trial0,64,3265,1633,0.563247,0.537661,0.43788,0.88899
imagery_left_right_fist,trial_random,20260920,trial0,128,3265,1633,0.684533,0.628904,3.83761,0.924625
imagery_left_right_fist,trial_random,20260920,trial0,256,3265,1633,0.736907,0.689528,6.95575,0.942695
imagery_left_right_fist,trial_random,20260920,trial0,512,3265,1633,0.777642,0.68463,9.19502,0.963645
imagery_left_right_fist,trial_random,20260920,trial0,1024,3265,1633,0.85513,0.669933,15.6696,0.986385
imagery_left_right_fist,trial_random,20260920,trial0,2080,3265,1633,0.946708,0.651562,22.7704,1
imagery_left_right_fist,trial_random,20260920,trial1,2,3265,1633,0.504135,0.510716,0.00723997,0.632981
imagery_left_right_fist,trial_random,20260920,trial1,4,3265,1633,0.50781,0.489284,0.0152486,0.664929
imagery_left_right_fist,trial_random,20260920,trial1,8,3265,1633,0.519142,0.500306,0.0651178,0.709467
imagery_left_right_fist,trial_random,20260920,trial1,16,3265,1633,0.523124,0.494795,0.131026,0.765825
imagery_left_right_fist,trial_random,20260920,trial1,32,3265,1633,0.529862,0.50398,0.22245,0.828933
imagery_left_right_fist,trial_random,20260920,trial1,64,3265,1633,0.555283,0.50398,0.440687,0.888864
imagery_left_right_fist,trial_random,20260920,trial1,128,3265,1633,0.669525,0.620943,3.79435,0.9247
imagery_left_right_fist,trial_random,20260920,trial1,256,3265,1633,0.74487,0.665034,7.22306,0.942723
imagery_left_right_fist,trial_random,20260920,trial1,512,3265,1633,0.784074,0.660747,9.9237,0.963665
imagery_left_right_fist,trial_random,20260920,trial1,1024,3265,1633,0.853292,0.656461,15.4052,0.986411
imagery_left_right_fist,trial_random,20260920,trial1,2080,3265,1633,0.948239,0.641151,22.6792,1
imagery_left_right_fist,trial_random,20260920,trial2,2,3266,1632,0.503368,0.498775,0.0101713,0.629292
imagery_left_right_fist,trial_random,20260920,trial2,4,3266,1632,0.51286,0.502451,0.0168831,0.662758
imagery_left_right_fist,trial_random,20260920,trial2,8,3266,1632,0.522045,0.504902,0.0523063,0.708245
imagery_left_right_fist,trial_random,20260920,trial2,16,3266,1632,0.530925,0.515931,0.121137,0.766204
imagery_left_right_fist,trial_random,20260920,trial2,32,3266,1632,0.544091,0.50674,0.216408,0.830009
imagery_left_right_fist,trial_random,20260920,trial2,64,3266,1632,0.560625,0.510417,0.534915,0.890028
imagery_left_right_fist,trial_random,20260920,trial2,128,3266,1632,0.672076,0.645833,3.49936,0.925454
imagery_left_right_fist,trial_random,20260920,trial2,256,3266,1632,0.735456,0.686887,6.99861,0.943322
imagery_left_right_fist,trial_random,20260920,trial2,512,3266,1632,0.778628,0.678309,9.89694,0.964049
imagery_left_right_fist,trial_random,20260920,trial2,1024,3266,1632,0.849663,0.664216,15.9239,0.986539
imagery_left_right_fist,trial_random,20260920,trial2,2080,3266,1632,0.945805,0.64277,22.9055,1
imagery_left_right_fist,run_disjoint,20260916,run0,2,3262,1636,0.501839,0.508557,0.00185301,0.641255
imagery_left_right_fist,run_disjoint,20260916,run0,4,3262,1636,0.507357,0.507946,0.0166349,0.672418
imagery_left_right_fist,run_disjoint,20260916,run0,8,3262,1636,0.523299,0.508557,0.0529529,0.715984
imagery_left_right_fist,run_disjoint,20260916,run0,16,3262,1636,0.527897,0.518337,0.100769,0.772861
imagery_left_right_fist,run_disjoint,20260916,run0,32,3262,1636,0.540773,0.548289,0.181615,0.835756
imagery_left_right_fist,run_disjoint,20260916,run0,64,3262,1636,0.557633,0.553178,0.433578,0.895383
imagery_left_right_fist,run_disjoint,20260916,run0,128,3262,1636,0.673513,0.640587,4.02951,0.92944
imagery_left_right_fist,run_disjoint,20260916,run0,256,3262,1636,0.74065,0.682152,6.92467,0.945804
imagery_left_right_fist,run_disjoint,20260916,run0,512,3262,1636,0.772532,0.690098,9.39834,0.965623
imagery_left_right_fist,run_disjoint,20260916,run0,1024,3262,1636,0.848866,0.679707,15.6923,0.987183
imagery_left_right_fist,run_disjoint,20260916,run0,2080,3262,1636,0.952177,0.642421,23.0198,1
imagery_left_right_fist,run_disjoint,20260916,run1,2,3269,1629,0.502294,0.502149,0.00342326,0.62892
imagery_left_right_fist,run_disjoint,20260916,run1,4,3269,1629,0.512695,0.505218,0.0218234,0.66194
imagery_left_right_fist,run_disjoint,20260916,run1,8,3269,1629,0.513307,0.51504,0.0567104,0.707079
imagery_left_right_fist,run_disjoint,20260916,run1,16,3269,1629,0.523402,0.532842,0.111302,0.764219
imagery_left_right_fist,run_disjoint,20260916,run1,32,3269,1629,0.534108,0.542664,0.18693,0.827792
imagery_left_right_fist,run_disjoint,20260916,run1,64,3269,1629,0.557357,0.560467,0.451226,0.888443
imagery_left_right_fist,run_disjoint,20260916,run1,128,3269,1629,0.672071,0.643953,3.76448,0.924898
imagery_left_right_fist,run_disjoint,20260916,run1,256,3269,1629,0.743958,0.70043,7.12168,0.942921
imagery_left_right_fist,run_disjoint,20260916,run1,512,3269,1629,0.785561,0.682014,9.84928,0.963725
imagery_left_right_fist,run_disjoint,20260916,run1,1024,3269,1629,0.851331,0.680172,15.5687,0.986401
imagery_left_right_fist,run_disjoint,20260916,run1,2080,3269,1629,0.944325,0.655617,22.7042,1
imagery_left_right_fist,run_disjoint,20260916,run2,2,3265,1633,0.501991,0.498469,0.0022639,0.626052
imagery_left_right_fist,run_disjoint,20260916,run2,4,3265,1633,0.508729,0.507042,0.0116937,0.659525
imagery_left_right_fist,run_disjoint,20260916,run2,8,3265,1633,0.516692,0.524189,0.0516252,0.704858
imagery_left_right_fist,run_disjoint,20260916,run2,16,3265,1633,0.520368,0.52725,0.10496,0.762506
imagery_left_right_fist,run_disjoint,20260916,run2,32,3265,1633,0.540888,0.535824,0.186224,0.82754
imagery_left_right_fist,run_disjoint,20260916,run2,64,3265,1633,0.555283,0.548683,0.385093,0.888917
imagery_left_right_fist,run_disjoint,20260916,run2,128,3265,1633,0.675345,0.656461,4.0283,0.924515
imagery_left_right_fist,run_disjoint,20260916,run2,256,3265,1633,0.745176,0.700551,7.31501,0.941956
imagery_left_right_fist,run_disjoint,20260916,run2,512,3265,1633,0.785299,0.704225,9.96152,0.962988
imagery_left_right_fist,run_disjoint,20260916,run2,1024,3265,1633,0.846861,0.673607,15.752,0.98607
imagery_left_right_fist,run_disjoint,20260916,run2,2080,3265,1633,0.949464,0.661359,22.8891,1
imagery_left_right_fist,subject_disjoint,20260916,subj0,2,3242,1656,0.504935,0.502415,0.000934998,0.622542
imagery_left_right_fist,subject_disjoint,20260916,subj0,4,3242,1656,0.514806,0.512681,0.0190272,0.659279
imagery_left_right_fist,subject_disjoint,20260916,subj0,8,3242,1656,0.524368,0.516908,0.042189,0.711456
imagery_left_right_fist,subject_disjoint,20260916,subj0,16,3242,1656,0.530537,0.521739,0.0832234,0.772811
imagery_left_right_fist,subject_disjoint,20260916,subj0,32,3242,1656,0.525601,0.525362,0.149833,0.843902
imagery_left_right_fist,subject_disjoint,20260916,subj0,64,3242,1656,0.561073,0.540459,0.483231,0.90308
imagery_left_right_fist,subject_disjoint,20260916,subj0,128,3242,1656,0.711906,0.59843,5.00955,0.92683
imagery_left_right_fist,subject_disjoint,20260916,subj0,256,3242,1656,0.749537,0.621377,7.00599,0.943086
imagery_left_right_fist,subject_disjoint,20260916,subj0,512,3242,1656,0.788711,0.619565,9.91104,0.963818
imagery_left_right_fist,subject_disjoint,20260916,subj0,1024,3242,1656,0.858421,0.621981,16.1295,0.986502
imagery_left_right_fist,subject_disjoint,20260916,subj0,2080,3242,1656,0.947563,0.610507,22.6833,1
imagery_left_right_fist,subject_disjoint,20260916,subj1,2,3280,1618,0.503963,0.504944,0.006135,0.656936
imagery_left_right_fist,subject_disjoint,20260916,subj1,4,3280,1618,0.50061,0.508035,0.00999126,0.68966
imagery_left_right_fist,subject_disjoint,20260916,subj1,8,3280,1618,0.519512,0.516069,0.0597343,0.734848
imagery_left_right_fist,subject_disjoint,20260916,subj1,16,3280,1618,0.522256,0.529048,0.0938929,0.793029
imagery_left_right_fist,subject_disjoint,20260916,subj1,32,3280,1618,0.537195,0.526576,0.160555,0.855516
imagery_left_right_fist,subject_disjoint,20260916,subj1,64,3280,1618,0.581707,0.538319,0.590821,0.906817
imagery_left_right_fist,subject_disjoint,20260916,subj1,128,3280,1618,0.724695,0.60136,5.71486,0.928598
imagery_left_right_fist,subject_disjoint,20260916,subj1,256,3280,1618,0.753659,0.598888,7.62805,0.944123
imagery_left_right_fist,subject_disjoint,20260916,subj1,512,3280,1618,0.788415,0.592707,10.0783,0.964191
imagery_left_right_fist,subject_disjoint,20260916,subj1,1024,3280,1618,0.855183,0.591471,15.9037,0.986439
imagery_left_right_fist,subject_disjoint,20260916,subj1,2080,3280,1618,0.953659,0.563659,22.8321,1
imagery_left_right_fist,subject_disjoint,20260916,subj2,2,3274,1624,0.503971,0.505542,0.00231292,0.621508
imagery_left_right_fist,subject_disjoint,20260916,subj2,4,3274,1624,0.503665,0.501232,0.0145935,0.658228
imagery_left_right_fist,subject_disjoint,20260916,subj2,8,3274,1624,0.508247,0.521552,0.0355416,0.710738
imagery_left_right_fist,subject_disjoint,20260916,subj2,16,3274,1624,0.519243,0.537562,0.0697123,0.776529
imagery_left_right_fist,subject_disjoint,20260916,subj2,32,3274,1624,0.522908,0.54803,0.152757,0.849289
imagery_left_right_fist,subject_disjoint,20260916,subj2,64,3274,1624,0.541234,0.561576,0.366979,0.90755
imagery_left_right_fist,subject_disjoint,20260916,subj2,128,3274,1624,0.700367,0.629926,5.054,0.92988
imagery_left_right_fist,subject_disjoint,20260916,subj2,256,3274,1624,0.7416,0.623153,7.35732,0.945471
imagery_left_right_fist,subject_disjoint,20260916,subj2,512,3274,1624,0.782224,0.621921,10.2684,0.965266
imagery_left_right_fist,subject_disjoint,20260916,subj2,1024,3274,1624,0.847282,0.60899,15.8092,0.986984
imagery_left_right_fist,subject_disjoint,20260916,subj2,2080,3274,1624,0.946854,0.605911,22.7882,1
imagery_left_right_fist,subject_disjoint,20260917,subj0,2,3224,1674,0.497829,0.502987,0.00181386,0.632783
imagery_left_right_fist,subject_disjoint,20260917,subj0,4,3224,1674,0.506203,0.503584,0.0132161,0.668791
imagery_left_right_fist,subject_disjoint,20260917,subj0,8,3224,1674,0.51768,0.529869,0.0475686,0.718373
imagery_left_right_fist,subject_disjoint,20260917,subj0,16,3224,1674,0.520471,0.524492,0.098328,0.782611
imagery_left_right_fist,subject_disjoint,20260917,subj0,32,3224,1674,0.531948,0.537634,0.159514,0.851858
imagery_left_right_fist,subject_disjoint,20260917,subj0,64,3224,1674,0.55428,0.548984,0.414622,0.906047
imagery_left_right_fist,subject_disjoint,20260917,subj0,128,3224,1674,0.695409,0.61589,4.92257,0.928243
imagery_left_right_fist,subject_disjoint,20260917,subj0,256,3224,1674,0.733561,0.630824,7.21619,0.943999
imagery_left_right_fist,subject_disjoint,20260917,subj0,512,3224,1674,0.778846,0.627838,9.83632,0.964272
imagery_left_right_fist,subject_disjoint,20260917,subj0,1024,3224,1674,0.850186,0.610514,15.7515,0.9866
imagery_left_right_fist,subject_disjoint,20260917,subj0,2080,3224,1674,0.941687,0.613501,22.5633,1
imagery_left_right_fist,subject_disjoint,20260917,subj1,2,3287,1611,0.501065,0.504035,0.00142615,0.627106
imagery_left_right_fist,subject_disjoint,20260917,subj1,4,3287,1611,0.507454,0.512725,0.0142058,0.662135
imagery_left_right_fist,subject_disjoint,20260917,subj1,8,3287,1611,0.518406,0.511484,0.0554539,0.713714
imagery_left_right_fist,subject_disjoint,20260917,subj1,16,3287,1611,0.527228,0.543141,0.0900973,0.77609
imagery_left_right_fist,subject_disjoint,20260917,subj1,32,3287,1611,0.536355,0.53383,0.170251,0.844748
imagery_left_right_fist,subject_disjoint,20260917,subj1,64,3287,1611,0.557956,0.556797,0.613343,0.901732
imagery_left_right_fist,subject_disjoint,20260917,subj1,128,3287,1611,0.715242,0.622595,5.31079,0.924723
imagery_left_right_fist,subject_disjoint,20260917,subj1,256,3287,1611,0.751749,0.629423,7.26839,0.941204
imagery_left_right_fist,subject_disjoint,20260917,subj1,512,3287,1611,0.797079,0.623215,10.1567,0.962408
imagery_left_right_fist,subject_disjoint,20260917,subj1,1024,3287,1611,0.860663,0.604593,16.3296,0.985807
imagery_left_right_fist,subject_disjoint,20260917,subj1,2080,3287,1611,0.953149,0.597145,22.9662,1
imagery_left_right_fist,subject_disjoint,20260917,subj2,2,3285,1613,0.505327,0.49597,0.00397551,0.641926
imagery_left_right_fist,subject_disjoint,20260917,subj2,4,3285,1613,0.509589,0.508989,0.0133023,0.676698
imagery_left_right_fist,subject_disjoint,20260917,subj2,8,3285,1613,0.519939,0.523249,0.0441138,0.724307
imagery_left_right_fist,subject_disjoint,20260917,subj2,16,3285,1613,0.527854,0.515809,0.0932078,0.785174
imagery_left_right_fist,subject_disjoint,20260917,subj2,32,3285,1613,0.541553,0.533168,0.188705,0.852833
imagery_left_right_fist,subject_disjoint,20260917,subj2,64,3285,1613,0.556164,0.556107,0.549369,0.909393
imagery_left_right_fist,subject_disjoint,20260917,subj2,128,3285,1613,0.727854,0.603844,5.42906,0.932059
imagery_left_right_fist,subject_disjoint,20260917,subj2,256,3285,1613,0.768341,0.605704,7.90374,0.947217
imagery_left_right_fist,subject_disjoint,20260917,subj2,512,3285,1613,0.799696,0.623063,10.4445,0.966434
imagery_left_right_fist,subject_disjoint,20260917,subj2,1024,3285,1613,0.858752,0.619963,16.103,0.987442
imagery_left_right_fist,subject_disjoint,20260917,subj2,2080,3285,1613,0.952207,0.606324,22.6332,1
imagery_left_right_fist,subject_disjoint,20260918,subj0,2,3227,1671,0.504803,0.502693,0.00197847,0.616185
imagery_left_right_fist,subject_disjoint,20260918,subj0,4,3227,1671,0.507902,0.493716,0.0146404,0.654918
imagery_left_right_fist,subject_disjoint,20260918,subj0,8,3227,1671,0.518128,0.515859,0.0410254,0.708485
imagery_left_right_fist,subject_disjoint,20260918,subj0,16,3227,1671,0.530524,0.525434,0.107973,0.772126
imagery_left_right_fist,subject_disjoint,20260918,subj0,32,3227,1671,0.534552,0.521843,0.158494,0.842224
imagery_left_right_fist,subject_disjoint,20260918,subj0,64,3227,1671,0.559343,0.548773,0.492443,0.89992
imagery_left_right_fist,subject_disjoint,20260918,subj0,128,3227,1671,0.715215,0.612807,5.30424,0.922956
imagery_left_right_fist,subject_disjoint,20260918,subj0,256,3227,1671,0.750232,0.614602,7.13066,0.939788
imagery_left_right_fist,subject_disjoint,20260918,subj0,512,3227,1671,0.776883,0.608618,9.74857,0.961561
imagery_left_right_fist,subject_disjoint,20260918,subj0,1024,3227,1671,0.851875,0.607421,15.8383,0.98559
imagery_left_right_fist,subject_disjoint,20260918,subj0,2080,3227,1671,0.951348,0.593656,22.8181,1
imagery_left_right_fist,subject_disjoint,20260918,subj1,2,3288,1610,0.504562,0.502484,0.00604557,0.620652
imagery_left_right_fist,subject_disjoint,20260918,subj1,4,3288,1610,0.50882,0.509317,0.0275007,0.656597
imagery_left_right_fist,subject_disjoint,20260918,subj1,8,3288,1610,0.516119,0.508696,0.039215,0.706524
imagery_left_right_fist,subject_disjoint,20260918,subj1,16,3288,1610,0.518856,0.519876,0.0783597,0.773009
imagery_left_right_fist,subject_disjoint,20260918,subj1,32,3288,1610,0.531022,0.53913,0.173616,0.84564
imagery_left_right_fist,subject_disjoint,20260918,subj1,64,3288,1610,0.565389,0.527329,0.527732,0.904619
imagery_left_right_fist,subject_disjoint,20260918,subj1,128,3288,1610,0.703771,0.612422,4.84652,0.92867
imagery_left_right_fist,subject_disjoint,20260918,subj1,256,3288,1610,0.740572,0.638509,7.14573,0.944577
imagery_left_right_fist,subject_disjoint,20260918,subj1,512,3288,1610,0.780718,0.635404,9.83259,0.964704
imagery_left_right_fist,subject_disjoint,20260918,subj1,1024,3288,1610,0.852494,0.618634,15.7428,0.986746
imagery_left_right_fist,subject_disjoint,20260918,subj1,2080,3288,1610,0.945864,0.603727,22.8229,1
imagery_left_right_fist,subject_disjoint,20260918,subj2,2,3281,1617,0.502591,0.504638,0.00271268,0.66419
imagery_left_right_fist,subject_disjoint,20260918,subj2,4,3281,1617,0.506553,0.505257,0.00913607,0.698268
imagery_left_right_fist,subject_disjoint,20260918,subj2,8,3281,1617,0.51844,0.526902,0.0503547,0.742167
imagery_left_right_fist,subject_disjoint,20260918,subj2,16,3281,1617,0.526973,0.529375,0.0754352,0.797817
imagery_left_right_fist,subject_disjoint,20260918,subj2,32,3281,1617,0.531545,0.531231,0.173964,0.861767
imagery_left_right_fist,subject_disjoint,20260918,subj2,64,3281,1617,0.565376,0.553494,0.53839,0.912689
imagery_left_right_fist,subject_disjoint,20260918,subj2,128,3281,1617,0.705273,0.594929,5.28587,0.933477
imagery_left_right_fist,subject_disjoint,20260918,subj2,256,3281,1617,0.7516,0.617811,7.55904,0.948104
imagery_left_right_fist,subject_disjoint,20260918,subj2,512,3281,1617,0.790917,0.612863,10.7904,0.966877
imagery_left_right_fist,subject_disjoint,20260918,subj2,1024,3281,1617,0.858884,0.605442,16.7363,0.987546
imagery_left_right_fist,subject_disjoint,20260918,subj2,2080,3281,1617,0.956721,0.596166,22.8621,1
imagery_left_right_fist,subject_disjoint,20260919,subj0,2,3242,1656,0.503701,0.505435,0.00331183,0.634016
imagery_left_right_fist,subject_disjoint,20260919,subj0,4,3242,1656,0.508637,0.502415,0.0125849,0.672126
imagery_left_right_fist,subject_disjoint,20260919,subj0,8,3242,1656,0.510796,0.515097,0.0270371,0.723018
imagery_left_right_fist,subject_disjoint,20260919,subj0,16,3242,1656,0.516656,0.532005,0.100881,0.783817
imagery_left_right_fist,subject_disjoint,20260919,subj0,32,3242,1656,0.536089,0.538647,0.182344,0.851011
imagery_left_right_fist,subject_disjoint,20260919,subj0,64,3242,1656,0.544725,0.554952,0.375833,0.907286
imagery_left_right_fist,subject_disjoint,20260919,subj0,128,3242,1656,0.702961,0.6093,5.00215,0.929286
imagery_left_right_fist,subject_disjoint,20260919,subj0,256,3242,1656,0.747378,0.623792,7.48055,0.944921
imagery_left_right_fist,subject_disjoint,20260919,subj0,512,3242,1656,0.788094,0.612319,10.3719,0.964966
imagery_left_right_fist,subject_disjoint,20260919,subj0,1024,3242,1656,0.864281,0.608696,16.3705,0.986939
imagery_left_right_fist,subject_disjoint,20260919,subj0,2080,3242,1656,0.951265,0.592995,22.9319,1
imagery_left_right_fist,subject_disjoint,20260919,subj1,2,3264,1634,0.505208,0.492044,0.00432323,0.637036
imagery_left_right_fist,subject_disjoint,20260919,subj1,4,3264,1634,0.508578,0.5,0.0121663,0.673145
imagery_left_right_fist,subject_disjoint,20260919,subj1,8,3264,1634,0.520527,0.517136,0.0532918,0.721397
imagery_left_right_fist,subject_disjoint,20260919,subj1,16,3264,1634,0.523591,0.53672,0.0901042,0.783512
imagery_left_right_fist,subject_disjoint,20260919,subj1,32,3264,1634,0.51685,0.551408,0.156836,0.852327
imagery_left_right_fist,subject_disjoint,20260919,subj1,64,3264,1634,0.551164,0.553856,0.482061,0.907056
imagery_left_right_fist,subject_disjoint,20260919,subj1,128,3264,1634,0.708946,0.632803,5.00887,0.929666
imagery_left_right_fist,subject_disjoint,20260919,subj1,256,3264,1634,0.750613,0.624235,7.31335,0.945291
imagery_left_right_fist,subject_disjoint,20260919,subj1,512,3264,1634,0.796875,0.618727,10.5083,0.965204
imagery_left_right_fist,subject_disjoint,20260919,subj1,1024,3264,1634,0.856311,0.590575,16.172,0.987
imagery_left_right_fist,subject_disjoint,20260919,subj1,2080,3264,1634,0.949449,0.588739,22.8362,1
imagery_left_right_fist,subject_disjoint,20260919,subj2,2,3290,1608,0.505167,0.508706,0.00223341,0.63296
imagery_left_right_fist,subject_disjoint,20260919,subj2,4,3290,1608,0.511854,0.508085,0.0212577,0.666375
imagery_left_right_fist,subject_disjoint,20260919,subj2,8,3290,1608,0.518237,0.515547,0.0445111,0.71404
imagery_left_right_fist,subject_disjoint,20260919,subj2,16,3290,1608,0.534347,0.519279,0.102311,0.775274
imagery_left_right_fist,subject_disjoint,20260919,subj2,32,3290,1608,0.52766,0.532338,0.148737,0.846024
imagery_left_right_fist,subject_disjoint,20260919,subj2,64,3290,1608,0.56079,0.554104,0.521037,0.903736
imagery_left_right_fist,subject_disjoint,20260919,subj2,128,3290,1608,0.714286,0.593905,5.22351,0.926795
imagery_left_right_fist,subject_disjoint,20260919,subj2,256,3290,1608,0.751976,0.606965,7.11369,0.942773
imagery_left_right_fist,subject_disjoint,20260919,subj2,512,3290,1608,0.785714,0.61505,9.6436,0.963299
imagery_left_right_fist,subject_disjoint,20260919,subj2,1024,3290,1608,0.849544,0.600124,15.7391,0.986064
imagery_left_right_fist,subject_disjoint,20260919,subj2,2080,3290,1608,0.948936,0.587687,22.7854,1
imagery_left_right_fist,subject_disjoint,20260920,subj0,2,3243,1655,0.503546,0.502115,0.00111493,0.649593
imagery_left_right_fist,subject_disjoint,20260920,subj0,4,3243,1655,0.512797,0.510574,0.0217295,0.685159
imagery_left_right_fist,subject_disjoint,20260920,subj0,8,3243,1655,0.511255,0.512991,0.0363514,0.732076
imagery_left_right_fist,subject_disjoint,20260920,subj0,16,3243,1655,0.513105,0.520846,0.0817869,0.790313
imagery_left_right_fist,subject_disjoint,20260920,subj0,32,3243,1655,0.537774,0.537764,0.173832,0.855766
imagery_left_right_fist,subject_disjoint,20260920,subj0,64,3243,1655,0.569843,0.547432,0.46275,0.909709
imagery_left_right_fist,subject_disjoint,20260920,subj0,128,3243,1655,0.705828,0.605438,5.07986,0.930775
imagery_left_right_fist,subject_disjoint,20260920,subj0,256,3243,1655,0.745914,0.593353,6.90866,0.94599
imagery_left_right_fist,subject_disjoint,20260920,subj0,512,3243,1655,0.783225,0.613897,9.98176,0.965631
imagery_left_right_fist,subject_disjoint,20260920,subj0,1024,3243,1655,0.858773,0.619335,16.0625,0.987159
imagery_left_right_fist,subject_disjoint,20260920,subj0,2080,3243,1655,0.952205,0.603021,22.9035,1
imagery_left_right_fist,subject_disjoint,20260920,subj1,2,3276,1622,0.507631,0.49815,0.00525243,0.628868
imagery_left_right_fist,subject_disjoint,20260920,subj1,4,3276,1622,0.505189,0.501233,0.0168676,0.666384
imagery_left_right_fist,subject_disjoint,20260920,subj1,8,3276,1622,0.51801,0.51418,0.0390124,0.717619
imagery_left_right_fist,subject_disjoint,20260920,subj1,16,3276,1622,0.533272,0.511097,0.101611,0.77974
imagery_left_right_fist,subject_disjoint,20260920,subj1,32,3276,1622,0.533272,0.529593,0.167888,0.848107
imagery_left_right_fist,subject_disjoint,20260920,subj1,64,3276,1622,0.567155,0.559186,0.618846,0.904826
imagery_left_right_fist,subject_disjoint,20260920,subj1,128,3276,1622,0.724054,0.602959,5.7281,0.927553
imagery_left_right_fist,subject_disjoint,20260920,subj1,256,3276,1622,0.760379,0.603576,7.56022,0.943489
imagery_left_right_fist,subject_disjoint,20260920,subj1,512,3276,1622,0.791819,0.607275,10.3415,0.963955
imagery_left_right_fist,subject_disjoint,20260920,subj1,1024,3276,1622,0.8663,0.617139,16.5829,0.986456
imagery_left_right_fist,subject_disjoint,20260920,subj1,2080,3276,1622,0.95177,0.611591,22.9571,1
imagery_left_right_fist,subject_disjoint,20260920,subj2,2,3277,1621,0.501678,0.509562,0.00146893,0.619523
imagery_left_right_fist,subject_disjoint,20260920,subj2,4,3277,1621,0.508392,0.508945,0.0158413,0.655044
imagery_left_right_fist,subject_disjoint,20260920,subj2,8,3277,1621,0.513579,0.510796,0.041182,0.705839
imagery_left_right_fist,subject_disjoint,20260920,subj2,16,3277,1621,0.522429,0.523751,0.0864814,0.771089
imagery_left_right_fist,subject_disjoint,20260920,subj2,32,3277,1621,0.528227,0.523134,0.147766,0.842697
imagery_left_right_fist,subject_disjoint,20260920,subj2,64,3277,1621,0.552029,0.558297,0.469066,0.901641
imagery_left_right_fist,subject_disjoint,20260920,subj2,128,3277,1621,0.694843,0.639729,4.89718,0.92614
imagery_left_right_fist,subject_disjoint,20260920,subj2,256,3277,1621,0.747635,0.640962,7.35763,0.942543
imagery_left_right_fist,subject_disjoint,20260920,subj2,512,3277,1621,0.781813,0.639729,10.011,0.96329
imagery_left_right_fist,subject_disjoint,20260920,subj2,1024,3277,1621,0.857492,0.630475,15.8057,0.986165
imagery_left_right_fist,subject_disjoint,20260920,subj2,2080,3277,1621,0.947818,0.619371,22.6704,1
real_left_right_fist,trial_random,20260916,trial0,2,3264,1633,0.51011,0.489896,0.0132087,0.630238
real_left_right_fist,trial_random,20260916,trial0,4,3264,1633,0.525123,0.490508,0.0502087,0.663057
real_left_right_fist,trial_random,20260916,trial0,8,3264,1633,0.527574,0.486222,0.0770731,0.706971
real_left_right_fist,trial_random,20260916,trial0,16,3264,1633,0.544118,0.520514,0.161337,0.763971
real_left_right_fist,trial_random,20260916,trial0,32,3264,1633,0.552696,0.518065,0.261603,0.828342
real_left_right_fist,trial_random,20260916,trial0,64,3264,1633,0.581801,0.515615,0.58014,0.88785
real_left_right_fist,trial_random,20260916,trial0,128,3264,1633,0.72549,0.690753,4.84682,0.923312
real_left_right_fist,trial_random,20260916,trial0,256,3264,1633,0.795343,0.722596,8.64072,0.941739
real_left_right_fist,trial_random,20260916,trial0,512,3264,1633,0.832414,0.726271,11.9274,0.963011
real_left_right_fist,trial_random,20260916,trial0,1024,3264,1633,0.898284,0.707287,17.7017,0.986138
real_left_right_fist,trial_random,20260916,trial0,2080,3264,1633,0.974571,0.695652,22.8689,1
real_left_right_fist,trial_random,20260916,trial1,2,3265,1632,0.51026,0.472426,0.0186402,0.627534
real_left_right_fist,trial_random,20260916,trial1,4,3265,1632,0.509954,0.478554,0.0297026,0.659997
real_left_right_fist,trial_random,20260916,trial1,8,3265,1632,0.524043,0.485294,0.0640217,0.704736
real_left_right_fist,trial_random,20260916,trial1,16,3265,1632,0.532006,0.525735,0.113051,0.762585
real_left_right_fist,trial_random,20260916,trial1,32,3265,1632,0.553446,0.528186,0.267102,0.827187
real_left_right_fist,trial_random,20260916,trial1,64,3265,1632,0.590505,0.552083,0.589173,0.886367
real_left_right_fist,trial_random,20260916,trial1,128,3265,1632,0.728943,0.686887,4.92324,0.922247
real_left_right_fist,trial_random,20260916,trial1,256,3265,1632,0.791118,0.728554,8.53206,0.940881
real_left_right_fist,trial_random,20260916,trial1,512,3265,1632,0.830015,0.723652,11.5771,0.962433
real_left_right_fist,trial_random,20260916,trial1,1024,3265,1632,0.886983,0.726716,17.3487,0.985908
real_left_right_fist,trial_random,20260916,trial1,2080,3265,1632,0.975191,0.70098,23.0453,1
real_left_right_fist,trial_random,20260916,trial2,2,3265,1632,0.510873,0.481005,0.012594,0.620103
real_left_right_fist,trial_random,20260916,trial2,4,3265,1632,0.516998,0.491422,0.0259245,0.652847
real_left_right_fist,trial_random,20260916,trial2,8,3265,1632,0.528025,0.520833,0.0576797,0.698948
real_left_right_fist,trial_random,20260916,trial2,16,3265,1632,0.537519,0.511642,0.130143,0.758101
real_left_right_fist,trial_random,20260916,trial2,32,3265,1632,0.549464,0.526961,0.255593,0.823691
real_left_right_fist,trial_random,20260916,trial2,64,3265,1632,0.577029,0.522059,0.541295,0.884547
real_left_right_fist,trial_random,20260916,trial2,128,3265,1632,0.721593,0.690564,4.78421,0.920835
real_left_right_fist,trial_random,20260916,trial2,256,3265,1632,0.788055,0.737132,8.33208,0.939835
real_left_right_fist,trial_random,20260916,trial2,512,3265,1632,0.825727,0.729167,11.3256,0.961792
real_left_right_fist,trial_random,20260916,trial2,1024,3265,1632,0.891271,0.723039,17.543,0.985671
real_left_right_fist,trial_random,20260916,trial2,2080,3265,1632,0.973354,0.698529,23.1322,1
real_left_right_fist,trial_random,20260917,trial0,2,3264,1633,0.507353,0.49357,0.010799,0.627286
real_left_right_fist,trial_random,20260917,trial0,4,3264,1633,0.519914,0.500306,0.0423871,0.65983
real_left_right_fist,trial_random,20260917,trial0,8,3264,1633,0.523284,0.50398,0.0699185,0.704677
real_left_right_fist,trial_random,20260917,trial0,16,3264,1633,0.53125,0.502756,0.151633,0.761686
real_left_right_fist,trial_random,20260917,trial0,32,3264,1633,0.55576,0.534599,0.279368,0.826373
real_left_right_fist,trial_random,20260917,trial0,64,3264,1633,0.575368,0.526638,0.582181,0.886459
real_left_right_fist,trial_random,20260917,trial0,128,3264,1633,0.730699,0.68463,5.0938,0.92229
real_left_right_fist,trial_random,20260917,trial0,256,3264,1633,0.79136,0.730557,8.81549,0.940811
real_left_right_fist,trial_random,20260917,trial0,512,3264,1633,0.831189,0.74158,11.5178,0.962378
real_left_right_fist,trial_random,20260917,trial0,1024,3264,1633,0.893689,0.719535,17.5731,0.985878
real_left_right_fist,trial_random,20260917,trial0,2080,3264,1633,0.969056,0.719535,22.9332,1
real_left_right_fist,trial_random,20260917,trial1,2,3265,1632,0.514242,0.469363,0.012821,0.626867
real_left_right_fist,trial_random,20260917,trial1,4,3265,1632,0.513936,0.485907,0.0393522,0.659112
real_left_right_fist,trial_random,20260917,trial1,8,3265,1632,0.521286,0.501225,0.0666489,0.70364
real_left_right_fist,trial_random,20260917,trial1,16,3265,1632,0.53415,0.509191,0.155211,0.762314
real_left_right_fist,trial_random,20260917,trial1,32,3265,1632,0.561409,0.5,0.317921,0.826899
real_left_right_fist,trial_random,20260917,trial1,64,3265,1632,0.577948,0.520833,0.55238,0.886481
real_left_right_fist,trial_random,20260917,trial1,128,3265,1632,0.733844,0.686275,5.23533,0.922197
real_left_right_fist,trial_random,20260917,trial1,256,3265,1632,0.792649,0.716299,8.75618,0.940879
real_left_right_fist,trial_random,20260917,trial1,512,3265,1632,0.825115,0.720588,11.6313,0.962469
real_left_right_fist,trial_random,20260917,trial1,1024,3265,1632,0.891577,0.724877,17.3479,0.985919
real_left_right_fist,trial_random,20260917,trial1,2080,3265,1632,0.973354,0.709559,22.6688,1
real_left_right_fist,trial_random,20260917,trial2,2,3265,1632,0.51026,0.476716,0.00983169,0.623859
real_left_right_fist,trial_random,20260917,trial2,4,3265,1632,0.507198,0.479779,0.0136907,0.657122
real_left_right_fist,trial_random,20260917,trial2,8,3265,1632,0.524962,0.490809,0.0582037,0.702601
real_left_right_fist,trial_random,20260917,trial2,16,3265,1632,0.526187,0.504289,0.111795,0.760923
real_left_right_fist,trial_random,20260917,trial2,32,3265,1632,0.543338,0.539828,0.226204,0.82614
real_left_right_fist,trial_random,20260917,trial2,64,3265,1632,0.574885,0.531863,0.522115,0.885947
real_left_right_fist,trial_random,20260917,trial2,128,3265,1632,0.728025,0.696078,5.02903,0.921949
real_left_right_fist,trial_random,20260917,trial2,256,3265,1632,0.787749,0.738971,8.13036,0.940769
real_left_right_fist,trial_random,20260917,trial2,512,3265,1632,0.816233,0.740196,10.7773,0.962416
real_left_right_fist,trial_random,20260917,trial2,1024,3265,1632,0.887902,0.737132,16.9411,0.985939
real_left_right_fist,trial_random,20260917,trial2,2080,3265,1632,0.968147,0.721201,22.8377,1
real_left_right_fist,trial_random,20260918,trial0,2,3264,1633,0.509498,0.475811,0.00814675,0.624876
real_left_right_fist,trial_random,20260918,trial0,4,3264,1633,0.509498,0.492345,0.019979,0.65775
real_left_right_fist,trial_random,20260918,trial0,8,3264,1633,0.5144,0.526638,0.0377862,0.70265
real_left_right_fist,trial_random,20260918,trial0,16,3264,1633,0.530944,0.530925,0.106144,0.760648
real_left_right_fist,trial_random,20260918,trial0,32,3264,1633,0.553615,0.543784,0.259319,0.825675
real_left_right_fist,trial_random,20260918,trial0,64,3264,1633,0.591912,0.556644,0.583864,0.885959
real_left_right_fist,trial_random,20260918,trial0,128,3264,1633,0.728248,0.687079,5.02033,0.922128
real_left_right_fist,trial_random,20260918,trial0,256,3264,1633,0.797181,0.739743,8.3917,0.940807
real_left_right_fist,trial_random,20260918,trial0,512,3264,1633,0.830882,0.735456,11.5177,0.962397
real_left_right_fist,trial_random,20260918,trial0,1024,3264,1633,0.89185,0.728108,17.2964,0.985907
real_left_right_fist,trial_random,20260918,trial0,2080,3264,1633,0.970282,0.715248,22.9954,1
real_left_right_fist,trial_random,20260918,trial1,2,3265,1632,0.507198,0.495098,0.013884,0.626722
real_left_right_fist,trial_random,20260918,trial1,4,3265,1632,0.519449,0.495711,0.0576094,0.659478
real_left_right_fist,trial_random,20260918,trial1,8,3265,1632,0.530475,0.496324,0.0970191,0.704183
real_left_right_fist,trial_random,20260918,trial1,16,3265,1632,0.538132,0.501225,0.156304,0.762073
real_left_right_fist,trial_random,20260918,trial1,32,3265,1632,0.553752,0.511029,0.257575,0.826468
real_left_right_fist,trial_random,20260918,trial1,64,3265,1632,0.574885,0.525735,0.523411,0.886296
real_left_right_fist,trial_random,20260918,trial1,128,3265,1632,0.728331,0.679534,4.95926,0.922021
real_left_right_fist,trial_random,20260918,trial1,256,3265,1632,0.788974,0.731005,8.69073,0.940732
real_left_right_fist,trial_random,20260918,trial1,512,3265,1632,0.837672,0.721201,11.9225,0.96237
real_left_right_fist,trial_random,20260918,trial1,1024,3265,1632,0.899847,0.710784,17.7164,0.98589
real_left_right_fist,trial_random,20260918,trial1,2080,3265,1632,0.969372,0.710784,22.7646,1
real_left_right_fist,trial_random,20260918,trial2,2,3265,1632,0.504441,0.495098,0.00182448,0.62639
real_left_right_fist,trial_random,20260918,trial2,4,3265,1632,0.498622,0.523284,0.0158093,0.658657
real_left_right_fist,trial_random,20260918,trial2,8,3265,1632,0.520674,0.519608,0.0595951,0.703734
real_left_right_fist,trial_random,20260918,trial2,16,3265,1632,0.5317,0.510417,0.145553,0.761853
real_left_right_fist,trial_random,20260918,trial2,32,3265,1632,0.550383,0.529412,0.28065,0.826884
real_left_right_fist,trial_random,20260918,trial2,64,3265,1632,0.59173,0.520833,0.61577,0.886461
real_left_right_fist,trial_random,20260918,trial2,128,3265,1632,0.727412,0.679534,4.68647,0.922317
real_left_right_fist,trial_random,20260918,trial2,256,3265,1632,0.797856,0.735907,8.53262,0.940962
real_left_right_fist,trial_random,20260918,trial2,512,3265,1632,0.827565,0.746324,11.3761,0.962512
real_left_right_fist,trial_random,20260918,trial2,1024,3265,1632,0.886983,0.741422,17.1027,0.985939
real_left_right_fist,trial_random,20260918,trial2,2080,3265,1632,0.96876,0.719975,23.0574,1
real_left_right_fist,trial_random,20260919,trial0,2,3264,1633,0.502757,0.488671,0.00407985,0.625485
real_left_right_fist,trial_random,20260919,trial0,4,3264,1633,0.5144,0.496632,0.0278423,0.658119
real_left_right_fist,trial_random,20260919,trial0,8,3264,1633,0.525429,0.510716,0.0646302,0.70317
real_left_right_fist,trial_random,20260919,trial0,16,3264,1633,0.53799,0.502143,0.157916,0.761841
real_left_right_fist,trial_random,20260919,trial0,32,3264,1633,0.567096,0.510716,0.307424,0.826816
real_left_right_fist,trial_random,20260919,trial0,64,3264,1633,0.587929,0.524189,0.623141,0.886578
real_left_right_fist,trial_random,20260919,trial0,128,3264,1633,0.731005,0.701164,4.84262,0.922378
real_left_right_fist,trial_random,20260919,trial0,256,3264,1633,0.79136,0.731782,8.52447,0.941017
real_left_right_fist,trial_random,20260919,trial0,512,3264,1633,0.835172,0.733619,11.7648,0.962554
real_left_right_fist,trial_random,20260919,trial0,1024,3264,1633,0.898591,0.721984,17.5442,0.985968
real_left_right_fist,trial_random,20260919,trial0,2080,3264,1633,0.97212,0.714636,23.0524,1
real_left_right_fist,trial_random,20260919,trial1,2,3265,1632,0.51026,0.473039,0.00463269,0.631892
real_left_right_fist,trial_random,20260919,trial1,4,3265,1632,0.509648,0.491422,0.0355163,0.664047
real_left_right_fist,trial_random,20260919,trial1,8,3265,1632,0.528025,0.494485,0.0785191,0.708143
real_left_right_fist,trial_random,20260919,trial1,16,3265,1632,0.529556,0.509191,0.137113,0.764783
real_left_right_fist,trial_random,20260919,trial1,32,3265,1632,0.550689,0.522059,0.262659,0.828395
real_left_right_fist,trial_random,20260919,trial1,64,3265,1632,0.579479,0.536765,0.579621,0.887494
real_left_right_fist,trial_random,20260919,trial1,128,3265,1632,0.728331,0.689338,5.02079,0.923082
real_left_right_fist,trial_random,20260919,trial1,256,3265,1632,0.785605,0.743873,8.19835,0.941481
real_left_right_fist,trial_random,20260919,trial1,512,3265,1632,0.835222,0.734681,11.5827,0.962838
real_left_right_fist,trial_random,20260919,trial1,1024,3265,1632,0.894028,0.723652,17.4174,0.986063
real_left_right_fist,trial_random,20260919,trial1,2080,3265,1632,0.974273,0.716299,22.9486,1
real_left_right_fist,trial_random,20260919,trial2,2,3265,1632,0.498622,0.489583,0.00272144,0.620442
real_left_right_fist,trial_random,20260919,trial2,4,3265,1632,0.51608,0.49326,0.0331006,0.653688
real_left_right_fist,trial_random,20260919,trial2,8,3265,1632,0.514242,0.528186,0.0530504,0.699449
real_left_right_fist,trial_random,20260919,trial2,16,3265,1632,0.529862,0.510417,0.113242,0.758185
real_left_right_fist,trial_random,20260919,trial2,32,3265,1632,0.54487,0.516544,0.259194,0.82391
real_left_right_fist,trial_random,20260919,trial2,64,3265,1632,0.575804,0.520221,0.561942,0.884556
real_left_right_fist,trial_random,20260919,trial2,128,3265,1632,0.72925,0.686275,4.88415,0.920926
real_left_right_fist,trial_random,20260919,trial2,256,3265,1632,0.796937,0.735294,8.6199,0.939941
real_left_right_fist,trial_random,20260919,trial2,512,3265,1632,0.826953,0.737745,11.619,0.96185
real_left_right_fist,trial_random,20260919,trial2,1024,3265,1632,0.895559,0.727328,17.7776,0.985697
real_left_right_fist,trial_random,20260919,trial2,2080,3265,1632,0.975191,0.730392,22.9038,1
real_left_right_fist,trial_random,20260920,trial0,2,3264,1633,0.512255,0.481323,0.0110893,0.625215
real_left_right_fist,trial_random,20260920,trial0,4,3264,1633,0.520221,0.485609,0.0631162,0.658055
real_left_right_fist,trial_random,20260920,trial0,8,3264,1633,0.529412,0.497244,0.085939,0.70257
real_left_right_fist,trial_random,20260920,trial0,16,3264,1633,0.542279,0.510104,0.146166,0.759985
real_left_right_fist,trial_random,20260920,trial0,32,3264,1633,0.554534,0.521127,0.247171,0.824745
real_left_right_fist,trial_random,20260920,trial0,64,3264,1633,0.588235,0.533987,0.556374,0.884819
real_left_right_fist,trial_random,20260920,trial0,128,3264,1633,0.712929,0.699939,4.72652,0.921216
real_left_right_fist,trial_random,20260920,trial0,256,3264,1633,0.794118,0.734231,8.58841,0.940137
real_left_right_fist,trial_random,20260920,trial0,512,3264,1633,0.823223,0.742192,11.446,0.961975
real_left_right_fist,trial_random,20260920,trial0,1024,3264,1633,0.891544,0.726883,17.534,0.985741
real_left_right_fist,trial_random,20260920,trial0,2080,3264,1633,0.96875,0.711574,22.9115,1
real_left_right_fist,trial_random,20260920,trial1,2,3265,1632,0.505054,0.488971,0.0128484,0.627426
real_left_right_fist,trial_random,20260920,trial1,4,3265,1632,0.499541,0.487745,0.0227354,0.659962
real_left_right_fist,trial_random,20260920,trial1,8,3265,1632,0.520674,0.497549,0.05807,0.704728
real_left_right_fist,trial_random,20260920,trial1,16,3265,1632,0.537519,0.507966,0.137644,0.762905
real_left_right_fist,trial_random,20260920,trial1,32,3265,1632,0.545482,0.518382,0.277977,0.827519
real_left_right_fist,trial_random,20260920,trial1,64,3265,1632,0.588668,0.522059,0.6022,0.886958
real_left_right_fist,trial_random,20260920,trial1,128,3265,1632,0.737825,0.686275,5.27352,0.922617
real_left_right_fist,trial_random,20260920,trial1,256,3265,1632,0.786524,0.71201,8.51916,0.941138
real_left_right_fist,trial_random,20260920,trial1,512,3265,1632,0.830322,0.714461,11.605,0.962632
real_left_right_fist,trial_random,20260920,trial1,1024,3265,1632,0.891577,0.710172,17.6969,0.985991
real_left_right_fist,trial_random,20260920,trial1,2080,3265,1632,0.973354,0.697917,22.8199,1
real_left_right_fist,trial_random,20260920,trial2,2,3265,1632,0.508729,0.478554,0.00556566,0.625337
real_left_right_fist,trial_random,20260920,trial2,4,3265,1632,0.520061,0.485907,0.0390475,0.657984
real_left_right_fist,trial_random,20260920,trial2,8,3265,1632,0.530781,0.495098,0.0697263,0.703402
real_left_right_fist,trial_random,20260920,trial2,16,3265,1632,0.543645,0.520221,0.128558,0.762022
real_left_right_fist,trial_random,20260920,trial2,32,3265,1632,0.561715,0.536152,0.270029,0.827006
real_left_right_fist,trial_random,20260920,trial2,64,3265,1632,0.575804,0.532475,0.574969,0.887071
real_left_right_fist,trial_random,20260920,trial2,128,3265,1632,0.744257,0.680147,5.05189,0.92257
real_left_right_fist,trial_random,20260920,trial2,256,3265,1632,0.792956,0.720588,8.66855,0.941151
real_left_right_fist,trial_random,20260920,trial2,512,3265,1632,0.833691,0.728554,11.6577,0.962647
real_left_right_fist,trial_random,20260920,trial2,1024,3265,1632,0.898622,0.729779,17.5574,0.985994
real_left_right_fist,trial_random,20260920,trial2,2080,3265,1632,0.969985,0.73223,22.8052,1
real_left_right_fist,run_disjoint,20260916,run0,2,3260,1637,0.505215,0.504582,0.00440769,0.633204
real_left_right_fist,run_disjoint,20260916,run0,4,3260,1637,0.511963,0.510079,0.0315774,0.665757
real_left_right_fist,run_disjoint,20260916,run0,8,3260,1637,0.521472,0.515577,0.0664698,0.710245
real_left_right_fist,run_disjoint,20260916,run0,16,3260,1637,0.538037,0.521686,0.131463,0.767356
real_left_right_fist,run_disjoint,20260916,run0,32,3260,1637,0.559816,0.548564,0.260563,0.831231
real_left_right_fist,run_disjoint,20260916,run0,64,3260,1637,0.574847,0.557728,0.47334,0.891404
real_left_right_fist,run_disjoint,20260916,run0,128,3260,1637,0.75,0.695174,5.81895,0.926298
real_left_right_fist,run_disjoint,20260916,run0,256,3260,1637,0.8,0.711668,9.10939,0.943498
real_left_right_fist,run_disjoint,20260916,run0,512,3260,1637,0.834356,0.722663,11.8135,0.964146
real_left_right_fist,run_disjoint,20260916,run0,1024,3260,1637,0.895399,0.709835,17.2015,0.986596
real_left_right_fist,run_disjoint,20260916,run0,2080,3260,1637,0.969325,0.69212,22.8037,1
real_left_right_fist,run_disjoint,20260916,run1,2,3267,1630,0.500459,0.499387,0.00221962,0.625458
real_left_right_fist,run_disjoint,20260916,run1,4,3267,1630,0.514845,0.502454,0.0301762,0.65812
real_left_right_fist,run_disjoint,20260916,run1,8,3267,1630,0.52464,0.511043,0.0699248,0.702945
real_left_right_fist,run_disjoint,20260916,run1,16,3267,1630,0.534129,0.530061,0.122185,0.761072
real_left_right_fist,run_disjoint,20260916,run1,32,3267,1630,0.550658,0.544785,0.232102,0.826278
real_left_right_fist,run_disjoint,20260916,run1,64,3267,1630,0.574839,0.581595,0.47676,0.886118
real_left_right_fist,run_disjoint,20260916,run1,128,3267,1630,0.722681,0.709202,4.86926,0.922449
real_left_right_fist,run_disjoint,20260916,run1,256,3267,1630,0.787267,0.73681,8.45312,0.941095
real_left_right_fist,run_disjoint,20260916,run1,512,3267,1630,0.827365,0.737423,11.6872,0.962542
real_left_right_fist,run_disjoint,20260916,run1,1024,3267,1630,0.89348,0.742331,17.6854,0.985934
real_left_right_fist,run_disjoint,20260916,run1,2080,3267,1630,0.973064,0.714724,23.1116,1
real_left_right_fist,run_disjoint,20260916,run2,2,3267,1630,0.502296,0.5,0.000520027,0.619855
real_left_right_fist,run_disjoint,20260916,run2,4,3267,1630,0.511785,0.510429,0.025183,0.652914
real_left_right_fist,run_disjoint,20260916,run2,8,3267,1630,0.512091,0.514724,0.0480559,0.698866
real_left_right_fist,run_disjoint,20260916,run2,16,3267,1630,0.523416,0.544785,0.113646,0.758654
real_left_right_fist,run_disjoint,20260916,run2,32,3267,1630,0.541475,0.547239,0.214882,0.825344
real_left_right_fist,run_disjoint,20260916,run2,64,3267,1630,0.585552,0.579141,0.489004,0.886246
real_left_right_fist,run_disjoint,20260916,run2,128,3267,1630,0.724824,0.719632,4.86137,0.921939
real_left_right_fist,run_disjoint,20260916,run2,256,3267,1630,0.784818,0.748466,8.65809,0.939954
real_left_right_fist,run_disjoint,20260916,run2,512,3267,1630,0.824304,0.757055,11.8871,0.961675
real_left_right_fist,run_disjoint,20260916,run2,1024,3267,1630,0.892256,0.745399,17.4146,0.985551
real_left_right_fist,run_disjoint,20260916,run2,2080,3267,1630,0.969391,0.723926,22.9737,1
real_left_right_fist,subject_disjoint,20260916,subj0,2,3240,1657,0.504321,0.497284,0.00332905,0.617351
real_left_right_fist,subject_disjoint,20260916,subj0,4,3240,1657,0.508642,0.516596,0.0297581,0.654666
real_left_right_fist,subject_disjoint,20260916,subj0,8,3240,1657,0.525,0.521424,0.053588,0.705418
real_left_right_fist,subject_disjoint,20260916,subj0,16,3240,1657,0.530556,0.532891,0.0962363,0.769778
real_left_right_fist,subject_disjoint,20260916,subj0,32,3240,1657,0.538889,0.552806,0.208396,0.841838
real_left_right_fist,subject_disjoint,20260916,subj0,64,3240,1657,0.579938,0.560048,0.612644,0.90011
real_left_right_fist,subject_disjoint,20260916,subj0,128,3240,1657,0.766975,0.630054,6.60984,0.924077
real_left_right_fist,subject_disjoint,20260916,subj0,256,3240,1657,0.803704,0.64997,8.69749,0.940955
real_left_right_fist,subject_disjoint,20260916,subj0,512,3240,1657,0.83858,0.654194,12.0428,0.962428
real_left_right_fist,subject_disjoint,20260916,subj0,1024,3240,1657,0.898765,0.626433,17.4338,0.985961
real_left_right_fist,subject_disjoint,20260916,subj0,2080,3240,1657,0.975309,0.628847,22.5922,1
real_left_right_fist,subject_disjoint,20260916,subj1,2,3280,1617,0.500305,0.49598,0.003136,0.652134
real_left_right_fist,subject_disjoint,20260916,subj1,4,3280,1617,0.502134,0.503401,0.013788,0.685017
real_left_right_fist,subject_disjoint,20260916,subj1,8,3280,1617,0.514329,0.515152,0.0644758,0.730356
real_left_right_fist,subject_disjoint,20260916,subj1,16,3280,1617,0.538415,0.537415,0.121889,0.788156
real_left_right_fist,subject_disjoint,20260916,subj1,32,3280,1617,0.549085,0.53927,0.238413,0.851918
real_left_right_fist,subject_disjoint,20260916,subj1,64,3280,1617,0.589329,0.552257,0.735865,0.90354
real_left_right_fist,subject_disjoint,20260916,subj1,128,3280,1617,0.761585,0.649969,6.48791,0.92619
real_left_right_fist,subject_disjoint,20260916,subj1,256,3280,1617,0.809756,0.646259,9.2492,0.942351
real_left_right_fist,subject_disjoint,20260916,subj1,512,3280,1617,0.835061,0.655535,12.0656,0.963042
real_left_right_fist,subject_disjoint,20260916,subj1,1024,3280,1617,0.89878,0.649969,17.8471,0.985986
real_left_right_fist,subject_disjoint,20260916,subj1,2080,3280,1617,0.97439,0.623995,22.9565,1
real_left_right_fist,subject_disjoint,20260916,subj2,2,3274,1623,0.499389,0.50154,0.000839354,0.614793
real_left_right_fist,subject_disjoint,20260916,subj2,4,3274,1623,0.510385,0.502773,0.0199992,0.651796
real_left_right_fist,subject_disjoint,20260916,subj2,8,3274,1623,0.513134,0.520641,0.0432891,0.705412
real_left_right_fist,subject_disjoint,20260916,subj2,16,3274,1623,0.531155,0.539125,0.0904667,0.772166
real_left_right_fist,subject_disjoint,20260916,subj2,32,3274,1623,0.540929,0.554529,0.221475,0.844873
real_left_right_fist,subject_disjoint,20260916,subj2,64,3274,1623,0.570556,0.561306,0.473755,0.903606
real_left_right_fist,subject_disjoint,20260916,subj2,128,3274,1623,0.757789,0.658041,6.45383,0.927027
real_left_right_fist,subject_disjoint,20260916,subj2,256,3274,1623,0.794746,0.661738,8.72073,0.943268
real_left_right_fist,subject_disjoint,20260916,subj2,512,3274,1623,0.834759,0.671596,11.908,0.963802
real_left_right_fist,subject_disjoint,20260916,subj2,1024,3274,1623,0.896151,0.684535,17.7966,0.986392
real_left_right_fist,subject_disjoint,20260916,subj2,2080,3274,1623,0.968235,0.675909,23.0015,1
real_left_right_fist,subject_disjoint,20260917,subj0,2,3219,1678,0.502019,0.498212,0.000879788,0.626197
real_left_right_fist,subject_disjoint,20260917,subj0,4,3219,1678,0.508854,0.508939,0.0207077,0.662537
real_left_right_fist,subject_disjoint,20260917,subj0,8,3219,1678,0.527493,0.508939,0.0554943,0.712126
real_left_right_fist,subject_disjoint,20260917,subj0,16,3219,1678,0.532153,0.523838,0.103605,0.77686
real_left_right_fist,subject_disjoint,20260917,subj0,32,3219,1678,0.539919,0.540524,0.188172,0.847401
real_left_right_fist,subject_disjoint,20260917,subj0,64,3219,1678,0.557937,0.591776,0.486776,0.901888
real_left_right_fist,subject_disjoint,20260917,subj0,128,3219,1678,0.754272,0.665077,6.3257,0.925015
real_left_right_fist,subject_disjoint,20260917,subj0,256,3219,1678,0.794346,0.672825,8.74287,0.941535
real_left_right_fist,subject_disjoint,20260917,subj0,512,3219,1678,0.817645,0.667461,11.8169,0.962703
real_left_right_fist,subject_disjoint,20260917,subj0,1024,3219,1678,0.900901,0.666865,17.8814,0.986019
real_left_right_fist,subject_disjoint,20260917,subj0,2080,3219,1678,0.977633,0.643623,23.0463,1
real_left_right_fist,subject_disjoint,20260917,subj1,2,3292,1605,0.500608,0.495327,0.00376159,0.619131
real_left_right_fist,subject_disjoint,20260917,subj1,4,3292,1605,0.517618,0.515888,0.0282129,0.655729
real_left_right_fist,subject_disjoint,20260917,subj1,8,3292,1605,0.515492,0.528349,0.0490628,0.707495
real_left_right_fist,subject_disjoint,20260917,subj1,16,3292,1605,0.525213,0.540187,0.107041,0.770716
real_left_right_fist,subject_disjoint,20260917,subj1,32,3292,1605,0.545261,0.54081,0.201749,0.839975
real_left_right_fist,subject_disjoint,20260917,subj1,64,3292,1605,0.584751,0.560125,0.731308,0.897655
real_left_right_fist,subject_disjoint,20260917,subj1,128,3292,1605,0.772479,0.618692,7.05814,0.921766
real_left_right_fist,subject_disjoint,20260917,subj1,256,3292,1605,0.81531,0.661682,9.67589,0.938909
real_left_right_fist,subject_disjoint,20260917,subj1,512,3292,1605,0.842953,0.65109,12.2595,0.960857
real_left_right_fist,subject_disjoint,20260917,subj1,1024,3292,1605,0.897327,0.631153,17.4487,0.985185
real_left_right_fist,subject_disjoint,20260917,subj1,2080,3292,1605,0.970535,0.619938,22.7116,1
real_left_right_fist,subject_disjoint,20260917,subj2,2,3283,1614,0.499543,0.510533,0.00230604,0.638854
real_left_right_fist,subject_disjoint,20260917,subj2,4,3283,1614,0.510813,0.506196,0.0155149,0.672964
real_left_right_fist,subject_disjoint,20260917,subj2,8,3283,1614,0.52117,0.526642,0.0540706,0.720434
real_left_right_fist,subject_disjoint,20260917,subj2,16,3283,1614,0.526043,0.528501,0.0898567,0.782361
real_left_right_fist,subject_disjoint,20260917,subj2,32,3283,1614,0.545842,0.564436,0.245175,0.850769
real_left_right_fist,subject_disjoint,20260917,subj2,64,3283,1614,0.572038,0.552045,0.707581,0.907149
real_left_right_fist,subject_disjoint,20260917,subj2,128,3283,1614,0.758453,0.658612,6.32116,0.929937
real_left_right_fist,subject_disjoint,20260917,subj2,256,3283,1614,0.801097,0.644981,9.17063,0.945662
real_left_right_fist,subject_disjoint,20260917,subj2,512,3283,1614,0.838258,0.650558,12.0725,0.965405
real_left_right_fist,subject_disjoint,20260917,subj2,1024,3283,1614,0.907402,0.649318,18.2551,0.987031
real_left_right_fist,subject_disjoint,20260917,subj2,2080,3283,1614,0.971977,0.649318,22.777,1
real_left_right_fist,subject_disjoint,20260918,subj0,2,3235,1662,0.502937,0.501203,0.00172219,0.615703
real_left_right_fist,subject_disjoint,20260918,subj0,4,3235,1662,0.511283,0.512034,0.0206166,0.65524
real_left_right_fist,subject_disjoint,20260918,subj0,8,3235,1662,0.514065,0.530084,0.0479692,0.70742
real_left_right_fist,subject_disjoint,20260918,subj0,16,3235,1662,0.524266,0.54272,0.119358,0.771
real_left_right_fist,subject_disjoint,20260918,subj0,32,3235,1662,0.544977,0.540313,0.214536,0.840796
real_left_right_fist,subject_disjoint,20260918,subj0,64,3235,1662,0.587635,0.568592,0.661442,0.897959
real_left_right_fist,subject_disjoint,20260918,subj0,128,3235,1662,0.736631,0.649819,5.9391,0.921714
real_left_right_fist,subject_disjoint,20260918,subj0,256,3235,1662,0.782998,0.660048,8.44994,0.938933
real_left_right_fist,subject_disjoint,20260918,subj0,512,3235,1662,0.82442,0.66426,11.7268,0.961001
real_left_right_fist,subject_disjoint,20260918,subj0,1024,3235,1662,0.888099,0.641396,17.5453,0.985343
real_left_right_fist,subject_disjoint,20260918,subj0,2080,3235,1662,0.973725,0.637786,23.0101,1
real_left_right_fist,subject_disjoint,20260918,subj1,2,3289,1608,0.503192,0.504353,0.00125575,0.609301
real_left_right_fist,subject_disjoint,20260918,subj1,4,3289,1608,0.513226,0.519279,0.0423712,0.646025
real_left_right_fist,subject_disjoint,20260918,subj1,8,3289,1608,0.520523,0.517413,0.0473483,0.697779
real_left_right_fist,subject_disjoint,20260918,subj1,16,3289,1608,0.522043,0.541667,0.091059,0.76599
real_left_right_fist,subject_disjoint,20260918,subj1,32,3289,1608,0.531469,0.533582,0.19093,0.840725
real_left_right_fist,subject_disjoint,20260918,subj1,64,3289,1608,0.58042,0.546642,0.640376,0.900401
real_left_right_fist,subject_disjoint,20260918,subj1,128,3289,1608,0.767711,0.6449,6.6989,0.92515
real_left_right_fist,subject_disjoint,20260918,subj1,256,3289,1608,0.809061,0.668532,9.35961,0.941847
real_left_right_fist,subject_disjoint,20260918,subj1,512,3289,1608,0.852843,0.653607,12.5062,0.962901
real_left_right_fist,subject_disjoint,20260918,subj1,1024,3289,1608,0.896625,0.639925,17.844,0.986021
real_left_right_fist,subject_disjoint,20260918,subj1,2080,3289,1608,0.976589,0.628731,22.8201,1
real_left_right_fist,subject_disjoint,20260918,subj2,2,3270,1627,0.5,0.50461,0.00452064,0.658475
real_left_right_fist,subject_disjoint,20260918,subj2,4,3270,1627,0.512232,0.507683,0.0133051,0.691623
real_left_right_fist,subject_disjoint,20260918,subj2,8,3270,1627,0.515291,0.529195,0.0498964,0.736078
real_left_right_fist,subject_disjoint,20260918,subj2,16,3270,1627,0.528746,0.539029,0.0937565,0.793587
real_left_right_fist,subject_disjoint,20260918,subj2,32,3270,1627,0.547401,0.540258,0.232213,0.857452
real_left_right_fist,subject_disjoint,20260918,subj2,64,3270,1627,0.58104,0.556853,0.677627,0.908862
real_left_right_fist,subject_disjoint,20260918,subj2,128,3270,1627,0.772171,0.643516,7.22631,0.93038
real_left_right_fist,subject_disjoint,20260918,subj2,256,3270,1627,0.815596,0.634911,9.65035,0.945727
real_left_right_fist,subject_disjoint,20260918,subj2,512,3270,1627,0.850765,0.62815,12.851,0.965354
real_left_right_fist,subject_disjoint,20260918,subj2,1024,3270,1627,0.904893,0.642286,17.8357,0.986967
real_left_right_fist,subject_disjoint,20260918,subj2,2080,3270,1627,0.975841,0.634296,22.881,1
real_left_right_fist,subject_disjoint,20260919,subj0,2,3244,1653,0.497534,0.500907,0.000890682,0.629264
real_left_right_fist,subject_disjoint,20260919,subj0,4,3244,1653,0.50894,0.517846,0.023773,0.666742
real_left_right_fist,subject_disjoint,20260919,subj0,8,3244,1653,0.514488,0.530551,0.0388496,0.717727
real_left_right_fist,subject_disjoint,20260919,subj0,16,3244,1653,0.521887,0.525711,0.0940454,0.78043
real_left_right_fist,subject_disjoint,20260919,subj0,32,3244,1653,0.541924,0.558984,0.219129,0.848016
real_left_right_fist,subject_disjoint,20260919,subj0,64,3244,1653,0.553329,0.579552,0.526957,0.90445
real_left_right_fist,subject_disjoint,20260919,subj0,128,3244,1653,0.747226,0.682396,5.99121,0.927126
real_left_right_fist,subject_disjoint,20260919,subj0,256,3244,1653,0.798089,0.684211,8.55458,0.943346
real_left_right_fist,subject_disjoint,20260919,subj0,512,3244,1653,0.834772,0.670296,12.0969,0.963942
real_left_right_fist,subject_disjoint,20260919,subj0,1024,3244,1653,0.890875,0.675741,17.5799,0.986516
real_left_right_fist,subject_disjoint,20260919,subj0,2080,3244,1653,0.969482,0.648518,23.0899,1
real_left_right_fist,subject_disjoint,20260919,subj1,2,3258,1639,0.506139,0.498475,0.00477634,0.626894
real_left_right_fist,subject_disjoint,20260919,subj1,4,3258,1639,0.509515,0.507627,0.0179086,0.663677
real_left_right_fist,subject_disjoint,20260919,subj1,8,3258,1639,0.522406,0.52227,0.0637572,0.713758
real_left_right_fist,subject_disjoint,20260919,subj1,16,3258,1639,0.527624,0.535082,0.123644,0.776896
real_left_right_fist,subject_disjoint,20260919,subj1,32,3258,1639,0.53407,0.537523,0.17901,0.847477
real_left_right_fist,subject_disjoint,20260919,subj1,64,3258,1639,0.581338,0.563148,0.701379,0.902701
real_left_right_fist,subject_disjoint,20260919,subj1,128,3258,1639,0.762431,0.649786,6.74336,0.926291
real_left_right_fist,subject_disjoint,20260919,subj1,256,3258,1639,0.800798,0.660769,9.2995,0.942739
real_left_right_fist,subject_disjoint,20260919,subj1,512,3258,1639,0.8407,0.66443,12.1181,0.963554
real_left_right_fist,subject_disjoint,20260919,subj1,1024,3258,1639,0.900859,0.643685,17.8577,0.98637
real_left_right_fist,subject_disjoint,20260919,subj1,2080,3258,1639,0.975138,0.636974,22.7206,1
real_left_right_fist,subject_disjoint,20260919,subj2,2,3292,1605,0.501215,0.508411,0.00221156,0.629799
real_left_right_fist,subject_disjoint,20260919,subj2,4,3292,1605,0.510024,0.510903,0.0235014,0.662996
real_left_right_fist,subject_disjoint,20260919,subj2,8,3292,1605,0.515796,0.523988,0.0503445,0.710369
real_left_right_fist,subject_disjoint,20260919,subj2,16,3292,1605,0.537363,0.530218,0.118448,0.772078
real_left_right_fist,subject_disjoint,20260919,subj2,32,3292,1605,0.538275,0.543925,0.20594,0.842832
real_left_right_fist,subject_disjoint,20260919,subj2,64,3292,1605,0.575638,0.566355,0.599995,0.900724
real_left_right_fist,subject_disjoint,20260919,subj2,128,3292,1605,0.777947,0.638629,7.12935,0.924179
real_left_right_fist,subject_disjoint,20260919,subj2,256,3292,1605,0.812576,0.639252,9.42731,0.94072
real_left_right_fist,subject_disjoint,20260919,subj2,512,3292,1605,0.842345,0.633645,12.6745,0.961918
real_left_right_fist,subject_disjoint,20260919,subj2,1024,3292,1605,0.913426,0.642368,18.1222,0.985521
real_left_right_fist,subject_disjoint,20260919,subj2,2080,3292,1605,0.973876,0.637383,22.7156,1
real_left_right_fist,subject_disjoint,20260920,subj0,2,3237,1660,0.504479,0.496386,0.00381972,0.646477
real_left_right_fist,subject_disjoint,20260920,subj0,4,3237,1660,0.512821,0.516265,0.0294393,0.68156
real_left_right_fist,subject_disjoint,20260920,subj0,8,3237,1660,0.519926,0.512048,0.0473733,0.729107
real_left_right_fist,subject_disjoint,20260920,subj0,16,3237,1660,0.539697,0.526506,0.0994703,0.788719
real_left_right_fist,subject_disjoint,20260920,subj0,32,3237,1660,0.542787,0.53494,0.244103,0.853507
real_left_right_fist,subject_disjoint,20260920,subj0,64,3237,1660,0.57924,0.555422,0.539885,0.906871
real_left_right_fist,subject_disjoint,20260920,subj0,128,3237,1660,0.771393,0.641566,6.82927,0.92868
real_left_right_fist,subject_disjoint,20260920,subj0,256,3237,1660,0.809082,0.645181,9.33829,0.944442
real_left_right_fist,subject_disjoint,20260920,subj0,512,3237,1660,0.845845,0.646386,12.4738,0.96461
real_left_right_fist,subject_disjoint,20260920,subj0,1024,3237,1660,0.911029,0.651205,18.1136,0.986767
real_left_right_fist,subject_disjoint,20260920,subj0,2080,3237,1660,0.977757,0.64759,22.9457,1
real_left_right_fist,subject_disjoint,20260920,subj1,2,3280,1617,0.496341,0.518862,0.000877544,0.624931
real_left_right_fist,subject_disjoint,20260920,subj1,4,3280,1617,0.501524,0.517007,0.0129487,0.662125
real_left_right_fist,subject_disjoint,20260920,subj1,8,3280,1617,0.516768,0.523191,0.0379055,0.713582
real_left_right_fist,subject_disjoint,20260920,subj1,16,3280,1617,0.536585,0.547928,0.116882,0.777017
real_left_right_fist,subject_disjoint,20260920,subj1,32,3280,1617,0.545427,0.552876,0.193282,0.845895
real_left_right_fist,subject_disjoint,20260920,subj1,64,3280,1617,0.578963,0.578231,0.662151,0.902163
real_left_right_fist,subject_disjoint,20260920,subj1,128,3280,1617,0.734451,0.675943,5.70379,0.925458
real_left_right_fist,subject_disjoint,20260920,subj1,256,3280,1617,0.789329,0.686456,8.61889,0.941971
real_left_right_fist,subject_disjoint,20260920,subj1,512,3280,1617,0.817683,0.683983,11.3921,0.962929
real_left_right_fist,subject_disjoint,20260920,subj1,1024,3280,1617,0.877439,0.666667,17.2307,0.986028
real_left_right_fist,subject_disjoint,20260920,subj1,2080,3280,1617,0.966463,0.670377,23.2643,1
real_left_right_fist,subject_disjoint,20260920,subj2,2,3277,1620,0.498016,0.509259,0.00159322,0.607986
real_left_right_fist,subject_disjoint,20260920,subj2,4,3277,1620,0.513885,0.52284,0.0309402,0.645037
real_left_right_fist,subject_disjoint,20260920,subj2,8,3277,1620,0.519072,0.533333,0.0476195,0.696646
real_left_right_fist,subject_disjoint,20260920,subj2,16,3277,1620,0.522124,0.537037,0.102753,0.762481
real_left_right_fist,subject_disjoint,20260920,subj2,32,3277,1620,0.541654,0.555556,0.169325,0.836086
real_left_right_fist,subject_disjoint,20260920,subj2,64,3277,1620,0.584376,0.566049,0.699243,0.896604
real_left_right_fist,subject_disjoint,20260920,subj2,128,3277,1620,0.768386,0.650617,6.67917,0.922028
real_left_right_fist,subject_disjoint,20260920,subj2,256,3277,1620,0.803479,0.641358,9.10187,0.93934
real_left_right_fist,subject_disjoint,20260920,subj2,512,3277,1620,0.84376,0.647531,12.2459,0.961212
real_left_right_fist,subject_disjoint,20260920,subj2,1024,3277,1620,0.912115,0.641975,18.0243,0.98535
real_left_right_fist,subject_disjoint,20260920,subj2,2080,3277,1620,0.976808,0.634568,22.6582,1
imagery_fists_feet,trial_random,20260916,trial0,2,3264,1633,0.508272,0.490508,0.0116577,0.633706
imagery_fists_feet,trial_random,20260916,trial0,4,3264,1633,0.522365,0.474587,0.0406374,0.665837
imagery_fists_feet,trial_random,20260916,trial0,8,3264,1633,0.52451,0.491733,0.0780727,0.709618
imagery_fists_feet,trial_random,20260916,trial0,16,3264,1633,0.533395,0.489284,0.141276,0.7669
imagery_fists_feet,trial_random,20260916,trial0,32,3264,1633,0.555453,0.524189,0.324442,0.831044
imagery_fists_feet,trial_random,20260916,trial0,64,3264,1633,0.620404,0.573178,0.984178,0.89131
imagery_fists_feet,trial_random,20260916,trial0,128,3264,1633,0.695466,0.665034,3.39745,0.926582
imagery_fists_feet,trial_random,20260916,trial0,256,3264,1633,0.730699,0.677893,5.59258,0.944158
imagery_fists_feet,trial_random,20260916,trial0,512,3264,1633,0.771446,0.679731,8.63474,0.964648
imagery_fists_feet,trial_random,20260916,trial0,1024,3264,1633,0.839461,0.656461,15.1686,0.986824
imagery_fists_feet,trial_random,20260916,trial0,2080,3264,1633,0.9375,0.646663,22.7179,1
imagery_fists_feet,trial_random,20260916,trial1,2,3265,1632,0.509342,0.476103,0.0126937,0.628149
imagery_fists_feet,trial_random,20260916,trial1,4,3265,1632,0.505054,0.47549,0.0182194,0.660574
imagery_fists_feet,trial_random,20260916,trial1,8,3265,1632,0.506585,0.487745,0.0451268,0.705107
imagery_fists_feet,trial_random,20260916,trial1,16,3265,1632,0.522511,0.502451,0.111381,0.763633
imagery_fists_feet,trial_random,20260916,trial1,32,3265,1632,0.536294,0.52451,0.25528,0.827996
imagery_fists_feet,trial_random,20260916,trial1,64,3265,1632,0.583155,0.56924,0.805069,0.88915
imagery_fists_feet,trial_random,20260916,trial1,128,3265,1632,0.701685,0.63848,3.5861,0.925131
imagery_fists_feet,trial_random,20260916,trial1,256,3265,1632,0.724349,0.653799,5.60851,0.943034
imagery_fists_feet,trial_random,20260916,trial1,512,3265,1632,0.76294,0.669118,8.69537,0.963915
imagery_fists_feet,trial_random,20260916,trial1,1024,3265,1632,0.835528,0.65625,15.4293,0.986531
imagery_fists_feet,trial_random,20260916,trial1,2080,3265,1632,0.950077,0.618873,22.9171,1
imagery_fists_feet,trial_random,20260916,trial2,2,3265,1632,0.514242,0.480392,0.0113464,0.627188
imagery_fists_feet,trial_random,20260916,trial2,4,3265,1632,0.505972,0.494485,0.0238959,0.658808
imagery_fists_feet,trial_random,20260916,trial2,8,3265,1632,0.518224,0.504289,0.0651182,0.704407
imagery_fists_feet,trial_random,20260916,trial2,16,3265,1632,0.53415,0.507966,0.113246,0.763064
imagery_fists_feet,trial_random,20260916,trial2,32,3265,1632,0.553139,0.525735,0.291842,0.828268
imagery_fists_feet,trial_random,20260916,trial2,64,3265,1632,0.610107,0.553922,0.925805,0.889446
imagery_fists_feet,trial_random,20260916,trial2,128,3265,1632,0.698622,0.655025,3.53242,0.925242
imagery_fists_feet,trial_random,20260916,trial2,256,3265,1632,0.7317,0.650735,5.9536,0.943073
imagery_fists_feet,trial_random,20260916,trial2,512,3265,1632,0.777335,0.64951,8.99981,0.963963
imagery_fists_feet,trial_random,20260916,trial2,1024,3265,1632,0.850536,0.643995,16.0144,0.986569
imagery_fists_feet,trial_random,20260916,trial2,2080,3265,1632,0.952221,0.613358,23.0214,1
imagery_fists_feet,trial_random,20260917,trial0,2,3264,1633,0.509804,0.485609,0.0111785,0.631538
imagery_fists_feet,trial_random,20260917,trial0,4,3264,1633,0.509191,0.499081,0.0197325,0.663691
imagery_fists_feet,trial_random,20260917,trial0,8,3264,1633,0.517157,0.522964,0.0467953,0.708157
imagery_fists_feet,trial_random,20260917,trial0,16,3264,1633,0.531556,0.508879,0.133148,0.765441
imagery_fists_feet,trial_random,20260917,trial0,32,3264,1633,0.54902,0.517453,0.311994,0.829262
imagery_fists_feet,trial_random,20260917,trial0,64,3264,1633,0.598346,0.572566,0.923365,0.889996
imagery_fists_feet,trial_random,20260917,trial0,128,3264,1633,0.690257,0.660135,3.35682,0.925725
imagery_fists_feet,trial_random,20260917,trial0,256,3264,1633,0.726409,0.677281,5.77904,0.94344
imagery_fists_feet,trial_random,20260917,trial0,512,3264,1633,0.765012,0.663197,8.63401,0.964167
imagery_fists_feet,trial_random,20260917,trial0,1024,3264,1633,0.836703,0.649724,14.9011,0.986626
imagery_fists_feet,trial_random,20260917,trial0,2080,3264,1633,0.943934,0.631353,22.766,1
imagery_fists_feet,trial_random,20260917,trial1,2,3265,1632,0.509035,0.476716,0.00390056,0.630577
imagery_fists_feet,trial_random,20260917,trial1,4,3265,1632,0.52098,0.484069,0.0409734,0.662174
imagery_fists_feet,trial_random,20260917,trial1,8,3265,1632,0.529556,0.484681,0.0749572,0.706678
imagery_fists_feet,trial_random,20260917,trial1,16,3265,1632,0.541807,0.491422,0.127858,0.76519
imagery_fists_feet,trial_random,20260917,trial1,32,3265,1632,0.563247,0.520221,0.336951,0.829941
imagery_fists_feet,trial_random,20260917,trial1,64,3265,1632,0.614089,0.590074,0.918595,0.89028
imagery_fists_feet,trial_random,20260917,trial1,128,3265,1632,0.693109,0.655637,3.51943,0.925832
imagery_fists_feet,trial_random,20260917,trial1,256,3265,1632,0.744257,0.651961,6.22021,0.943579
imagery_fists_feet,trial_random,20260917,trial1,512,3265,1632,0.780704,0.653799,9.26752,0.964303
imagery_fists_feet,trial_random,20260917,trial1,1024,3265,1632,0.845942,0.652574,15.4705,0.986694
imagery_fists_feet,trial_random,20260917,trial1,2080,3265,1632,0.950077,0.636029,22.9211,1
imagery_fists_feet,trial_random,20260917,trial2,2,3265,1632,0.511792,0.473652,0.00420672,0.627114
imagery_fists_feet,trial_random,20260917,trial2,4,3265,1632,0.504747,0.492034,0.0238167,0.659692
imagery_fists_feet,trial_random,20260917,trial2,8,3265,1632,0.510873,0.508578,0.0397518,0.704903
imagery_fists_feet,trial_random,20260917,trial2,16,3265,1632,0.530168,0.520221,0.120126,0.763594
imagery_fists_feet,trial_random,20260917,trial2,32,3265,1632,0.548545,0.535539,0.275681,0.828616
imagery_fists_feet,trial_random,20260917,trial2,64,3265,1632,0.607044,0.559436,0.948442,0.88983
imagery_fists_feet,trial_random,20260917,trial2,128,3265,1632,0.691271,0.660539,3.3797,0.925449
imagery_fists_feet,trial_random,20260917,trial2,256,3265,1632,0.72098,0.677696,5.50276,0.943282
imagery_fists_feet,trial_random,20260917,trial2,512,3265,1632,0.763247,0.675245,8.45546,0.96411
imagery_fists_feet,trial_random,20260917,trial2,1024,3265,1632,0.838591,0.64951,15.0443,0.986631
imagery_fists_feet,trial_random,20260917,trial2,2080,3265,1632,0.946401,0.625,23.0426,1
imagery_fists_feet,trial_random,20260918,trial0,2,3264,1633,0.501225,0.49357,0.00209618,0.630909
imagery_fists_feet,trial_random,20260918,trial0,4,3264,1633,0.515931,0.50398,0.0305556,0.662979
imagery_fists_feet,trial_random,20260918,trial0,8,3264,1633,0.522059,0.490508,0.0698002,0.707259
imagery_fists_feet,trial_random,20260918,trial0,16,3264,1633,0.526042,0.534599,0.102537,0.765171
imagery_fists_feet,trial_random,20260918,trial0,32,3264,1633,0.556373,0.533987,0.305929,0.829726
imagery_fists_feet,trial_random,20260918,trial0,64,3264,1633,0.592525,0.557257,0.86275,0.890481
imagery_fists_feet,trial_random,20260918,trial0,128,3264,1633,0.702819,0.644825,3.51112,0.926067
imagery_fists_feet,trial_random,20260918,trial0,256,3264,1633,0.730392,0.661972,5.87211,0.943814
imagery_fists_feet,trial_random,20260918,trial0,512,3264,1633,0.768382,0.645438,9.39655,0.964457
imagery_fists_feet,trial_random,20260918,trial0,1024,3264,1633,0.853248,0.634415,16.1937,0.986765
imagery_fists_feet,trial_random,20260918,trial0,2080,3264,1633,0.952206,0.636865,23.1079,1
imagery_fists_feet,trial_random,20260918,trial1,2,3265,1632,0.508116,0.49326,0.0168207,0.62828
imagery_fists_feet,trial_random,20260918,trial1,4,3265,1632,0.517917,0.48223,0.0365691,0.660407
imagery_fists_feet,trial_random,20260918,trial1,8,3265,1632,0.517917,0.498775,0.0509255,0.705266
imagery_fists_feet,trial_random,20260918,trial1,16,3265,1632,0.535375,0.5,0.129724,0.763711
imagery_fists_feet,trial_random,20260918,trial1,32,3265,1632,0.559571,0.536765,0.27619,0.82847
imagery_fists_feet,trial_random,20260918,trial1,64,3265,1632,0.615926,0.563725,0.951211,0.889694
imagery_fists_feet,trial_random,20260918,trial1,128,3265,1632,0.69709,0.648897,3.63258,0.925351
imagery_fists_feet,trial_random,20260918,trial1,256,3265,1632,0.724655,0.655025,5.69437,0.943141
imagery_fists_feet,trial_random,20260918,trial1,512,3265,1632,0.770597,0.653799,9.02832,0.963979
imagery_fists_feet,trial_random,20260918,trial1,1024,3265,1632,0.836141,0.640319,15.6519,0.986567
imagery_fists_feet,trial_random,20260918,trial1,2080,3265,1632,0.94732,0.620098,22.977,1
imagery_fists_feet,trial_random,20260918,trial2,2,3265,1632,0.498009,0.495098,0.00556979,0.629982
imagery_fists_feet,trial_random,20260918,trial2,4,3265,1632,0.502603,0.504289,0.0149792,0.661917
imagery_fists_feet,trial_random,20260918,trial2,8,3265,1632,0.513017,0.51348,0.0630456,0.706596
imagery_fists_feet,trial_random,20260918,trial2,16,3265,1632,0.535069,0.498775,0.127454,0.76465
imagery_fists_feet,trial_random,20260918,trial2,32,3265,1632,0.556508,0.522059,0.303734,0.828884
imagery_fists_feet,trial_random,20260918,trial2,64,3265,1632,0.598775,0.559436,0.87749,0.88965
imagery_fists_feet,trial_random,20260918,trial2,128,3265,1632,0.689127,0.664828,3.39139,0.925521
imagery_fists_feet,trial_random,20260918,trial2,256,3265,1632,0.725268,0.654412,5.69083,0.943303
imagery_fists_feet,trial_random,20260918,trial2,512,3265,1632,0.782236,0.647672,8.89986,0.964098
imagery_fists_feet,trial_random,20260918,trial2,1024,3265,1632,0.836753,0.648284,14.9979,0.986615
imagery_fists_feet,trial_random,20260918,trial2,2080,3265,1632,0.941501,0.634804,22.674,1
imagery_fists_feet,trial_random,20260919,trial0,2,3264,1633,0.512255,0.477036,0.0060563,0.626959
imagery_fists_feet,trial_random,20260919,trial0,4,3264,1633,0.514093,0.488671,0.0192568,0.659199
imagery_fists_feet,trial_random,20260919,trial0,8,3264,1633,0.5144,0.491733,0.0401398,0.703876
imagery_fists_feet,trial_random,20260919,trial0,16,3264,1633,0.526348,0.531537,0.105286,0.762506
imagery_fists_feet,trial_random,20260919,trial0,32,3264,1633,0.539522,0.536436,0.251148,0.827734
imagery_fists_feet,trial_random,20260919,trial0,64,3264,1633,0.593444,0.564605,0.884331,0.889149
imagery_fists_feet,trial_random,20260919,trial0,128,3264,1633,0.699142,0.661359,3.41716,0.925067
imagery_fists_feet,trial_random,20260919,trial0,256,3264,1633,0.731311,0.671157,5.61524,0.943022
imagery_fists_feet,trial_random,20260919,trial0,512,3264,1633,0.759498,0.65891,8.77337,0.963943
imagery_fists_feet,trial_random,20260919,trial0,1024,3264,1633,0.839461,0.641764,15.2302,0.986547
imagery_fists_feet,trial_random,20260919,trial0,2080,3264,1633,0.942708,0.641151,22.7403,1
imagery_fists_feet,trial_random,20260919,trial1,2,3265,1632,0.516386,0.46875,0.00877325,0.636367
imagery_fists_feet,trial_random,20260919,trial1,4,3265,1632,0.517305,0.465074,0.0113006,0.667939
imagery_fists_feet,trial_random,20260919,trial1,8,3265,1632,0.524349,0.498162,0.0632215,0.711951
imagery_fists_feet,trial_random,20260919,trial1,16,3265,1632,0.529556,0.498775,0.128702,0.768662
imagery_fists_feet,trial_random,20260919,trial1,32,3265,1632,0.547626,0.520833,0.320151,0.831757
imagery_fists_feet,trial_random,20260919,trial1,64,3265,1632,0.606126,0.564951,0.930529,0.891627
imagery_fists_feet,trial_random,20260919,trial1,128,3265,1632,0.690046,0.651348,3.3655,0.926763
imagery_fists_feet,trial_random,20260919,trial1,256,3265,1632,0.732925,0.66299,5.96615,0.944232
imagery_fists_feet,trial_random,20260919,trial1,512,3265,1632,0.775191,0.681373,9.02099,0.964684
imagery_fists_feet,trial_random,20260919,trial1,1024,3265,1632,0.854518,0.643995,15.7767,0.986816
imagery_fists_feet,trial_random,20260919,trial1,2080,3265,1632,0.945176,0.640319,22.8837,1
imagery_fists_feet,trial_random,20260919,trial2,2,3265,1632,0.509035,0.496324,0.0110153,0.625691
imagery_fists_feet,trial_random,20260919,trial2,4,3265,1632,0.51853,0.474265,0.0594009,0.658278
imagery_fists_feet,trial_random,20260919,trial2,8,3265,1632,0.527718,0.481005,0.0942204,0.703732
imagery_fists_feet,trial_random,20260919,trial2,16,3265,1632,0.545789,0.510417,0.128676,0.76262
imagery_fists_feet,trial_random,20260919,trial2,32,3265,1632,0.558346,0.519608,0.328615,0.827883
imagery_fists_feet,trial_random,20260919,trial2,64,3265,1632,0.598469,0.561887,0.927145,0.889156
imagery_fists_feet,trial_random,20260919,trial2,128,3265,1632,0.698928,0.647059,3.47281,0.925085
imagery_fists_feet,trial_random,20260919,trial2,256,3265,1632,0.72925,0.659314,5.7304,0.943002
imagery_fists_feet,trial_random,20260919,trial2,512,3265,1632,0.77121,0.645833,9.02641,0.963921
imagery_fists_feet,trial_random,20260919,trial2,1024,3265,1632,0.838285,0.629289,15.0939,0.986546
imagery_fists_feet,trial_random,20260919,trial2,2080,3265,1632,0.943645,0.615809,22.8417,1
imagery_fists_feet,trial_random,20260920,trial0,2,3264,1633,0.508885,0.468463,0.0101396,0.630953
imagery_fists_feet,trial_random,20260920,trial0,4,3264,1633,0.51685,0.466013,0.0551978,0.662916
imagery_fists_feet,trial_random,20260920,trial0,8,3264,1633,0.523284,0.481935,0.0690283,0.707341
imagery_fists_feet,trial_random,20260920,trial0,16,3264,1633,0.529412,0.49357,0.125603,0.764918
imagery_fists_feet,trial_random,20260920,trial0,32,3264,1633,0.557292,0.509492,0.308977,0.829318
imagery_fists_feet,trial_random,20260920,trial0,64,3264,1633,0.59375,0.563993,0.788886,0.890027
imagery_fists_feet,trial_random,20260920,trial0,128,3264,1633,0.691483,0.654623,3.45738,0.925824
imagery_fists_feet,trial_random,20260920,trial0,256,3264,1633,0.723039,0.654623,5.92286,0.943527
imagery_fists_feet,trial_random,20260920,trial0,512,3264,1633,0.783395,0.643601,9.23919,0.964241
imagery_fists_feet,trial_random,20260920,trial0,1024,3264,1633,0.842831,0.644825,15.7448,0.986666
imagery_fists_feet,trial_random,20260920,trial0,2080,3264,1633,0.946691,0.628291,22.9312,1
imagery_fists_feet,trial_random,20260920,trial1,2,3265,1632,0.504135,0.500613,0.00897542,0.628244
imagery_fists_feet,trial_random,20260920,trial1,4,3265,1632,0.511485,0.490196,0.0235148,0.660583
imagery_fists_feet,trial_random,20260920,trial1,8,3265,1632,0.516998,0.503064,0.0583615,0.705187
imagery_fists_feet,trial_random,20260920,trial1,16,3265,1632,0.533844,0.527574,0.101984,0.763501
imagery_fists_feet,trial_random,20260920,trial1,32,3265,1632,0.546708,0.538603,0.274746,0.828276
imagery_fists_feet,trial_random,20260920,trial1,64,3265,1632,0.602757,0.585172,0.94589,0.889094
imagery_fists_feet,trial_random,20260920,trial1,128,3265,1632,0.698009,0.651961,3.5743,0.925056
imagery_fists_feet,trial_random,20260920,trial1,256,3265,1632,0.733231,0.659314,5.95664,0.942993
imagery_fists_feet,trial_random,20260920,trial1,512,3265,1632,0.769372,0.659926,8.76094,0.963915
imagery_fists_feet,trial_random,20260920,trial1,1024,3265,1632,0.839816,0.64951,14.9477,0.986549
imagery_fists_feet,trial_random,20260920,trial1,2080,3265,1632,0.94487,0.63848,22.8536,1
imagery_fists_feet,trial_random,20260920,trial2,2,3265,1632,0.508423,0.496324,0.00973707,0.629935
imagery_fists_feet,trial_random,20260920,trial2,4,3265,1632,0.506279,0.496324,0.0208956,0.661796
imagery_fists_feet,trial_random,20260920,trial2,8,3265,1632,0.517611,0.499387,0.0651582,0.706923
imagery_fists_feet,trial_random,20260920,trial2,16,3265,1632,0.532619,0.522059,0.123148,0.765466
imagery_fists_feet,trial_random,20260920,trial2,32,3265,1632,0.545176,0.529412,0.300648,0.829933
imagery_fists_feet,trial_random,20260920,trial2,64,3265,1632,0.617764,0.554534,1.0301,0.890961
imagery_fists_feet,trial_random,20260920,trial2,128,3265,1632,0.693721,0.64951,3.43361,0.926078
imagery_fists_feet,trial_random,20260920,trial2,256,3265,1632,0.723124,0.655025,5.62593,0.943772
imagery_fists_feet,trial_random,20260920,trial2,512,3265,1632,0.76876,0.652574,8.82502,0.9644
imagery_fists_feet,trial_random,20260920,trial2,1024,3265,1632,0.837672,0.648897,14.8967,0.98672
imagery_fists_feet,trial_random,20260920,trial2,2080,3265,1632,0.935681,0.634804,22.3927,1
imagery_fists_feet,run_disjoint,20260916,run0,2,3265,1632,0.503522,0.501225,0.00313998,0.635094
imagery_fists_feet,run_disjoint,20260916,run0,4,3265,1632,0.506585,0.51777,0.0261841,0.667046
imagery_fists_feet,run_disjoint,20260916,run0,8,3265,1632,0.51026,0.509191,0.0573372,0.711115
imagery_fists_feet,run_disjoint,20260916,run0,16,3265,1632,0.538744,0.520833,0.0970652,0.768887
imagery_fists_feet,run_disjoint,20260916,run0,32,3265,1632,0.540276,0.545343,0.277674,0.833394
imagery_fists_feet,run_disjoint,20260916,run0,64,3265,1632,0.589893,0.595588,0.790169,0.894063
imagery_fists_feet,run_disjoint,20260916,run0,128,3265,1632,0.686064,0.689338,3.5646,0.929007
imagery_fists_feet,run_disjoint,20260916,run0,256,3265,1632,0.715773,0.683824,5.49303,0.945746
imagery_fists_feet,run_disjoint,20260916,run0,512,3265,1632,0.761103,0.676471,8.72043,0.965668
imagery_fists_feet,run_disjoint,20260916,run0,1024,3265,1632,0.825115,0.670343,15.0755,0.987206
imagery_fists_feet,run_disjoint,20260916,run0,2080,3265,1632,0.941194,0.654412,22.9473,1
imagery_fists_feet,run_disjoint,20260916,run1,2,3265,1632,0.504441,0.50674,0.00394429,0.629139
imagery_fists_feet,run_disjoint,20260916,run1,4,3265,1632,0.509342,0.509804,0.0205,0.660613
imagery_fists_feet,run_disjoint,20260916,run1,8,3265,1632,0.515773,0.506127,0.0487548,0.705451
imagery_fists_feet,run_disjoint,20260916,run1,16,3265,1632,0.530168,0.51777,0.122174,0.764125
imagery_fists_feet,run_disjoint,20260916,run1,32,3265,1632,0.54487,0.536152,0.298682,0.828558
imagery_fists_feet,run_disjoint,20260916,run1,64,3265,1632,0.602144,0.598039,0.847121,0.889632
imagery_fists_feet,run_disjoint,20260916,run1,128,3265,1632,0.701072,0.66973,3.57341,0.925641
imagery_fists_feet,run_disjoint,20260916,run1,256,3265,1632,0.728943,0.666667,6.15698,0.943325
imagery_fists_feet,run_disjoint,20260916,run1,512,3265,1632,0.766922,0.661765,9.03857,0.964058
imagery_fists_feet,run_disjoint,20260916,run1,1024,3265,1632,0.84196,0.659314,15.0978,0.986573
imagery_fists_feet,run_disjoint,20260916,run1,2080,3265,1632,0.94732,0.640319,22.7736,1
imagery_fists_feet,run_disjoint,20260916,run2,2,3264,1633,0.499387,0.507042,0.00223037,0.625227
imagery_fists_feet,run_disjoint,20260916,run2,4,3264,1633,0.519608,0.505205,0.0265686,0.658076
imagery_fists_feet,run_disjoint,20260916,run2,8,3264,1633,0.512561,0.508879,0.0558855,0.70351
imagery_fists_feet,run_disjoint,20260916,run2,16,3264,1633,0.52451,0.511329,0.10069,0.762183
imagery_fists_feet,run_disjoint,20260916,run2,32,3264,1633,0.543811,0.538273,0.262332,0.827743
imagery_fists_feet,run_disjoint,20260916,run2,64,3264,1633,0.595895,0.581751,0.930359,0.889794
imagery_fists_feet,run_disjoint,20260916,run2,128,3264,1633,0.704044,0.662584,3.73463,0.925654
imagery_fists_feet,run_disjoint,20260916,run2,256,3264,1633,0.724265,0.678506,5.91977,0.9429
imagery_fists_feet,run_disjoint,20260916,run2,512,3264,1633,0.768076,0.676669,9.23444,0.963722
imagery_fists_feet,run_disjoint,20260916,run2,1024,3264,1633,0.841605,0.652174,15.3318,0.986431
imagery_fists_feet,run_disjoint,20260916,run2,2080,3264,1633,0.939951,0.636865,22.6033,1
imagery_fists_feet,subject_disjoint,20260916,subj0,2,3241,1656,0.503548,0.496981,0.00173265,0.61932
imagery_fists_feet,subject_disjoint,20260916,subj0,4,3241,1656,0.500771,0.50785,0.00839109,0.657248
imagery_fists_feet,subject_disjoint,20260916,subj0,8,3241,1656,0.514039,0.513285,0.0550415,0.707918
imagery_fists_feet,subject_disjoint,20260916,subj0,16,3241,1656,0.536254,0.517512,0.0870589,0.770938
imagery_fists_feet,subject_disjoint,20260916,subj0,32,3241,1656,0.561864,0.564614,0.307521,0.843676
imagery_fists_feet,subject_disjoint,20260916,subj0,64,3241,1656,0.630978,0.591787,1.30121,0.902894
imagery_fists_feet,subject_disjoint,20260916,subj0,128,3241,1656,0.705338,0.653986,4.20766,0.926402
imagery_fists_feet,subject_disjoint,20260916,subj0,256,3241,1656,0.735884,0.620773,6.10782,0.942895
imagery_fists_feet,subject_disjoint,20260916,subj0,512,3241,1656,0.777846,0.615338,9.32817,0.963793
imagery_fists_feet,subject_disjoint,20260916,subj0,1024,3241,1656,0.839247,0.615338,15.1921,0.986554
imagery_fists_feet,subject_disjoint,20260916,subj0,2080,3241,1656,0.945079,0.591787,22.6089,1
imagery_fists_feet,subject_disjoint,20260916,subj1,2,3280,1617,0.507012,0.502783,0.006246,0.656506
imagery_fists_feet,subject_disjoint,20260916,subj1,4,3280,1617,0.518902,0.505257,0.0252628,0.687917
imagery_fists_feet,subject_disjoint,20260916,subj1,8,3280,1617,0.51189,0.51577,0.0396119,0.73408
imagery_fists_feet,subject_disjoint,20260916,subj1,16,3280,1617,0.523476,0.532468,0.0968814,0.793499
imagery_fists_feet,subject_disjoint,20260916,subj1,32,3280,1617,0.543293,0.551639,0.275874,0.857797
imagery_fists_feet,subject_disjoint,20260916,subj1,64,3280,1617,0.603354,0.567718,1.00117,0.909094
imagery_fists_feet,subject_disjoint,20260916,subj1,128,3280,1617,0.708537,0.59431,4.45754,0.929807
imagery_fists_feet,subject_disjoint,20260916,subj1,256,3280,1617,0.73811,0.576994,6.16146,0.94511
imagery_fists_feet,subject_disjoint,20260916,subj1,512,3280,1617,0.769512,0.581942,9.00019,0.964885
imagery_fists_feet,subject_disjoint,20260916,subj1,1024,3280,1617,0.856098,0.579468,15.7749,0.986748
imagery_fists_feet,subject_disjoint,20260916,subj1,2080,3280,1617,0.948171,0.573284,23.0105,1
imagery_fists_feet,subject_disjoint,20260916,subj2,2,3273,1624,0.502903,0.49569,0.00123137,0.619128
imagery_fists_feet,subject_disjoint,20260916,subj2,4,3273,1624,0.50993,0.505542,0.0174056,0.656013
imagery_fists_feet,subject_disjoint,20260916,subj2,8,3273,1624,0.522456,0.509852,0.0412872,0.708763
imagery_fists_feet,subject_disjoint,20260916,subj2,16,3273,1624,0.52154,0.530172,0.0791725,0.775736
imagery_fists_feet,subject_disjoint,20260916,subj2,32,3273,1624,0.531622,0.557266,0.209377,0.849796
imagery_fists_feet,subject_disjoint,20260916,subj2,64,3273,1624,0.588756,0.573276,0.702034,0.908753
imagery_fists_feet,subject_disjoint,20260916,subj2,128,3273,1624,0.71158,0.618842,4.23195,0.930685
imagery_fists_feet,subject_disjoint,20260916,subj2,256,3273,1624,0.734494,0.623153,5.99576,0.946115
imagery_fists_feet,subject_disjoint,20260916,subj2,512,3273,1624,0.772075,0.602217,9.3867,0.965755
imagery_fists_feet,subject_disjoint,20260916,subj2,1024,3273,1624,0.839597,0.594212,15.684,0.987215
imagery_fists_feet,subject_disjoint,20260916,subj2,2080,3273,1624,0.94806,0.586823,23.1273,1
imagery_fists_feet,subject_disjoint,20260917,subj0,2,3222,1675,0.505587,0.496716,0.00778149,0.630786
imagery_fists_feet,subject_disjoint,20260917,subj0,4,3222,1675,0.521105,0.505075,0.0274353,0.666035
imagery_fists_feet,subject_disjoint,20260917,subj0,8,3222,1675,0.514277,0.506866,0.0299892,0.716548
imagery_fists_feet,subject_disjoint,20260917,subj0,16,3222,1675,0.520795,0.52597,0.0958126,0.782582
imagery_fists_feet,subject_disjoint,20260917,subj0,32,3222,1675,0.538485,0.56,0.310315,0.852713
imagery_fists_feet,subject_disjoint,20260917,subj0,64,3222,1675,0.603352,0.60597,0.945781,0.907389
imagery_fists_feet,subject_disjoint,20260917,subj0,128,3222,1675,0.691496,0.626866,3.92971,0.928859
imagery_fists_feet,subject_disjoint,20260917,subj0,256,3222,1675,0.716015,0.629851,5.94318,0.944518
imagery_fists_feet,subject_disjoint,20260917,subj0,512,3222,1675,0.76257,0.605373,8.99764,0.964648
imagery_fists_feet,subject_disjoint,20260917,subj0,1024,3222,1675,0.832402,0.595224,15.3558,0.986789
imagery_fists_feet,subject_disjoint,20260917,subj0,2080,3222,1675,0.941962,0.586269,23.0004,1
imagery_fists_feet,subject_disjoint,20260917,subj1,2,3289,1608,0.503192,0.497512,0.000939539,0.625108
imagery_fists_feet,subject_disjoint,20260917,subj1,4,3289,1608,0.519915,0.518657,0.0259124,0.660346
imagery_fists_feet,subject_disjoint,20260917,subj1,8,3289,1608,0.513834,0.518035,0.0463798,0.711906
imagery_fists_feet,subject_disjoint,20260917,subj1,16,3289,1608,0.532381,0.534826,0.106372,0.775644
imagery_fists_feet,subject_disjoint,20260917,subj1,32,3289,1608,0.544846,0.548507,0.264334,0.845912
imagery_fists_feet,subject_disjoint,20260917,subj1,64,3289,1608,0.605047,0.572761,0.960376,0.903353
imagery_fists_feet,subject_disjoint,20260917,subj1,128,3289,1608,0.70751,0.595149,3.99811,0.925844
imagery_fists_feet,subject_disjoint,20260917,subj1,256,3289,1608,0.726665,0.608831,5.78267,0.942175
imagery_fists_feet,subject_disjoint,20260917,subj1,512,3289,1608,0.774095,0.608831,9.46242,0.963112
imagery_fists_feet,subject_disjoint,20260917,subj1,1024,3289,1608,0.854363,0.613184,16.0198,0.986148
imagery_fists_feet,subject_disjoint,20260917,subj1,2080,3289,1608,0.950441,0.61194,22.9236,1
imagery_fists_feet,subject_disjoint,20260917,subj2,2,3283,1614,0.505635,0.508055,0.00134287,0.639721
imagery_fists_feet,subject_disjoint,20260917,subj2,4,3283,1614,0.502284,0.507435,0.0122385,0.675137
imagery_fists_feet,subject_disjoint,20260917,subj2,8,3283,1614,0.516296,0.504337,0.0528662,0.721738
imagery_fists_feet,subject_disjoint,20260917,subj2,16,3283,1614,0.519342,0.51425,0.0758005,0.783852
imagery_fists_feet,subject_disjoint,20260917,subj2,32,3283,1614,0.532135,0.550805,0.209972,0.852153
imagery_fists_feet,subject_disjoint,20260917,subj2,64,3283,1614,0.62382,0.563817,0.864815,0.909785
imagery_fists_feet,subject_disjoint,20260917,subj2,128,3283,1614,0.733171,0.597893,4.81606,0.931971
imagery_fists_feet,subject_disjoint,20260917,subj2,256,3283,1614,0.75632,0.581784,6.68347,0.947233
imagery_fists_feet,subject_disjoint,20260917,subj2,512,3283,1614,0.791349,0.5886,9.35474,0.966521
imagery_fists_feet,subject_disjoint,20260917,subj2,1024,3283,1614,0.849832,0.571252,15.3032,0.987534
imagery_fists_feet,subject_disjoint,20260917,subj2,2080,3283,1614,0.955833,0.581784,22.7718,1
imagery_fists_feet,subject_disjoint,20260918,subj0,2,3229,1668,0.50511,0.503597,0.00460171,0.617327
imagery_fists_feet,subject_disjoint,20260918,subj0,4,3229,1668,0.5048,0.505396,0.0178937,0.656333
imagery_fists_feet,subject_disjoint,20260918,subj0,8,3229,1668,0.510684,0.510192,0.0239363,0.708591
imagery_fists_feet,subject_disjoint,20260918,subj0,16,3229,1668,0.52555,0.523981,0.107261,0.774016
imagery_fists_feet,subject_disjoint,20260918,subj0,32,3229,1668,0.562403,0.556355,0.293707,0.84436
imagery_fists_feet,subject_disjoint,20260918,subj0,64,3229,1668,0.615051,0.593525,1.02456,0.901579
imagery_fists_feet,subject_disjoint,20260918,subj0,128,3229,1668,0.6965,0.624101,4.04238,0.9243
imagery_fists_feet,subject_disjoint,20260918,subj0,256,3229,1668,0.730567,0.631295,5.94392,0.941027
imagery_fists_feet,subject_disjoint,20260918,subj0,512,3229,1668,0.765872,0.608513,8.93241,0.962486
imagery_fists_feet,subject_disjoint,20260918,subj0,1024,3229,1668,0.839889,0.605516,15.6083,0.985988
imagery_fists_feet,subject_disjoint,20260918,subj0,2080,3229,1668,0.94921,0.592326,22.6878,1
imagery_fists_feet,subject_disjoint,20260918,subj1,2,3288,1609,0.500912,0.493474,0.00263631,0.621826
imagery_fists_feet,subject_disjoint,20260918,subj1,4,3288,1609,0.523418,0.502175,0.0330269,0.656041
imagery_fists_feet,subject_disjoint,20260918,subj1,8,3288,1609,0.519465,0.499689,0.0532325,0.70649
imagery_fists_feet,subject_disjoint,20260918,subj1,16,3288,1609,0.511557,0.50404,0.0801577,0.773795
imagery_fists_feet,subject_disjoint,20260918,subj1,32,3288,1609,0.546837,0.535736,0.221697,0.847147
imagery_fists_feet,subject_disjoint,20260918,subj1,64,3288,1609,0.610401,0.589807,0.97213,0.906573
imagery_fists_feet,subject_disjoint,20260918,subj1,128,3288,1609,0.717153,0.604102,4.12398,0.929491
imagery_fists_feet,subject_disjoint,20260918,subj1,256,3288,1609,0.740268,0.607831,6.33993,0.945161
imagery_fists_feet,subject_disjoint,20260918,subj1,512,3288,1609,0.783455,0.605345,9.68407,0.965108
imagery_fists_feet,subject_disjoint,20260918,subj1,1024,3288,1609,0.853406,0.597265,16.0034,0.986951
imagery_fists_feet,subject_disjoint,20260918,subj1,2080,3288,1609,0.947689,0.59105,23.1368,1
imagery_fists_feet,subject_disjoint,20260918,subj2,2,3277,1620,0.510528,0.495679,0.00575395,0.656813
imagery_fists_feet,subject_disjoint,20260918,subj2,4,3277,1620,0.502899,0.508025,0.0116981,0.691855
imagery_fists_feet,subject_disjoint,20260918,subj2,8,3277,1620,0.509612,0.503704,0.0400667,0.736395
imagery_fists_feet,subject_disjoint,20260918,subj2,16,3277,1620,0.532499,0.500617,0.115949,0.794089
imagery_fists_feet,subject_disjoint,20260918,subj2,32,3277,1620,0.55325,0.569753,0.23682,0.860398
imagery_fists_feet,subject_disjoint,20260918,subj2,64,3277,1620,0.613976,0.57963,1.07395,0.912556
imagery_fists_feet,subject_disjoint,20260918,subj2,128,3277,1620,0.716814,0.607407,4.58797,0.933067
imagery_fists_feet,subject_disjoint,20260918,subj2,256,3277,1620,0.736039,0.591975,6.23004,0.947893
imagery_fists_feet,subject_disjoint,20260918,subj2,512,3277,1620,0.774184,0.608025,9.41985,0.966836
imagery_fists_feet,subject_disjoint,20260918,subj2,1024,3277,1620,0.849558,0.587037,15.8574,0.987582
imagery_fists_feet,subject_disjoint,20260918,subj2,2080,3277,1620,0.946292,0.566667,22.7628,1
imagery_fists_feet,subject_disjoint,20260919,subj0,2,3241,1656,0.504474,0.496981,0.00415122,0.632617
imagery_fists_feet,subject_disjoint,20260919,subj0,4,3241,1656,0.506017,0.494565,0.00959351,0.669632
imagery_fists_feet,subject_disjoint,20260919,subj0,8,3241,1656,0.514656,0.521135,0.0414694,0.720414
imagery_fists_feet,subject_disjoint,20260919,subj0,16,3241,1656,0.523912,0.524155,0.0849311,0.783775
imagery_fists_feet,subject_disjoint,20260919,subj0,32,3241,1656,0.529775,0.551932,0.223995,0.852352
imagery_fists_feet,subject_disjoint,20260919,subj0,64,3241,1656,0.617093,0.580314,1.04616,0.909103
imagery_fists_feet,subject_disjoint,20260919,subj0,128,3241,1656,0.69423,0.639493,4.10418,0.930035
imagery_fists_feet,subject_disjoint,20260919,subj0,256,3241,1656,0.724776,0.632246,5.98306,0.945635
imagery_fists_feet,subject_disjoint,20260919,subj0,512,3241,1656,0.769824,0.625,9.30184,0.965502
imagery_fists_feet,subject_disjoint,20260919,subj0,1024,3241,1656,0.837396,0.617754,15.4099,0.987164
imagery_fists_feet,subject_disjoint,20260919,subj0,2080,3241,1656,0.94045,0.603865,22.5857,1
imagery_fists_feet,subject_disjoint,20260919,subj1,2,3264,1633,0.502757,0.502143,0.00480907,0.631368
imagery_fists_feet,subject_disjoint,20260919,subj1,4,3264,1633,0.513174,0.509492,0.0280482,0.667512
imagery_fists_feet,subject_disjoint,20260919,subj1,8,3264,1633,0.512561,0.51684,0.0492008,0.717302
imagery_fists_feet,subject_disjoint,20260919,subj1,16,3264,1633,0.524203,0.537048,0.104443,0.780808
imagery_fists_feet,subject_disjoint,20260919,subj1,32,3264,1633,0.546875,0.540723,0.236011,0.851652
imagery_fists_feet,subject_disjoint,20260919,subj1,64,3264,1633,0.613971,0.572566,1.03538,0.907344
imagery_fists_feet,subject_disjoint,20260919,subj1,128,3264,1633,0.721507,0.618494,4.55967,0.929509
imagery_fists_feet,subject_disjoint,20260919,subj1,256,3264,1633,0.74326,0.603184,6.45742,0.945156
imagery_fists_feet,subject_disjoint,20260919,subj1,512,3264,1633,0.788297,0.590937,9.52894,0.965187
imagery_fists_feet,subject_disjoint,20260919,subj1,1024,3264,1633,0.851103,0.593386,15.9772,0.987045
imagery_fists_feet,subject_disjoint,20260919,subj1,2080,3264,1633,0.954044,0.598285,22.9069,1
imagery_fists_feet,subject_disjoint,20260919,subj2,2,3289,1608,0.502888,0.496269,0.00100905,0.634246
imagery_fists_feet,subject_disjoint,20260919,subj2,4,3289,1608,0.507449,0.513682,0.0116481,0.668086
imagery_fists_feet,subject_disjoint,20260919,subj2,8,3289,1608,0.507145,0.517413,0.0408385,0.714695
imagery_fists_feet,subject_disjoint,20260919,subj2,16,3289,1608,0.541806,0.540423,0.156494,0.776762
imagery_fists_feet,subject_disjoint,20260919,subj2,32,3289,1608,0.539678,0.539179,0.273662,0.846668
imagery_fists_feet,subject_disjoint,20260919,subj2,64,3289,1608,0.622986,0.60199,1.04976,0.905096
imagery_fists_feet,subject_disjoint,20260919,subj2,128,3289,1608,0.706902,0.606343,3.89575,0.927806
imagery_fists_feet,subject_disjoint,20260919,subj2,256,3289,1608,0.731225,0.586443,6.34926,0.943671
imagery_fists_feet,subject_disjoint,20260919,subj2,512,3289,1608,0.773487,0.580224,9.25671,0.963984
imagery_fists_feet,subject_disjoint,20260919,subj2,1024,3289,1608,0.846762,0.584577,15.7082,0.986371
imagery_fists_feet,subject_disjoint,20260919,subj2,2080,3289,1608,0.952569,0.554726,22.9561,1
imagery_fists_feet,subject_disjoint,20260920,subj0,2,3242,1655,0.502776,0.496073,0.0026591,0.650788
imagery_fists_feet,subject_disjoint,20260920,subj0,4,3242,1655,0.498766,0.495468,0.00292934,0.686089
imagery_fists_feet,subject_disjoint,20260920,subj0,8,3242,1655,0.51203,0.516616,0.066084,0.732132
imagery_fists_feet,subject_disjoint,20260920,subj0,16,3242,1655,0.531771,0.520846,0.102125,0.791284
imagery_fists_feet,subject_disjoint,20260920,subj0,32,3242,1655,0.556755,0.551662,0.295372,0.857027
imagery_fists_feet,subject_disjoint,20260920,subj0,64,3242,1655,0.62739,0.560121,1.08611,0.911418
imagery_fists_feet,subject_disjoint,20260920,subj0,128,3242,1655,0.71314,0.603625,4.20413,0.931771
imagery_fists_feet,subject_disjoint,20260920,subj0,256,3242,1655,0.747995,0.590332,6.26027,0.946943
imagery_fists_feet,subject_disjoint,20260920,subj0,512,3242,1655,0.768044,0.601813,9.05819,0.966324
imagery_fists_feet,subject_disjoint,20260920,subj0,1024,3242,1655,0.849476,0.598792,15.2089,0.987484
imagery_fists_feet,subject_disjoint,20260920,subj0,2080,3242,1655,0.939543,0.596375,22.4804,1
imagery_fists_feet,subject_disjoint,20260920,subj1,2,3279,1618,0.502287,0.500618,0.00267029,0.628202
imagery_fists_feet,subject_disjoint,20260920,subj1,4,3279,1618,0.505947,0.511743,0.00932969,0.665399
imagery_fists_feet,subject_disjoint,20260920,subj1,8,3279,1618,0.515401,0.521632,0.0410756,0.71667
imagery_fists_feet,subject_disjoint,20260920,subj1,16,3279,1618,0.52333,0.517923,0.0615439,0.780199
imagery_fists_feet,subject_disjoint,20260920,subj1,32,3279,1618,0.537359,0.558096,0.223628,0.84951
imagery_fists_feet,subject_disjoint,20260920,subj1,64,3279,1618,0.594389,0.601978,0.912438,0.906206
imagery_fists_feet,subject_disjoint,20260920,subj1,128,3279,1618,0.715462,0.608158,4.37047,0.928253
imagery_fists_feet,subject_disjoint,20260920,subj1,256,3279,1618,0.73315,0.600742,6.06763,0.94407
imagery_fists_feet,subject_disjoint,20260920,subj1,512,3279,1618,0.774016,0.599506,9.37217,0.964382
imagery_fists_feet,subject_disjoint,20260920,subj1,1024,3279,1618,0.843855,0.583436,15.4598,0.98667
imagery_fists_feet,subject_disjoint,20260920,subj1,2080,3279,1618,0.939311,0.590235,22.6189,1
imagery_fists_feet,subject_disjoint,20260920,subj2,2,3273,1624,0.505958,0.493842,0.00426403,0.613192
imagery_fists_feet,subject_disjoint,20260920,subj2,4,3273,1624,0.508097,0.496305,0.019483,0.649122
imagery_fists_feet,subject_disjoint,20260920,subj2,8,3273,1624,0.517874,0.509236,0.0433313,0.700842
imagery_fists_feet,subject_disjoint,20260920,subj2,16,3273,1624,0.523373,0.526478,0.0990738,0.768268
imagery_fists_feet,subject_disjoint,20260920,subj2,32,3273,1624,0.555454,0.567118,0.231987,0.84144
imagery_fists_feet,subject_disjoint,20260920,subj2,64,3273,1624,0.617782,0.600369,1.09424,0.902225
imagery_fists_feet,subject_disjoint,20260920,subj2,128,3273,1624,0.703025,0.605296,4.22612,0.926168
imagery_fists_feet,subject_disjoint,20260920,subj2,256,3273,1624,0.727467,0.601601,6.22415,0.942534
imagery_fists_feet,subject_disjoint,20260920,subj2,512,3273,1624,0.764436,0.582512,9.05816,0.963353
imagery_fists_feet,subject_disjoint,20260920,subj2,1024,3273,1624,0.852429,0.599754,15.9734,0.98622
imagery_fists_feet,subject_disjoint,20260920,subj2,2080,3273,1624,0.95417,0.586207,23.2022,1
real_fists_feet,trial_random,20260916,trial0,2,3252,1627,0.50861,0.50461,0.0131538,0.626504
real_fists_feet,trial_random,20260916,trial0,4,3252,1627,0.51353,0.518132,0.0426062,0.660367
real_fists_feet,trial_random,20260916,trial0,8,3252,1627,0.524908,0.515058,0.0708558,0.705917
real_fists_feet,trial_random,20260916,trial0,16,3252,1627,0.541513,0.533497,0.133525,0.763596
real_fists_feet,trial_random,20260916,trial0,32,3252,1627,0.555351,0.548863,0.367182,0.827762
real_fists_feet,trial_random,20260916,trial0,64,3252,1627,0.635916,0.618316,1.07882,0.888429
real_fists_feet,trial_random,20260916,trial0,128,3252,1627,0.760148,0.757837,5.28693,0.924915
real_fists_feet,trial_random,20260916,trial0,256,3252,1627,0.811501,0.786724,8.6875,0.943364
real_fists_feet,trial_random,20260916,trial0,512,3252,1627,0.847171,0.789183,11.6939,0.964232
real_fists_feet,trial_random,20260916,trial0,1024,3252,1627,0.908057,0.787339,17.6286,0.986667
real_fists_feet,trial_random,20260916,trial0,2080,3252,1627,0.98155,0.775046,22.4554,1
real_fists_feet,trial_random,20260916,trial1,2,3253,1626,0.521365,0.498155,0.028048,0.621482
real_fists_feet,trial_random,20260916,trial1,4,3253,1626,0.517061,0.507995,0.0384551,0.656267
real_fists_feet,trial_random,20260916,trial1,8,3253,1626,0.523824,0.514145,0.0697908,0.702347
real_fists_feet,trial_random,20260916,trial1,16,3253,1626,0.532124,0.510455,0.120915,0.760387
real_fists_feet,trial_random,20260916,trial1,32,3253,1626,0.552721,0.50123,0.32843,0.825123
real_fists_feet,trial_random,20260916,trial1,64,3253,1626,0.625884,0.576876,1.10021,0.885894
real_fists_feet,trial_random,20260916,trial1,128,3253,1626,0.767292,0.725092,5.44898,0.923019
real_fists_feet,trial_random,20260916,trial1,256,3253,1626,0.820781,0.774293,9.19924,0.941881
real_fists_feet,trial_random,20260916,trial1,512,3253,1626,0.858899,0.759533,12.555,0.963247
real_fists_feet,trial_random,20260916,trial1,1024,3253,1626,0.921303,0.761993,18.0899,0.986301
real_fists_feet,trial_random,20260916,trial1,2080,3253,1626,0.980941,0.745387,22.1178,1
real_fists_feet,trial_random,20260916,trial2,2,3253,1626,0.51122,0.506765,0.0146856,0.62568
real_fists_feet,trial_random,20260916,trial2,4,3253,1626,0.516139,0.514145,0.0617509,0.659613
real_fists_feet,trial_random,20260916,trial2,8,3253,1626,0.518598,0.506765,0.0739404,0.706178
real_fists_feet,trial_random,20260916,trial2,16,3253,1626,0.540424,0.511685,0.129493,0.763587
real_fists_feet,trial_random,20260916,trial2,32,3253,1626,0.564709,0.555966,0.360252,0.827212
real_fists_feet,trial_random,20260916,trial2,64,3253,1626,0.624654,0.616236,1.03334,0.887623
real_fists_feet,trial_random,20260916,trial2,128,3253,1626,0.778051,0.739237,5.88245,0.924285
real_fists_feet,trial_random,20260916,trial2,256,3253,1626,0.822933,0.769373,9.26581,0.942819
real_fists_feet,trial_random,20260916,trial2,512,3253,1626,0.859207,0.762608,12.3177,0.963846
real_fists_feet,trial_random,20260916,trial2,1024,3253,1626,0.920996,0.764453,18.1606,0.986534
real_fists_feet,trial_random,20260916,trial2,2080,3253,1626,0.976637,0.754613,22.1697,1
real_fists_feet,trial_random,20260917,trial0,2,3252,1627,0.50861,0.5126,0.0230122,0.621746
real_fists_feet,trial_random,20260917,trial0,4,3252,1627,0.528905,0.502766,0.0576574,0.656731
real_fists_feet,trial_random,20260917,trial0,8,3252,1627,0.53198,0.523663,0.077228,0.702929
real_fists_feet,trial_random,20260917,trial0,16,3252,1627,0.542743,0.510756,0.1591,0.76141
real_fists_feet,trial_random,20260917,trial0,32,3252,1627,0.565191,0.522434,0.34722,0.825637
real_fists_feet,trial_random,20260917,trial0,64,3252,1627,0.614699,0.608482,0.930885,0.886668
real_fists_feet,trial_random,20260917,trial0,128,3252,1627,0.76722,0.737554,5.19798,0.923653
real_fists_feet,trial_random,20260917,trial0,256,3252,1627,0.820418,0.772588,9.10299,0.942318
real_fists_feet,trial_random,20260917,trial0,512,3252,1627,0.851784,0.772588,12.48,0.963561
real_fists_feet,trial_random,20260917,trial0,1024,3252,1627,0.914207,0.759066,18.1412,0.986424
real_fists_feet,trial_random,20260917,trial0,2080,3252,1627,0.97909,0.746773,22.3305,1
real_fists_feet,trial_random,20260917,trial1,2,3253,1626,0.510606,0.501845,0.0181193,0.624453
real_fists_feet,trial_random,20260917,trial1,4,3253,1626,0.524439,0.500615,0.0636359,0.658538
real_fists_feet,trial_random,20260917,trial1,8,3253,1626,0.536428,0.49754,0.0956948,0.70439
real_fists_feet,trial_random,20260917,trial1,16,3253,1626,0.539809,0.50369,0.124729,0.761663
real_fists_feet,trial_random,20260917,trial1,32,3253,1626,0.553335,0.515375,0.369133,0.82598
real_fists_feet,trial_random,20260917,trial1,64,3253,1626,0.627421,0.579951,1.05454,0.886688
real_fists_feet,trial_random,20260917,trial1,128,3253,1626,0.781433,0.741697,5.96352,0.92371
real_fists_feet,trial_random,20260917,trial1,256,3253,1626,0.826007,0.764453,9.38954,0.942476
real_fists_feet,trial_random,20260917,trial1,512,3253,1626,0.864433,0.765683,12.6368,0.963679
real_fists_feet,trial_random,20260917,trial1,1024,3253,1626,0.926222,0.746002,18.5186,0.986472
real_fists_feet,trial_random,20260917,trial1,2080,3253,1626,0.986474,0.751538,22.3044,1
real_fists_feet,trial_random,20260917,trial2,2,3253,1626,0.510298,0.49754,0.014002,0.627355
real_fists_feet,trial_random,20260917,trial2,4,3253,1626,0.506302,0.51353,0.0196993,0.660812
real_fists_feet,trial_random,20260917,trial2,8,3253,1626,0.52198,0.5123,0.0410388,0.707065
real_fists_feet,trial_random,20260917,trial2,16,3253,1626,0.542883,0.528905,0.134665,0.764635
real_fists_feet,trial_random,20260917,trial2,32,3253,1626,0.564402,0.52952,0.330487,0.828532
real_fists_feet,trial_random,20260917,trial2,64,3253,1626,0.642176,0.588561,1.15577,0.888559
real_fists_feet,trial_random,20260917,trial2,128,3253,1626,0.767907,0.746617,5.40681,0.924885
real_fists_feet,trial_random,20260917,trial2,256,3253,1626,0.811866,0.771218,8.8767,0.94328
real_fists_feet,trial_random,20260917,trial2,512,3253,1626,0.855211,0.770603,12.1262,0.964122
real_fists_feet,trial_random,20260917,trial2,1024,3253,1626,0.916692,0.774293,17.627,0.986618
real_fists_feet,trial_random,20260917,trial2,2080,3253,1626,0.976637,0.763223,22.2931,1
real_fists_feet,trial_random,20260918,trial0,2,3252,1627,0.515068,0.507068,0.0223783,0.629325
real_fists_feet,trial_random,20260918,trial0,4,3252,1627,0.52091,0.518132,0.0503435,0.663216
real_fists_feet,trial_random,20260918,trial0,8,3252,1627,0.52706,0.510141,0.0813871,0.708969
real_fists_feet,trial_random,20260918,trial0,16,3252,1627,0.53075,0.529195,0.124425,0.76574
real_fists_feet,trial_random,20260918,trial0,32,3252,1627,0.563961,0.526736,0.393124,0.828931
real_fists_feet,trial_random,20260918,trial0,64,3252,1627,0.634071,0.591887,1.10618,0.888718
real_fists_feet,trial_random,20260918,trial0,128,3252,1627,0.76968,0.734481,5.57834,0.925112
real_fists_feet,trial_random,20260918,trial0,256,3252,1627,0.813346,0.779348,8.99316,0.943471
real_fists_feet,trial_random,20260918,trial0,512,3252,1627,0.853321,0.791026,12.27,0.964305
real_fists_feet,trial_random,20260918,trial0,1024,3252,1627,0.923124,0.772588,17.9953,0.986711
real_fists_feet,trial_random,20260918,trial0,2080,3252,1627,0.984317,0.767056,22.3198,1
real_fists_feet,trial_random,20260918,trial1,2,3253,1626,0.507224,0.512915,0.0170254,0.624268
real_fists_feet,trial_random,20260918,trial1,4,3253,1626,0.522902,0.51968,0.0485692,0.658
real_fists_feet,trial_random,20260918,trial1,8,3253,1626,0.521057,0.50984,0.0574306,0.703982
real_fists_feet,trial_random,20260918,trial1,16,3253,1626,0.53858,0.5123,0.156689,0.762156
real_fists_feet,trial_random,20260918,trial1,32,3253,1626,0.563787,0.547355,0.312653,0.826345
real_fists_feet,trial_random,20260918,trial1,64,3253,1626,0.624962,0.592251,1.03283,0.886863
real_fists_feet,trial_random,20260918,trial1,128,3253,1626,0.764832,0.738007,5.16819,0.923627
real_fists_feet,trial_random,20260918,trial1,256,3253,1626,0.82201,0.765683,9.22037,0.942301
real_fists_feet,trial_random,20260918,trial1,512,3253,1626,0.855518,0.767528,12.4533,0.963484
real_fists_feet,trial_random,20260918,trial1,1024,3253,1626,0.916692,0.749692,18.1232,0.986365
real_fists_feet,trial_random,20260918,trial1,2080,3253,1626,0.984015,0.744772,22.2982,1
real_fists_feet,trial_random,20260918,trial2,2,3253,1626,0.506609,0.51599,0.0155139,0.620117
real_fists_feet,trial_random,20260918,trial2,4,3253,1626,0.522287,0.51599,0.044562,0.655075
real_fists_feet,trial_random,20260918,trial2,8,3253,1626,0.521365,0.51722,0.0667789,0.701669
real_fists_feet,trial_random,20260918,trial2,16,3253,1626,0.537658,0.52337,0.125994,0.760021
real_fists_feet,trial_random,20260918,trial2,32,3253,1626,0.557332,0.538745,0.366131,0.824991
real_fists_feet,trial_random,20260918,trial2,64,3253,1626,0.634799,0.613161,1.05535,0.886425
real_fists_feet,trial_random,20260918,trial2,128,3253,1626,0.76391,0.736162,5.40634,0.923529
real_fists_feet,trial_random,20260918,trial2,256,3253,1626,0.826007,0.762608,9.10411,0.942324
real_fists_feet,trial_random,20260918,trial2,512,3253,1626,0.862588,0.769373,12.3471,0.963566
real_fists_feet,trial_random,20260918,trial2,1024,3253,1626,0.913618,0.771218,17.6676,0.986433
real_fists_feet,trial_random,20260918,trial2,2080,3253,1626,0.976637,0.739852,22.1349,1
real_fists_feet,trial_random,20260919,trial0,2,3252,1627,0.508918,0.507683,0.017215,0.620942
real_fists_feet,trial_random,20260919,trial0,4,3252,1627,0.51845,0.519361,0.0394947,0.655485
real_fists_feet,trial_random,20260919,trial0,8,3252,1627,0.521525,0.514444,0.0650638,0.701938
real_fists_feet,trial_random,20260919,trial0,16,3252,1627,0.532903,0.523049,0.131177,0.760199
real_fists_feet,trial_random,20260919,trial0,32,3252,1627,0.571648,0.556238,0.367755,0.824733
real_fists_feet,trial_random,20260919,trial0,64,3252,1627,0.623616,0.57898,1.11789,0.886087
real_fists_feet,trial_random,20260919,trial0,128,3252,1627,0.76107,0.741242,5.62279,0.923229
real_fists_feet,trial_random,20260919,trial0,256,3252,1627,0.821341,0.775046,8.99826,0.941953
real_fists_feet,trial_random,20260919,trial0,512,3252,1627,0.855781,0.773817,12.4788,0.963296
real_fists_feet,trial_random,20260919,trial0,1024,3252,1627,0.918819,0.76091,17.8948,0.986327
real_fists_feet,trial_random,20260919,trial0,2080,3252,1627,0.980935,0.745544,22.2601,1
real_fists_feet,trial_random,20260919,trial1,2,3253,1626,0.507224,0.51107,0.0168522,0.629458
real_fists_feet,trial_random,20260919,trial1,4,3253,1626,0.518906,0.514145,0.0378507,0.663124
real_fists_feet,trial_random,20260919,trial1,8,3253,1626,0.52782,0.51722,0.0512959,0.709145
real_fists_feet,trial_random,20260919,trial1,16,3253,1626,0.531509,0.528905,0.11029,0.766526
real_fists_feet,trial_random,20260919,trial1,32,3253,1626,0.554872,0.52214,0.367419,0.829796
real_fists_feet,trial_random,20260919,trial1,64,3253,1626,0.625884,0.608856,1.05912,0.8892
real_fists_feet,trial_random,20260919,trial1,128,3253,1626,0.762681,0.736162,5.30278,0.925377
real_fists_feet,trial_random,20260919,trial1,256,3253,1626,0.822318,0.770603,9.20016,0.94368
real_fists_feet,trial_random,20260919,trial1,512,3253,1626,0.859822,0.765683,12.6618,0.96441
real_fists_feet,trial_random,20260919,trial1,1024,3253,1626,0.925915,0.752153,18.546,0.986728
real_fists_feet,trial_random,20260919,trial1,2080,3253,1626,0.984015,0.737392,22.0843,1
real_fists_feet,trial_random,20260919,trial2,2,3253,1626,0.51368,0.498155,0.0208582,0.623236
real_fists_feet,trial_random,20260919,trial2,4,3253,1626,0.519213,0.522755,0.062818,0.657446
real_fists_feet,trial_random,20260919,trial2,8,3253,1626,0.523824,0.512915,0.0796773,0.70334
real_fists_feet,trial_random,20260919,trial2,16,3253,1626,0.536428,0.51968,0.139779,0.761056
real_fists_feet,trial_random,20260919,trial2,32,3253,1626,0.552106,0.520295,0.341783,0.825601
real_fists_feet,trial_random,20260919,trial2,64,3253,1626,0.626499,0.582411,0.982427,0.886768
real_fists_feet,trial_random,20260919,trial2,128,3253,1626,0.770673,0.728782,5.37409,0.923665
real_fists_feet,trial_random,20260919,trial2,256,3253,1626,0.822625,0.766913,9.08481,0.942469
real_fists_feet,trial_random,20260919,trial2,512,3253,1626,0.851829,0.777983,11.9306,0.963658
real_fists_feet,trial_random,20260919,trial2,1024,3253,1626,0.920381,0.758303,17.9865,0.986465
real_fists_feet,trial_random,20260919,trial2,2080,3253,1626,0.980326,0.751538,22.3329,1
real_fists_feet,trial_random,20260920,trial0,2,3252,1627,0.510763,0.502766,0.00458985,0.622302
real_fists_feet,trial_random,20260920,trial0,4,3252,1627,0.527983,0.476337,0.0679822,0.656797
real_fists_feet,trial_random,20260920,trial0,8,3252,1627,0.532903,0.490473,0.0888901,0.703447
real_fists_feet,trial_random,20260920,trial0,16,3252,1627,0.54182,0.529809,0.151542,0.761446
real_fists_feet,trial_random,20260920,trial0,32,3252,1627,0.559963,0.543946,0.293764,0.825783
real_fists_feet,trial_random,20260920,trial0,64,3252,1627,0.619004,0.614628,0.959116,0.886465
real_fists_feet,trial_random,20260920,trial0,128,3252,1627,0.76107,0.740627,5.28735,0.923405
real_fists_feet,trial_random,20260920,trial0,256,3252,1627,0.818266,0.781807,9.02343,0.942135
real_fists_feet,trial_random,20260920,trial0,512,3252,1627,0.853321,0.770744,12.2978,0.963443
real_fists_feet,trial_random,20260920,trial0,1024,3252,1627,0.917897,0.759066,18.159,0.986383
real_fists_feet,trial_random,20260920,trial0,2080,3252,1627,0.981857,0.750461,22.3893,1
real_fists_feet,trial_random,20260920,trial1,2,3253,1626,0.509991,0.50123,0.0178704,0.62519
real_fists_feet,trial_random,20260920,trial1,4,3253,1626,0.514294,0.51722,0.0285443,0.659016
real_fists_feet,trial_random,20260920,trial1,8,3253,1626,0.506609,0.52214,0.0472842,0.704713
real_fists_feet,trial_random,20260920,trial1,16,3253,1626,0.534891,0.50861,0.130427,0.762474
real_fists_feet,trial_random,20260920,trial1,32,3253,1626,0.555795,0.525215,0.360336,0.8274
real_fists_feet,trial_random,20260920,trial1,64,3253,1626,0.626499,0.600246,1.10391,0.888029
real_fists_feet,trial_random,20260920,trial1,128,3253,1626,0.769751,0.736777,5.62421,0.924648
real_fists_feet,trial_random,20260920,trial1,256,3253,1626,0.82324,0.769373,9.21098,0.943142
real_fists_feet,trial_random,20260920,trial1,512,3253,1626,0.849677,0.779828,12.0183,0.964069
real_fists_feet,trial_random,20260920,trial1,1024,3253,1626,0.918844,0.760148,18.352,0.986605
real_fists_feet,trial_random,20260920,trial1,2080,3253,1626,0.98217,0.750308,22.1132,1
real_fists_feet,trial_random,20260920,trial2,2,3253,1626,0.525669,0.483395,0.0339886,0.62623
real_fists_feet,trial_random,20260920,trial2,4,3253,1626,0.523824,0.495695,0.050865,0.660463
real_fists_feet,trial_random,20260920,trial2,8,3253,1626,0.52075,0.49877,0.0639618,0.706253
real_fists_feet,trial_random,20260920,trial2,16,3253,1626,0.533046,0.511685,0.119819,0.763695
real_fists_feet,trial_random,20260920,trial2,32,3253,1626,0.545958,0.538745,0.364607,0.826905
real_fists_feet,trial_random,20260920,trial2,64,3253,1626,0.629573,0.578106,1.09332,0.887463
real_fists_feet,trial_random,20260920,trial2,128,3253,1626,0.777129,0.726937,5.49347,0.924204
real_fists_feet,trial_random,20260920,trial2,256,3253,1626,0.818322,0.757073,9.22236,0.942813
real_fists_feet,trial_random,20260920,trial2,512,3253,1626,0.861666,0.760148,12.5933,0.963853
real_fists_feet,trial_random,20260920,trial2,1024,3253,1626,0.9253,0.758918,18.4804,0.986503
real_fists_feet,trial_random,20260920,trial2,2080,3253,1626,0.981555,0.744157,22.1212,1
real_fists_feet,run_disjoint,20260916,run0,2,3260,1619,0.511043,0.513897,0.0227708,0.625385
real_fists_feet,run_disjoint,20260916,run0,4,3260,1619,0.523926,0.502779,0.0458648,0.659058
real_fists_feet,run_disjoint,20260916,run0,8,3260,1619,0.52454,0.514515,0.0648076,0.705024
real_fists_feet,run_disjoint,20260916,run0,16,3260,1619,0.534663,0.529957,0.122171,0.763354
real_fists_feet,run_disjoint,20260916,run0,32,3260,1619,0.547546,0.555281,0.347695,0.828528
real_fists_feet,run_disjoint,20260916,run0,64,3260,1619,0.62546,0.618901,1.01017,0.890183
real_fists_feet,run_disjoint,20260916,run0,128,3260,1619,0.786503,0.732551,6.85596,0.926789
real_fists_feet,run_disjoint,20260916,run0,256,3260,1619,0.823926,0.75664,9.26108,0.944402
real_fists_feet,run_disjoint,20260916,run0,512,3260,1619,0.858282,0.764052,12.2302,0.964844
real_fists_feet,run_disjoint,20260916,run0,1024,3260,1619,0.920245,0.744904,18.4314,0.986905
real_fists_feet,run_disjoint,20260916,run0,2080,3260,1619,0.983129,0.736875,22.323,1
real_fists_feet,run_disjoint,20260916,run1,2,3249,1630,0.512773,0.512883,0.0154479,0.622923
real_fists_feet,run_disjoint,20260916,run1,4,3249,1630,0.518006,0.523313,0.0431817,0.65721
real_fists_feet,run_disjoint,20260916,run1,8,3249,1630,0.524161,0.534969,0.0538215,0.703637
real_fists_feet,run_disjoint,20260916,run1,16,3249,1630,0.540782,0.541718,0.106315,0.76168
real_fists_feet,run_disjoint,20260916,run1,32,3249,1630,0.553709,0.555215,0.333812,0.826193
real_fists_feet,run_disjoint,20260916,run1,64,3249,1630,0.608495,0.607362,0.918207,0.887109
real_fists_feet,run_disjoint,20260916,run1,128,3249,1630,0.758079,0.758896,5.21082,0.924339
real_fists_feet,run_disjoint,20260916,run1,256,3249,1630,0.808249,0.779141,9.29234,0.942893
real_fists_feet,run_disjoint,20260916,run1,512,3249,1630,0.857802,0.769325,12.7069,0.963878
real_fists_feet,run_disjoint,20260916,run1,1024,3249,1630,0.91382,0.767485,17.8435,0.986527
real_fists_feet,run_disjoint,20260916,run1,2080,3249,1630,0.977224,0.758896,22.2971,1
real_fists_feet,run_disjoint,20260916,run2,2,3249,1630,0.507849,0.50184,0.0168862,0.625871
real_fists_feet,run_disjoint,20260916,run2,4,3249,1630,0.517698,0.513497,0.0511245,0.660559
real_fists_feet,run_disjoint,20260916,run2,8,3249,1630,0.526931,0.517791,0.0663057,0.706872
real_fists_feet,run_disjoint,20260916,run2,16,3249,1630,0.533703,0.533129,0.13093,0.764449
real_fists_feet,run_disjoint,20260916,run2,32,3249,1630,0.550939,0.558282,0.344438,0.828698
real_fists_feet,run_disjoint,20260916,run2,64,3249,1630,0.631887,0.61227,1.10628,0.889343
real_fists_feet,run_disjoint,20260916,run2,128,3249,1630,0.768236,0.733742,6.04563,0.92509
real_fists_feet,run_disjoint,20260916,run2,256,3249,1630,0.827024,0.76135,9.61004,0.942798
real_fists_feet,run_disjoint,20260916,run2,512,3249,1630,0.864882,0.762577,12.6945,0.96368
real_fists_feet,run_disjoint,20260916,run2,1024,3249,1630,0.925823,0.758896,18.2441,0.986403
real_fists_feet,run_disjoint,20260916,run2,2080,3249,1630,0.982764,0.739264,22.1382,1
real_fists_feet,subject_disjoint,20260916,subj0,2,3229,1650,0.50511,0.504242,0.0184839,0.611504
real_fists_feet,subject_disjoint,20260916,subj0,4,3229,1650,0.508517,0.512727,0.0195147,0.651365
real_fists_feet,subject_disjoint,20260916,subj0,8,3229,1650,0.51502,0.52,0.0687631,0.703221
real_fists_feet,subject_disjoint,20260916,subj0,16,3229,1650,0.536699,0.529697,0.113584,0.768092
real_fists_feet,subject_disjoint,20260916,subj0,32,3229,1650,0.564881,0.546061,0.364321,0.840389
real_fists_feet,subject_disjoint,20260916,subj0,64,3229,1650,0.659957,0.629697,1.6247,0.90045
real_fists_feet,subject_disjoint,20260916,subj0,128,3229,1650,0.803345,0.67697,7.63409,0.925427
real_fists_feet,subject_disjoint,20260916,subj0,256,3229,1650,0.836792,0.681212,9.81685,0.942413
real_fists_feet,subject_disjoint,20260916,subj0,512,3229,1650,0.869619,0.664848,12.9123,0.963535
real_fists_feet,subject_disjoint,20260916,subj0,1024,3229,1650,0.927532,0.661818,18.458,0.98648
real_fists_feet,subject_disjoint,20260916,subj0,2080,3229,1650,0.983896,0.657576,21.9604,1
real_fists_feet,subject_disjoint,20260916,subj1,2,3262,1617,0.514715,0.504638,0.0192335,0.654384
real_fists_feet,subject_disjoint,20260916,subj1,4,3262,1617,0.524525,0.512678,0.0446491,0.687881
real_fists_feet,subject_disjoint,20260916,subj1,8,3262,1617,0.524525,0.521954,0.0604159,0.73327
real_fists_feet,subject_disjoint,20260916,subj1,16,3262,1617,0.550582,0.52752,0.154664,0.791978
real_fists_feet,subject_disjoint,20260916,subj1,32,3262,1617,0.556714,0.562152,0.352219,0.855643
real_fists_feet,subject_disjoint,20260916,subj1,64,3262,1617,0.64531,0.619048,1.41238,0.907122
real_fists_feet,subject_disjoint,20260916,subj1,128,3262,1617,0.803188,0.648732,7.27591,0.929533
real_fists_feet,subject_disjoint,20260916,subj1,256,3262,1617,0.839362,0.663575,9.88513,0.945275
real_fists_feet,subject_disjoint,20260916,subj1,512,3262,1617,0.879522,0.635745,13.7555,0.965092
real_fists_feet,subject_disjoint,20260916,subj1,1024,3262,1617,0.937462,0.63389,18.842,0.986842
real_fists_feet,subject_disjoint,20260916,subj1,2080,3262,1617,0.989577,0.6376,22.2172,1
real_fists_feet,subject_disjoint,20260916,subj2,2,3267,1612,0.507805,0.506203,0.0150931,0.613983
real_fists_feet,subject_disjoint,20260916,subj2,4,3267,1612,0.513927,0.520471,0.0296279,0.652209
real_fists_feet,subject_disjoint,20260916,subj2,8,3267,1612,0.519131,0.513648,0.0508525,0.707566
real_fists_feet,subject_disjoint,20260916,subj2,16,3267,1612,0.529232,0.544665,0.0859563,0.77283
real_fists_feet,subject_disjoint,20260916,subj2,32,3267,1612,0.524334,0.550248,0.184415,0.845804
real_fists_feet,subject_disjoint,20260916,subj2,64,3267,1612,0.625957,0.616625,0.996122,0.90418
real_fists_feet,subject_disjoint,20260916,subj2,128,3267,1612,0.794919,0.638958,7.52367,0.928361
real_fists_feet,subject_disjoint,20260916,subj2,256,3267,1612,0.822161,0.656328,9.51151,0.944562
real_fists_feet,subject_disjoint,20260916,subj2,512,3267,1612,0.865932,0.662531,12.7679,0.96476
real_fists_feet,subject_disjoint,20260916,subj2,1024,3267,1612,0.923477,0.658189,18.2778,0.986807
real_fists_feet,subject_disjoint,20260916,subj2,2080,3267,1612,0.979492,0.655707,22.2664,1
real_fists_feet,subject_disjoint,20260917,subj0,2,3208,1671,0.513716,0.506284,0.0161903,0.623262
real_fists_feet,subject_disjoint,20260917,subj0,4,3208,1671,0.52182,0.526032,0.0411622,0.661327
real_fists_feet,subject_disjoint,20260917,subj0,8,3208,1671,0.519638,0.515859,0.0597343,0.712136
real_fists_feet,subject_disjoint,20260917,subj0,16,3208,1671,0.539277,0.533214,0.132065,0.778383
real_fists_feet,subject_disjoint,20260917,subj0,32,3208,1671,0.570137,0.576302,0.392941,0.848863
real_fists_feet,subject_disjoint,20260917,subj0,64,3208,1671,0.607544,0.684022,1.09215,0.904177
real_fists_feet,subject_disjoint,20260917,subj0,128,3208,1671,0.791771,0.667265,7.36132,0.927323
real_fists_feet,subject_disjoint,20260917,subj0,256,3208,1671,0.82419,0.666667,9.87361,0.943609
real_fists_feet,subject_disjoint,20260917,subj0,512,3208,1671,0.860349,0.659485,13.1506,0.964174
real_fists_feet,subject_disjoint,20260917,subj0,1024,3208,1671,0.920823,0.669659,18.3714,0.98665
real_fists_feet,subject_disjoint,20260917,subj0,2080,3208,1671,0.983167,0.656493,22.1951,1
real_fists_feet,subject_disjoint,20260917,subj1,2,3285,1594,0.514155,0.505646,0.018495,0.6181
real_fists_feet,subject_disjoint,20260917,subj1,4,3285,1594,0.517504,0.524467,0.0399619,0.656031
real_fists_feet,subject_disjoint,20260917,subj1,8,3285,1594,0.525723,0.52133,0.0555807,0.707764
real_fists_feet,subject_disjoint,20260917,subj1,16,3285,1594,0.528463,0.536386,0.103617,0.770901
real_fists_feet,subject_disjoint,20260917,subj1,32,3285,1594,0.54825,0.55207,0.369797,0.840345
real_fists_feet,subject_disjoint,20260917,subj1,64,3285,1594,0.641096,0.612923,1.20699,0.898566
real_fists_feet,subject_disjoint,20260917,subj1,128,3285,1594,0.793303,0.667503,7.60879,0.923545
real_fists_feet,subject_disjoint,20260917,subj1,256,3285,1594,0.828311,0.678168,10.0482,0.9407
real_fists_feet,subject_disjoint,20260917,subj1,512,3285,1594,0.861492,0.68005,13.0824,0.962193
real_fists_feet,subject_disjoint,20260917,subj1,1024,3285,1594,0.919026,0.688206,18.1859,0.985758
real_fists_feet,subject_disjoint,20260917,subj1,2080,3285,1594,0.979909,0.678795,22.1305,1
real_fists_feet,subject_disjoint,20260917,subj2,2,3265,1614,0.504747,0.51487,0.0184007,0.638222
real_fists_feet,subject_disjoint,20260917,subj2,4,3265,1614,0.509648,0.505576,0.022399,0.674066
real_fists_feet,subject_disjoint,20260917,subj2,8,3265,1614,0.522818,0.518587,0.0605582,0.722108
real_fists_feet,subject_disjoint,20260917,subj2,16,3265,1614,0.535681,0.534696,0.0887617,0.783998
real_fists_feet,subject_disjoint,20260917,subj2,32,3265,1614,0.553446,0.52912,0.262171,0.851727
real_fists_feet,subject_disjoint,20260917,subj2,64,3265,1614,0.664625,0.589839,1.40772,0.908572
real_fists_feet,subject_disjoint,20260917,subj2,128,3265,1614,0.822052,0.6171,7.72084,0.932048
real_fists_feet,subject_disjoint,20260917,subj2,256,3265,1614,0.845329,0.63259,9.5077,0.947583
real_fists_feet,subject_disjoint,20260917,subj2,512,3265,1614,0.873813,0.622057,12.6164,0.966787
real_fists_feet,subject_disjoint,20260917,subj2,1024,3265,1614,0.932312,0.641264,18.6151,0.987643
real_fists_feet,subject_disjoint,20260917,subj2,2080,3265,1614,0.987136,0.626394,21.8998,1
real_fists_feet,subject_disjoint,20260918,subj0,2,3217,1662,0.512589,0.494585,0.017914,0.612719
real_fists_feet,subject_disjoint,20260918,subj0,4,3217,1662,0.522226,0.521059,0.0380482,0.654258
real_fists_feet,subject_disjoint,20260918,subj0,8,3217,1662,0.519739,0.51444,0.062009,0.707155
real_fists_feet,subject_disjoint,20260918,subj0,16,3217,1662,0.525334,0.50722,0.123408,0.772375
real_fists_feet,subject_disjoint,20260918,subj0,32,3217,1662,0.548337,0.574609,0.364529,0.841415
real_fists_feet,subject_disjoint,20260918,subj0,64,3217,1662,0.634131,0.628761,1.18132,0.899802
real_fists_feet,subject_disjoint,20260918,subj0,128,3217,1662,0.788623,0.691937,7.01458,0.924122
real_fists_feet,subject_disjoint,20260918,subj0,256,3217,1662,0.804476,0.696751,9.36284,0.941121
real_fists_feet,subject_disjoint,20260918,subj0,512,3217,1662,0.850793,0.684717,12.5138,0.962552
real_fists_feet,subject_disjoint,20260918,subj0,1024,3217,1662,0.916382,0.676294,18.1118,0.986013
real_fists_feet,subject_disjoint,20260918,subj0,2080,3217,1662,0.985079,0.688327,22.3724,1
real_fists_feet,subject_disjoint,20260918,subj1,2,3282,1597,0.508531,0.511584,0.0157614,0.615581
real_fists_feet,subject_disjoint,20260918,subj1,4,3282,1597,0.516149,0.528491,0.0325522,0.652524
real_fists_feet,subject_disjoint,20260918,subj1,8,3282,1597,0.518282,0.521603,0.0591191,0.703944
real_fists_feet,subject_disjoint,20260918,subj1,16,3282,1597,0.527422,0.530996,0.081276,0.77095
real_fists_feet,subject_disjoint,20260918,subj1,32,3282,1597,0.561548,0.570445,0.319634,0.84336
real_fists_feet,subject_disjoint,20260918,subj1,64,3282,1597,0.640768,0.604258,1.12887,0.903144
real_fists_feet,subject_disjoint,20260918,subj1,128,3282,1597,0.79738,0.649343,7.33007,0.92819
real_fists_feet,subject_disjoint,20260918,subj1,256,3282,1597,0.83699,0.659361,9.9997,0.944595
real_fists_feet,subject_disjoint,20260918,subj1,512,3282,1597,0.8766,0.658735,13.6789,0.964815
real_fists_feet,subject_disjoint,20260918,subj1,1024,3282,1597,0.933577,0.649969,18.8328,0.986812
real_fists_feet,subject_disjoint,20260918,subj1,2080,3282,1597,0.987203,0.633688,22.1368,1
real_fists_feet,subject_disjoint,20260918,subj2,2,3259,1620,0.509052,0.522222,0.0183842,0.652151
real_fists_feet,subject_disjoint,20260918,subj2,4,3259,1620,0.513348,0.529012,0.0308451,0.687219
real_fists_feet,subject_disjoint,20260918,subj2,8,3259,1620,0.517643,0.52963,0.059998,0.733385
real_fists_feet,subject_disjoint,20260918,subj2,16,3259,1620,0.537281,0.534568,0.145068,0.791692
real_fists_feet,subject_disjoint,20260918,subj2,32,3259,1620,0.551089,0.541975,0.326811,0.857146
real_fists_feet,subject_disjoint,20260918,subj2,64,3259,1620,0.656643,0.600617,1.46591,0.909307
real_fists_feet,subject_disjoint,20260918,subj2,128,3259,1620,0.818656,0.680864,8.12748,0.931177
real_fists_feet,subject_disjoint,20260918,subj2,256,3259,1620,0.84934,0.656173,10.4405,0.946664
real_fists_feet,subject_disjoint,20260918,subj2,512,3259,1620,0.878797,0.638272,13.1267,0.966097
real_fists_feet,subject_disjoint,20260918,subj2,1024,3259,1620,0.936484,0.647531,18.6607,0.98733
real_fists_feet,subject_disjoint,20260918,subj2,2080,3259,1620,0.98251,0.632099,21.7297,1
real_fists_feet,subject_disjoint,20260919,subj0,2,3226,1653,0.512399,0.503932,0.0153955,0.625127
real_fists_feet,subject_disjoint,20260919,subj0,4,3226,1653,0.515189,0.503932,0.037059,0.664588
real_fists_feet,subject_disjoint,20260919,subj0,8,3226,1653,0.532858,0.522686,0.0643472,0.717638
real_fists_feet,subject_disjoint,20260919,subj0,16,3226,1653,0.536268,0.516031,0.0865383,0.781086
real_fists_feet,subject_disjoint,20260919,subj0,32,3226,1653,0.575015,0.54265,0.308932,0.849906
real_fists_feet,subject_disjoint,20260919,subj0,64,3226,1653,0.647241,0.637024,1.29578,0.906554
real_fists_feet,subject_disjoint,20260919,subj0,128,3226,1653,0.782703,0.69873,7.1855,0.929574
real_fists_feet,subject_disjoint,20260919,subj0,256,3226,1653,0.823001,0.718088,9.61496,0.945616
real_fists_feet,subject_disjoint,20260919,subj0,512,3226,1653,0.858958,0.723533,12.7104,0.965548
real_fists_feet,subject_disjoint,20260919,subj0,1024,3226,1653,0.920025,0.707804,18.165,0.987215
real_fists_feet,subject_disjoint,20260919,subj0,2080,3226,1653,0.978301,0.701754,22.3489,1
real_fists_feet,subject_disjoint,20260919,subj1,2,3258,1621,0.515961,0.518816,0.0193023,0.622702
real_fists_feet,subject_disjoint,20260919,subj1,4,3258,1621,0.525783,0.524368,0.034708,0.661631
real_fists_feet,subject_disjoint,20260919,subj1,8,3258,1621,0.531921,0.515731,0.0519737,0.712423
real_fists_feet,subject_disjoint,20260919,subj1,16,3258,1621,0.53806,0.542875,0.131337,0.776902
real_fists_feet,subject_disjoint,20260919,subj1,32,3258,1621,0.53806,0.544725,0.267246,0.84727
real_fists_feet,subject_disjoint,20260919,subj1,64,3258,1621,0.657459,0.613819,1.36479,0.903616
real_fists_feet,subject_disjoint,20260919,subj1,128,3258,1621,0.805402,0.634793,7.41412,0.927453
real_fists_feet,subject_disjoint,20260919,subj1,256,3258,1621,0.839779,0.661937,9.79965,0.943898
real_fists_feet,subject_disjoint,20260919,subj1,512,3258,1621,0.868938,0.6533,12.6636,0.964412
real_fists_feet,subject_disjoint,20260919,subj1,1024,3258,1621,0.930325,0.645281,18.5477,0.986729
real_fists_feet,subject_disjoint,20260919,subj1,2080,3258,1621,0.982812,0.638495,21.9661,1
real_fists_feet,subject_disjoint,20260919,subj2,2,3274,1605,0.508247,0.505919,0.0209002,0.634157
real_fists_feet,subject_disjoint,20260919,subj2,4,3274,1605,0.518021,0.51838,0.0419775,0.667711
real_fists_feet,subject_disjoint,20260919,subj2,8,3274,1605,0.512828,0.524611,0.0538267,0.714749
real_fists_feet,subject_disjoint,20260919,subj2,16,3274,1605,0.531765,0.534579,0.166705,0.775566
real_fists_feet,subject_disjoint,20260919,subj2,32,3274,1605,0.554062,0.560748,0.349746,0.844745
real_fists_feet,subject_disjoint,20260919,subj2,64,3274,1605,0.671045,0.601869,1.71375,0.902648
real_fists_feet,subject_disjoint,20260919,subj2,128,3274,1605,0.805437,0.629907,7.2884,0.926708
real_fists_feet,subject_disjoint,20260919,subj2,256,3274,1605,0.835675,0.632399,9.41339,0.943084
real_fists_feet,subject_disjoint,20260919,subj2,512,3274,1605,0.875993,0.642368,12.7663,0.963619
real_fists_feet,subject_disjoint,20260919,subj2,1024,3274,1605,0.92975,0.617445,18.1429,0.986257
real_fists_feet,subject_disjoint,20260919,subj2,2080,3274,1605,0.987172,0.638006,21.8822,1
real_fists_feet,subject_disjoint,20260920,subj0,2,3226,1653,0.509299,0.505142,0.0208432,0.641989
real_fists_feet,subject_disjoint,20260920,subj0,4,3226,1653,0.514879,0.519056,0.0265103,0.67934
real_fists_feet,subject_disjoint,20260920,subj0,8,3226,1653,0.519839,0.517846,0.0592948,0.727849
real_fists_feet,subject_disjoint,20260920,subj0,16,3226,1653,0.533478,0.528736,0.117326,0.787362
real_fists_feet,subject_disjoint,20260920,subj0,32,3226,1653,0.544947,0.555354,0.260891,0.852989
real_fists_feet,subject_disjoint,20260920,subj0,64,3226,1653,0.653751,0.618875,1.37445,0.907465
real_fists_feet,subject_disjoint,20260920,subj0,128,3226,1653,0.804092,0.635209,7.51381,0.929358
real_fists_feet,subject_disjoint,20260920,subj0,256,3226,1653,0.83323,0.649728,9.90525,0.945166
real_fists_feet,subject_disjoint,20260920,subj0,512,3226,1653,0.864228,0.637629,12.8837,0.965218
real_fists_feet,subject_disjoint,20260920,subj0,1024,3226,1653,0.929324,0.629764,18.3895,0.987069
real_fists_feet,subject_disjoint,20260920,subj0,2080,3226,1653,0.982021,0.630369,21.9321,1
real_fists_feet,subject_disjoint,20260920,subj1,2,3262,1617,0.506438,0.50773,0.0157181,0.621808
real_fists_feet,subject_disjoint,20260920,subj1,4,3262,1617,0.523605,0.510823,0.0398029,0.66043
real_fists_feet,subject_disjoint,20260920,subj1,8,3262,1617,0.522992,0.51577,0.0482405,0.713096
real_fists_feet,subject_disjoint,20260920,subj1,16,3262,1617,0.541692,0.521954,0.0908649,0.776227
real_fists_feet,subject_disjoint,20260920,subj1,32,3262,1617,0.558553,0.554113,0.345346,0.846654
real_fists_feet,subject_disjoint,20260920,subj1,64,3262,1617,0.642551,0.622758,1.41337,0.903325
real_fists_feet,subject_disjoint,20260920,subj1,128,3262,1617,0.806867,0.650588,7.34474,0.927548
real_fists_feet,subject_disjoint,20260920,subj1,256,3262,1617,0.827713,0.696351,9.44772,0.943976
real_fists_feet,subject_disjoint,20260920,subj1,512,3262,1617,0.872471,0.69697,12.7001,0.964412
real_fists_feet,subject_disjoint,20260920,subj1,1024,3262,1617,0.923666,0.684601,18.1176,0.98668
real_fists_feet,subject_disjoint,20260920,subj1,2080,3262,1617,0.982833,0.670996,22.0885,1
real_fists_feet,subject_disjoint,20260920,subj2,2,3270,1609,0.509174,0.505283,0.0175194,0.612269
real_fists_feet,subject_disjoint,20260920,subj2,4,3270,1609,0.519572,0.523928,0.0382237,0.650369
real_fists_feet,subject_disjoint,20260920,subj2,8,3270,1609,0.526911,0.526414,0.0536121,0.701975
real_fists_feet,subject_disjoint,20260920,subj2,16,3270,1609,0.528135,0.528278,0.0874517,0.767909
real_fists_feet,subject_disjoint,20260920,subj2,32,3270,1609,0.547706,0.567433,0.276002,0.839654
real_fists_feet,subject_disjoint,20260920,subj2,64,3270,1609,0.655657,0.614667,1.53,0.899756
real_fists_feet,subject_disjoint,20260920,subj2,128,3270,1609,0.801223,0.660659,7.60727,0.925388
real_fists_feet,subject_disjoint,20260920,subj2,256,3270,1609,0.83211,0.674332,10.0389,0.942353
real_fists_feet,subject_disjoint,20260920,subj2,512,3270,1609,0.868502,0.672467,13.0574,0.963283
real_fists_feet,subject_disjoint,20260920,subj2,1024,3270,1609,0.927217,0.663145,18.4769,0.986198
real_fists_feet,subject_disjoint,20260920,subj2,2080,3270,1609,0.987462,0.649472,22.2112,1
