task,model,N,d,draw,protocol,mean_acc,n_subjects,n_trials
imagery_left_right_fist,riemann_ts_lr,9,8,0,trial_random,0.42963,9,405
imagery_left_right_fist,riemann_ts_lr,9,32,0,trial_random,0.607407,9,405
imagery_left_right_fist,riemann_ts_lr,9,128,0,trial_random,0.651852,9,405
imagery_left_right_fist,riemann_ts_lr,9,2080,0,trial_random,0.664198,9,405
imagery_left_right_fist,csp_lda,9,6,0,trial_random,0.503704,9,405
imagery_left_right_fist,riemann_ts_lr,9,8,0,subject_disjoint,0.506173,9,405
imagery_left_right_fist,riemann_ts_lr,9,32,0,subject_disjoint,0.550617,9,405
imagery_left_right_fist,riemann_ts_lr,9,128,0,subject_disjoint,0.577778,9,405
imagery_left_right_fist,riemann_ts_lr,9,2080,0,subject_disjoint,0.577778,9,405
imagery_left_right_fist,csp_lda,9,6,0,subject_disjoint,0.538272,9,405
imagery_left_right_fist,riemann_ts_lr,9,8,1,trial_random,0.435507,9,400
imagery_left_right_fist,riemann_ts_lr,9,32,1,trial_random,0.43458,9,400
imagery_left_right_fist,riemann_ts_lr,9,128,1,trial_random,0.607633,9,400
imagery_left_right_fist,riemann_ts_lr,9,2080,1,trial_random,0.617809,9,400
imagery_left_right_fist,csp_lda,9,6,1,trial_random,0.485296,9,400
imagery_left_right_fist,riemann_ts_lr,9,8,1,subject_disjoint,0.499943,9,400
imagery_left_right_fist,riemann_ts_lr,9,32,1,subject_disjoint,0.519811,9,400
imagery_left_right_fist,riemann_ts_lr,9,128,1,subject_disjoint,0.5475,9,400
imagery_left_right_fist,riemann_ts_lr,9,2080,1,subject_disjoint,0.577306,9,400
imagery_left_right_fist,csp_lda,9,6,1,subject_disjoint,0.527809,9,400
imagery_left_right_fist,riemann_ts_lr,9,8,2,trial_random,0.414991,9,393
imagery_left_right_fist,riemann_ts_lr,9,32,2,trial_random,0.582981,9,393
imagery_left_right_fist,riemann_ts_lr,9,128,2,trial_random,0.594974,9,393
imagery_left_right_fist,riemann_ts_lr,9,2080,2,trial_random,0.62134,9,393
imagery_left_right_fist,csp_lda,9,6,2,trial_random,0.498854,9,393
imagery_left_right_fist,riemann_ts_lr,9,8,2,subject_disjoint,0.503704,9,393
imagery_left_right_fist,riemann_ts_lr,9,32,2,subject_disjoint,0.550265,9,393
imagery_left_right_fist,riemann_ts_lr,9,128,2,subject_disjoint,0.545679,9,393
imagery_left_right_fist,riemann_ts_lr,9,2080,2,subject_disjoint,0.553086,9,393
imagery_left_right_fist,csp_lda,9,6,2,subject_disjoint,0.522046,9,393
imagery_left_right_fist,riemann_ts_lr,9,8,3,trial_random,0.454321,9,405
imagery_left_right_fist,riemann_ts_lr,9,32,3,trial_random,0.558025,9,405
imagery_left_right_fist,riemann_ts_lr,9,128,3,trial_random,0.604938,9,405
imagery_left_right_fist,riemann_ts_lr,9,2080,3,trial_random,0.575309,9,405
imagery_left_right_fist,csp_lda,9,6,3,trial_random,0.511111,9,405
imagery_left_right_fist,riemann_ts_lr,9,8,3,subject_disjoint,0.503704,9,405
imagery_left_right_fist,riemann_ts_lr,9,32,3,subject_disjoint,0.567901,9,405
imagery_left_right_fist,riemann_ts_lr,9,128,3,subject_disjoint,0.516049,9,405
imagery_left_right_fist,riemann_ts_lr,9,2080,3,subject_disjoint,0.525926,9,405
imagery_left_right_fist,csp_lda,9,6,3,subject_disjoint,0.498765,9,405
imagery_left_right_fist,riemann_ts_lr,9,8,4,trial_random,0.441344,9,403
imagery_left_right_fist,riemann_ts_lr,9,32,4,trial_random,0.634223,9,403
imagery_left_right_fist,riemann_ts_lr,9,128,4,trial_random,0.693597,9,403
imagery_left_right_fist,riemann_ts_lr,9,2080,4,trial_random,0.67373,9,403
imagery_left_right_fist,csp_lda,9,6,4,trial_random,0.531955,9,403
imagery_left_right_fist,riemann_ts_lr,9,8,4,subject_disjoint,0.493885,9,403
imagery_left_right_fist,riemann_ts_lr,9,32,4,subject_disjoint,0.609302,9,403
imagery_left_right_fist,riemann_ts_lr,9,128,4,subject_disjoint,0.587539,9,403
imagery_left_right_fist,riemann_ts_lr,9,2080,4,subject_disjoint,0.567442,9,403
imagery_left_right_fist,csp_lda,9,6,4,subject_disjoint,0.549584,9,403
imagery_left_right_fist,riemann_ts_lr,9,8,5,trial_random,0.437037,9,405
imagery_left_right_fist,riemann_ts_lr,9,32,5,trial_random,0.711111,9,405
imagery_left_right_fist,riemann_ts_lr,9,128,5,trial_random,0.681481,9,405
imagery_left_right_fist,riemann_ts_lr,9,2080,5,trial_random,0.679012,9,405
imagery_left_right_fist,csp_lda,9,6,5,trial_random,0.575309,9,405
imagery_left_right_fist,riemann_ts_lr,9,8,5,subject_disjoint,0.483951,9,405
imagery_left_right_fist,riemann_ts_lr,9,32,5,subject_disjoint,0.676543,9,405
imagery_left_right_fist,riemann_ts_lr,9,128,5,subject_disjoint,0.659259,9,405
imagery_left_right_fist,riemann_ts_lr,9,2080,5,subject_disjoint,0.651852,9,405
imagery_left_right_fist,csp_lda,9,6,5,subject_disjoint,0.661728,9,405
imagery_left_right_fist,riemann_ts_lr,9,8,6,trial_random,0.450449,9,404
imagery_left_right_fist,riemann_ts_lr,9,32,6,trial_random,0.633446,9,404
imagery_left_right_fist,riemann_ts_lr,9,128,6,trial_random,0.670707,9,404
imagery_left_right_fist,riemann_ts_lr,9,2080,6,trial_random,0.670875,9,404
imagery_left_right_fist,csp_lda,9,6,6,trial_random,0.539731,9,404
imagery_left_right_fist,riemann_ts_lr,9,8,6,subject_disjoint,0.504882,9,404
imagery_left_right_fist,riemann_ts_lr,9,32,6,subject_disjoint,0.611111,9,404
imagery_left_right_fist,riemann_ts_lr,9,128,6,subject_disjoint,0.588833,9,404
imagery_left_right_fist,riemann_ts_lr,9,2080,6,subject_disjoint,0.611167,9,404
imagery_left_right_fist,csp_lda,9,6,6,subject_disjoint,0.589226,9,404
imagery_left_right_fist,riemann_ts_lr,9,8,7,trial_random,0.464198,9,405
imagery_left_right_fist,riemann_ts_lr,9,32,7,trial_random,0.602469,9,405
imagery_left_right_fist,riemann_ts_lr,9,128,7,trial_random,0.614815,9,405
imagery_left_right_fist,riemann_ts_lr,9,2080,7,trial_random,0.622222,9,405
imagery_left_right_fist,csp_lda,9,6,7,trial_random,0.45679,9,405
imagery_left_right_fist,riemann_ts_lr,9,8,7,subject_disjoint,0.511111,9,405
imagery_left_right_fist,riemann_ts_lr,9,32,7,subject_disjoint,0.528395,9,405
imagery_left_right_fist,riemann_ts_lr,9,128,7,subject_disjoint,0.533333,9,405
imagery_left_right_fist,riemann_ts_lr,9,2080,7,subject_disjoint,0.528395,9,405
imagery_left_right_fist,csp_lda,9,6,7,subject_disjoint,0.516049,9,405
imagery_left_right_fist,riemann_ts_lr,9,8,8,trial_random,0.417813,9,402
imagery_left_right_fist,riemann_ts_lr,9,32,8,trial_random,0.640035,9,402
imagery_left_right_fist,riemann_ts_lr,9,128,8,trial_random,0.694004,9,402
imagery_left_right_fist,riemann_ts_lr,9,2080,8,trial_random,0.673721,9,402
imagery_left_right_fist,csp_lda,9,6,8,trial_random,0.587125,9,402
imagery_left_right_fist,riemann_ts_lr,9,8,8,subject_disjoint,0.497531,9,402
imagery_left_right_fist,riemann_ts_lr,9,32,8,subject_disjoint,0.588889,9,402
imagery_left_right_fist,riemann_ts_lr,9,128,8,subject_disjoint,0.631922,9,402
imagery_left_right_fist,riemann_ts_lr,9,2080,8,subject_disjoint,0.61358,9,402
imagery_left_right_fist,csp_lda,9,6,8,subject_disjoint,0.579365,9,402
imagery_left_right_fist,riemann_ts_lr,9,8,9,trial_random,0.437566,9,402
imagery_left_right_fist,riemann_ts_lr,9,32,9,trial_random,0.585714,9,402
imagery_left_right_fist,riemann_ts_lr,9,128,9,trial_random,0.643563,9,402
imagery_left_right_fist,riemann_ts_lr,9,2080,9,trial_random,0.670899,9,402
imagery_left_right_fist,csp_lda,9,6,9,trial_random,0.495414,9,402
imagery_left_right_fist,riemann_ts_lr,9,8,9,subject_disjoint,0.512346,9,402
imagery_left_right_fist,riemann_ts_lr,9,32,9,subject_disjoint,0.543739,9,402
imagery_left_right_fist,riemann_ts_lr,9,128,9,subject_disjoint,0.549383,9,402
imagery_left_right_fist,riemann_ts_lr,9,2080,9,subject_disjoint,0.559259,9,402
imagery_left_right_fist,csp_lda,9,6,9,subject_disjoint,0.516931,9,402
imagery_left_right_fist,riemann_ts_lr,18,8,0,trial_random,0.436169,18,812
imagery_left_right_fist,riemann_ts_lr,18,32,0,trial_random,0.591365,18,812
imagery_left_right_fist,riemann_ts_lr,18,128,0,trial_random,0.631075,18,812
imagery_left_right_fist,riemann_ts_lr,18,512,0,trial_random,0.610201,18,812
imagery_left_right_fist,riemann_ts_lr,18,2080,0,trial_random,0.604857,18,812
imagery_left_right_fist,csp_lda,18,6,0,trial_random,0.500903,18,812
imagery_left_right_fist,riemann_ts_lr,18,8,0,subject_disjoint,0.495647,18,812
imagery_left_right_fist,riemann_ts_lr,18,32,0,subject_disjoint,0.585051,18,812
imagery_left_right_fist,riemann_ts_lr,18,128,0,subject_disjoint,0.588499,18,812
imagery_left_right_fist,riemann_ts_lr,18,512,0,subject_disjoint,0.590019,18,812
imagery_left_right_fist,riemann_ts_lr,18,2080,0,subject_disjoint,0.583105,18,812
imagery_left_right_fist,csp_lda,18,6,0,subject_disjoint,0.555504,18,812
imagery_left_right_fist,riemann_ts_lr,18,8,1,trial_random,0.463255,18,819
imagery_left_right_fist,riemann_ts_lr,18,32,1,trial_random,0.506136,18,819
imagery_left_right_fist,riemann_ts_lr,18,128,1,trial_random,0.637914,18,819
imagery_left_right_fist,riemann_ts_lr,18,512,1,trial_random,0.631379,18,819
imagery_left_right_fist,riemann_ts_lr,18,2080,1,trial_random,0.630317,18,819
imagery_left_right_fist,csp_lda,18,6,1,trial_random,0.503759,18,819
imagery_left_right_fist,riemann_ts_lr,18,8,1,subject_disjoint,0.507895,18,819
imagery_left_right_fist,riemann_ts_lr,18,32,1,subject_disjoint,0.567159,18,819
imagery_left_right_fist,riemann_ts_lr,18,128,1,subject_disjoint,0.587733,18,819
imagery_left_right_fist,riemann_ts_lr,18,512,1,subject_disjoint,0.57768,18,819
imagery_left_right_fist,riemann_ts_lr,18,2080,1,subject_disjoint,0.572742,18,819
imagery_left_right_fist,csp_lda,18,6,1,subject_disjoint,0.514068,18,819
imagery_left_right_fist,riemann_ts_lr,18,8,2,trial_random,0.474394,18,816
imagery_left_right_fist,riemann_ts_lr,18,32,2,trial_random,0.567794,18,816
imagery_left_right_fist,riemann_ts_lr,18,128,2,trial_random,0.612833,18,816
imagery_left_right_fist,riemann_ts_lr,18,512,2,trial_random,0.606785,18,816
imagery_left_right_fist,riemann_ts_lr,18,2080,2,trial_random,0.616667,18,816
imagery_left_right_fist,csp_lda,18,6,2,trial_random,0.556057,18,816
imagery_left_right_fist,riemann_ts_lr,18,8,2,subject_disjoint,0.500223,18,816
imagery_left_right_fist,riemann_ts_lr,18,32,2,subject_disjoint,0.568746,18,816
imagery_left_right_fist,riemann_ts_lr,18,128,2,subject_disjoint,0.571953,18,816
imagery_left_right_fist,riemann_ts_lr,18,512,2,subject_disjoint,0.568686,18,816
imagery_left_right_fist,riemann_ts_lr,18,2080,2,subject_disjoint,0.553435,18,816
imagery_left_right_fist,csp_lda,18,6,2,subject_disjoint,0.57484,18,816
imagery_left_right_fist,riemann_ts_lr,18,8,3,trial_random,0.451742,18,801
imagery_left_right_fist,riemann_ts_lr,18,32,3,trial_random,0.517082,18,801
imagery_left_right_fist,riemann_ts_lr,18,128,3,trial_random,0.628154,18,801
imagery_left_right_fist,riemann_ts_lr,18,512,3,trial_random,0.586061,18,801
imagery_left_right_fist,riemann_ts_lr,18,2080,3,trial_random,0.583445,18,801
imagery_left_right_fist,csp_lda,18,6,3,trial_random,0.468434,18,801
imagery_left_right_fist,riemann_ts_lr,18,8,3,subject_disjoint,0.509316,18,801
imagery_left_right_fist,riemann_ts_lr,18,32,3,subject_disjoint,0.558762,18,801
imagery_left_right_fist,riemann_ts_lr,18,128,3,subject_disjoint,0.591295,18,801
imagery_left_right_fist,riemann_ts_lr,18,512,3,subject_disjoint,0.581028,18,801
imagery_left_right_fist,riemann_ts_lr,18,2080,3,subject_disjoint,0.567096,18,801
imagery_left_right_fist,csp_lda,18,6,3,subject_disjoint,0.499589,18,801
imagery_left_right_fist,riemann_ts_lr,18,8,4,trial_random,0.45871,18,804
imagery_left_right_fist,riemann_ts_lr,18,32,4,trial_random,0.583925,18,804
imagery_left_right_fist,riemann_ts_lr,18,128,4,trial_random,0.626136,18,804
imagery_left_right_fist,riemann_ts_lr,18,512,4,trial_random,0.618785,18,804
imagery_left_right_fist,riemann_ts_lr,18,2080,4,trial_random,0.62117,18,804
imagery_left_right_fist,csp_lda,18,6,4,trial_random,0.552334,18,804
imagery_left_right_fist,riemann_ts_lr,18,8,4,subject_disjoint,0.504938,18,804
imagery_left_right_fist,riemann_ts_lr,18,32,4,subject_disjoint,0.581224,18,804
imagery_left_right_fist,riemann_ts_lr,18,128,4,subject_disjoint,0.570224,18,804
imagery_left_right_fist,riemann_ts_lr,18,512,4,subject_disjoint,0.584981,18,804
imagery_left_right_fist,riemann_ts_lr,18,2080,4,subject_disjoint,0.577659,18,804
imagery_left_right_fist,csp_lda,18,6,4,subject_disjoint,0.539391,18,804
imagery_left_right_fist,riemann_ts_lr,18,8,5,trial_random,0.453743,18,800
imagery_left_right_fist,riemann_ts_lr,18,32,5,trial_random,0.536496,18,800
imagery_left_right_fist,riemann_ts_lr,18,128,5,trial_random,0.621223,18,800
imagery_left_right_fist,riemann_ts_lr,18,512,5,trial_random,0.604561,18,800
imagery_left_right_fist,riemann_ts_lr,18,2080,5,trial_random,0.608295,18,800
imagery_left_right_fist,csp_lda,18,6,5,trial_random,0.496522,18,800
imagery_left_right_fist,riemann_ts_lr,18,8,5,subject_disjoint,0.503761,18,800
imagery_left_right_fist,riemann_ts_lr,18,32,5,subject_disjoint,0.547814,18,800
imagery_left_right_fist,riemann_ts_lr,18,128,5,subject_disjoint,0.551567,18,800
imagery_left_right_fist,riemann_ts_lr,18,512,5,subject_disjoint,0.572581,18,800
imagery_left_right_fist,riemann_ts_lr,18,2080,5,subject_disjoint,0.586748,18,800
imagery_left_right_fist,csp_lda,18,6,5,subject_disjoint,0.521187,18,800
imagery_left_right_fist,riemann_ts_lr,18,8,6,trial_random,0.48011,18,785
imagery_left_right_fist,riemann_ts_lr,18,32,6,trial_random,0.531727,18,785
imagery_left_right_fist,riemann_ts_lr,18,128,6,trial_random,0.606799,18,785
imagery_left_right_fist,riemann_ts_lr,18,512,6,trial_random,0.602802,18,785
imagery_left_right_fist,riemann_ts_lr,18,2080,6,trial_random,0.612866,18,785
imagery_left_right_fist,csp_lda,18,6,6,trial_random,0.512851,18,785
imagery_left_right_fist,riemann_ts_lr,18,8,6,subject_disjoint,0.508374,18,785
imagery_left_right_fist,riemann_ts_lr,18,32,6,subject_disjoint,0.552141,18,785
imagery_left_right_fist,riemann_ts_lr,18,128,6,subject_disjoint,0.552778,18,785
imagery_left_right_fist,riemann_ts_lr,18,512,6,subject_disjoint,0.551259,18,785
imagery_left_right_fist,riemann_ts_lr,18,2080,6,subject_disjoint,0.547644,18,785
imagery_left_right_fist,csp_lda,18,6,6,subject_disjoint,0.556258,18,785
imagery_left_right_fist,riemann_ts_lr,18,8,7,trial_random,0.457556,18,820
imagery_left_right_fist,riemann_ts_lr,18,32,7,trial_random,0.499631,18,820
imagery_left_right_fist,riemann_ts_lr,18,128,7,trial_random,0.623547,18,820
imagery_left_right_fist,riemann_ts_lr,18,512,7,trial_random,0.613781,18,820
imagery_left_right_fist,riemann_ts_lr,18,2080,7,trial_random,0.621131,18,820
imagery_left_right_fist,csp_lda,18,6,7,trial_random,0.512959,18,820
imagery_left_right_fist,riemann_ts_lr,18,8,7,subject_disjoint,0.489705,18,820
imagery_left_right_fist,riemann_ts_lr,18,32,7,subject_disjoint,0.53908,18,820
imagery_left_right_fist,riemann_ts_lr,18,128,7,subject_disjoint,0.578131,18,820
imagery_left_right_fist,riemann_ts_lr,18,512,7,subject_disjoint,0.546552,18,820
imagery_left_right_fist,riemann_ts_lr,18,2080,7,subject_disjoint,0.545318,18,820
imagery_left_right_fist,csp_lda,18,6,7,subject_disjoint,0.531795,18,820
imagery_left_right_fist,riemann_ts_lr,18,8,8,trial_random,0.47058,18,799
imagery_left_right_fist,riemann_ts_lr,18,32,8,trial_random,0.538239,18,799
imagery_left_right_fist,riemann_ts_lr,18,128,8,trial_random,0.613195,18,799
imagery_left_right_fist,riemann_ts_lr,18,512,8,trial_random,0.621576,18,799
imagery_left_right_fist,riemann_ts_lr,18,2080,8,trial_random,0.621223,18,799
imagery_left_right_fist,csp_lda,18,6,8,trial_random,0.488772,18,799
imagery_left_right_fist,riemann_ts_lr,18,8,8,subject_disjoint,0.50297,18,799
imagery_left_right_fist,riemann_ts_lr,18,32,8,subject_disjoint,0.547648,18,799
imagery_left_right_fist,riemann_ts_lr,18,128,8,subject_disjoint,0.53927,18,799
imagery_left_right_fist,riemann_ts_lr,18,512,8,subject_disjoint,0.524191,18,799
imagery_left_right_fist,riemann_ts_lr,18,2080,8,subject_disjoint,0.527983,18,799
imagery_left_right_fist,csp_lda,18,6,8,subject_disjoint,0.53054,18,799
imagery_left_right_fist,riemann_ts_lr,18,8,9,trial_random,0.456331,18,797
imagery_left_right_fist,riemann_ts_lr,18,32,9,trial_random,0.658175,18,797
imagery_left_right_fist,riemann_ts_lr,18,128,9,trial_random,0.695421,18,797
imagery_left_right_fist,riemann_ts_lr,18,512,9,trial_random,0.681474,18,797
imagery_left_right_fist,riemann_ts_lr,18,2080,9,trial_random,0.676479,18,797
imagery_left_right_fist,csp_lda,18,6,9,trial_random,0.57266,18,797
imagery_left_right_fist,riemann_ts_lr,18,8,9,subject_disjoint,0.499325,18,797
imagery_left_right_fist,riemann_ts_lr,18,32,9,subject_disjoint,0.66035,18,797
imagery_left_right_fist,riemann_ts_lr,18,128,9,subject_disjoint,0.636972,18,797
imagery_left_right_fist,riemann_ts_lr,18,512,9,subject_disjoint,0.628388,18,797
imagery_left_right_fist,riemann_ts_lr,18,2080,9,subject_disjoint,0.621289,18,797
imagery_left_right_fist,csp_lda,18,6,9,subject_disjoint,0.626708,18,797
imagery_left_right_fist,riemann_ts_lr,36,8,0,trial_random,0.475529,36,1608
imagery_left_right_fist,riemann_ts_lr,36,32,0,trial_random,0.448743,36,1608
imagery_left_right_fist,riemann_ts_lr,36,128,0,trial_random,0.647707,36,1608
imagery_left_right_fist,riemann_ts_lr,36,512,0,trial_random,0.662235,36,1608
imagery_left_right_fist,riemann_ts_lr,36,2080,0,trial_random,0.652006,36,1608
imagery_left_right_fist,csp_lda,36,6,0,trial_random,0.545877,36,1608
imagery_left_right_fist,riemann_ts_lr,36,8,0,subject_disjoint,0.504321,36,1608
imagery_left_right_fist,riemann_ts_lr,36,32,0,subject_disjoint,0.531459,36,1608
imagery_left_right_fist,riemann_ts_lr,36,128,0,subject_disjoint,0.571384,36,1608
imagery_left_right_fist,riemann_ts_lr,36,512,0,subject_disjoint,0.58567,36,1608
imagery_left_right_fist,riemann_ts_lr,36,2080,0,subject_disjoint,0.581592,36,1608
imagery_left_right_fist,csp_lda,36,6,0,subject_disjoint,0.555445,36,1608
imagery_left_right_fist,riemann_ts_lr,36,8,1,trial_random,0.474832,36,1620
imagery_left_right_fist,riemann_ts_lr,36,32,1,trial_random,0.467299,36,1620
imagery_left_right_fist,riemann_ts_lr,36,128,1,trial_random,0.669462,36,1620
imagery_left_right_fist,riemann_ts_lr,36,512,1,trial_random,0.654357,36,1620
imagery_left_right_fist,riemann_ts_lr,36,2080,1,trial_random,0.645086,36,1620
imagery_left_right_fist,csp_lda,36,6,1,trial_random,0.519376,36,1620
imagery_left_right_fist,riemann_ts_lr,36,8,1,subject_disjoint,0.500581,36,1620
imagery_left_right_fist,riemann_ts_lr,36,32,1,subject_disjoint,0.527858,36,1620
imagery_left_right_fist,riemann_ts_lr,36,128,1,subject_disjoint,0.585957,36,1620
imagery_left_right_fist,riemann_ts_lr,36,512,1,subject_disjoint,0.586031,36,1620
imagery_left_right_fist,riemann_ts_lr,36,2080,1,subject_disjoint,0.586797,36,1620
imagery_left_right_fist,csp_lda,36,6,1,subject_disjoint,0.56704,36,1620
imagery_left_right_fist,riemann_ts_lr,36,8,2,trial_random,0.479725,36,1639
imagery_left_right_fist,riemann_ts_lr,36,32,2,trial_random,0.468282,36,1639
imagery_left_right_fist,riemann_ts_lr,36,128,2,trial_random,0.628916,36,1639
imagery_left_right_fist,riemann_ts_lr,36,512,2,trial_random,0.621697,36,1639
imagery_left_right_fist,riemann_ts_lr,36,2080,2,trial_random,0.616031,36,1639
imagery_left_right_fist,csp_lda,36,6,2,trial_random,0.491824,36,1639
imagery_left_right_fist,riemann_ts_lr,36,8,2,subject_disjoint,0.531763,36,1639
imagery_left_right_fist,riemann_ts_lr,36,32,2,subject_disjoint,0.522444,36,1639
imagery_left_right_fist,riemann_ts_lr,36,128,2,subject_disjoint,0.551256,36,1639
imagery_left_right_fist,riemann_ts_lr,36,512,2,subject_disjoint,0.576466,36,1639
imagery_left_right_fist,riemann_ts_lr,36,2080,2,subject_disjoint,0.572056,36,1639
imagery_left_right_fist,csp_lda,36,6,2,subject_disjoint,0.537104,36,1639
imagery_left_right_fist,riemann_ts_lr,36,8,3,trial_random,0.460957,36,1614
imagery_left_right_fist,riemann_ts_lr,36,32,3,trial_random,0.451569,36,1614
imagery_left_right_fist,riemann_ts_lr,36,128,3,trial_random,0.659258,36,1614
imagery_left_right_fist,riemann_ts_lr,36,512,3,trial_random,0.66672,36,1614
imagery_left_right_fist,riemann_ts_lr,36,2080,3,trial_random,0.651691,36,1614
imagery_left_right_fist,csp_lda,36,6,3,trial_random,0.541877,36,1614
imagery_left_right_fist,riemann_ts_lr,36,8,3,subject_disjoint,0.511168,36,1614
imagery_left_right_fist,riemann_ts_lr,36,32,3,subject_disjoint,0.538314,36,1614
imagery_left_right_fist,riemann_ts_lr,36,128,3,subject_disjoint,0.595187,36,1614
imagery_left_right_fist,riemann_ts_lr,36,512,3,subject_disjoint,0.603742,36,1614
imagery_left_right_fist,riemann_ts_lr,36,2080,3,subject_disjoint,0.605607,36,1614
imagery_left_right_fist,csp_lda,36,6,3,subject_disjoint,0.588271,36,1614
imagery_left_right_fist,riemann_ts_lr,36,8,4,trial_random,0.480417,36,1624
imagery_left_right_fist,riemann_ts_lr,36,32,4,trial_random,0.470808,36,1624
imagery_left_right_fist,riemann_ts_lr,36,128,4,trial_random,0.668341,36,1624
imagery_left_right_fist,riemann_ts_lr,36,512,4,trial_random,0.662364,36,1624
imagery_left_right_fist,riemann_ts_lr,36,2080,4,trial_random,0.645853,36,1624
imagery_left_right_fist,csp_lda,36,6,4,trial_random,0.508617,36,1624
imagery_left_right_fist,riemann_ts_lr,36,8,4,subject_disjoint,0.50265,36,1624
imagery_left_right_fist,riemann_ts_lr,36,32,4,subject_disjoint,0.553759,36,1624
imagery_left_right_fist,riemann_ts_lr,36,128,4,subject_disjoint,0.586315,36,1624
imagery_left_right_fist,riemann_ts_lr,36,512,4,subject_disjoint,0.591442,36,1624
imagery_left_right_fist,riemann_ts_lr,36,2080,4,subject_disjoint,0.59378,36,1624
imagery_left_right_fist,csp_lda,36,6,4,subject_disjoint,0.577502,36,1624
imagery_left_right_fist,riemann_ts_lr,36,8,5,trial_random,0.487648,36,1615
imagery_left_right_fist,riemann_ts_lr,36,32,5,trial_random,0.496774,36,1615
imagery_left_right_fist,riemann_ts_lr,36,128,5,trial_random,0.698901,36,1615
imagery_left_right_fist,riemann_ts_lr,36,512,5,trial_random,0.671379,36,1615
imagery_left_right_fist,riemann_ts_lr,36,2080,5,trial_random,0.672664,36,1615
imagery_left_right_fist,csp_lda,36,6,5,trial_random,0.542906,36,1615
imagery_left_right_fist,riemann_ts_lr,36,8,5,subject_disjoint,0.511601,36,1615
imagery_left_right_fist,riemann_ts_lr,36,32,5,subject_disjoint,0.549284,36,1615
imagery_left_right_fist,riemann_ts_lr,36,128,5,subject_disjoint,0.635662,36,1615
imagery_left_right_fist,riemann_ts_lr,36,512,5,subject_disjoint,0.599185,36,1615
imagery_left_right_fist,riemann_ts_lr,36,2080,5,subject_disjoint,0.610477,36,1615
imagery_left_right_fist,csp_lda,36,6,5,subject_disjoint,0.550254,36,1615
imagery_left_right_fist,riemann_ts_lr,36,8,6,trial_random,0.486249,36,1623
imagery_left_right_fist,riemann_ts_lr,36,32,6,trial_random,0.467827,36,1623
imagery_left_right_fist,riemann_ts_lr,36,128,6,trial_random,0.670078,36,1623
imagery_left_right_fist,riemann_ts_lr,36,512,6,trial_random,0.655806,36,1623
imagery_left_right_fist,riemann_ts_lr,36,2080,6,trial_random,0.658979,36,1623
imagery_left_right_fist,csp_lda,36,6,6,trial_random,0.531109,36,1623
imagery_left_right_fist,riemann_ts_lr,36,8,6,subject_disjoint,0.507452,36,1623
imagery_left_right_fist,riemann_ts_lr,36,32,6,subject_disjoint,0.522826,36,1623
imagery_left_right_fist,riemann_ts_lr,36,128,6,subject_disjoint,0.600495,36,1623
imagery_left_right_fist,riemann_ts_lr,36,512,6,subject_disjoint,0.5803,36,1623
imagery_left_right_fist,riemann_ts_lr,36,2080,6,subject_disjoint,0.567105,36,1623
imagery_left_right_fist,csp_lda,36,6,6,subject_disjoint,0.588437,36,1623
imagery_left_right_fist,riemann_ts_lr,36,8,7,trial_random,0.485345,36,1626
imagery_left_right_fist,riemann_ts_lr,36,32,7,trial_random,0.473954,36,1626
imagery_left_right_fist,riemann_ts_lr,36,128,7,trial_random,0.703157,36,1626
imagery_left_right_fist,riemann_ts_lr,36,512,7,trial_random,0.687633,36,1626
imagery_left_right_fist,riemann_ts_lr,36,2080,7,trial_random,0.674364,36,1626
imagery_left_right_fist,csp_lda,36,6,7,trial_random,0.587963,36,1626
imagery_left_right_fist,riemann_ts_lr,36,8,7,subject_disjoint,0.521239,36,1626
imagery_left_right_fist,riemann_ts_lr,36,32,7,subject_disjoint,0.529851,36,1626
imagery_left_right_fist,riemann_ts_lr,36,128,7,subject_disjoint,0.614452,36,1626
imagery_left_right_fist,riemann_ts_lr,36,512,7,subject_disjoint,0.623057,36,1626
imagery_left_right_fist,riemann_ts_lr,36,2080,7,subject_disjoint,0.61322,36,1626
imagery_left_right_fist,csp_lda,36,6,7,subject_disjoint,0.596259,36,1626
imagery_left_right_fist,riemann_ts_lr,36,8,8,trial_random,0.479016,36,1610
imagery_left_right_fist,riemann_ts_lr,36,32,8,trial_random,0.448196,36,1610
imagery_left_right_fist,riemann_ts_lr,36,128,8,trial_random,0.661903,36,1610
imagery_left_right_fist,riemann_ts_lr,36,512,8,trial_random,0.662253,36,1610
imagery_left_right_fist,riemann_ts_lr,36,2080,8,trial_random,0.655776,36,1610
imagery_left_right_fist,csp_lda,36,6,8,trial_random,0.562654,36,1610
imagery_left_right_fist,riemann_ts_lr,36,8,8,subject_disjoint,0.511169,36,1610
imagery_left_right_fist,riemann_ts_lr,36,32,8,subject_disjoint,0.529714,36,1610
imagery_left_right_fist,riemann_ts_lr,36,128,8,subject_disjoint,0.612813,36,1610
imagery_left_right_fist,riemann_ts_lr,36,512,8,subject_disjoint,0.591019,36,1610
imagery_left_right_fist,riemann_ts_lr,36,2080,8,subject_disjoint,0.619767,36,1610
imagery_left_right_fist,csp_lda,36,6,8,subject_disjoint,0.584259,36,1610
imagery_left_right_fist,riemann_ts_lr,36,8,9,trial_random,0.486905,36,1601
imagery_left_right_fist,riemann_ts_lr,36,32,9,trial_random,0.468466,36,1601
imagery_left_right_fist,riemann_ts_lr,36,128,9,trial_random,0.658266,36,1601
imagery_left_right_fist,riemann_ts_lr,36,512,9,trial_random,0.664939,36,1601
imagery_left_right_fist,riemann_ts_lr,36,2080,9,trial_random,0.672179,36,1601
imagery_left_right_fist,csp_lda,36,6,9,trial_random,0.536903,36,1601
imagery_left_right_fist,riemann_ts_lr,36,8,9,subject_disjoint,0.509698,36,1601
imagery_left_right_fist,riemann_ts_lr,36,32,9,subject_disjoint,0.522463,36,1601
imagery_left_right_fist,riemann_ts_lr,36,128,9,subject_disjoint,0.578528,36,1601
imagery_left_right_fist,riemann_ts_lr,36,512,9,subject_disjoint,0.55209,36,1601
imagery_left_right_fist,riemann_ts_lr,36,2080,9,subject_disjoint,0.56924,36,1601
imagery_left_right_fist,csp_lda,36,6,9,subject_disjoint,0.575671,36,1601
imagery_left_right_fist,riemann_ts_lr,72,8,0,trial_random,0.508255,72,3223
imagery_left_right_fist,riemann_ts_lr,72,32,0,trial_random,0.494086,72,3223
imagery_left_right_fist,riemann_ts_lr,72,128,0,trial_random,0.672877,72,3223
imagery_left_right_fist,riemann_ts_lr,72,512,0,trial_random,0.671172,72,3223
imagery_left_right_fist,riemann_ts_lr,72,2080,0,trial_random,0.65484,72,3223
imagery_left_right_fist,csp_lda,72,6,0,trial_random,0.57167,72,3223
imagery_left_right_fist,riemann_ts_lr,72,8,0,subject_disjoint,0.513572,72,3223
imagery_left_right_fist,riemann_ts_lr,72,32,0,subject_disjoint,0.54113,72,3223
imagery_left_right_fist,riemann_ts_lr,72,128,0,subject_disjoint,0.622949,72,3223
imagery_left_right_fist,riemann_ts_lr,72,512,0,subject_disjoint,0.611759,72,3223
imagery_left_right_fist,riemann_ts_lr,72,2080,0,subject_disjoint,0.598445,72,3223
imagery_left_right_fist,csp_lda,72,6,0,subject_disjoint,0.603802,72,3223
imagery_left_right_fist,riemann_ts_lr,72,8,1,trial_random,0.493294,72,3245
imagery_left_right_fist,riemann_ts_lr,72,32,1,trial_random,0.490646,72,3245
imagery_left_right_fist,riemann_ts_lr,72,128,1,trial_random,0.655544,72,3245
imagery_left_right_fist,riemann_ts_lr,72,512,1,trial_random,0.67675,72,3245
imagery_left_right_fist,riemann_ts_lr,72,2080,1,trial_random,0.649343,72,3245
imagery_left_right_fist,csp_lda,72,6,1,trial_random,0.559015,72,3245
imagery_left_right_fist,riemann_ts_lr,72,8,1,subject_disjoint,0.513161,72,3245
imagery_left_right_fist,riemann_ts_lr,72,32,1,subject_disjoint,0.534989,72,3245
imagery_left_right_fist,riemann_ts_lr,72,128,1,subject_disjoint,0.629711,72,3245
imagery_left_right_fist,riemann_ts_lr,72,512,1,subject_disjoint,0.619593,72,3245
imagery_left_right_fist,riemann_ts_lr,72,2080,1,subject_disjoint,0.612752,72,3245
imagery_left_right_fist,csp_lda,72,6,1,subject_disjoint,0.595184,72,3245
imagery_left_right_fist,riemann_ts_lr,72,8,2,trial_random,0.472185,72,3227
imagery_left_right_fist,riemann_ts_lr,72,32,2,trial_random,0.486747,72,3227
imagery_left_right_fist,riemann_ts_lr,72,128,2,trial_random,0.676415,72,3227
imagery_left_right_fist,riemann_ts_lr,72,512,2,trial_random,0.689744,72,3227
imagery_left_right_fist,riemann_ts_lr,72,2080,2,trial_random,0.669439,72,3227
imagery_left_right_fist,csp_lda,72,6,2,trial_random,0.572652,72,3227
imagery_left_right_fist,riemann_ts_lr,72,8,2,subject_disjoint,0.506762,72,3227
imagery_left_right_fist,riemann_ts_lr,72,32,2,subject_disjoint,0.522194,72,3227
imagery_left_right_fist,riemann_ts_lr,72,128,2,subject_disjoint,0.615111,72,3227
imagery_left_right_fist,riemann_ts_lr,72,512,2,subject_disjoint,0.610294,72,3227
imagery_left_right_fist,riemann_ts_lr,72,2080,2,subject_disjoint,0.58238,72,3227
imagery_left_right_fist,csp_lda,72,6,2,subject_disjoint,0.59136,72,3227
imagery_left_right_fist,riemann_ts_lr,72,8,3,trial_random,0.48679,72,3240
imagery_left_right_fist,riemann_ts_lr,72,32,3,trial_random,0.493962,72,3240
imagery_left_right_fist,riemann_ts_lr,72,128,3,trial_random,0.663647,72,3240
imagery_left_right_fist,riemann_ts_lr,72,512,3,trial_random,0.664705,72,3240
imagery_left_right_fist,riemann_ts_lr,72,2080,3,trial_random,0.636838,72,3240
imagery_left_right_fist,csp_lda,72,6,3,trial_random,0.557014,72,3240
imagery_left_right_fist,riemann_ts_lr,72,8,3,subject_disjoint,0.512741,72,3240
imagery_left_right_fist,riemann_ts_lr,72,32,3,subject_disjoint,0.527741,72,3240
imagery_left_right_fist,riemann_ts_lr,72,128,3,subject_disjoint,0.612743,72,3240
imagery_left_right_fist,riemann_ts_lr,72,512,3,subject_disjoint,0.608391,72,3240
imagery_left_right_fist,riemann_ts_lr,72,2080,3,subject_disjoint,0.596374,72,3240
imagery_left_right_fist,csp_lda,72,6,3,subject_disjoint,0.598934,72,3240
imagery_left_right_fist,riemann_ts_lr,72,8,4,trial_random,0.487004,72,3229
imagery_left_right_fist,riemann_ts_lr,72,32,4,trial_random,0.493603,72,3229
imagery_left_right_fist,riemann_ts_lr,72,128,4,trial_random,0.664728,72,3229
imagery_left_right_fist,riemann_ts_lr,72,512,4,trial_random,0.666512,72,3229
imagery_left_right_fist,riemann_ts_lr,72,2080,4,trial_random,0.643479,72,3229
imagery_left_right_fist,csp_lda,72,6,4,trial_random,0.55651,72,3229
imagery_left_right_fist,riemann_ts_lr,72,8,4,subject_disjoint,0.516538,72,3229
imagery_left_right_fist,riemann_ts_lr,72,32,4,subject_disjoint,0.534107,72,3229
imagery_left_right_fist,riemann_ts_lr,72,128,4,subject_disjoint,0.612684,72,3229
imagery_left_right_fist,riemann_ts_lr,72,512,4,subject_disjoint,0.598493,72,3229
imagery_left_right_fist,riemann_ts_lr,72,2080,4,subject_disjoint,0.602282,72,3229
imagery_left_right_fist,csp_lda,72,6,4,subject_disjoint,0.59186,72,3229
imagery_left_right_fist,riemann_ts_lr,72,8,5,trial_random,0.493117,72,3244
imagery_left_right_fist,riemann_ts_lr,72,32,5,trial_random,0.483118,72,3244
imagery_left_right_fist,riemann_ts_lr,72,128,5,trial_random,0.661834,72,3244
imagery_left_right_fist,riemann_ts_lr,72,512,5,trial_random,0.674195,72,3244
imagery_left_right_fist,riemann_ts_lr,72,2080,5,trial_random,0.656374,72,3244
imagery_left_right_fist,csp_lda,72,6,5,trial_random,0.535791,72,3244
imagery_left_right_fist,riemann_ts_lr,72,8,5,subject_disjoint,0.520213,72,3244
imagery_left_right_fist,riemann_ts_lr,72,32,5,subject_disjoint,0.534912,72,3244
imagery_left_right_fist,riemann_ts_lr,72,128,5,subject_disjoint,0.605456,72,3244
imagery_left_right_fist,riemann_ts_lr,72,512,5,subject_disjoint,0.613251,72,3244
imagery_left_right_fist,riemann_ts_lr,72,2080,5,subject_disjoint,0.600403,72,3244
imagery_left_right_fist,csp_lda,72,6,5,subject_disjoint,0.581905,72,3244
imagery_left_right_fist,riemann_ts_lr,72,8,6,trial_random,0.47332,72,3244
imagery_left_right_fist,riemann_ts_lr,72,32,6,trial_random,0.478981,72,3244
imagery_left_right_fist,riemann_ts_lr,72,128,6,trial_random,0.621586,72,3244
imagery_left_right_fist,riemann_ts_lr,72,512,6,trial_random,0.633948,72,3244
imagery_left_right_fist,riemann_ts_lr,72,2080,6,trial_random,0.632644,72,3244
imagery_left_right_fist,csp_lda,72,6,6,trial_random,0.53865,72,3244
imagery_left_right_fist,riemann_ts_lr,72,8,6,subject_disjoint,0.505282,72,3244
imagery_left_right_fist,riemann_ts_lr,72,32,6,subject_disjoint,0.525597,72,3244
imagery_left_right_fist,riemann_ts_lr,72,128,6,subject_disjoint,0.601385,72,3244
imagery_left_right_fist,riemann_ts_lr,72,512,6,subject_disjoint,0.599688,72,3244
imagery_left_right_fist,riemann_ts_lr,72,2080,6,subject_disjoint,0.585474,72,3244
imagery_left_right_fist,csp_lda,72,6,6,subject_disjoint,0.581989,72,3244
imagery_left_right_fist,riemann_ts_lr,72,8,7,trial_random,0.489705,72,3240
imagery_left_right_fist,riemann_ts_lr,72,32,7,trial_random,0.501968,72,3240
imagery_left_right_fist,riemann_ts_lr,72,128,7,trial_random,0.681162,72,3240
imagery_left_right_fist,riemann_ts_lr,72,512,7,trial_random,0.677102,72,3240
imagery_left_right_fist,riemann_ts_lr,72,2080,7,trial_random,0.665661,72,3240
imagery_left_right_fist,csp_lda,72,6,7,trial_random,0.570323,72,3240
imagery_left_right_fist,riemann_ts_lr,72,8,7,subject_disjoint,0.525709,72,3240
imagery_left_right_fist,riemann_ts_lr,72,32,7,subject_disjoint,0.534757,72,3240
imagery_left_right_fist,riemann_ts_lr,72,128,7,subject_disjoint,0.618883,72,3240
imagery_left_right_fist,riemann_ts_lr,72,512,7,subject_disjoint,0.625603,72,3240
imagery_left_right_fist,riemann_ts_lr,72,2080,7,subject_disjoint,0.605495,72,3240
imagery_left_right_fist,csp_lda,72,6,7,subject_disjoint,0.588345,72,3240
imagery_left_right_fist,riemann_ts_lr,72,8,8,trial_random,0.481793,72,3239
imagery_left_right_fist,riemann_ts_lr,72,32,8,trial_random,0.483182,72,3239
imagery_left_right_fist,riemann_ts_lr,72,128,8,trial_random,0.650068,72,3239
imagery_left_right_fist,riemann_ts_lr,72,512,8,trial_random,0.658921,72,3239
imagery_left_right_fist,riemann_ts_lr,72,2080,8,trial_random,0.650256,72,3239
imagery_left_right_fist,csp_lda,72,6,8,trial_random,0.525929,72,3239
imagery_left_right_fist,riemann_ts_lr,72,8,8,subject_disjoint,0.517918,72,3239
imagery_left_right_fist,riemann_ts_lr,72,32,8,subject_disjoint,0.530404,72,3239
imagery_left_right_fist,riemann_ts_lr,72,128,8,subject_disjoint,0.592431,72,3239
imagery_left_right_fist,riemann_ts_lr,72,512,8,subject_disjoint,0.60491,72,3239
imagery_left_right_fist,riemann_ts_lr,72,2080,8,subject_disjoint,0.589323,72,3239
imagery_left_right_fist,csp_lda,72,6,8,subject_disjoint,0.587129,72,3239
imagery_left_right_fist,riemann_ts_lr,72,8,9,trial_random,0.494827,72,3243
imagery_left_right_fist,riemann_ts_lr,72,32,9,trial_random,0.497367,72,3243
imagery_left_right_fist,riemann_ts_lr,72,128,9,trial_random,0.664605,72,3243
imagery_left_right_fist,riemann_ts_lr,72,512,9,trial_random,0.67457,72,3243
imagery_left_right_fist,riemann_ts_lr,72,2080,9,trial_random,0.646105,72,3243
imagery_left_right_fist,csp_lda,72,6,9,trial_random,0.564924,72,3243
imagery_left_right_fist,riemann_ts_lr,72,8,9,subject_disjoint,0.506186,72,3243
imagery_left_right_fist,riemann_ts_lr,72,32,9,subject_disjoint,0.5297,72,3243
imagery_left_right_fist,riemann_ts_lr,72,128,9,subject_disjoint,0.627591,72,3243
imagery_left_right_fist,riemann_ts_lr,72,512,9,subject_disjoint,0.618555,72,3243
imagery_left_right_fist,riemann_ts_lr,72,2080,9,subject_disjoint,0.605412,72,3243
imagery_left_right_fist,csp_lda,72,6,9,subject_disjoint,0.613378,72,3243
imagery_left_right_fist,riemann_ts_lr,109,8,0,trial_random,0.500532,109,4898
imagery_left_right_fist,riemann_ts_lr,109,32,0,trial_random,0.512855,109,4898
imagery_left_right_fist,riemann_ts_lr,109,128,0,trial_random,0.632716,109,4898
imagery_left_right_fist,riemann_ts_lr,109,512,0,trial_random,0.680062,109,4898
imagery_left_right_fist,riemann_ts_lr,109,2080,0,trial_random,0.648881,109,4898
imagery_left_right_fist,csp_lda,109,6,0,trial_random,0.535072,109,4898
imagery_left_right_fist,riemann_ts_lr,109,8,0,subject_disjoint,0.51823,109,4898
imagery_left_right_fist,riemann_ts_lr,109,32,0,subject_disjoint,0.533294,109,4898
imagery_left_right_fist,riemann_ts_lr,109,128,0,subject_disjoint,0.609644,109,4898
imagery_left_right_fist,riemann_ts_lr,109,512,0,subject_disjoint,0.613514,109,4898
imagery_left_right_fist,riemann_ts_lr,109,2080,0,subject_disjoint,0.593498,109,4898
imagery_left_right_fist,csp_lda,109,6,0,subject_disjoint,0.607526,109,4898
real_left_right_fist,riemann_ts_lr,9,8,0,trial_random,0.432099,9,405
real_left_right_fist,riemann_ts_lr,9,32,0,trial_random,0.639506,9,405
real_left_right_fist,riemann_ts_lr,9,128,0,trial_random,0.688889,9,405
real_left_right_fist,riemann_ts_lr,9,2080,0,trial_random,0.688889,9,405
real_left_right_fist,csp_lda,9,6,0,trial_random,0.525926,9,405
real_left_right_fist,riemann_ts_lr,9,8,0,subject_disjoint,0.491358,9,405
real_left_right_fist,riemann_ts_lr,9,32,0,subject_disjoint,0.558025,9,405
real_left_right_fist,riemann_ts_lr,9,128,0,subject_disjoint,0.587654,9,405
real_left_right_fist,riemann_ts_lr,9,2080,0,subject_disjoint,0.590123,9,405
real_left_right_fist,csp_lda,9,6,0,subject_disjoint,0.545679,9,405
real_left_right_fist,riemann_ts_lr,9,8,1,trial_random,0.451323,9,399
real_left_right_fist,riemann_ts_lr,9,32,1,trial_random,0.649383,9,399
real_left_right_fist,riemann_ts_lr,9,128,1,trial_random,0.708289,9,399
real_left_right_fist,riemann_ts_lr,9,2080,1,trial_random,0.734568,9,399
real_left_right_fist,csp_lda,9,6,1,trial_random,0.490829,9,399
real_left_right_fist,riemann_ts_lr,9,8,1,subject_disjoint,0.495591,9,399
real_left_right_fist,riemann_ts_lr,9,32,1,subject_disjoint,0.501058,9,399
real_left_right_fist,riemann_ts_lr,9,128,1,subject_disjoint,0.520106,9,399
real_left_right_fist,riemann_ts_lr,9,2080,1,subject_disjoint,0.554674,9,399
real_left_right_fist,csp_lda,9,6,1,subject_disjoint,0.481305,9,399
real_left_right_fist,riemann_ts_lr,9,8,2,trial_random,0.38254,9,393
real_left_right_fist,riemann_ts_lr,9,32,2,trial_random,0.658289,9,393
real_left_right_fist,riemann_ts_lr,9,128,2,trial_random,0.703175,9,393
real_left_right_fist,riemann_ts_lr,9,2080,2,trial_random,0.692593,9,393
real_left_right_fist,csp_lda,9,6,2,trial_random,0.473457,9,393
real_left_right_fist,riemann_ts_lr,9,8,2,subject_disjoint,0.506173,9,393
real_left_right_fist,riemann_ts_lr,9,32,2,subject_disjoint,0.582011,9,393
real_left_right_fist,riemann_ts_lr,9,128,2,subject_disjoint,0.552557,9,393
real_left_right_fist,riemann_ts_lr,9,2080,2,subject_disjoint,0.558554,9,393
real_left_right_fist,csp_lda,9,6,2,subject_disjoint,0.547002,9,393
real_left_right_fist,riemann_ts_lr,9,8,3,trial_random,0.416714,9,412
real_left_right_fist,riemann_ts_lr,9,32,3,trial_random,0.5283,9,412
real_left_right_fist,riemann_ts_lr,9,128,3,trial_random,0.640693,9,412
real_left_right_fist,riemann_ts_lr,9,2080,3,trial_random,0.639696,9,412
real_left_right_fist,csp_lda,9,6,3,trial_random,0.547056,9,412
real_left_right_fist,riemann_ts_lr,9,8,3,subject_disjoint,0.512346,9,412
real_left_right_fist,riemann_ts_lr,9,32,3,subject_disjoint,0.530437,9,412
real_left_right_fist,riemann_ts_lr,9,128,3,subject_disjoint,0.526496,9,412
real_left_right_fist,riemann_ts_lr,9,2080,3,subject_disjoint,0.539506,9,412
real_left_right_fist,csp_lda,9,6,3,subject_disjoint,0.507075,9,412
real_left_right_fist,riemann_ts_lr,9,8,4,trial_random,0.422575,9,402
real_left_right_fist,riemann_ts_lr,9,32,4,trial_random,0.626984,9,402
real_left_right_fist,riemann_ts_lr,9,128,4,trial_random,0.682187,9,402
real_left_right_fist,riemann_ts_lr,9,2080,4,trial_random,0.706349,9,402
real_left_right_fist,csp_lda,9,6,4,trial_random,0.46455,9,402
real_left_right_fist,riemann_ts_lr,9,8,4,subject_disjoint,0.529453,9,402
real_left_right_fist,riemann_ts_lr,9,32,4,subject_disjoint,0.554321,9,402
real_left_right_fist,riemann_ts_lr,9,128,4,subject_disjoint,0.582716,9,402
real_left_right_fist,riemann_ts_lr,9,2080,4,subject_disjoint,0.600353,9,402
real_left_right_fist,csp_lda,9,6,4,subject_disjoint,0.508113,9,402
real_left_right_fist,riemann_ts_lr,9,8,5,trial_random,0.417284,9,405
real_left_right_fist,riemann_ts_lr,9,32,5,trial_random,0.693827,9,405
real_left_right_fist,riemann_ts_lr,9,128,5,trial_random,0.750617,9,405
real_left_right_fist,riemann_ts_lr,9,2080,5,trial_random,0.758025,9,405
real_left_right_fist,csp_lda,9,6,5,trial_random,0.493827,9,405
real_left_right_fist,riemann_ts_lr,9,8,5,subject_disjoint,0.518519,9,405
real_left_right_fist,riemann_ts_lr,9,32,5,subject_disjoint,0.637037,9,405
real_left_right_fist,riemann_ts_lr,9,128,5,subject_disjoint,0.612346,9,405
real_left_right_fist,riemann_ts_lr,9,2080,5,subject_disjoint,0.617284,9,405
real_left_right_fist,csp_lda,9,6,5,subject_disjoint,0.511111,9,405
real_left_right_fist,riemann_ts_lr,9,8,6,trial_random,0.471958,9,402
real_left_right_fist,riemann_ts_lr,9,32,6,trial_random,0.653263,9,402
real_left_right_fist,riemann_ts_lr,9,128,6,trial_random,0.723104,9,402
real_left_right_fist,riemann_ts_lr,9,2080,6,trial_random,0.72575,9,402
real_left_right_fist,csp_lda,9,6,6,trial_random,0.49418,9,402
real_left_right_fist,riemann_ts_lr,9,8,6,subject_disjoint,0.490123,9,402
real_left_right_fist,riemann_ts_lr,9,32,6,subject_disjoint,0.646384,9,402
real_left_right_fist,riemann_ts_lr,9,128,6,subject_disjoint,0.638624,9,402
real_left_right_fist,riemann_ts_lr,9,2080,6,subject_disjoint,0.669489,9,402
real_left_right_fist,csp_lda,9,6,6,subject_disjoint,0.492593,9,402
real_left_right_fist,riemann_ts_lr,9,8,7,trial_random,0.462963,9,402
real_left_right_fist,riemann_ts_lr,9,32,7,trial_random,0.634744,9,402
real_left_right_fist,riemann_ts_lr,9,128,7,trial_random,0.687478,9,402
real_left_right_fist,riemann_ts_lr,9,2080,7,trial_random,0.719224,9,402
real_left_right_fist,csp_lda,9,6,7,trial_random,0.495414,9,402
real_left_right_fist,riemann_ts_lr,9,8,7,subject_disjoint,0.522222,9,402
real_left_right_fist,riemann_ts_lr,9,32,7,subject_disjoint,0.539506,9,402
real_left_right_fist,riemann_ts_lr,9,128,7,subject_disjoint,0.561728,9,402
real_left_right_fist,riemann_ts_lr,9,2080,7,subject_disjoint,0.564198,9,402
real_left_right_fist,csp_lda,9,6,7,subject_disjoint,0.509877,9,402
real_left_right_fist,riemann_ts_lr,9,8,8,trial_random,0.406349,9,402
real_left_right_fist,riemann_ts_lr,9,32,8,trial_random,0.535626,9,402
real_left_right_fist,riemann_ts_lr,9,128,8,trial_random,0.640564,9,402
real_left_right_fist,riemann_ts_lr,9,2080,8,trial_random,0.652734,9,402
real_left_right_fist,csp_lda,9,6,8,trial_random,0.542328,9,402
real_left_right_fist,riemann_ts_lr,9,8,8,subject_disjoint,0.5,9,402
real_left_right_fist,riemann_ts_lr,9,32,8,subject_disjoint,0.55679,9,402
real_left_right_fist,riemann_ts_lr,9,128,8,subject_disjoint,0.551852,9,402
real_left_right_fist,riemann_ts_lr,9,2080,8,subject_disjoint,0.576543,9,402
real_left_right_fist,csp_lda,9,6,8,subject_disjoint,0.523104,9,402
real_left_right_fist,riemann_ts_lr,9,8,9,trial_random,0.4,9,405
real_left_right_fist,riemann_ts_lr,9,32,9,trial_random,0.612346,9,405
real_left_right_fist,riemann_ts_lr,9,128,9,trial_random,0.696296,9,405
real_left_right_fist,riemann_ts_lr,9,2080,9,trial_random,0.701235,9,405
real_left_right_fist,csp_lda,9,6,9,trial_random,0.523457,9,405
real_left_right_fist,riemann_ts_lr,9,8,9,subject_disjoint,0.479012,9,405
real_left_right_fist,riemann_ts_lr,9,32,9,subject_disjoint,0.582716,9,405
real_left_right_fist,riemann_ts_lr,9,128,9,subject_disjoint,0.604938,9,405
real_left_right_fist,riemann_ts_lr,9,2080,9,subject_disjoint,0.597531,9,405
real_left_right_fist,csp_lda,9,6,9,subject_disjoint,0.523457,9,405
real_left_right_fist,riemann_ts_lr,18,8,0,trial_random,0.439789,18,813
real_left_right_fist,riemann_ts_lr,18,32,0,trial_random,0.504883,18,813
real_left_right_fist,riemann_ts_lr,18,128,0,trial_random,0.695433,18,813
real_left_right_fist,riemann_ts_lr,18,512,0,trial_random,0.683166,18,813
real_left_right_fist,riemann_ts_lr,18,2080,0,trial_random,0.688105,18,813
real_left_right_fist,csp_lda,18,6,0,trial_random,0.52342,18,813
real_left_right_fist,riemann_ts_lr,18,8,0,subject_disjoint,0.519526,18,813
real_left_right_fist,riemann_ts_lr,18,32,0,subject_disjoint,0.530108,18,813
real_left_right_fist,riemann_ts_lr,18,128,0,subject_disjoint,0.588248,18,813
real_left_right_fist,riemann_ts_lr,18,512,0,subject_disjoint,0.571656,18,813
real_left_right_fist,riemann_ts_lr,18,2080,0,subject_disjoint,0.559046,18,813
real_left_right_fist,csp_lda,18,6,0,subject_disjoint,0.534187,18,813
real_left_right_fist,riemann_ts_lr,18,8,1,trial_random,0.45638,18,826
real_left_right_fist,riemann_ts_lr,18,32,1,trial_random,0.544334,18,826
real_left_right_fist,riemann_ts_lr,18,128,1,trial_random,0.675426,18,826
real_left_right_fist,riemann_ts_lr,18,512,1,trial_random,0.69897,18,826
real_left_right_fist,riemann_ts_lr,18,2080,1,trial_random,0.700998,18,826
real_left_right_fist,csp_lda,18,6,1,trial_random,0.507511,18,826
real_left_right_fist,riemann_ts_lr,18,8,1,subject_disjoint,0.503314,18,826
real_left_right_fist,riemann_ts_lr,18,32,1,subject_disjoint,0.562443,18,826
real_left_right_fist,riemann_ts_lr,18,128,1,subject_disjoint,0.59056,18,826
real_left_right_fist,riemann_ts_lr,18,512,1,subject_disjoint,0.588406,18,826
real_left_right_fist,riemann_ts_lr,18,2080,1,subject_disjoint,0.590262,18,826
real_left_right_fist,csp_lda,18,6,1,subject_disjoint,0.510981,18,826
real_left_right_fist,riemann_ts_lr,18,8,2,trial_random,0.458164,18,819
real_left_right_fist,riemann_ts_lr,18,32,2,trial_random,0.5295,18,819
real_left_right_fist,riemann_ts_lr,18,128,2,trial_random,0.761371,18,819
real_left_right_fist,riemann_ts_lr,18,512,2,trial_random,0.769215,18,819
real_left_right_fist,riemann_ts_lr,18,2080,2,trial_random,0.767632,18,819
real_left_right_fist,csp_lda,18,6,2,trial_random,0.51804,18,819
real_left_right_fist,riemann_ts_lr,18,8,2,subject_disjoint,0.498538,18,819
real_left_right_fist,riemann_ts_lr,18,32,2,subject_disjoint,0.54108,18,819
real_left_right_fist,riemann_ts_lr,18,128,2,subject_disjoint,0.632869,18,819
real_left_right_fist,riemann_ts_lr,18,512,2,subject_disjoint,0.630855,18,819
real_left_right_fist,riemann_ts_lr,18,2080,2,subject_disjoint,0.623188,18,819
real_left_right_fist,csp_lda,18,6,2,subject_disjoint,0.581013,18,819
real_left_right_fist,riemann_ts_lr,18,8,3,trial_random,0.435097,18,795
real_left_right_fist,riemann_ts_lr,18,32,3,trial_random,0.50194,18,795
real_left_right_fist,riemann_ts_lr,18,128,3,trial_random,0.705379,18,795
real_left_right_fist,riemann_ts_lr,18,512,3,trial_random,0.744533,18,795
real_left_right_fist,riemann_ts_lr,18,2080,3,trial_random,0.743122,18,795
real_left_right_fist,csp_lda,18,6,3,trial_random,0.521693,18,795
real_left_right_fist,riemann_ts_lr,18,8,3,subject_disjoint,0.504056,18,795
real_left_right_fist,riemann_ts_lr,18,32,3,subject_disjoint,0.523192,18,795
real_left_right_fist,riemann_ts_lr,18,128,3,subject_disjoint,0.583598,18,795
real_left_right_fist,riemann_ts_lr,18,512,3,subject_disjoint,0.582363,18,795
real_left_right_fist,riemann_ts_lr,18,2080,3,subject_disjoint,0.579718,18,795
real_left_right_fist,csp_lda,18,6,3,subject_disjoint,0.541799,18,795
real_left_right_fist,riemann_ts_lr,18,8,4,trial_random,0.43157,18,801
real_left_right_fist,riemann_ts_lr,18,32,4,trial_random,0.525309,18,801
real_left_right_fist,riemann_ts_lr,18,128,4,trial_random,0.699118,18,801
real_left_right_fist,riemann_ts_lr,18,512,4,trial_random,0.718959,18,801
real_left_right_fist,riemann_ts_lr,18,2080,4,trial_random,0.70873,18,801
real_left_right_fist,csp_lda,18,6,4,trial_random,0.520723,18,801
real_left_right_fist,riemann_ts_lr,18,8,4,subject_disjoint,0.510494,18,801
real_left_right_fist,riemann_ts_lr,18,32,4,subject_disjoint,0.555115,18,801
real_left_right_fist,riemann_ts_lr,18,128,4,subject_disjoint,0.59806,18,801
real_left_right_fist,riemann_ts_lr,18,512,4,subject_disjoint,0.623633,18,801
real_left_right_fist,riemann_ts_lr,18,2080,4,subject_disjoint,0.624956,18,801
real_left_right_fist,csp_lda,18,6,4,subject_disjoint,0.518519,18,801
real_left_right_fist,riemann_ts_lr,18,8,5,trial_random,0.470635,18,795
real_left_right_fist,riemann_ts_lr,18,32,5,trial_random,0.513316,18,795
real_left_right_fist,riemann_ts_lr,18,128,5,trial_random,0.731658,18,795
real_left_right_fist,riemann_ts_lr,18,512,5,trial_random,0.734303,18,795
real_left_right_fist,riemann_ts_lr,18,2080,5,trial_random,0.736772,18,795
real_left_right_fist,csp_lda,18,6,5,trial_random,0.489771,18,795
real_left_right_fist,riemann_ts_lr,18,8,5,subject_disjoint,0.5194,18,795
real_left_right_fist,riemann_ts_lr,18,32,5,subject_disjoint,0.547266,18,795
real_left_right_fist,riemann_ts_lr,18,128,5,subject_disjoint,0.580423,18,795
real_left_right_fist,riemann_ts_lr,18,512,5,subject_disjoint,0.578924,18,795
real_left_right_fist,riemann_ts_lr,18,2080,5,subject_disjoint,0.580423,18,795
real_left_right_fist,csp_lda,18,6,5,subject_disjoint,0.54321,18,795
real_left_right_fist,riemann_ts_lr,18,8,6,trial_random,0.45485,18,783
real_left_right_fist,riemann_ts_lr,18,32,6,trial_random,0.549471,18,783
real_left_right_fist,riemann_ts_lr,18,128,6,trial_random,0.716314,18,783
real_left_right_fist,riemann_ts_lr,18,512,6,trial_random,0.725088,18,783
real_left_right_fist,riemann_ts_lr,18,2080,6,trial_random,0.727646,18,783
real_left_right_fist,csp_lda,18,6,6,trial_random,0.528219,18,783
real_left_right_fist,riemann_ts_lr,18,8,6,subject_disjoint,0.536332,18,783
real_left_right_fist,riemann_ts_lr,18,32,6,subject_disjoint,0.565256,18,783
real_left_right_fist,riemann_ts_lr,18,128,6,subject_disjoint,0.623369,18,783
real_left_right_fist,riemann_ts_lr,18,512,6,subject_disjoint,0.608113,18,783
real_left_right_fist,riemann_ts_lr,18,2080,6,subject_disjoint,0.613139,18,783
real_left_right_fist,csp_lda,18,6,6,subject_disjoint,0.554277,18,783
real_left_right_fist,riemann_ts_lr,18,8,7,trial_random,0.461699,18,826
real_left_right_fist,riemann_ts_lr,18,32,7,trial_random,0.507022,18,826
real_left_right_fist,riemann_ts_lr,18,128,7,trial_random,0.692931,18,826
real_left_right_fist,riemann_ts_lr,18,512,7,trial_random,0.703743,18,826
real_left_right_fist,riemann_ts_lr,18,2080,7,trial_random,0.707319,18,826
real_left_right_fist,csp_lda,18,6,7,trial_random,0.519091,18,826
real_left_right_fist,riemann_ts_lr,18,8,7,subject_disjoint,0.51319,18,826
real_left_right_fist,riemann_ts_lr,18,32,7,subject_disjoint,0.538863,18,826
real_left_right_fist,riemann_ts_lr,18,128,7,subject_disjoint,0.600301,18,826
real_left_right_fist,riemann_ts_lr,18,512,7,subject_disjoint,0.617917,18,826
real_left_right_fist,riemann_ts_lr,18,2080,7,subject_disjoint,0.61438,18,826
real_left_right_fist,csp_lda,18,6,7,subject_disjoint,0.548623,18,826
real_left_right_fist,riemann_ts_lr,18,8,8,trial_random,0.473016,18,801
real_left_right_fist,riemann_ts_lr,18,32,8,trial_random,0.538801,18,801
real_left_right_fist,riemann_ts_lr,18,128,8,trial_random,0.651499,18,801
real_left_right_fist,riemann_ts_lr,18,512,8,trial_random,0.681658,18,801
real_left_right_fist,riemann_ts_lr,18,2080,8,trial_random,0.677778,18,801
real_left_right_fist,csp_lda,18,6,8,trial_random,0.52769,18,801
real_left_right_fist,riemann_ts_lr,18,8,8,subject_disjoint,0.526984,18,801
real_left_right_fist,riemann_ts_lr,18,32,8,subject_disjoint,0.532981,18,801
real_left_right_fist,riemann_ts_lr,18,128,8,subject_disjoint,0.584921,18,801
real_left_right_fist,riemann_ts_lr,18,512,8,subject_disjoint,0.622751,18,801
real_left_right_fist,riemann_ts_lr,18,2080,8,subject_disjoint,0.62037,18,801
real_left_right_fist,csp_lda,18,6,8,subject_disjoint,0.562963,18,801
real_left_right_fist,riemann_ts_lr,18,8,9,trial_random,0.458245,18,795
real_left_right_fist,riemann_ts_lr,18,32,9,trial_random,0.580159,18,795
real_left_right_fist,riemann_ts_lr,18,128,9,trial_random,0.725926,18,795
real_left_right_fist,riemann_ts_lr,18,512,9,trial_random,0.724912,18,795
real_left_right_fist,riemann_ts_lr,18,2080,9,trial_random,0.72112,18,795
real_left_right_fist,csp_lda,18,6,9,trial_random,0.532716,18,795
real_left_right_fist,riemann_ts_lr,18,8,9,subject_disjoint,0.516667,18,795
real_left_right_fist,riemann_ts_lr,18,32,9,subject_disjoint,0.604938,18,795
real_left_right_fist,riemann_ts_lr,18,128,9,subject_disjoint,0.60776,18,795
real_left_right_fist,riemann_ts_lr,18,512,9,subject_disjoint,0.620899,18,795
real_left_right_fist,riemann_ts_lr,18,2080,9,subject_disjoint,0.619665,18,795
real_left_right_fist,csp_lda,18,6,9,subject_disjoint,0.636508,18,795
real_left_right_fist,riemann_ts_lr,36,8,0,trial_random,0.473986,36,1608
real_left_right_fist,riemann_ts_lr,36,32,0,trial_random,0.474515,36,1608
real_left_right_fist,riemann_ts_lr,36,128,0,trial_random,0.722332,36,1608
real_left_right_fist,riemann_ts_lr,36,512,0,trial_random,0.720216,36,1608
real_left_right_fist,riemann_ts_lr,36,2080,0,trial_random,0.710957,36,1608
real_left_right_fist,csp_lda,36,6,0,trial_random,0.545833,36,1608
real_left_right_fist,riemann_ts_lr,36,8,0,subject_disjoint,0.526543,36,1608
real_left_right_fist,riemann_ts_lr,36,32,0,subject_disjoint,0.533642,36,1608
real_left_right_fist,riemann_ts_lr,36,128,0,subject_disjoint,0.657055,36,1608
real_left_right_fist,riemann_ts_lr,36,512,0,subject_disjoint,0.647046,36,1608
real_left_right_fist,riemann_ts_lr,36,2080,0,subject_disjoint,0.636287,36,1608
real_left_right_fist,csp_lda,36,6,0,subject_disjoint,0.555247,36,1608
real_left_right_fist,riemann_ts_lr,36,8,1,trial_random,0.469451,36,1617
real_left_right_fist,riemann_ts_lr,36,32,1,trial_random,0.473819,36,1617
real_left_right_fist,riemann_ts_lr,36,128,1,trial_random,0.715258,36,1617
real_left_right_fist,riemann_ts_lr,36,512,1,trial_random,0.72901,36,1617
real_left_right_fist,riemann_ts_lr,36,2080,1,trial_random,0.72108,36,1617
real_left_right_fist,csp_lda,36,6,1,trial_random,0.523652,36,1617
real_left_right_fist,riemann_ts_lr,36,8,1,subject_disjoint,0.504166,36,1617
real_left_right_fist,riemann_ts_lr,36,32,1,subject_disjoint,0.541697,36,1617
real_left_right_fist,riemann_ts_lr,36,128,1,subject_disjoint,0.598668,36,1617
real_left_right_fist,riemann_ts_lr,36,512,1,subject_disjoint,0.610262,36,1617
real_left_right_fist,riemann_ts_lr,36,2080,1,subject_disjoint,0.603917,36,1617
real_left_right_fist,csp_lda,36,6,1,subject_disjoint,0.531461,36,1617
real_left_right_fist,riemann_ts_lr,36,8,2,trial_random,0.490708,36,1635
real_left_right_fist,riemann_ts_lr,36,32,2,trial_random,0.471559,36,1635
real_left_right_fist,riemann_ts_lr,36,128,2,trial_random,0.735081,36,1635
real_left_right_fist,riemann_ts_lr,36,512,2,trial_random,0.723213,36,1635
real_left_right_fist,riemann_ts_lr,36,2080,2,trial_random,0.704421,36,1635
real_left_right_fist,csp_lda,36,6,2,trial_random,0.546665,36,1635
real_left_right_fist,riemann_ts_lr,36,8,2,subject_disjoint,0.523726,36,1635
real_left_right_fist,riemann_ts_lr,36,32,2,subject_disjoint,0.544505,36,1635
real_left_right_fist,riemann_ts_lr,36,128,2,subject_disjoint,0.627425,36,1635
real_left_right_fist,riemann_ts_lr,36,512,2,subject_disjoint,0.621682,36,1635
real_left_right_fist,riemann_ts_lr,36,2080,2,subject_disjoint,0.616365,36,1635
real_left_right_fist,csp_lda,36,6,2,subject_disjoint,0.557595,36,1635
real_left_right_fist,riemann_ts_lr,36,8,3,trial_random,0.48351,36,1612
real_left_right_fist,riemann_ts_lr,36,32,3,trial_random,0.477886,36,1612
real_left_right_fist,riemann_ts_lr,36,128,3,trial_random,0.731127,36,1612
real_left_right_fist,riemann_ts_lr,36,512,3,trial_random,0.743953,36,1612
real_left_right_fist,riemann_ts_lr,36,2080,3,trial_random,0.736265,36,1612
real_left_right_fist,csp_lda,36,6,3,trial_random,0.565844,36,1612
real_left_right_fist,riemann_ts_lr,36,8,3,subject_disjoint,0.523501,36,1612
real_left_right_fist,riemann_ts_lr,36,32,3,subject_disjoint,0.539021,36,1612
real_left_right_fist,riemann_ts_lr,36,128,3,subject_disjoint,0.608055,36,1612
real_left_right_fist,riemann_ts_lr,36,512,3,subject_disjoint,0.618661,36,1612
real_left_right_fist,riemann_ts_lr,36,2080,3,subject_disjoint,0.636121,36,1612
real_left_right_fist,csp_lda,36,6,3,subject_disjoint,0.572222,36,1612
real_left_right_fist,riemann_ts_lr,36,8,4,trial_random,0.466555,36,1623
real_left_right_fist,riemann_ts_lr,36,32,4,trial_random,0.494864,36,1623
real_left_right_fist,riemann_ts_lr,36,128,4,trial_random,0.721665,36,1623
real_left_right_fist,riemann_ts_lr,36,512,4,trial_random,0.727866,36,1623
real_left_right_fist,riemann_ts_lr,36,2080,4,trial_random,0.71905,36,1623
real_left_right_fist,csp_lda,36,6,4,trial_random,0.537257,36,1623
real_left_right_fist,riemann_ts_lr,36,8,4,subject_disjoint,0.504653,36,1623
real_left_right_fist,riemann_ts_lr,36,32,4,subject_disjoint,0.556519,36,1623
real_left_right_fist,riemann_ts_lr,36,128,4,subject_disjoint,0.610387,36,1623
real_left_right_fist,riemann_ts_lr,36,512,4,subject_disjoint,0.603769,36,1623
real_left_right_fist,riemann_ts_lr,36,2080,4,subject_disjoint,0.603595,36,1623
real_left_right_fist,csp_lda,36,6,4,subject_disjoint,0.552511,36,1623
real_left_right_fist,riemann_ts_lr,36,8,5,trial_random,0.481802,36,1611
real_left_right_fist,riemann_ts_lr,36,32,5,trial_random,0.460631,36,1611
real_left_right_fist,riemann_ts_lr,36,128,5,trial_random,0.711001,36,1611
real_left_right_fist,riemann_ts_lr,36,512,5,trial_random,0.700606,36,1611
real_left_right_fist,riemann_ts_lr,36,2080,5,trial_random,0.714612,36,1611
real_left_right_fist,csp_lda,36,6,5,trial_random,0.512883,36,1611
real_left_right_fist,riemann_ts_lr,36,8,5,subject_disjoint,0.514088,36,1611
real_left_right_fist,riemann_ts_lr,36,32,5,subject_disjoint,0.532294,36,1611
real_left_right_fist,riemann_ts_lr,36,128,5,subject_disjoint,0.642487,36,1611
real_left_right_fist,riemann_ts_lr,36,512,5,subject_disjoint,0.609742,36,1611
real_left_right_fist,riemann_ts_lr,36,2080,5,subject_disjoint,0.623763,36,1611
real_left_right_fist,csp_lda,36,6,5,subject_disjoint,0.532435,36,1611
real_left_right_fist,riemann_ts_lr,36,8,6,trial_random,0.470039,36,1614
real_left_right_fist,riemann_ts_lr,36,32,6,trial_random,0.476216,36,1614
real_left_right_fist,riemann_ts_lr,36,128,6,trial_random,0.694057,36,1614
real_left_right_fist,riemann_ts_lr,36,512,6,trial_random,0.696612,36,1614
real_left_right_fist,riemann_ts_lr,36,2080,6,trial_random,0.701585,36,1614
real_left_right_fist,csp_lda,36,6,6,trial_random,0.52063,36,1614
real_left_right_fist,riemann_ts_lr,36,8,6,subject_disjoint,0.503987,36,1614
real_left_right_fist,riemann_ts_lr,36,32,6,subject_disjoint,0.544783,36,1614
real_left_right_fist,riemann_ts_lr,36,128,6,subject_disjoint,0.574561,36,1614
real_left_right_fist,riemann_ts_lr,36,512,6,subject_disjoint,0.580985,36,1614
real_left_right_fist,riemann_ts_lr,36,2080,6,subject_disjoint,0.571025,36,1614
real_left_right_fist,csp_lda,36,6,6,subject_disjoint,0.544389,36,1614
real_left_right_fist,riemann_ts_lr,36,8,7,trial_random,0.484373,36,1623
real_left_right_fist,riemann_ts_lr,36,32,7,trial_random,0.492398,36,1623
real_left_right_fist,riemann_ts_lr,36,128,7,trial_random,0.736202,36,1623
real_left_right_fist,riemann_ts_lr,36,512,7,trial_random,0.731363,36,1623
real_left_right_fist,riemann_ts_lr,36,2080,7,trial_random,0.724127,36,1623
real_left_right_fist,csp_lda,36,6,7,trial_random,0.546591,36,1623
real_left_right_fist,riemann_ts_lr,36,8,7,subject_disjoint,0.514216,36,1623
real_left_right_fist,riemann_ts_lr,36,32,7,subject_disjoint,0.541736,36,1623
real_left_right_fist,riemann_ts_lr,36,128,7,subject_disjoint,0.620048,36,1623
real_left_right_fist,riemann_ts_lr,36,512,7,subject_disjoint,0.627543,36,1623
real_left_right_fist,riemann_ts_lr,36,2080,7,subject_disjoint,0.606154,36,1623
real_left_right_fist,csp_lda,36,6,7,subject_disjoint,0.585167,36,1623
real_left_right_fist,riemann_ts_lr,36,8,8,trial_random,0.483774,36,1608
real_left_right_fist,riemann_ts_lr,36,32,8,trial_random,0.456834,36,1608
real_left_right_fist,riemann_ts_lr,36,128,8,trial_random,0.692284,36,1608
real_left_right_fist,riemann_ts_lr,36,512,8,trial_random,0.721296,36,1608
real_left_right_fist,riemann_ts_lr,36,2080,8,trial_random,0.698148,36,1608
real_left_right_fist,csp_lda,36,6,8,trial_random,0.526984,36,1608
real_left_right_fist,riemann_ts_lr,36,8,8,subject_disjoint,0.504277,36,1608
real_left_right_fist,riemann_ts_lr,36,32,8,subject_disjoint,0.53254,36,1608
real_left_right_fist,riemann_ts_lr,36,128,8,subject_disjoint,0.601543,36,1608
real_left_right_fist,riemann_ts_lr,36,512,8,subject_disjoint,0.587787,36,1608
real_left_right_fist,riemann_ts_lr,36,2080,8,subject_disjoint,0.596032,36,1608
real_left_right_fist,csp_lda,36,6,8,subject_disjoint,0.526323,36,1608
real_left_right_fist,riemann_ts_lr,36,8,9,trial_random,0.483862,36,1596
real_left_right_fist,riemann_ts_lr,36,32,9,trial_random,0.488294,36,1596
real_left_right_fist,riemann_ts_lr,36,128,9,trial_random,0.726918,36,1596
real_left_right_fist,riemann_ts_lr,36,512,9,trial_random,0.72608,36,1596
real_left_right_fist,riemann_ts_lr,36,2080,9,trial_random,0.719356,36,1596
real_left_right_fist,csp_lda,36,6,9,trial_random,0.539087,36,1596
real_left_right_fist,riemann_ts_lr,36,8,9,subject_disjoint,0.516093,36,1596
real_left_right_fist,riemann_ts_lr,36,32,9,subject_disjoint,0.54515,36,1596
real_left_right_fist,riemann_ts_lr,36,128,9,subject_disjoint,0.624162,36,1596
real_left_right_fist,riemann_ts_lr,36,512,9,subject_disjoint,0.619378,36,1596
real_left_right_fist,riemann_ts_lr,36,2080,9,subject_disjoint,0.616071,36,1596
real_left_right_fist,csp_lda,36,6,9,subject_disjoint,0.560295,36,1596
real_left_right_fist,riemann_ts_lr,72,8,0,trial_random,0.508931,72,3216
real_left_right_fist,riemann_ts_lr,72,32,0,trial_random,0.50091,72,3216
real_left_right_fist,riemann_ts_lr,72,128,0,trial_random,0.708817,72,3216
real_left_right_fist,riemann_ts_lr,72,512,0,trial_random,0.733413,72,3216
real_left_right_fist,riemann_ts_lr,72,2080,0,trial_random,0.717116,72,3216
real_left_right_fist,csp_lda,72,6,0,trial_random,0.560432,72,3216
real_left_right_fist,riemann_ts_lr,72,8,0,subject_disjoint,0.521859,72,3216
real_left_right_fist,riemann_ts_lr,72,32,0,subject_disjoint,0.536962,72,3216
real_left_right_fist,riemann_ts_lr,72,128,0,subject_disjoint,0.634036,72,3216
real_left_right_fist,riemann_ts_lr,72,512,0,subject_disjoint,0.648697,72,3216
real_left_right_fist,riemann_ts_lr,72,2080,0,subject_disjoint,0.625777,72,3216
real_left_right_fist,csp_lda,72,6,0,subject_disjoint,0.585445,72,3216
real_left_right_fist,riemann_ts_lr,72,8,1,trial_random,0.494041,72,3247
real_left_right_fist,riemann_ts_lr,72,32,1,trial_random,0.504729,72,3247
real_left_right_fist,riemann_ts_lr,72,128,1,trial_random,0.727054,72,3247
real_left_right_fist,riemann_ts_lr,72,512,1,trial_random,0.745553,72,3247
real_left_right_fist,riemann_ts_lr,72,2080,1,trial_random,0.726475,72,3247
real_left_right_fist,csp_lda,72,6,1,trial_random,0.566524,72,3247
real_left_right_fist,riemann_ts_lr,72,8,1,subject_disjoint,0.52492,72,3247
real_left_right_fist,riemann_ts_lr,72,32,1,subject_disjoint,0.555761,72,3247
real_left_right_fist,riemann_ts_lr,72,128,1,subject_disjoint,0.656642,72,3247
real_left_right_fist,riemann_ts_lr,72,512,1,subject_disjoint,0.653062,72,3247
real_left_right_fist,riemann_ts_lr,72,2080,1,subject_disjoint,0.648567,72,3247
real_left_right_fist,csp_lda,72,6,1,subject_disjoint,0.580987,72,3247
real_left_right_fist,riemann_ts_lr,72,8,2,trial_random,0.495805,72,3223
real_left_right_fist,riemann_ts_lr,72,32,2,trial_random,0.516714,72,3223
real_left_right_fist,riemann_ts_lr,72,128,2,trial_random,0.718844,72,3223
real_left_right_fist,riemann_ts_lr,72,512,2,trial_random,0.740157,72,3223
real_left_right_fist,riemann_ts_lr,72,2080,2,trial_random,0.725045,72,3223
real_left_right_fist,csp_lda,72,6,2,trial_random,0.5528,72,3223
real_left_right_fist,riemann_ts_lr,72,8,2,subject_disjoint,0.522083,72,3223
real_left_right_fist,riemann_ts_lr,72,32,2,subject_disjoint,0.552159,72,3223
real_left_right_fist,riemann_ts_lr,72,128,2,subject_disjoint,0.644398,72,3223
real_left_right_fist,riemann_ts_lr,72,512,2,subject_disjoint,0.647417,72,3223
real_left_right_fist,riemann_ts_lr,72,2080,2,subject_disjoint,0.641181,72,3223
real_left_right_fist,csp_lda,72,6,2,subject_disjoint,0.585886,72,3223
real_left_right_fist,riemann_ts_lr,72,8,3,trial_random,0.472213,72,3247
real_left_right_fist,riemann_ts_lr,72,32,3,trial_random,0.505352,72,3247
real_left_right_fist,riemann_ts_lr,72,128,3,trial_random,0.710878,72,3247
real_left_right_fist,riemann_ts_lr,72,512,3,trial_random,0.718939,72,3247
real_left_right_fist,riemann_ts_lr,72,2080,3,trial_random,0.702697,72,3247
real_left_right_fist,csp_lda,72,6,3,trial_random,0.555517,72,3247
real_left_right_fist,riemann_ts_lr,72,8,3,subject_disjoint,0.509816,72,3247
real_left_right_fist,riemann_ts_lr,72,32,3,subject_disjoint,0.535967,72,3247
real_left_right_fist,riemann_ts_lr,72,128,3,subject_disjoint,0.642555,72,3247
real_left_right_fist,riemann_ts_lr,72,512,3,subject_disjoint,0.625283,72,3247
real_left_right_fist,riemann_ts_lr,72,2080,3,subject_disjoint,0.613323,72,3247
real_left_right_fist,csp_lda,72,6,3,subject_disjoint,0.570872,72,3247
real_left_right_fist,riemann_ts_lr,72,8,4,trial_random,0.490897,72,3229
real_left_right_fist,riemann_ts_lr,72,32,4,trial_random,0.508498,72,3229
real_left_right_fist,riemann_ts_lr,72,128,4,trial_random,0.712128,72,3229
real_left_right_fist,riemann_ts_lr,72,512,4,trial_random,0.735641,72,3229
real_left_right_fist,riemann_ts_lr,72,2080,4,trial_random,0.718243,72,3229
real_left_right_fist,csp_lda,72,6,4,trial_random,0.546504,72,3229
real_left_right_fist,riemann_ts_lr,72,8,4,subject_disjoint,0.512398,72,3229
real_left_right_fist,riemann_ts_lr,72,32,4,subject_disjoint,0.538564,72,3229
real_left_right_fist,riemann_ts_lr,72,128,4,subject_disjoint,0.644136,72,3229
real_left_right_fist,riemann_ts_lr,72,512,4,subject_disjoint,0.650344,72,3229
real_left_right_fist,riemann_ts_lr,72,2080,4,subject_disjoint,0.640128,72,3229
real_left_right_fist,csp_lda,72,6,4,subject_disjoint,0.573918,72,3229
real_left_right_fist,riemann_ts_lr,72,8,5,trial_random,0.508658,72,3241
real_left_right_fist,riemann_ts_lr,72,32,5,trial_random,0.504789,72,3241
real_left_right_fist,riemann_ts_lr,72,128,5,trial_random,0.732152,72,3241
real_left_right_fist,riemann_ts_lr,72,512,5,trial_random,0.732812,72,3241
real_left_right_fist,riemann_ts_lr,72,2080,5,trial_random,0.737363,72,3241
real_left_right_fist,csp_lda,72,6,5,trial_random,0.511591,72,3241
real_left_right_fist,riemann_ts_lr,72,8,5,subject_disjoint,0.520546,72,3241
real_left_right_fist,riemann_ts_lr,72,32,5,subject_disjoint,0.534994,72,3241
real_left_right_fist,riemann_ts_lr,72,128,5,subject_disjoint,0.647919,72,3241
real_left_right_fist,riemann_ts_lr,72,512,5,subject_disjoint,0.630687,72,3241
real_left_right_fist,riemann_ts_lr,72,2080,5,subject_disjoint,0.622524,72,3241
real_left_right_fist,csp_lda,72,6,5,subject_disjoint,0.549488,72,3241
real_left_right_fist,riemann_ts_lr,72,8,6,trial_random,0.500086,72,3241
real_left_right_fist,riemann_ts_lr,72,32,6,trial_random,0.536316,72,3241
real_left_right_fist,riemann_ts_lr,72,128,6,trial_random,0.728353,72,3241
real_left_right_fist,riemann_ts_lr,72,512,6,trial_random,0.740336,72,3241
real_left_right_fist,riemann_ts_lr,72,2080,6,trial_random,0.727734,72,3241
real_left_right_fist,csp_lda,72,6,6,trial_random,0.56159,72,3241
real_left_right_fist,riemann_ts_lr,72,8,6,subject_disjoint,0.508929,72,3241
real_left_right_fist,riemann_ts_lr,72,32,6,subject_disjoint,0.549441,72,3241
real_left_right_fist,riemann_ts_lr,72,128,6,subject_disjoint,0.641523,72,3241
real_left_right_fist,riemann_ts_lr,72,512,6,subject_disjoint,0.637702,72,3241
real_left_right_fist,riemann_ts_lr,72,2080,6,subject_disjoint,0.628726,72,3241
real_left_right_fist,csp_lda,72,6,6,subject_disjoint,0.560144,72,3241
real_left_right_fist,riemann_ts_lr,72,8,7,trial_random,0.507209,72,3238
real_left_right_fist,riemann_ts_lr,72,32,7,trial_random,0.504938,72,3238
real_left_right_fist,riemann_ts_lr,72,128,7,trial_random,0.709963,72,3238
real_left_right_fist,riemann_ts_lr,72,512,7,trial_random,0.729886,72,3238
real_left_right_fist,riemann_ts_lr,72,2080,7,trial_random,0.719719,72,3238
real_left_right_fist,csp_lda,72,6,7,trial_random,0.559811,72,3238
real_left_right_fist,riemann_ts_lr,72,8,7,subject_disjoint,0.516793,72,3238
real_left_right_fist,riemann_ts_lr,72,32,7,subject_disjoint,0.55224,72,3238
real_left_right_fist,riemann_ts_lr,72,128,7,subject_disjoint,0.637772,72,3238
real_left_right_fist,riemann_ts_lr,72,512,7,subject_disjoint,0.650204,72,3238
real_left_right_fist,riemann_ts_lr,72,2080,7,subject_disjoint,0.639418,72,3238
real_left_right_fist,csp_lda,72,6,7,subject_disjoint,0.578413,72,3238
real_left_right_fist,riemann_ts_lr,72,8,8,trial_random,0.495178,72,3238
real_left_right_fist,riemann_ts_lr,72,32,8,trial_random,0.501941,72,3238
real_left_right_fist,riemann_ts_lr,72,128,8,trial_random,0.701194,72,3238
real_left_right_fist,riemann_ts_lr,72,512,8,trial_random,0.727709,72,3238
real_left_right_fist,riemann_ts_lr,72,2080,8,trial_random,0.7105,72,3238
real_left_right_fist,csp_lda,72,6,8,trial_random,0.538291,72,3238
real_left_right_fist,riemann_ts_lr,72,8,8,subject_disjoint,0.511595,72,3238
real_left_right_fist,riemann_ts_lr,72,32,8,subject_disjoint,0.540083,72,3238
real_left_right_fist,riemann_ts_lr,72,128,8,subject_disjoint,0.641283,72,3238
real_left_right_fist,riemann_ts_lr,72,512,8,subject_disjoint,0.644586,72,3238
real_left_right_fist,riemann_ts_lr,72,2080,8,subject_disjoint,0.630289,72,3238
real_left_right_fist,csp_lda,72,6,8,subject_disjoint,0.579538,72,3238
real_left_right_fist,riemann_ts_lr,72,8,9,trial_random,0.498617,72,3240
real_left_right_fist,riemann_ts_lr,72,32,9,trial_random,0.497119,72,3240
real_left_right_fist,riemann_ts_lr,72,128,9,trial_random,0.716893,72,3240
real_left_right_fist,riemann_ts_lr,72,512,9,trial_random,0.721193,72,3240
real_left_right_fist,riemann_ts_lr,72,2080,9,trial_random,0.7187,72,3240
real_left_right_fist,csp_lda,72,6,9,trial_random,0.533044,72,3240
real_left_right_fist,riemann_ts_lr,72,8,9,subject_disjoint,0.515643,72,3240
real_left_right_fist,riemann_ts_lr,72,32,9,subject_disjoint,0.538971,72,3240
real_left_right_fist,riemann_ts_lr,72,128,9,subject_disjoint,0.65531,72,3240
real_left_right_fist,riemann_ts_lr,72,512,9,subject_disjoint,0.652003,72,3240
real_left_right_fist,riemann_ts_lr,72,2080,9,subject_disjoint,0.63609,72,3240
real_left_right_fist,csp_lda,72,6,9,subject_disjoint,0.556498,72,3240
real_left_right_fist,riemann_ts_lr,109,8,0,trial_random,0.497148,109,4897
real_left_right_fist,riemann_ts_lr,109,32,0,trial_random,0.524003,109,4897
real_left_right_fist,riemann_ts_lr,109,128,0,trial_random,0.689733,109,4897
real_left_right_fist,riemann_ts_lr,109,512,0,trial_random,0.727125,109,4897
real_left_right_fist,riemann_ts_lr,109,2080,0,trial_random,0.698144,109,4897
real_left_right_fist,csp_lda,109,6,0,trial_random,0.552404,109,4897
real_left_right_fist,riemann_ts_lr,109,8,0,subject_disjoint,0.519118,109,4897
real_left_right_fist,riemann_ts_lr,109,32,0,subject_disjoint,0.548723,109,4897
real_left_right_fist,riemann_ts_lr,109,128,0,subject_disjoint,0.6454,109,4897
real_left_right_fist,riemann_ts_lr,109,512,0,subject_disjoint,0.657957,109,4897
real_left_right_fist,riemann_ts_lr,109,2080,0,subject_disjoint,0.642684,109,4897
real_left_right_fist,csp_lda,109,6,0,subject_disjoint,0.580213,109,4897
imagery_fists_feet,riemann_ts_lr,9,8,0,trial_random,0.42716,9,405
imagery_fists_feet,riemann_ts_lr,9,32,0,trial_random,0.674074,9,405
imagery_fists_feet,riemann_ts_lr,9,128,0,trial_random,0.659259,9,405
imagery_fists_feet,riemann_ts_lr,9,2080,0,trial_random,0.666667,9,405
imagery_fists_feet,csp_lda,9,6,0,trial_random,0.540741,9,405
imagery_fists_feet,riemann_ts_lr,9,8,0,subject_disjoint,0.528395,9,405
imagery_fists_feet,riemann_ts_lr,9,32,0,subject_disjoint,0.639506,9,405
imagery_fists_feet,riemann_ts_lr,9,128,0,subject_disjoint,0.62716,9,405
imagery_fists_feet,riemann_ts_lr,9,2080,0,subject_disjoint,0.632099,9,405
imagery_fists_feet,csp_lda,9,6,0,subject_disjoint,0.523457,9,405
imagery_fists_feet,riemann_ts_lr,9,8,1,trial_random,0.42869,9,400
imagery_fists_feet,riemann_ts_lr,9,32,1,trial_random,0.569132,9,400
imagery_fists_feet,riemann_ts_lr,9,128,1,trial_random,0.591284,9,400
imagery_fists_feet,riemann_ts_lr,9,2080,1,trial_random,0.601858,9,400
imagery_fists_feet,csp_lda,9,6,1,trial_random,0.530032,9,400
imagery_fists_feet,riemann_ts_lr,9,8,1,subject_disjoint,0.537738,9,400
imagery_fists_feet,riemann_ts_lr,9,32,1,subject_disjoint,0.567253,9,400
imagery_fists_feet,riemann_ts_lr,9,128,1,subject_disjoint,0.50235,9,400
imagery_fists_feet,riemann_ts_lr,9,2080,1,subject_disjoint,0.497765,9,400
imagery_fists_feet,csp_lda,9,6,1,subject_disjoint,0.541803,9,400
imagery_fists_feet,riemann_ts_lr,9,8,2,trial_random,0.437302,9,393
imagery_fists_feet,riemann_ts_lr,9,32,2,trial_random,0.693651,9,393
imagery_fists_feet,riemann_ts_lr,9,128,2,trial_random,0.688889,9,393
imagery_fists_feet,riemann_ts_lr,9,2080,2,trial_random,0.664991,9,393
imagery_fists_feet,csp_lda,9,6,2,trial_random,0.606614,9,393
imagery_fists_feet,riemann_ts_lr,9,8,2,subject_disjoint,0.546296,9,393
imagery_fists_feet,riemann_ts_lr,9,32,2,subject_disjoint,0.57575,9,393
imagery_fists_feet,riemann_ts_lr,9,128,2,subject_disjoint,0.568342,9,393
imagery_fists_feet,riemann_ts_lr,9,2080,2,subject_disjoint,0.577249,9,393
imagery_fists_feet,csp_lda,9,6,2,subject_disjoint,0.585802,9,393
imagery_fists_feet,riemann_ts_lr,9,8,3,trial_random,0.417284,9,405
imagery_fists_feet,riemann_ts_lr,9,32,3,trial_random,0.446914,9,405
imagery_fists_feet,riemann_ts_lr,9,128,3,trial_random,0.496296,9,405
imagery_fists_feet,riemann_ts_lr,9,2080,3,trial_random,0.496296,9,405
imagery_fists_feet,csp_lda,9,6,3,trial_random,0.454321,9,405
imagery_fists_feet,riemann_ts_lr,9,8,3,subject_disjoint,0.511111,9,405
imagery_fists_feet,riemann_ts_lr,9,32,3,subject_disjoint,0.533333,9,405
imagery_fists_feet,riemann_ts_lr,9,128,3,subject_disjoint,0.525926,9,405
imagery_fists_feet,riemann_ts_lr,9,2080,3,subject_disjoint,0.506173,9,405
imagery_fists_feet,csp_lda,9,6,3,subject_disjoint,0.511111,9,405
imagery_fists_feet,riemann_ts_lr,9,8,4,trial_random,0.425044,9,402
imagery_fists_feet,riemann_ts_lr,9,32,4,trial_random,0.64903,9,402
imagery_fists_feet,riemann_ts_lr,9,128,4,trial_random,0.688713,9,402
imagery_fists_feet,riemann_ts_lr,9,2080,4,trial_random,0.661376,9,402
imagery_fists_feet,csp_lda,9,6,4,trial_random,0.607231,9,402
imagery_fists_feet,riemann_ts_lr,9,8,4,subject_disjoint,0.487654,9,402
imagery_fists_feet,riemann_ts_lr,9,32,4,subject_disjoint,0.586596,9,402
imagery_fists_feet,riemann_ts_lr,9,128,4,subject_disjoint,0.586596,9,402
imagery_fists_feet,riemann_ts_lr,9,2080,4,subject_disjoint,0.568959,9,402
imagery_fists_feet,csp_lda,9,6,4,subject_disjoint,0.544444,9,402
imagery_fists_feet,riemann_ts_lr,9,8,5,trial_random,0.402469,9,405
imagery_fists_feet,riemann_ts_lr,9,32,5,trial_random,0.68642,9,405
imagery_fists_feet,riemann_ts_lr,9,128,5,trial_random,0.711111,9,405
imagery_fists_feet,riemann_ts_lr,9,2080,5,trial_random,0.733333,9,405
imagery_fists_feet,csp_lda,9,6,5,trial_random,0.590123,9,405
imagery_fists_feet,riemann_ts_lr,9,8,5,subject_disjoint,0.538272,9,405
imagery_fists_feet,riemann_ts_lr,9,32,5,subject_disjoint,0.523457,9,405
imagery_fists_feet,riemann_ts_lr,9,128,5,subject_disjoint,0.528395,9,405
imagery_fists_feet,riemann_ts_lr,9,2080,5,subject_disjoint,0.555556,9,405
imagery_fists_feet,csp_lda,9,6,5,subject_disjoint,0.567901,9,405
imagery_fists_feet,riemann_ts_lr,9,8,6,trial_random,0.467789,9,404
imagery_fists_feet,riemann_ts_lr,9,32,6,trial_random,0.658642,9,404
imagery_fists_feet,riemann_ts_lr,9,128,6,trial_random,0.708249,9,404
imagery_fists_feet,riemann_ts_lr,9,2080,6,trial_random,0.713075,9,404
imagery_fists_feet,csp_lda,9,6,6,trial_random,0.551796,9,404
imagery_fists_feet,riemann_ts_lr,9,8,6,subject_disjoint,0.532099,9,404
imagery_fists_feet,riemann_ts_lr,9,32,6,subject_disjoint,0.596296,9,404
imagery_fists_feet,riemann_ts_lr,9,128,6,subject_disjoint,0.59927,9,404
imagery_fists_feet,riemann_ts_lr,9,2080,6,subject_disjoint,0.579517,9,404
imagery_fists_feet,csp_lda,9,6,6,subject_disjoint,0.547082,9,404
imagery_fists_feet,riemann_ts_lr,9,8,7,trial_random,0.439506,9,405
imagery_fists_feet,riemann_ts_lr,9,32,7,trial_random,0.511111,9,405
imagery_fists_feet,riemann_ts_lr,9,128,7,trial_random,0.580247,9,405
imagery_fists_feet,riemann_ts_lr,9,2080,7,trial_random,0.575309,9,405
imagery_fists_feet,csp_lda,9,6,7,trial_random,0.511111,9,405
imagery_fists_feet,riemann_ts_lr,9,8,7,subject_disjoint,0.491358,9,405
imagery_fists_feet,riemann_ts_lr,9,32,7,subject_disjoint,0.493827,9,405
imagery_fists_feet,riemann_ts_lr,9,128,7,subject_disjoint,0.518519,9,405
imagery_fists_feet,riemann_ts_lr,9,2080,7,subject_disjoint,0.538272,9,405
imagery_fists_feet,csp_lda,9,6,7,subject_disjoint,0.488889,9,405
imagery_fists_feet,riemann_ts_lr,9,8,8,trial_random,0.414757,9,403
imagery_fists_feet,riemann_ts_lr,9,32,8,trial_random,0.630032,9,403
imagery_fists_feet,riemann_ts_lr,9,128,8,trial_random,0.643066,9,403
imagery_fists_feet,riemann_ts_lr,9,2080,8,trial_random,0.637898,9,403
imagery_fists_feet,csp_lda,9,6,8,trial_random,0.588286,9,403
imagery_fists_feet,riemann_ts_lr,9,8,8,subject_disjoint,0.53609,9,403
imagery_fists_feet,riemann_ts_lr,9,32,8,subject_disjoint,0.597818,9,403
imagery_fists_feet,riemann_ts_lr,9,128,8,subject_disjoint,0.600632,9,403
imagery_fists_feet,riemann_ts_lr,9,2080,8,subject_disjoint,0.57617,9,403
imagery_fists_feet,csp_lda,9,6,8,subject_disjoint,0.56549,9,403
imagery_fists_feet,riemann_ts_lr,9,8,9,trial_random,0.437037,9,405
imagery_fists_feet,riemann_ts_lr,9,32,9,trial_random,0.649383,9,405
imagery_fists_feet,riemann_ts_lr,9,128,9,trial_random,0.664198,9,405
imagery_fists_feet,riemann_ts_lr,9,2080,9,trial_random,0.65679,9,405
imagery_fists_feet,csp_lda,9,6,9,trial_random,0.548148,9,405
imagery_fists_feet,riemann_ts_lr,9,8,9,subject_disjoint,0.501235,9,405
imagery_fists_feet,riemann_ts_lr,9,32,9,subject_disjoint,0.528395,9,405
imagery_fists_feet,riemann_ts_lr,9,128,9,subject_disjoint,0.508642,9,405
imagery_fists_feet,riemann_ts_lr,9,2080,9,subject_disjoint,0.501235,9,405
imagery_fists_feet,csp_lda,9,6,9,subject_disjoint,0.516049,9,405
imagery_fists_feet,riemann_ts_lr,18,8,0,trial_random,0.472148,18,813
imagery_fists_feet,riemann_ts_lr,18,32,0,trial_random,0.61197,18,813
imagery_fists_feet,riemann_ts_lr,18,128,0,trial_random,0.636002,18,813
imagery_fists_feet,riemann_ts_lr,18,512,0,trial_random,0.64508,18,813
imagery_fists_feet,riemann_ts_lr,18,2080,0,trial_random,0.644017,18,813
imagery_fists_feet,csp_lda,18,6,0,trial_random,0.501021,18,813
imagery_fists_feet,riemann_ts_lr,18,8,0,subject_disjoint,0.532767,18,813
imagery_fists_feet,riemann_ts_lr,18,32,0,subject_disjoint,0.580502,18,813
imagery_fists_feet,riemann_ts_lr,18,128,0,subject_disjoint,0.59573,18,813
imagery_fists_feet,riemann_ts_lr,18,512,0,subject_disjoint,0.54476,18,813
imagery_fists_feet,riemann_ts_lr,18,2080,0,subject_disjoint,0.55297,18,813
imagery_fists_feet,csp_lda,18,6,0,subject_disjoint,0.587432,18,813
imagery_fists_feet,riemann_ts_lr,18,8,1,trial_random,0.448176,18,819
imagery_fists_feet,riemann_ts_lr,18,32,1,trial_random,0.558897,18,819
imagery_fists_feet,riemann_ts_lr,18,128,1,trial_random,0.627513,18,819
imagery_fists_feet,riemann_ts_lr,18,512,1,trial_random,0.640058,18,819
imagery_fists_feet,riemann_ts_lr,18,2080,1,trial_random,0.640212,18,819
imagery_fists_feet,csp_lda,18,6,1,trial_random,0.492101,18,819
imagery_fists_feet,riemann_ts_lr,18,8,1,subject_disjoint,0.516718,18,819
imagery_fists_feet,riemann_ts_lr,18,32,1,subject_disjoint,0.524487,18,819
imagery_fists_feet,riemann_ts_lr,18,128,1,subject_disjoint,0.561696,18,819
imagery_fists_feet,riemann_ts_lr,18,512,1,subject_disjoint,0.545322,18,819
imagery_fists_feet,riemann_ts_lr,18,2080,1,subject_disjoint,0.550975,18,819
imagery_fists_feet,csp_lda,18,6,1,subject_disjoint,0.525179,18,819
imagery_fists_feet,riemann_ts_lr,18,8,2,trial_random,0.455202,18,820
imagery_fists_feet,riemann_ts_lr,18,32,2,trial_random,0.59506,18,820
imagery_fists_feet,riemann_ts_lr,18,128,2,trial_random,0.710537,18,820
imagery_fists_feet,riemann_ts_lr,18,512,2,trial_random,0.670686,18,820
imagery_fists_feet,riemann_ts_lr,18,2080,2,trial_random,0.664513,18,820
imagery_fists_feet,csp_lda,18,6,2,trial_random,0.576916,18,820
imagery_fists_feet,riemann_ts_lr,18,8,2,subject_disjoint,0.497892,18,820
imagery_fists_feet,riemann_ts_lr,18,32,2,subject_disjoint,0.606236,18,820
imagery_fists_feet,riemann_ts_lr,18,128,2,subject_disjoint,0.563374,18,820
imagery_fists_feet,riemann_ts_lr,18,512,2,subject_disjoint,0.57434,18,820
imagery_fists_feet,riemann_ts_lr,18,2080,2,subject_disjoint,0.561907,18,820
imagery_fists_feet,csp_lda,18,6,2,subject_disjoint,0.541844,18,820
imagery_fists_feet,riemann_ts_lr,18,8,3,trial_random,0.454173,18,799
imagery_fists_feet,riemann_ts_lr,18,32,3,trial_random,0.572485,18,799
imagery_fists_feet,riemann_ts_lr,18,128,3,trial_random,0.599998,18,799
imagery_fists_feet,riemann_ts_lr,18,512,3,trial_random,0.635999,18,799
imagery_fists_feet,riemann_ts_lr,18,2080,3,trial_random,0.635766,18,799
imagery_fists_feet,csp_lda,18,6,3,trial_random,0.532392,18,799
imagery_fists_feet,riemann_ts_lr,18,8,3,subject_disjoint,0.516695,18,799
imagery_fists_feet,riemann_ts_lr,18,32,3,subject_disjoint,0.570311,18,799
imagery_fists_feet,riemann_ts_lr,18,128,3,subject_disjoint,0.566872,18,799
imagery_fists_feet,riemann_ts_lr,18,512,3,subject_disjoint,0.559288,18,799
imagery_fists_feet,riemann_ts_lr,18,2080,3,subject_disjoint,0.558142,18,799
imagery_fists_feet,csp_lda,18,6,3,subject_disjoint,0.576127,18,799
imagery_fists_feet,riemann_ts_lr,18,8,4,trial_random,0.459792,18,803
imagery_fists_feet,riemann_ts_lr,18,32,4,trial_random,0.617837,18,803
imagery_fists_feet,riemann_ts_lr,18,128,4,trial_random,0.645318,18,803
imagery_fists_feet,riemann_ts_lr,18,512,4,trial_random,0.659716,18,803
imagery_fists_feet,riemann_ts_lr,18,2080,4,trial_random,0.659893,18,803
imagery_fists_feet,csp_lda,18,6,4,trial_random,0.559516,18,803
imagery_fists_feet,riemann_ts_lr,18,8,4,subject_disjoint,0.501146,18,803
imagery_fists_feet,riemann_ts_lr,18,32,4,subject_disjoint,0.598609,18,803
imagery_fists_feet,riemann_ts_lr,18,128,4,subject_disjoint,0.588753,18,803
imagery_fists_feet,riemann_ts_lr,18,512,4,subject_disjoint,0.57892,18,803
imagery_fists_feet,riemann_ts_lr,18,2080,4,subject_disjoint,0.572631,18,803
imagery_fists_feet,csp_lda,18,6,4,subject_disjoint,0.521693,18,803
imagery_fists_feet,riemann_ts_lr,18,8,5,trial_random,0.437213,18,798
imagery_fists_feet,riemann_ts_lr,18,32,5,trial_random,0.564638,18,798
imagery_fists_feet,riemann_ts_lr,18,128,5,trial_random,0.570635,18,798
imagery_fists_feet,riemann_ts_lr,18,512,5,trial_random,0.568078,18,798
imagery_fists_feet,riemann_ts_lr,18,2080,5,trial_random,0.580423,18,798
imagery_fists_feet,csp_lda,18,6,5,trial_random,0.510847,18,798
imagery_fists_feet,riemann_ts_lr,18,8,5,subject_disjoint,0.505556,18,798
imagery_fists_feet,riemann_ts_lr,18,32,5,subject_disjoint,0.569489,18,798
imagery_fists_feet,riemann_ts_lr,18,128,5,subject_disjoint,0.552646,18,798
imagery_fists_feet,riemann_ts_lr,18,512,5,subject_disjoint,0.545062,18,798
imagery_fists_feet,riemann_ts_lr,18,2080,5,subject_disjoint,0.538977,18,798
imagery_fists_feet,csp_lda,18,6,5,subject_disjoint,0.509877,18,798
imagery_fists_feet,riemann_ts_lr,18,8,6,trial_random,0.47383,18,787
imagery_fists_feet,riemann_ts_lr,18,32,6,trial_random,0.62623,18,787
imagery_fists_feet,riemann_ts_lr,18,128,6,trial_random,0.653074,18,787
imagery_fists_feet,riemann_ts_lr,18,512,6,trial_random,0.655984,18,787
imagery_fists_feet,riemann_ts_lr,18,2080,6,trial_random,0.657101,18,787
imagery_fists_feet,csp_lda,18,6,6,trial_random,0.545783,18,787
imagery_fists_feet,riemann_ts_lr,18,8,6,subject_disjoint,0.511433,18,787
imagery_fists_feet,riemann_ts_lr,18,32,6,subject_disjoint,0.538237,18,787
imagery_fists_feet,riemann_ts_lr,18,128,6,subject_disjoint,0.538806,18,787
imagery_fists_feet,riemann_ts_lr,18,512,6,subject_disjoint,0.547396,18,787
imagery_fists_feet,riemann_ts_lr,18,2080,6,subject_disjoint,0.542166,18,787
imagery_fists_feet,csp_lda,18,6,6,subject_disjoint,0.530668,18,787
imagery_fists_feet,riemann_ts_lr,18,8,7,trial_random,0.478868,18,819
imagery_fists_feet,riemann_ts_lr,18,32,7,trial_random,0.574951,18,819
imagery_fists_feet,riemann_ts_lr,18,128,7,trial_random,0.642876,18,819
imagery_fists_feet,riemann_ts_lr,18,512,7,trial_random,0.644649,18,819
imagery_fists_feet,riemann_ts_lr,18,2080,7,trial_random,0.639706,18,819
imagery_fists_feet,csp_lda,18,6,7,trial_random,0.520519,18,819
imagery_fists_feet,riemann_ts_lr,18,8,7,subject_disjoint,0.508869,18,819
imagery_fists_feet,riemann_ts_lr,18,32,7,subject_disjoint,0.547215,18,819
imagery_fists_feet,riemann_ts_lr,18,128,7,subject_disjoint,0.559334,18,819
imagery_fists_feet,riemann_ts_lr,18,512,7,subject_disjoint,0.568583,18,819
imagery_fists_feet,riemann_ts_lr,18,2080,7,subject_disjoint,0.561176,18,819
imagery_fists_feet,csp_lda,18,6,7,subject_disjoint,0.501374,18,819
imagery_fists_feet,riemann_ts_lr,18,8,8,trial_random,0.462346,18,801
imagery_fists_feet,riemann_ts_lr,18,32,8,trial_random,0.53448,18,801
imagery_fists_feet,riemann_ts_lr,18,128,8,trial_random,0.619048,18,801
imagery_fists_feet,riemann_ts_lr,18,512,8,trial_random,0.617725,18,801
imagery_fists_feet,riemann_ts_lr,18,2080,8,trial_random,0.62037,18,801
imagery_fists_feet,csp_lda,18,6,8,trial_random,0.522399,18,801
imagery_fists_feet,riemann_ts_lr,18,8,8,subject_disjoint,0.510494,18,801
imagery_fists_feet,riemann_ts_lr,18,32,8,subject_disjoint,0.532804,18,801
imagery_fists_feet,riemann_ts_lr,18,128,8,subject_disjoint,0.563228,18,801
imagery_fists_feet,riemann_ts_lr,18,512,8,subject_disjoint,0.562787,18,801
imagery_fists_feet,riemann_ts_lr,18,2080,8,subject_disjoint,0.556526,18,801
imagery_fists_feet,csp_lda,18,6,8,subject_disjoint,0.546649,18,801
imagery_fists_feet,riemann_ts_lr,18,8,9,trial_random,0.487125,18,795
imagery_fists_feet,riemann_ts_lr,18,32,9,trial_random,0.710141,18,795
imagery_fists_feet,riemann_ts_lr,18,128,9,trial_random,0.712787,18,795
imagery_fists_feet,riemann_ts_lr,18,512,9,trial_random,0.725397,18,795
imagery_fists_feet,riemann_ts_lr,18,2080,9,trial_random,0.725485,18,795
imagery_fists_feet,csp_lda,18,6,9,trial_random,0.614065,18,795
imagery_fists_feet,riemann_ts_lr,18,8,9,subject_disjoint,0.509259,18,795
imagery_fists_feet,riemann_ts_lr,18,32,9,subject_disjoint,0.608686,18,795
imagery_fists_feet,riemann_ts_lr,18,128,9,subject_disjoint,0.568563,18,795
imagery_fists_feet,riemann_ts_lr,18,512,9,subject_disjoint,0.575176,18,795
imagery_fists_feet,riemann_ts_lr,18,2080,9,subject_disjoint,0.580203,18,795
imagery_fists_feet,csp_lda,18,6,9,subject_disjoint,0.611067,18,795
imagery_fists_feet,riemann_ts_lr,36,8,0,trial_random,0.468585,36,1608
imagery_fists_feet,riemann_ts_lr,36,32,0,trial_random,0.477778,36,1608
imagery_fists_feet,riemann_ts_lr,36,128,0,trial_random,0.666578,36,1608
imagery_fists_feet,riemann_ts_lr,36,512,0,trial_random,0.663294,36,1608
imagery_fists_feet,riemann_ts_lr,36,2080,0,trial_random,0.653858,36,1608
imagery_fists_feet,csp_lda,36,6,0,trial_random,0.588029,36,1608
imagery_fists_feet,riemann_ts_lr,36,8,0,subject_disjoint,0.504497,36,1608
imagery_fists_feet,riemann_ts_lr,36,32,0,subject_disjoint,0.610009,36,1608
imagery_fists_feet,riemann_ts_lr,36,128,0,subject_disjoint,0.610869,36,1608
imagery_fists_feet,riemann_ts_lr,36,512,0,subject_disjoint,0.603108,36,1608
imagery_fists_feet,riemann_ts_lr,36,2080,0,subject_disjoint,0.599118,36,1608
imagery_fists_feet,csp_lda,36,6,0,subject_disjoint,0.608686,36,1608
imagery_fists_feet,riemann_ts_lr,36,8,1,trial_random,0.488602,36,1621
imagery_fists_feet,riemann_ts_lr,36,32,1,trial_random,0.510882,36,1621
imagery_fists_feet,riemann_ts_lr,36,128,1,trial_random,0.680234,36,1621
imagery_fists_feet,riemann_ts_lr,36,512,1,trial_random,0.670056,36,1621
imagery_fists_feet,riemann_ts_lr,36,2080,1,trial_random,0.646299,36,1621
imagery_fists_feet,csp_lda,36,6,1,trial_random,0.578259,36,1621
imagery_fists_feet,riemann_ts_lr,36,8,1,subject_disjoint,0.496684,36,1621
imagery_fists_feet,riemann_ts_lr,36,32,1,subject_disjoint,0.555838,36,1621
imagery_fists_feet,riemann_ts_lr,36,128,1,subject_disjoint,0.598276,36,1621
imagery_fists_feet,riemann_ts_lr,36,512,1,subject_disjoint,0.585046,36,1621
imagery_fists_feet,riemann_ts_lr,36,2080,1,subject_disjoint,0.58161,36,1621
imagery_fists_feet,csp_lda,36,6,1,subject_disjoint,0.577757,36,1621
imagery_fists_feet,riemann_ts_lr,36,8,2,trial_random,0.470263,36,1639
imagery_fists_feet,riemann_ts_lr,36,32,2,trial_random,0.472872,36,1639
imagery_fists_feet,riemann_ts_lr,36,128,2,trial_random,0.587244,36,1639
imagery_fists_feet,riemann_ts_lr,36,512,2,trial_random,0.602498,36,1639
imagery_fists_feet,riemann_ts_lr,36,2080,2,trial_random,0.59455,36,1639
imagery_fists_feet,csp_lda,36,6,2,trial_random,0.520841,36,1639
imagery_fists_feet,riemann_ts_lr,36,8,2,subject_disjoint,0.504774,36,1639
imagery_fists_feet,riemann_ts_lr,36,32,2,subject_disjoint,0.541941,36,1639
imagery_fists_feet,riemann_ts_lr,36,128,2,subject_disjoint,0.549926,36,1639
imagery_fists_feet,riemann_ts_lr,36,512,2,subject_disjoint,0.546612,36,1639
imagery_fists_feet,riemann_ts_lr,36,2080,2,subject_disjoint,0.550738,36,1639
imagery_fists_feet,csp_lda,36,6,2,subject_disjoint,0.527299,36,1639
imagery_fists_feet,riemann_ts_lr,36,8,3,trial_random,0.456895,36,1611
imagery_fists_feet,riemann_ts_lr,36,32,3,trial_random,0.462362,36,1611
imagery_fists_feet,riemann_ts_lr,36,128,3,trial_random,0.646977,36,1611
imagery_fists_feet,riemann_ts_lr,36,512,3,trial_random,0.656652,36,1611
imagery_fists_feet,riemann_ts_lr,36,2080,3,trial_random,0.657239,36,1611
imagery_fists_feet,csp_lda,36,6,3,trial_random,0.566958,36,1611
imagery_fists_feet,riemann_ts_lr,36,8,3,subject_disjoint,0.5102,36,1611
imagery_fists_feet,riemann_ts_lr,36,32,3,subject_disjoint,0.570222,36,1611
imagery_fists_feet,riemann_ts_lr,36,128,3,subject_disjoint,0.594367,36,1611
imagery_fists_feet,riemann_ts_lr,36,512,3,subject_disjoint,0.575803,36,1611
imagery_fists_feet,riemann_ts_lr,36,2080,3,subject_disjoint,0.584729,36,1611
imagery_fists_feet,csp_lda,36,6,3,subject_disjoint,0.583226,36,1611
imagery_fists_feet,riemann_ts_lr,36,8,4,trial_random,0.459851,36,1626
imagery_fists_feet,riemann_ts_lr,36,32,4,trial_random,0.469725,36,1626
imagery_fists_feet,riemann_ts_lr,36,128,4,trial_random,0.645482,36,1626
imagery_fists_feet,riemann_ts_lr,36,512,4,trial_random,0.618676,36,1626
imagery_fists_feet,riemann_ts_lr,36,2080,4,trial_random,0.607512,36,1626
imagery_fists_feet,csp_lda,36,6,4,trial_random,0.518177,36,1626
imagery_fists_feet,riemann_ts_lr,36,8,4,subject_disjoint,0.496719,36,1626
imagery_fists_feet,riemann_ts_lr,36,32,4,subject_disjoint,0.547563,36,1626
imagery_fists_feet,riemann_ts_lr,36,128,4,subject_disjoint,0.55835,36,1626
imagery_fists_feet,riemann_ts_lr,36,512,4,subject_disjoint,0.582779,36,1626
imagery_fists_feet,riemann_ts_lr,36,2080,4,subject_disjoint,0.567704,36,1626
imagery_fists_feet,csp_lda,36,6,4,subject_disjoint,0.548601,36,1626
imagery_fists_feet,riemann_ts_lr,36,8,5,trial_random,0.497489,36,1615
imagery_fists_feet,riemann_ts_lr,36,32,5,trial_random,0.531917,36,1615
imagery_fists_feet,riemann_ts_lr,36,128,5,trial_random,0.685781,36,1615
imagery_fists_feet,riemann_ts_lr,36,512,5,trial_random,0.683498,36,1615
imagery_fists_feet,riemann_ts_lr,36,2080,5,trial_random,0.683013,36,1615
imagery_fists_feet,csp_lda,36,6,5,trial_random,0.598217,36,1615
imagery_fists_feet,riemann_ts_lr,36,8,5,subject_disjoint,0.503935,36,1615
imagery_fists_feet,riemann_ts_lr,36,32,5,subject_disjoint,0.604224,36,1615
imagery_fists_feet,riemann_ts_lr,36,128,5,subject_disjoint,0.608583,36,1615
imagery_fists_feet,riemann_ts_lr,36,512,5,subject_disjoint,0.63091,36,1615
imagery_fists_feet,riemann_ts_lr,36,2080,5,subject_disjoint,0.610091,36,1615
imagery_fists_feet,csp_lda,36,6,5,subject_disjoint,0.589936,36,1615
imagery_fists_feet,riemann_ts_lr,36,8,6,trial_random,0.494267,36,1620
imagery_fists_feet,riemann_ts_lr,36,32,6,trial_random,0.509575,36,1620
imagery_fists_feet,riemann_ts_lr,36,128,6,trial_random,0.652902,36,1620
imagery_fists_feet,riemann_ts_lr,36,512,6,trial_random,0.641502,36,1620
imagery_fists_feet,riemann_ts_lr,36,2080,6,trial_random,0.652669,36,1620
imagery_fists_feet,csp_lda,36,6,6,trial_random,0.581518,36,1620
imagery_fists_feet,riemann_ts_lr,36,8,6,subject_disjoint,0.5208,36,1620
imagery_fists_feet,riemann_ts_lr,36,32,6,subject_disjoint,0.571636,36,1620
imagery_fists_feet,riemann_ts_lr,36,128,6,subject_disjoint,0.597233,36,1620
imagery_fists_feet,riemann_ts_lr,36,512,6,subject_disjoint,0.573651,36,1620
imagery_fists_feet,riemann_ts_lr,36,2080,6,subject_disjoint,0.576096,36,1620
imagery_fists_feet,csp_lda,36,6,6,subject_disjoint,0.596222,36,1620
imagery_fists_feet,riemann_ts_lr,36,8,7,trial_random,0.499373,36,1625
imagery_fists_feet,riemann_ts_lr,36,32,7,trial_random,0.554398,36,1625
imagery_fists_feet,riemann_ts_lr,36,128,7,trial_random,0.683357,36,1625
imagery_fists_feet,riemann_ts_lr,36,512,7,trial_random,0.680171,36,1625
imagery_fists_feet,riemann_ts_lr,36,2080,7,trial_random,0.677289,36,1625
imagery_fists_feet,csp_lda,36,6,7,trial_random,0.578685,36,1625
imagery_fists_feet,riemann_ts_lr,36,8,7,subject_disjoint,0.498048,36,1625
imagery_fists_feet,riemann_ts_lr,36,32,7,subject_disjoint,0.565391,36,1625
imagery_fists_feet,riemann_ts_lr,36,128,7,subject_disjoint,0.620002,36,1625
imagery_fists_feet,riemann_ts_lr,36,512,7,subject_disjoint,0.612349,36,1625
imagery_fists_feet,riemann_ts_lr,36,2080,7,subject_disjoint,0.601284,36,1625
imagery_fists_feet,csp_lda,36,6,7,subject_disjoint,0.627857,36,1625
imagery_fists_feet,riemann_ts_lr,36,8,8,trial_random,0.478266,36,1611
imagery_fists_feet,riemann_ts_lr,36,32,8,trial_random,0.493151,36,1611
imagery_fists_feet,riemann_ts_lr,36,128,8,trial_random,0.693167,36,1611
imagery_fists_feet,riemann_ts_lr,36,512,8,trial_random,0.676842,36,1611
imagery_fists_feet,riemann_ts_lr,36,2080,8,trial_random,0.660616,36,1611
imagery_fists_feet,csp_lda,36,6,8,trial_random,0.604476,36,1611
imagery_fists_feet,riemann_ts_lr,36,8,8,subject_disjoint,0.503381,36,1611
imagery_fists_feet,riemann_ts_lr,36,32,8,subject_disjoint,0.611872,36,1611
imagery_fists_feet,riemann_ts_lr,36,128,8,subject_disjoint,0.618699,36,1611
imagery_fists_feet,riemann_ts_lr,36,512,8,subject_disjoint,0.585885,36,1611
imagery_fists_feet,riemann_ts_lr,36,2080,8,subject_disjoint,0.581827,36,1611
imagery_fists_feet,csp_lda,36,6,8,subject_disjoint,0.600667,36,1611
imagery_fists_feet,riemann_ts_lr,36,8,9,trial_random,0.493218,36,1600
imagery_fists_feet,riemann_ts_lr,36,32,9,trial_random,0.477278,36,1600
imagery_fists_feet,riemann_ts_lr,36,128,9,trial_random,0.675833,36,1600
imagery_fists_feet,riemann_ts_lr,36,512,9,trial_random,0.669898,36,1600
imagery_fists_feet,riemann_ts_lr,36,2080,9,trial_random,0.667316,36,1600
imagery_fists_feet,csp_lda,36,6,9,trial_random,0.565698,36,1600
imagery_fists_feet,riemann_ts_lr,36,8,9,subject_disjoint,0.510795,36,1600
imagery_fists_feet,riemann_ts_lr,36,32,9,subject_disjoint,0.579686,36,1600
imagery_fists_feet,riemann_ts_lr,36,128,9,subject_disjoint,0.566959,36,1600
imagery_fists_feet,riemann_ts_lr,36,512,9,subject_disjoint,0.571487,36,1600
imagery_fists_feet,riemann_ts_lr,36,2080,9,subject_disjoint,0.558789,36,1600
imagery_fists_feet,csp_lda,36,6,9,subject_disjoint,0.554732,36,1600
imagery_fists_feet,riemann_ts_lr,72,8,0,trial_random,0.487149,72,3223
imagery_fists_feet,riemann_ts_lr,72,32,0,trial_random,0.523664,72,3223
imagery_fists_feet,riemann_ts_lr,72,128,0,trial_random,0.664124,72,3223
imagery_fists_feet,riemann_ts_lr,72,512,0,trial_random,0.648951,72,3223
imagery_fists_feet,riemann_ts_lr,72,2080,0,trial_random,0.634747,72,3223
imagery_fists_feet,csp_lda,72,6,0,trial_random,0.524775,72,3223
imagery_fists_feet,riemann_ts_lr,72,8,0,subject_disjoint,0.515524,72,3223
imagery_fists_feet,riemann_ts_lr,72,32,0,subject_disjoint,0.579926,72,3223
imagery_fists_feet,riemann_ts_lr,72,128,0,subject_disjoint,0.600717,72,3223
imagery_fists_feet,riemann_ts_lr,72,512,0,subject_disjoint,0.6069,72,3223
imagery_fists_feet,riemann_ts_lr,72,2080,0,subject_disjoint,0.593181,72,3223
imagery_fists_feet,csp_lda,72,6,0,subject_disjoint,0.603191,72,3223
imagery_fists_feet,riemann_ts_lr,72,8,1,trial_random,0.507889,72,3244
imagery_fists_feet,riemann_ts_lr,72,32,1,trial_random,0.517871,72,3244
imagery_fists_feet,riemann_ts_lr,72,128,1,trial_random,0.679546,72,3244
imagery_fists_feet,riemann_ts_lr,72,512,1,trial_random,0.677781,72,3244
imagery_fists_feet,riemann_ts_lr,72,2080,1,trial_random,0.641942,72,3244
imagery_fists_feet,csp_lda,72,6,1,trial_random,0.569186,72,3244
imagery_fists_feet,riemann_ts_lr,72,8,1,subject_disjoint,0.523145,72,3244
imagery_fists_feet,riemann_ts_lr,72,32,1,subject_disjoint,0.560659,72,3244
imagery_fists_feet,riemann_ts_lr,72,128,1,subject_disjoint,0.608628,72,3244
imagery_fists_feet,riemann_ts_lr,72,512,1,subject_disjoint,0.603211,72,3244
imagery_fists_feet,riemann_ts_lr,72,2080,1,subject_disjoint,0.585212,72,3244
imagery_fists_feet,csp_lda,72,6,1,subject_disjoint,0.579223,72,3244
imagery_fists_feet,riemann_ts_lr,72,8,2,trial_random,0.484161,72,3222
imagery_fists_feet,riemann_ts_lr,72,32,2,trial_random,0.503001,72,3222
imagery_fists_feet,riemann_ts_lr,72,128,2,trial_random,0.671702,72,3222
imagery_fists_feet,riemann_ts_lr,72,512,2,trial_random,0.664566,72,3222
imagery_fists_feet,riemann_ts_lr,72,2080,2,trial_random,0.649086,72,3222
imagery_fists_feet,csp_lda,72,6,2,trial_random,0.557966,72,3222
imagery_fists_feet,riemann_ts_lr,72,8,2,subject_disjoint,0.520365,72,3222
imagery_fists_feet,riemann_ts_lr,72,32,2,subject_disjoint,0.545699,72,3222
imagery_fists_feet,riemann_ts_lr,72,128,2,subject_disjoint,0.595788,72,3222
imagery_fists_feet,riemann_ts_lr,72,512,2,subject_disjoint,0.594906,72,3222
imagery_fists_feet,riemann_ts_lr,72,2080,2,subject_disjoint,0.571084,72,3222
imagery_fists_feet,csp_lda,72,6,2,subject_disjoint,0.611817,72,3222
imagery_fists_feet,riemann_ts_lr,72,8,3,trial_random,0.481907,72,3242
imagery_fists_feet,riemann_ts_lr,72,32,3,trial_random,0.519276,72,3242
imagery_fists_feet,riemann_ts_lr,72,128,3,trial_random,0.679097,72,3242
imagery_fists_feet,riemann_ts_lr,72,512,3,trial_random,0.679598,72,3242
imagery_fists_feet,riemann_ts_lr,72,2080,3,trial_random,0.645936,72,3242
imagery_fists_feet,csp_lda,72,6,3,trial_random,0.590928,72,3242
imagery_fists_feet,riemann_ts_lr,72,8,3,subject_disjoint,0.51445,72,3242
imagery_fists_feet,riemann_ts_lr,72,32,3,subject_disjoint,0.555949,72,3242
imagery_fists_feet,riemann_ts_lr,72,128,3,subject_disjoint,0.610626,72,3242
imagery_fists_feet,riemann_ts_lr,72,512,3,subject_disjoint,0.607835,72,3242
imagery_fists_feet,riemann_ts_lr,72,2080,3,subject_disjoint,0.588071,72,3242
imagery_fists_feet,csp_lda,72,6,3,subject_disjoint,0.588009,72,3242
imagery_fists_feet,riemann_ts_lr,72,8,4,trial_random,0.486704,72,3228
imagery_fists_feet,riemann_ts_lr,72,32,4,trial_random,0.512243,72,3228
imagery_fists_feet,riemann_ts_lr,72,128,4,trial_random,0.665807,72,3228
imagery_fists_feet,riemann_ts_lr,72,512,4,trial_random,0.659811,72,3228
imagery_fists_feet,riemann_ts_lr,72,2080,4,trial_random,0.644535,72,3228
imagery_fists_feet,csp_lda,72,6,4,trial_random,0.574965,72,3228
imagery_fists_feet,riemann_ts_lr,72,8,4,subject_disjoint,0.510161,72,3228
imagery_fists_feet,riemann_ts_lr,72,32,4,subject_disjoint,0.542721,72,3228
imagery_fists_feet,riemann_ts_lr,72,128,4,subject_disjoint,0.604259,72,3228
imagery_fists_feet,riemann_ts_lr,72,512,4,subject_disjoint,0.591868,72,3228
imagery_fists_feet,riemann_ts_lr,72,2080,4,subject_disjoint,0.566638,72,3228
imagery_fists_feet,csp_lda,72,6,4,subject_disjoint,0.597788,72,3228
imagery_fists_feet,riemann_ts_lr,72,8,5,trial_random,0.482031,72,3240
imagery_fists_feet,riemann_ts_lr,72,32,5,trial_random,0.497664,72,3240
imagery_fists_feet,riemann_ts_lr,72,128,5,trial_random,0.650158,72,3240
imagery_fists_feet,riemann_ts_lr,72,512,5,trial_random,0.659938,72,3240
imagery_fists_feet,riemann_ts_lr,72,2080,5,trial_random,0.626109,72,3240
imagery_fists_feet,csp_lda,72,6,5,trial_random,0.550614,72,3240
imagery_fists_feet,riemann_ts_lr,72,8,5,subject_disjoint,0.506132,72,3240
imagery_fists_feet,riemann_ts_lr,72,32,5,subject_disjoint,0.536473,72,3240
imagery_fists_feet,riemann_ts_lr,72,128,5,subject_disjoint,0.611134,72,3240
imagery_fists_feet,riemann_ts_lr,72,512,5,subject_disjoint,0.602623,72,3240
imagery_fists_feet,riemann_ts_lr,72,2080,5,subject_disjoint,0.57321,72,3240
imagery_fists_feet,csp_lda,72,6,5,subject_disjoint,0.597248,72,3240
imagery_fists_feet,riemann_ts_lr,72,8,6,trial_random,0.498309,72,3240
imagery_fists_feet,riemann_ts_lr,72,32,6,trial_random,0.505711,72,3240
imagery_fists_feet,riemann_ts_lr,72,128,6,trial_random,0.657885,72,3240
imagery_fists_feet,riemann_ts_lr,72,512,6,trial_random,0.641795,72,3240
imagery_fists_feet,riemann_ts_lr,72,2080,6,trial_random,0.614651,72,3240
imagery_fists_feet,csp_lda,72,6,6,trial_random,0.583756,72,3240
imagery_fists_feet,riemann_ts_lr,72,8,6,subject_disjoint,0.517766,72,3240
imagery_fists_feet,riemann_ts_lr,72,32,6,subject_disjoint,0.554662,72,3240
imagery_fists_feet,riemann_ts_lr,72,128,6,subject_disjoint,0.60454,72,3240
imagery_fists_feet,riemann_ts_lr,72,512,6,subject_disjoint,0.580961,72,3240
imagery_fists_feet,riemann_ts_lr,72,2080,6,subject_disjoint,0.576027,72,3240
imagery_fists_feet,csp_lda,72,6,6,subject_disjoint,0.582157,72,3240
imagery_fists_feet,riemann_ts_lr,72,8,7,trial_random,0.492714,72,3237
imagery_fists_feet,riemann_ts_lr,72,32,7,trial_random,0.521701,72,3237
imagery_fists_feet,riemann_ts_lr,72,128,7,trial_random,0.679124,72,3237
imagery_fists_feet,riemann_ts_lr,72,512,7,trial_random,0.681557,72,3237
imagery_fists_feet,riemann_ts_lr,72,2080,7,trial_random,0.657952,72,3237
imagery_fists_feet,csp_lda,72,6,7,trial_random,0.588925,72,3237
imagery_fists_feet,riemann_ts_lr,72,8,7,subject_disjoint,0.518912,72,3237
imagery_fists_feet,riemann_ts_lr,72,32,7,subject_disjoint,0.561335,72,3237
imagery_fists_feet,riemann_ts_lr,72,128,7,subject_disjoint,0.609197,72,3237
imagery_fists_feet,riemann_ts_lr,72,512,7,subject_disjoint,0.603177,72,3237
imagery_fists_feet,riemann_ts_lr,72,2080,7,subject_disjoint,0.606142,72,3237
imagery_fists_feet,csp_lda,72,6,7,subject_disjoint,0.613904,72,3237
imagery_fists_feet,riemann_ts_lr,72,8,8,trial_random,0.496477,72,3237
imagery_fists_feet,riemann_ts_lr,72,32,8,trial_random,0.504004,72,3237
imagery_fists_feet,riemann_ts_lr,72,128,8,trial_random,0.66313,72,3237
imagery_fists_feet,riemann_ts_lr,72,512,8,trial_random,0.661304,72,3237
imagery_fists_feet,riemann_ts_lr,72,2080,8,trial_random,0.619498,72,3237
imagery_fists_feet,csp_lda,72,6,8,trial_random,0.586186,72,3237
imagery_fists_feet,riemann_ts_lr,72,8,8,subject_disjoint,0.512358,72,3237
imagery_fists_feet,riemann_ts_lr,72,32,8,subject_disjoint,0.567843,72,3237
imagery_fists_feet,riemann_ts_lr,72,128,8,subject_disjoint,0.605319,72,3237
imagery_fists_feet,riemann_ts_lr,72,512,8,subject_disjoint,0.599053,72,3237
imagery_fists_feet,riemann_ts_lr,72,2080,8,subject_disjoint,0.573101,72,3237
imagery_fists_feet,csp_lda,72,6,8,subject_disjoint,0.601205,72,3237
imagery_fists_feet,riemann_ts_lr,72,8,9,trial_random,0.498113,72,3240
imagery_fists_feet,riemann_ts_lr,72,32,9,trial_random,0.543573,72,3240
imagery_fists_feet,riemann_ts_lr,72,128,9,trial_random,0.673214,72,3240
imagery_fists_feet,riemann_ts_lr,72,512,9,trial_random,0.67123,72,3240
imagery_fists_feet,riemann_ts_lr,72,2080,9,trial_random,0.652379,72,3240
imagery_fists_feet,csp_lda,72,6,9,trial_random,0.578982,72,3240
imagery_fists_feet,riemann_ts_lr,72,8,9,subject_disjoint,0.512686,72,3240
imagery_fists_feet,riemann_ts_lr,72,32,9,subject_disjoint,0.557049,72,3240
imagery_fists_feet,riemann_ts_lr,72,128,9,subject_disjoint,0.612256,72,3240
imagery_fists_feet,riemann_ts_lr,72,512,9,subject_disjoint,0.61202,72,3240
imagery_fists_feet,riemann_ts_lr,72,2080,9,subject_disjoint,0.603682,72,3240
imagery_fists_feet,csp_lda,72,6,9,subject_disjoint,0.605994,72,3240
imagery_fists_feet,riemann_ts_lr,109,8,0,trial_random,0.494619,109,4897
imagery_fists_feet,riemann_ts_lr,109,32,0,trial_random,0.525261,109,4897
imagery_fists_feet,riemann_ts_lr,109,128,0,trial_random,0.65333,109,4897
imagery_fists_feet,riemann_ts_lr,109,512,0,trial_random,0.659616,109,4897
imagery_fists_feet,riemann_ts_lr,109,2080,0,trial_random,0.626689,109,4897
imagery_fists_feet,csp_lda,109,6,0,trial_random,0.597147,109,4897
imagery_fists_feet,riemann_ts_lr,109,8,0,subject_disjoint,0.513069,109,4897
imagery_fists_feet,riemann_ts_lr,109,32,0,subject_disjoint,0.558461,109,4897
imagery_fists_feet,riemann_ts_lr,109,128,0,subject_disjoint,0.622621,109,4897
imagery_fists_feet,riemann_ts_lr,109,512,0,subject_disjoint,0.601169,109,4897
imagery_fists_feet,riemann_ts_lr,109,2080,0,subject_disjoint,0.584203,109,4897
imagery_fists_feet,csp_lda,109,6,0,subject_disjoint,0.591028,109,4897
real_fists_feet,riemann_ts_lr,9,8,0,trial_random,0.459259,9,405
real_fists_feet,riemann_ts_lr,9,32,0,trial_random,0.787654,9,405
real_fists_feet,riemann_ts_lr,9,128,0,trial_random,0.819753,9,405
real_fists_feet,riemann_ts_lr,9,2080,0,trial_random,0.819753,9,405
real_fists_feet,csp_lda,9,6,0,trial_random,0.538272,9,405
real_fists_feet,riemann_ts_lr,9,8,0,subject_disjoint,0.525926,9,405
real_fists_feet,riemann_ts_lr,9,32,0,subject_disjoint,0.614815,9,405
real_fists_feet,riemann_ts_lr,9,128,0,subject_disjoint,0.619753,9,405
real_fists_feet,riemann_ts_lr,9,2080,0,subject_disjoint,0.587654,9,405
real_fists_feet,csp_lda,9,6,0,subject_disjoint,0.523457,9,405
real_fists_feet,riemann_ts_lr,9,8,1,trial_random,0.431041,9,399
real_fists_feet,riemann_ts_lr,9,32,1,trial_random,0.737566,9,399
real_fists_feet,riemann_ts_lr,9,128,1,trial_random,0.742504,9,399
real_fists_feet,riemann_ts_lr,9,2080,1,trial_random,0.772663,9,399
real_fists_feet,csp_lda,9,6,1,trial_random,0.528395,9,399
real_fists_feet,riemann_ts_lr,9,8,1,subject_disjoint,0.488889,9,399
real_fists_feet,riemann_ts_lr,9,32,1,subject_disjoint,0.581129,9,399
real_fists_feet,riemann_ts_lr,9,128,1,subject_disjoint,0.586243,9,399
real_fists_feet,riemann_ts_lr,9,2080,1,subject_disjoint,0.578131,9,399
real_fists_feet,csp_lda,9,6,1,subject_disjoint,0.520635,9,399
real_fists_feet,riemann_ts_lr,9,8,2,trial_random,0.414815,9,393
real_fists_feet,riemann_ts_lr,9,32,2,trial_random,0.718254,9,393
real_fists_feet,riemann_ts_lr,9,128,2,trial_random,0.775926,9,393
real_fists_feet,riemann_ts_lr,9,2080,2,trial_random,0.771517,9,393
real_fists_feet,csp_lda,9,6,2,trial_random,0.550353,9,393
real_fists_feet,riemann_ts_lr,9,8,2,subject_disjoint,0.518519,9,393
real_fists_feet,riemann_ts_lr,9,32,2,subject_disjoint,0.553086,9,393
real_fists_feet,riemann_ts_lr,9,128,2,subject_disjoint,0.520282,9,393
real_fists_feet,riemann_ts_lr,9,2080,2,subject_disjoint,0.551058,9,393
real_fists_feet,csp_lda,9,6,2,subject_disjoint,0.507055,9,393
real_fists_feet,riemann_ts_lr,9,8,3,trial_random,0.432099,9,405
real_fists_feet,riemann_ts_lr,9,32,3,trial_random,0.535802,9,405
real_fists_feet,riemann_ts_lr,9,128,3,trial_random,0.641975,9,405
real_fists_feet,riemann_ts_lr,9,2080,3,trial_random,0.639506,9,405
real_fists_feet,csp_lda,9,6,3,trial_random,0.503704,9,405
real_fists_feet,riemann_ts_lr,9,8,3,subject_disjoint,0.503704,9,405
real_fists_feet,riemann_ts_lr,9,32,3,subject_disjoint,0.520988,9,405
real_fists_feet,riemann_ts_lr,9,128,3,subject_disjoint,0.530864,9,405
real_fists_feet,riemann_ts_lr,9,2080,3,subject_disjoint,0.508642,9,405
real_fists_feet,csp_lda,9,6,3,subject_disjoint,0.506173,9,405
real_fists_feet,riemann_ts_lr,9,8,4,trial_random,0.482011,9,402
real_fists_feet,riemann_ts_lr,9,32,4,trial_random,0.80194,9,402
real_fists_feet,riemann_ts_lr,9,128,4,trial_random,0.807055,9,402
real_fists_feet,riemann_ts_lr,9,2080,4,trial_random,0.846561,9,402
real_fists_feet,csp_lda,9,6,4,trial_random,0.516226,9,402
real_fists_feet,riemann_ts_lr,9,8,4,subject_disjoint,0.553263,9,402
real_fists_feet,riemann_ts_lr,9,32,4,subject_disjoint,0.532099,9,402
real_fists_feet,riemann_ts_lr,9,128,4,subject_disjoint,0.534568,9,402
real_fists_feet,riemann_ts_lr,9,2080,4,subject_disjoint,0.534568,9,402
real_fists_feet,csp_lda,9,6,4,subject_disjoint,0.47037,9,402
real_fists_feet,riemann_ts_lr,9,8,5,trial_random,0.466667,9,405
real_fists_feet,riemann_ts_lr,9,32,5,trial_random,0.797531,9,405
real_fists_feet,riemann_ts_lr,9,128,5,trial_random,0.832099,9,405
real_fists_feet,riemann_ts_lr,9,2080,5,trial_random,0.824691,9,405
real_fists_feet,csp_lda,9,6,5,trial_random,0.525926,9,405
real_fists_feet,riemann_ts_lr,9,8,5,subject_disjoint,0.535802,9,405
real_fists_feet,riemann_ts_lr,9,32,5,subject_disjoint,0.6,9,405
real_fists_feet,riemann_ts_lr,9,128,5,subject_disjoint,0.62963,9,405
real_fists_feet,riemann_ts_lr,9,2080,5,subject_disjoint,0.666667,9,405
real_fists_feet,csp_lda,9,6,5,subject_disjoint,0.51358,9,405
real_fists_feet,riemann_ts_lr,9,8,6,trial_random,0.460494,9,402
real_fists_feet,riemann_ts_lr,9,32,6,trial_random,0.79418,9,402
real_fists_feet,riemann_ts_lr,9,128,6,trial_random,0.828748,9,402
real_fists_feet,riemann_ts_lr,9,2080,6,trial_random,0.831393,9,402
real_fists_feet,csp_lda,9,6,6,trial_random,0.489418,9,402
real_fists_feet,riemann_ts_lr,9,8,6,subject_disjoint,0.47037,9,402
real_fists_feet,riemann_ts_lr,9,32,6,subject_disjoint,0.669665,9,402
real_fists_feet,riemann_ts_lr,9,128,6,subject_disjoint,0.700353,9,402
real_fists_feet,riemann_ts_lr,9,2080,6,subject_disjoint,0.66067,9,402
real_fists_feet,csp_lda,9,6,6,subject_disjoint,0.544444,9,402
real_fists_feet,riemann_ts_lr,9,8,7,trial_random,0.489594,9,402
real_fists_feet,riemann_ts_lr,9,32,7,trial_random,0.789594,9,402
real_fists_feet,riemann_ts_lr,9,128,7,trial_random,0.811464,9,402
real_fists_feet,riemann_ts_lr,9,2080,7,trial_random,0.829101,9,402
real_fists_feet,csp_lda,9,6,7,trial_random,0.583951,9,402
real_fists_feet,riemann_ts_lr,9,8,7,subject_disjoint,0.507231,9,402
real_fists_feet,riemann_ts_lr,9,32,7,subject_disjoint,0.557143,9,402
real_fists_feet,riemann_ts_lr,9,128,7,subject_disjoint,0.554497,9,402
real_fists_feet,riemann_ts_lr,9,2080,7,subject_disjoint,0.577249,9,402
real_fists_feet,csp_lda,9,6,7,subject_disjoint,0.581481,9,402
real_fists_feet,riemann_ts_lr,9,8,8,trial_random,0.470723,9,402
real_fists_feet,riemann_ts_lr,9,32,8,trial_random,0.809347,9,402
real_fists_feet,riemann_ts_lr,9,128,8,trial_random,0.804409,9,402
real_fists_feet,riemann_ts_lr,9,2080,8,trial_random,0.819577,9,402
real_fists_feet,csp_lda,9,6,8,trial_random,0.680071,9,402
real_fists_feet,riemann_ts_lr,9,8,8,subject_disjoint,0.541975,9,402
real_fists_feet,riemann_ts_lr,9,32,8,subject_disjoint,0.583069,9,402
real_fists_feet,riemann_ts_lr,9,128,8,subject_disjoint,0.64321,9,402
real_fists_feet,riemann_ts_lr,9,2080,8,subject_disjoint,0.625926,9,402
real_fists_feet,csp_lda,9,6,8,subject_disjoint,0.611287,9,402
real_fists_feet,riemann_ts_lr,9,8,9,trial_random,0.476543,9,405
real_fists_feet,riemann_ts_lr,9,32,9,trial_random,0.716049,9,405
real_fists_feet,riemann_ts_lr,9,128,9,trial_random,0.738272,9,405
real_fists_feet,riemann_ts_lr,9,2080,9,trial_random,0.758025,9,405
real_fists_feet,csp_lda,9,6,9,trial_random,0.595062,9,405
real_fists_feet,riemann_ts_lr,9,8,9,subject_disjoint,0.520988,9,405
real_fists_feet,riemann_ts_lr,9,32,9,subject_disjoint,0.6,9,405
real_fists_feet,riemann_ts_lr,9,128,9,subject_disjoint,0.614815,9,405
real_fists_feet,riemann_ts_lr,9,2080,9,subject_disjoint,0.617284,9,405
real_fists_feet,csp_lda,9,6,9,subject_disjoint,0.506173,9,405
real_fists_feet,riemann_ts_lr,18,8,0,trial_random,0.455314,18,813
real_fists_feet,riemann_ts_lr,18,32,0,trial_random,0.706507,18,813
real_fists_feet,riemann_ts_lr,18,128,0,trial_random,0.728474,18,813
real_fists_feet,riemann_ts_lr,18,512,0,trial_random,0.734215,18,813
real_fists_feet,riemann_ts_lr,18,2080,0,trial_random,0.725573,18,813
real_fists_feet,csp_lda,18,6,0,trial_random,0.506841,18,813
real_fists_feet,riemann_ts_lr,18,8,0,subject_disjoint,0.491845,18,813
real_fists_feet,riemann_ts_lr,18,32,0,subject_disjoint,0.60815,18,813
real_fists_feet,riemann_ts_lr,18,128,0,subject_disjoint,0.626149,18,813
real_fists_feet,riemann_ts_lr,18,512,0,subject_disjoint,0.610721,18,813
real_fists_feet,riemann_ts_lr,18,2080,0,subject_disjoint,0.614685,18,813
real_fists_feet,csp_lda,18,6,0,subject_disjoint,0.516537,18,813
real_fists_feet,riemann_ts_lr,18,8,1,trial_random,0.480279,18,819
real_fists_feet,riemann_ts_lr,18,32,1,trial_random,0.600664,18,819
real_fists_feet,riemann_ts_lr,18,128,1,trial_random,0.745136,18,819
real_fists_feet,riemann_ts_lr,18,512,1,trial_random,0.765089,18,819
real_fists_feet,riemann_ts_lr,18,2080,1,trial_random,0.764829,18,819
real_fists_feet,csp_lda,18,6,1,trial_random,0.504084,18,819
real_fists_feet,riemann_ts_lr,18,8,1,subject_disjoint,0.488402,18,819
real_fists_feet,riemann_ts_lr,18,32,1,subject_disjoint,0.516973,18,819
real_fists_feet,riemann_ts_lr,18,128,1,subject_disjoint,0.535143,18,819
real_fists_feet,riemann_ts_lr,18,512,1,subject_disjoint,0.56371,18,819
real_fists_feet,riemann_ts_lr,18,2080,1,subject_disjoint,0.547573,18,819
real_fists_feet,csp_lda,18,6,1,subject_disjoint,0.518681,18,819
real_fists_feet,riemann_ts_lr,18,8,2,trial_random,0.456581,18,819
real_fists_feet,riemann_ts_lr,18,32,2,trial_random,0.789748,18,819
real_fists_feet,riemann_ts_lr,18,128,2,trial_random,0.835886,18,819
real_fists_feet,riemann_ts_lr,18,512,2,trial_random,0.835106,18,819
real_fists_feet,riemann_ts_lr,18,2080,2,trial_random,0.832637,18,819
real_fists_feet,csp_lda,18,6,2,trial_random,0.646524,18,819
real_fists_feet,riemann_ts_lr,18,8,2,subject_disjoint,0.509844,18,819
real_fists_feet,riemann_ts_lr,18,32,2,subject_disjoint,0.638313,18,819
real_fists_feet,riemann_ts_lr,18,128,2,subject_disjoint,0.691683,18,819
real_fists_feet,riemann_ts_lr,18,512,2,subject_disjoint,0.694078,18,819
real_fists_feet,riemann_ts_lr,18,2080,2,subject_disjoint,0.700515,18,819
real_fists_feet,csp_lda,18,6,2,subject_disjoint,0.630493,18,819
real_fists_feet,riemann_ts_lr,18,8,3,trial_random,0.473369,18,795
real_fists_feet,riemann_ts_lr,18,32,3,trial_random,0.630159,18,795
real_fists_feet,riemann_ts_lr,18,128,3,trial_random,0.772399,18,795
real_fists_feet,riemann_ts_lr,18,512,3,trial_random,0.764991,18,795
real_fists_feet,riemann_ts_lr,18,2080,3,trial_random,0.766314,18,795
real_fists_feet,csp_lda,18,6,3,trial_random,0.514109,18,795
real_fists_feet,riemann_ts_lr,18,8,3,subject_disjoint,0.502998,18,795
real_fists_feet,riemann_ts_lr,18,32,3,subject_disjoint,0.538624,18,795
real_fists_feet,riemann_ts_lr,18,128,3,subject_disjoint,0.598589,18,795
real_fists_feet,riemann_ts_lr,18,512,3,subject_disjoint,0.603527,18,795
real_fists_feet,riemann_ts_lr,18,2080,3,subject_disjoint,0.603704,18,795
real_fists_feet,csp_lda,18,6,3,subject_disjoint,0.52134,18,795
real_fists_feet,riemann_ts_lr,18,8,4,trial_random,0.478748,18,801
real_fists_feet,riemann_ts_lr,18,32,4,trial_random,0.671076,18,801
real_fists_feet,riemann_ts_lr,18,128,4,trial_random,0.77037,18,801
real_fists_feet,riemann_ts_lr,18,512,4,trial_random,0.768078,18,801
real_fists_feet,riemann_ts_lr,18,2080,4,trial_random,0.770459,18,801
real_fists_feet,csp_lda,18,6,4,trial_random,0.54127,18,801
real_fists_feet,riemann_ts_lr,18,8,4,subject_disjoint,0.513051,18,801
real_fists_feet,riemann_ts_lr,18,32,4,subject_disjoint,0.579101,18,801
real_fists_feet,riemann_ts_lr,18,128,4,subject_disjoint,0.605203,18,801
real_fists_feet,riemann_ts_lr,18,512,4,subject_disjoint,0.582451,18,801
real_fists_feet,riemann_ts_lr,18,2080,4,subject_disjoint,0.574868,18,801
real_fists_feet,csp_lda,18,6,4,subject_disjoint,0.545767,18,801
real_fists_feet,riemann_ts_lr,18,8,5,trial_random,0.44612,18,795
real_fists_feet,riemann_ts_lr,18,32,5,trial_random,0.656614,18,795
real_fists_feet,riemann_ts_lr,18,128,5,trial_random,0.729718,18,795
real_fists_feet,riemann_ts_lr,18,512,5,trial_random,0.72284,18,795
real_fists_feet,riemann_ts_lr,18,2080,5,trial_random,0.722751,18,795
real_fists_feet,csp_lda,18,6,5,trial_random,0.511287,18,795
real_fists_feet,riemann_ts_lr,18,8,5,subject_disjoint,0.500794,18,795
real_fists_feet,riemann_ts_lr,18,32,5,subject_disjoint,0.537654,18,795
real_fists_feet,riemann_ts_lr,18,128,5,subject_disjoint,0.573721,18,795
real_fists_feet,riemann_ts_lr,18,512,5,subject_disjoint,0.575838,18,795
real_fists_feet,riemann_ts_lr,18,2080,5,subject_disjoint,0.573369,18,795
real_fists_feet,csp_lda,18,6,5,subject_disjoint,0.526808,18,795
real_fists_feet,riemann_ts_lr,18,8,6,trial_random,0.459558,18,772
real_fists_feet,riemann_ts_lr,18,32,6,trial_random,0.716623,18,772
real_fists_feet,riemann_ts_lr,18,128,6,trial_random,0.797443,18,772
real_fists_feet,riemann_ts_lr,18,512,6,trial_random,0.813946,18,772
real_fists_feet,riemann_ts_lr,18,2080,6,trial_random,0.813946,18,772
real_fists_feet,csp_lda,18,6,6,trial_random,0.570189,18,772
real_fists_feet,riemann_ts_lr,18,8,6,subject_disjoint,0.501808,18,772
real_fists_feet,riemann_ts_lr,18,32,6,subject_disjoint,0.608071,18,772
real_fists_feet,riemann_ts_lr,18,128,6,subject_disjoint,0.629458,18,772
real_fists_feet,riemann_ts_lr,18,2080,6,subject_disjoint,0.642642,18,772
real_fists_feet,csp_lda,18,6,6,subject_disjoint,0.558523,18,772
real_fists_feet,riemann_ts_lr,18,512,6,subject_disjoint,0.419315,18,772
real_fists_feet,riemann_ts_lr,18,8,7,trial_random,0.462364,18,819
real_fists_feet,riemann_ts_lr,18,32,7,trial_random,0.615228,18,819
real_fists_feet,riemann_ts_lr,18,128,7,trial_random,0.783152,18,819
real_fists_feet,riemann_ts_lr,18,512,7,trial_random,0.772742,18,819
real_fists_feet,riemann_ts_lr,18,2080,7,trial_random,0.770185,18,819
real_fists_feet,csp_lda,18,6,7,trial_random,0.519266,18,819
real_fists_feet,riemann_ts_lr,18,8,7,subject_disjoint,0.511598,18,819
real_fists_feet,riemann_ts_lr,18,32,7,subject_disjoint,0.558252,18,819
real_fists_feet,riemann_ts_lr,18,128,7,subject_disjoint,0.545776,18,819
real_fists_feet,riemann_ts_lr,18,512,7,subject_disjoint,0.566203,18,819
real_fists_feet,riemann_ts_lr,18,2080,7,subject_disjoint,0.562499,18,819
real_fists_feet,csp_lda,18,6,7,subject_disjoint,0.511343,18,819
real_fists_feet,riemann_ts_lr,18,8,8,trial_random,0.475495,18,790
real_fists_feet,riemann_ts_lr,18,32,8,trial_random,0.570412,18,790
real_fists_feet,riemann_ts_lr,18,128,8,trial_random,0.684739,18,790
real_fists_feet,riemann_ts_lr,18,512,8,trial_random,0.714779,18,790
real_fists_feet,riemann_ts_lr,18,2080,8,trial_random,0.720204,18,790
real_fists_feet,csp_lda,18,6,8,trial_random,0.503693,18,790
real_fists_feet,riemann_ts_lr,18,8,8,subject_disjoint,0.490922,18,790
real_fists_feet,riemann_ts_lr,18,32,8,subject_disjoint,0.556085,18,790
real_fists_feet,riemann_ts_lr,18,128,8,subject_disjoint,0.55679,18,790
real_fists_feet,riemann_ts_lr,18,512,8,subject_disjoint,0.555908,18,790
real_fists_feet,riemann_ts_lr,18,2080,8,subject_disjoint,0.560758,18,790
real_fists_feet,csp_lda,18,6,8,subject_disjoint,0.49819,18,790
real_fists_feet,riemann_ts_lr,18,8,9,trial_random,0.488757,18,795
real_fists_feet,riemann_ts_lr,18,32,9,trial_random,0.787743,18,795
real_fists_feet,riemann_ts_lr,18,128,9,trial_random,0.816755,18,795
real_fists_feet,riemann_ts_lr,18,512,9,trial_random,0.81649,18,795
real_fists_feet,riemann_ts_lr,18,2080,9,trial_random,0.818871,18,795
real_fists_feet,csp_lda,18,6,9,trial_random,0.601323,18,795
real_fists_feet,riemann_ts_lr,18,8,9,subject_disjoint,0.523457,18,795
real_fists_feet,riemann_ts_lr,18,32,9,subject_disjoint,0.669136,18,795
real_fists_feet,riemann_ts_lr,18,128,9,subject_disjoint,0.659127,18,795
real_fists_feet,riemann_ts_lr,18,512,9,subject_disjoint,0.629101,18,795
real_fists_feet,riemann_ts_lr,18,2080,9,subject_disjoint,0.616138,18,795
real_fists_feet,csp_lda,18,6,9,subject_disjoint,0.620899,18,795
real_fists_feet,riemann_ts_lr,36,8,0,trial_random,0.477316,36,1597
real_fists_feet,riemann_ts_lr,36,32,0,trial_random,0.500283,36,1597
real_fists_feet,riemann_ts_lr,36,128,0,trial_random,0.749118,36,1597
real_fists_feet,riemann_ts_lr,36,512,0,trial_random,0.774363,36,1597
real_fists_feet,riemann_ts_lr,36,2080,0,trial_random,0.762589,36,1597
real_fists_feet,csp_lda,36,6,0,trial_random,0.493382,36,1597
real_fists_feet,riemann_ts_lr,36,8,0,subject_disjoint,0.507079,36,1597
real_fists_feet,riemann_ts_lr,36,32,0,subject_disjoint,0.570504,36,1597
real_fists_feet,riemann_ts_lr,36,128,0,subject_disjoint,0.622869,36,1597
real_fists_feet,riemann_ts_lr,36,512,0,subject_disjoint,0.61076,36,1597
real_fists_feet,riemann_ts_lr,36,2080,0,subject_disjoint,0.601213,36,1597
real_fists_feet,csp_lda,36,6,0,subject_disjoint,0.56535,36,1597
real_fists_feet,riemann_ts_lr,36,8,1,trial_random,0.489743,36,1617
real_fists_feet,riemann_ts_lr,36,32,1,trial_random,0.525506,36,1617
real_fists_feet,riemann_ts_lr,36,128,1,trial_random,0.784682,36,1617
real_fists_feet,riemann_ts_lr,36,512,1,trial_random,0.780945,36,1617
real_fists_feet,riemann_ts_lr,36,2080,1,trial_random,0.779537,36,1617
real_fists_feet,csp_lda,36,6,1,trial_random,0.56355,36,1617
real_fists_feet,riemann_ts_lr,36,8,1,subject_disjoint,0.50103,36,1617
real_fists_feet,riemann_ts_lr,36,32,1,subject_disjoint,0.590625,36,1617
real_fists_feet,riemann_ts_lr,36,128,1,subject_disjoint,0.641465,36,1617
real_fists_feet,riemann_ts_lr,36,512,1,subject_disjoint,0.652882,36,1617
real_fists_feet,riemann_ts_lr,36,2080,1,subject_disjoint,0.649176,36,1617
real_fists_feet,csp_lda,36,6,1,subject_disjoint,0.553943,36,1617
real_fists_feet,riemann_ts_lr,36,8,2,trial_random,0.488796,36,1624
real_fists_feet,riemann_ts_lr,36,32,2,trial_random,0.486447,36,1624
real_fists_feet,riemann_ts_lr,36,128,2,trial_random,0.74887,36,1624
real_fists_feet,riemann_ts_lr,36,512,2,trial_random,0.740922,36,1624
real_fists_feet,riemann_ts_lr,36,2080,2,trial_random,0.746241,36,1624
real_fists_feet,csp_lda,36,6,2,trial_random,0.508932,36,1624
real_fists_feet,riemann_ts_lr,36,8,2,subject_disjoint,0.498939,36,1624
real_fists_feet,riemann_ts_lr,36,32,2,subject_disjoint,0.549104,36,1624
real_fists_feet,riemann_ts_lr,36,128,2,subject_disjoint,0.615296,36,1624
real_fists_feet,riemann_ts_lr,36,512,2,subject_disjoint,0.633109,36,1624
real_fists_feet,riemann_ts_lr,36,2080,2,subject_disjoint,0.62504,36,1624
real_fists_feet,csp_lda,36,6,2,subject_disjoint,0.523882,36,1624
real_fists_feet,riemann_ts_lr,36,8,3,trial_random,0.4944,36,1605
real_fists_feet,riemann_ts_lr,36,32,3,trial_random,0.544929,36,1605
real_fists_feet,riemann_ts_lr,36,128,3,trial_random,0.810273,36,1605
real_fists_feet,riemann_ts_lr,36,512,3,trial_random,0.810714,36,1605
real_fists_feet,riemann_ts_lr,36,2080,3,trial_random,0.810714,36,1605
real_fists_feet,csp_lda,36,6,3,trial_random,0.519004,36,1605
real_fists_feet,riemann_ts_lr,36,8,3,subject_disjoint,0.516226,36,1605
real_fists_feet,riemann_ts_lr,36,32,3,subject_disjoint,0.593034,36,1605
real_fists_feet,riemann_ts_lr,36,128,3,subject_disjoint,0.646649,36,1605
real_fists_feet,riemann_ts_lr,36,512,3,subject_disjoint,0.658157,36,1605
real_fists_feet,riemann_ts_lr,36,2080,3,subject_disjoint,0.647531,36,1605
real_fists_feet,csp_lda,36,6,3,subject_disjoint,0.512787,36,1605
real_fists_feet,riemann_ts_lr,36,8,4,trial_random,0.468723,36,1623
real_fists_feet,riemann_ts_lr,36,32,4,trial_random,0.519115,36,1623
real_fists_feet,riemann_ts_lr,36,128,4,trial_random,0.755066,36,1623
real_fists_feet,riemann_ts_lr,36,512,4,trial_random,0.759995,36,1623
real_fists_feet,riemann_ts_lr,36,2080,4,trial_random,0.757229,36,1623
real_fists_feet,csp_lda,36,6,4,trial_random,0.534633,36,1623
real_fists_feet,riemann_ts_lr,36,8,4,subject_disjoint,0.516729,36,1623
real_fists_feet,riemann_ts_lr,36,32,4,subject_disjoint,0.595168,36,1623
real_fists_feet,riemann_ts_lr,36,128,4,subject_disjoint,0.622431,36,1623
real_fists_feet,riemann_ts_lr,36,512,4,subject_disjoint,0.623438,36,1623
real_fists_feet,riemann_ts_lr,36,2080,4,subject_disjoint,0.62785,36,1623
real_fists_feet,csp_lda,36,6,4,subject_disjoint,0.569563,36,1623
real_fists_feet,riemann_ts_lr,36,8,5,trial_random,0.502292,36,1600
real_fists_feet,riemann_ts_lr,36,32,5,trial_random,0.564572,36,1600
real_fists_feet,riemann_ts_lr,36,128,5,trial_random,0.775946,36,1600
real_fists_feet,riemann_ts_lr,36,512,5,trial_random,0.766761,36,1600
real_fists_feet,riemann_ts_lr,36,2080,5,trial_random,0.768214,36,1600
real_fists_feet,csp_lda,36,6,5,trial_random,0.551562,36,1600
real_fists_feet,riemann_ts_lr,36,8,5,subject_disjoint,0.515003,36,1600
real_fists_feet,riemann_ts_lr,36,32,5,subject_disjoint,0.612188,36,1600
real_fists_feet,riemann_ts_lr,36,128,5,subject_disjoint,0.670844,36,1600
real_fists_feet,riemann_ts_lr,36,512,5,subject_disjoint,0.653809,36,1600
real_fists_feet,riemann_ts_lr,36,2080,5,subject_disjoint,0.644811,36,1600
real_fists_feet,csp_lda,36,6,5,subject_disjoint,0.533489,36,1600
real_fists_feet,riemann_ts_lr,36,8,6,trial_random,0.494205,36,1614
real_fists_feet,riemann_ts_lr,36,32,6,trial_random,0.498218,36,1614
real_fists_feet,riemann_ts_lr,36,128,6,trial_random,0.726232,36,1614
real_fists_feet,riemann_ts_lr,36,512,6,trial_random,0.719799,36,1614
real_fists_feet,riemann_ts_lr,36,2080,6,trial_random,0.727112,36,1614
real_fists_feet,csp_lda,36,6,6,trial_random,0.525297,36,1614
real_fists_feet,riemann_ts_lr,36,8,6,subject_disjoint,0.510076,36,1614
real_fists_feet,riemann_ts_lr,36,32,6,subject_disjoint,0.600021,36,1614
real_fists_feet,riemann_ts_lr,36,128,6,subject_disjoint,0.6252,36,1614
real_fists_feet,riemann_ts_lr,36,512,6,subject_disjoint,0.62798,36,1614
real_fists_feet,riemann_ts_lr,36,2080,6,subject_disjoint,0.634814,36,1614
real_fists_feet,csp_lda,36,6,6,subject_disjoint,0.558505,36,1614
real_fists_feet,riemann_ts_lr,36,8,7,trial_random,0.499798,36,1623
real_fists_feet,riemann_ts_lr,36,32,7,trial_random,0.53923,36,1623
real_fists_feet,riemann_ts_lr,36,128,7,trial_random,0.792419,36,1623
real_fists_feet,riemann_ts_lr,36,512,7,trial_random,0.795995,36,1623
real_fists_feet,riemann_ts_lr,36,2080,7,trial_random,0.797935,36,1623
real_fists_feet,csp_lda,36,6,7,trial_random,0.554075,36,1623
real_fists_feet,riemann_ts_lr,36,8,7,subject_disjoint,0.513912,36,1623
real_fists_feet,riemann_ts_lr,36,32,7,subject_disjoint,0.604695,36,1623
real_fists_feet,riemann_ts_lr,36,128,7,subject_disjoint,0.62251,36,1623
real_fists_feet,riemann_ts_lr,36,512,7,subject_disjoint,0.645526,36,1623
real_fists_feet,riemann_ts_lr,36,2080,7,subject_disjoint,0.636093,36,1623
real_fists_feet,csp_lda,36,6,7,subject_disjoint,0.578687,36,1623
real_fists_feet,riemann_ts_lr,36,8,8,trial_random,0.468648,36,1597
real_fists_feet,riemann_ts_lr,36,32,8,trial_random,0.502669,36,1597
real_fists_feet,riemann_ts_lr,36,128,8,trial_random,0.773872,36,1597
real_fists_feet,riemann_ts_lr,36,512,8,trial_random,0.763443,36,1597
real_fists_feet,riemann_ts_lr,36,2080,8,trial_random,0.768539,36,1597
real_fists_feet,csp_lda,36,6,8,trial_random,0.523656,36,1597
real_fists_feet,riemann_ts_lr,36,8,8,subject_disjoint,0.521296,36,1597
real_fists_feet,riemann_ts_lr,36,32,8,subject_disjoint,0.569068,36,1597
real_fists_feet,riemann_ts_lr,36,128,8,subject_disjoint,0.652272,36,1597
real_fists_feet,riemann_ts_lr,36,512,8,subject_disjoint,0.669929,36,1597
real_fists_feet,riemann_ts_lr,36,2080,8,subject_disjoint,0.675485,36,1597
real_fists_feet,csp_lda,36,6,8,subject_disjoint,0.530203,36,1597
real_fists_feet,riemann_ts_lr,36,8,9,trial_random,0.481173,36,1596
real_fists_feet,riemann_ts_lr,36,32,9,trial_random,0.499515,36,1596
real_fists_feet,riemann_ts_lr,36,128,9,trial_random,0.80302,36,1596
real_fists_feet,riemann_ts_lr,36,512,9,trial_random,0.790961,36,1596
real_fists_feet,riemann_ts_lr,36,2080,9,trial_random,0.787941,36,1596
real_fists_feet,csp_lda,36,6,9,trial_random,0.540829,36,1596
real_fists_feet,riemann_ts_lr,36,8,9,subject_disjoint,0.510692,36,1596
real_fists_feet,riemann_ts_lr,36,32,9,subject_disjoint,0.580666,36,1596
real_fists_feet,riemann_ts_lr,36,128,9,subject_disjoint,0.652535,36,1596
real_fists_feet,riemann_ts_lr,36,512,9,subject_disjoint,0.662544,36,1596
real_fists_feet,riemann_ts_lr,36,2080,9,subject_disjoint,0.655578,36,1596
real_fists_feet,csp_lda,36,6,9,subject_disjoint,0.497795,36,1596
real_fists_feet,riemann_ts_lr,72,8,0,trial_random,0.507782,72,3216
real_fists_feet,riemann_ts_lr,72,32,0,trial_random,0.543309,72,3216
real_fists_feet,riemann_ts_lr,72,128,0,trial_random,0.758749,72,3216
real_fists_feet,riemann_ts_lr,72,512,0,trial_random,0.771854,72,3216
real_fists_feet,riemann_ts_lr,72,2080,0,trial_random,0.756799,72,3216
real_fists_feet,csp_lda,72,6,0,trial_random,0.516619,72,3216
real_fists_feet,riemann_ts_lr,72,8,0,subject_disjoint,0.521868,72,3216
real_fists_feet,riemann_ts_lr,72,32,0,subject_disjoint,0.561133,72,3216
real_fists_feet,riemann_ts_lr,72,128,0,subject_disjoint,0.646352,72,3216
real_fists_feet,riemann_ts_lr,72,512,0,subject_disjoint,0.655347,72,3216
real_fists_feet,riemann_ts_lr,72,2080,0,subject_disjoint,0.66203,72,3216
real_fists_feet,csp_lda,72,6,0,subject_disjoint,0.500128,72,3216
real_fists_feet,riemann_ts_lr,72,8,1,trial_random,0.508975,72,3229
real_fists_feet,riemann_ts_lr,72,32,1,trial_random,0.526949,72,3229
real_fists_feet,riemann_ts_lr,72,128,1,trial_random,0.773878,72,3229
real_fists_feet,riemann_ts_lr,72,512,1,trial_random,0.771857,72,3229
real_fists_feet,riemann_ts_lr,72,2080,1,trial_random,0.775158,72,3229
real_fists_feet,csp_lda,72,6,1,trial_random,0.501937,72,3229
real_fists_feet,riemann_ts_lr,72,8,1,subject_disjoint,0.515864,72,3229
real_fists_feet,riemann_ts_lr,72,32,1,subject_disjoint,0.555064,72,3229
real_fists_feet,riemann_ts_lr,72,128,1,subject_disjoint,0.67158,72,3229
real_fists_feet,riemann_ts_lr,72,512,1,subject_disjoint,0.666953,72,3229
real_fists_feet,riemann_ts_lr,72,2080,1,subject_disjoint,0.653351,72,3229
real_fists_feet,csp_lda,72,6,1,subject_disjoint,0.542298,72,3229
real_fists_feet,riemann_ts_lr,72,8,2,trial_random,0.500286,72,3216
real_fists_feet,riemann_ts_lr,72,32,2,trial_random,0.532909,72,3216
real_fists_feet,riemann_ts_lr,72,128,2,trial_random,0.776356,72,3216
real_fists_feet,riemann_ts_lr,72,512,2,trial_random,0.77653,72,3216
real_fists_feet,riemann_ts_lr,72,2080,2,trial_random,0.761301,72,3216
real_fists_feet,csp_lda,72,6,2,trial_random,0.501004,72,3216
real_fists_feet,riemann_ts_lr,72,8,2,subject_disjoint,0.52456,72,3216
real_fists_feet,riemann_ts_lr,72,32,2,subject_disjoint,0.548235,72,3216
real_fists_feet,riemann_ts_lr,72,128,2,subject_disjoint,0.634142,72,3216
real_fists_feet,riemann_ts_lr,72,512,2,subject_disjoint,0.655673,72,3216
real_fists_feet,riemann_ts_lr,72,2080,2,subject_disjoint,0.653642,72,3216
real_fists_feet,csp_lda,72,6,2,subject_disjoint,0.500745,72,3216
real_fists_feet,riemann_ts_lr,72,8,3,trial_random,0.505918,72,3229
real_fists_feet,riemann_ts_lr,72,32,3,trial_random,0.531841,72,3229
real_fists_feet,riemann_ts_lr,72,128,3,trial_random,0.754559,72,3229
real_fists_feet,riemann_ts_lr,72,512,3,trial_random,0.750261,72,3229
real_fists_feet,riemann_ts_lr,72,2080,3,trial_random,0.749413,72,3229
real_fists_feet,csp_lda,72,6,3,trial_random,0.508369,72,3229
real_fists_feet,riemann_ts_lr,72,8,3,subject_disjoint,0.510084,72,3229
real_fists_feet,riemann_ts_lr,72,32,3,subject_disjoint,0.573356,72,3229
real_fists_feet,riemann_ts_lr,72,128,3,subject_disjoint,0.645253,72,3229
real_fists_feet,riemann_ts_lr,72,512,3,subject_disjoint,0.643478,72,3229
real_fists_feet,riemann_ts_lr,72,2080,3,subject_disjoint,0.638934,72,3229
real_fists_feet,csp_lda,72,6,3,subject_disjoint,0.515784,72,3229
real_fists_feet,riemann_ts_lr,72,8,4,trial_random,0.498848,72,3211
real_fists_feet,riemann_ts_lr,72,32,4,trial_random,0.519362,72,3211
real_fists_feet,riemann_ts_lr,72,128,4,trial_random,0.756073,72,3211
real_fists_feet,riemann_ts_lr,72,512,4,trial_random,0.761097,72,3211
real_fists_feet,riemann_ts_lr,72,2080,4,trial_random,0.754714,72,3211
real_fists_feet,csp_lda,72,6,4,trial_random,0.521187,72,3211
real_fists_feet,riemann_ts_lr,72,8,4,subject_disjoint,0.515588,72,3211
real_fists_feet,riemann_ts_lr,72,32,4,subject_disjoint,0.554784,72,3211
real_fists_feet,riemann_ts_lr,72,128,4,subject_disjoint,0.635084,72,3211
real_fists_feet,riemann_ts_lr,72,512,4,subject_disjoint,0.642008,72,3211
real_fists_feet,riemann_ts_lr,72,2080,4,subject_disjoint,0.644409,72,3211
real_fists_feet,csp_lda,72,6,4,subject_disjoint,0.521912,72,3211
real_fists_feet,riemann_ts_lr,72,8,5,trial_random,0.506067,72,3234
real_fists_feet,riemann_ts_lr,72,32,5,trial_random,0.538324,72,3234
real_fists_feet,riemann_ts_lr,72,128,5,trial_random,0.777375,72,3234
real_fists_feet,riemann_ts_lr,72,512,5,trial_random,0.77227,72,3234
real_fists_feet,riemann_ts_lr,72,2080,5,trial_random,0.748523,72,3234
real_fists_feet,csp_lda,72,6,5,trial_random,0.514797,72,3234
real_fists_feet,riemann_ts_lr,72,8,5,subject_disjoint,0.506712,72,3234
real_fists_feet,riemann_ts_lr,72,32,5,subject_disjoint,0.571513,72,3234
real_fists_feet,riemann_ts_lr,72,128,5,subject_disjoint,0.645608,72,3234
real_fists_feet,riemann_ts_lr,72,512,5,subject_disjoint,0.642744,72,3234
real_fists_feet,riemann_ts_lr,72,2080,5,subject_disjoint,0.630958,72,3234
real_fists_feet,csp_lda,72,6,5,subject_disjoint,0.498011,72,3234
real_fists_feet,riemann_ts_lr,72,8,6,trial_random,0.509279,72,3223
real_fists_feet,riemann_ts_lr,72,32,6,trial_random,0.519489,72,3223
real_fists_feet,riemann_ts_lr,72,128,6,trial_random,0.748206,72,3223
real_fists_feet,riemann_ts_lr,72,512,6,trial_random,0.775257,72,3223
real_fists_feet,riemann_ts_lr,72,2080,6,trial_random,0.758222,72,3223
real_fists_feet,csp_lda,72,6,6,trial_random,0.500321,72,3223
real_fists_feet,riemann_ts_lr,72,8,6,subject_disjoint,0.520656,72,3223
real_fists_feet,riemann_ts_lr,72,32,6,subject_disjoint,0.550157,72,3223
real_fists_feet,riemann_ts_lr,72,128,6,subject_disjoint,0.643827,72,3223
real_fists_feet,riemann_ts_lr,72,512,6,subject_disjoint,0.657342,72,3223
real_fists_feet,riemann_ts_lr,72,2080,6,subject_disjoint,0.65188,72,3223
real_fists_feet,csp_lda,72,6,6,subject_disjoint,0.513433,72,3223
real_fists_feet,riemann_ts_lr,72,8,7,trial_random,0.497877,72,3231
real_fists_feet,riemann_ts_lr,72,32,7,trial_random,0.548822,72,3231
real_fists_feet,riemann_ts_lr,72,128,7,trial_random,0.773535,72,3231
real_fists_feet,riemann_ts_lr,72,512,7,trial_random,0.786302,72,3231
real_fists_feet,riemann_ts_lr,72,2080,7,trial_random,0.765314,72,3231
real_fists_feet,csp_lda,72,6,7,trial_random,0.52029,72,3231
real_fists_feet,riemann_ts_lr,72,8,7,subject_disjoint,0.517513,72,3231
real_fists_feet,riemann_ts_lr,72,32,7,subject_disjoint,0.578901,72,3231
real_fists_feet,riemann_ts_lr,72,128,7,subject_disjoint,0.684364,72,3231
real_fists_feet,riemann_ts_lr,72,512,7,subject_disjoint,0.678582,72,3231
real_fists_feet,riemann_ts_lr,72,2080,7,subject_disjoint,0.668607,72,3231
real_fists_feet,csp_lda,72,6,7,subject_disjoint,0.539605,72,3231
real_fists_feet,riemann_ts_lr,72,8,8,trial_random,0.481203,72,3220
real_fists_feet,riemann_ts_lr,72,32,8,trial_random,0.524385,72,3220
real_fists_feet,riemann_ts_lr,72,128,8,trial_random,0.755698,72,3220
real_fists_feet,riemann_ts_lr,72,512,8,trial_random,0.77425,72,3220
real_fists_feet,riemann_ts_lr,72,2080,8,trial_random,0.76785,72,3220
real_fists_feet,csp_lda,72,6,8,trial_random,0.504556,72,3220
real_fists_feet,riemann_ts_lr,72,8,8,subject_disjoint,0.511711,72,3220
real_fists_feet,riemann_ts_lr,72,32,8,subject_disjoint,0.573158,72,3220
real_fists_feet,riemann_ts_lr,72,128,8,subject_disjoint,0.648712,72,3220
real_fists_feet,riemann_ts_lr,72,512,8,subject_disjoint,0.648982,72,3220
real_fists_feet,riemann_ts_lr,72,2080,8,subject_disjoint,0.659541,72,3220
real_fists_feet,csp_lda,72,6,8,subject_disjoint,0.517073,72,3220
real_fists_feet,riemann_ts_lr,72,8,9,trial_random,0.484733,72,3229
real_fists_feet,riemann_ts_lr,72,32,9,trial_random,0.522991,72,3229
real_fists_feet,riemann_ts_lr,72,128,9,trial_random,0.769155,72,3229
real_fists_feet,riemann_ts_lr,72,512,9,trial_random,0.772547,72,3229
real_fists_feet,riemann_ts_lr,72,2080,9,trial_random,0.756732,72,3229
real_fists_feet,csp_lda,72,6,9,trial_random,0.501331,72,3229
real_fists_feet,riemann_ts_lr,72,8,9,subject_disjoint,0.511269,72,3229
real_fists_feet,riemann_ts_lr,72,32,9,subject_disjoint,0.592628,72,3229
real_fists_feet,riemann_ts_lr,72,128,9,subject_disjoint,0.63831,72,3229
real_fists_feet,riemann_ts_lr,72,512,9,subject_disjoint,0.639981,72,3229
real_fists_feet,riemann_ts_lr,72,2080,9,subject_disjoint,0.625333,72,3229
real_fists_feet,csp_lda,72,6,9,subject_disjoint,0.530654,72,3229
real_fists_feet,riemann_ts_lr,109,8,0,trial_random,0.512245,109,4879
real_fists_feet,riemann_ts_lr,109,32,0,trial_random,0.535701,109,4879
real_fists_feet,riemann_ts_lr,109,128,0,trial_random,0.739824,109,4879
real_fists_feet,riemann_ts_lr,109,512,0,trial_random,0.77022,109,4879
real_fists_feet,riemann_ts_lr,109,2080,0,trial_random,0.758556,109,4879
real_fists_feet,csp_lda,109,6,0,trial_random,0.506068,109,4879
real_fists_feet,riemann_ts_lr,109,8,0,subject_disjoint,0.518602,109,4879
real_fists_feet,riemann_ts_lr,109,32,0,subject_disjoint,0.553133,109,4879
real_fists_feet,riemann_ts_lr,109,128,0,subject_disjoint,0.655096,109,4879
real_fists_feet,riemann_ts_lr,109,512,0,subject_disjoint,0.655697,109,4879
real_fists_feet,riemann_ts_lr,109,2080,0,subject_disjoint,0.650727,109,4879
real_fists_feet,csp_lda,109,6,0,subject_disjoint,0.501174,109,4879
