task,model,width,preproc,protocol,seed,subject,accuracy
imagery_left_right_fist,eegnet_v4,default,ztrial,trial_random,20260916,1,0.888889
imagery_left_right_fist,eegnet_v4,default,ztrial,trial_random,20260916,2,0.822222
imagery_left_right_fist,eegnet_v4,default,ztrial,trial_random,20260916,3,0.955556
imagery_left_right_fist,eegnet_v4,default,ztrial,trial_random,20260916,4,0.844444
imagery_left_right_fist,eegnet_v4,default,ztrial,trial_random,20260916,5,0.733333
imagery_left_right_fist,eegnet_v4,default,ztrial,trial_random,20260916,6,0.777778
imagery_left_right_fist,eegnet_v4,default,ztrial,trial_random,20260916,7,0.933333
imagery_left_right_fist,eegnet_v4,default,ztrial,trial_random,20260916,8,0.8
imagery_left_right_fist,eegnet_v4,default,ztrial,trial_random,20260916,9,0.822222
imagery_left_right_fist,eegnet_v4,default,ztrial,trial_random,20260916,10,0.844444
imagery_left_right_fist,eegnet_v4,default,ztrial,trial_random,20260916,11,0.8
imagery_left_right_fist,eegnet_v4,default,ztrial,trial_random,20260916,12,0.911111
imagery_left_right_fist,eegnet_v4,default,ztrial,trial_random,20260916,13,0.755556
imagery_left_right_fist,eegnet_v4,default,ztrial,trial_random,20260916,14,0.622222
imagery_left_right_fist,eegnet_v4,default,ztrial,trial_random,20260916,15,0.977778
imagery_left_right_fist,eegnet_v4,default,ztrial,trial_random,20260916,16,0.688889
imagery_left_right_fist,eegnet_v4,default,ztrial,trial_random,20260916,17,0.822222
imagery_left_right_fist,eegnet_v4,default,ztrial,trial_random,20260916,18,1
imagery_left_right_fist,eegnet_v4,default,ztrial,trial_random,20260916,19,0.822222
imagery_left_right_fist,eegnet_v4,default,ztrial,trial_random,20260916,20,0.955556
imagery_left_right_fist,eegnet_v4,default,ztrial,trial_random,20260916,21,0.711111
imagery_left_right_fist,eegnet_v4,default,ztrial,trial_random,20260916,22,1
imagery_left_right_fist,eegnet_v4,default,ztrial,trial_random,20260916,23,0.688889
imagery_left_right_fist,eegnet_v4,default,ztrial,trial_random,20260916,24,0.622222
imagery_left_right_fist,eegnet_v4,default,ztrial,trial_random,20260916,25,0.555556
imagery_left_right_fist,eegnet_v4,default,ztrial,trial_random,20260916,26,0.622222
imagery_left_right_fist,eegnet_v4,default,ztrial,trial_random,20260916,27,0.777778
imagery_left_right_fist,eegnet_v4,default,ztrial,trial_random,20260916,28,0.711111
imagery_left_right_fist,eegnet_v4,default,ztrial,trial_random,20260916,29,0.777778
imagery_left_right_fist,eegnet_v4,default,ztrial,trial_random,20260916,30,0.777778
imagery_left_right_fist,eegnet_v4,default,ztrial,trial_random,20260916,31,0.644444
imagery_left_right_fist,eegnet_v4,default,ztrial,trial_random,20260916,32,0.933333
imagery_left_right_fist,eegnet_v4,default,ztrial,trial_random,20260916,33,0.844444
imagery_left_right_fist,eegnet_v4,default,ztrial,trial_random,20260916,34,0.790698
imagery_left_right_fist,eegnet_v4,default,ztrial,trial_random,20260916,35,0.955556
imagery_left_right_fist,eegnet_v4,default,ztrial,trial_random,20260916,36,0.888889
imagery_left_right_fist,eegnet_v4,default,ztrial,trial_random,20260916,37,0.790698
imagery_left_right_fist,eegnet_v4,default,ztrial,trial_random,20260916,38,0.555556
imagery_left_right_fist,eegnet_v4,default,ztrial,trial_random,20260916,39,0.666667
imagery_left_right_fist,eegnet_v4,default,ztrial,trial_random,20260916,40,1
imagery_left_right_fist,eegnet_v4,default,ztrial,trial_random,20260916,41,0.795455
imagery_left_right_fist,eegnet_v4,default,ztrial,trial_random,20260916,42,0.888889
imagery_left_right_fist,eegnet_v4,default,ztrial,trial_random,20260916,43,0.955556
imagery_left_right_fist,eegnet_v4,default,ztrial,trial_random,20260916,44,0.733333
imagery_left_right_fist,eegnet_v4,default,ztrial,trial_random,20260916,45,0.666667
imagery_left_right_fist,eegnet_v4,default,ztrial,trial_random,20260916,46,0.666667
imagery_left_right_fist,eegnet_v4,default,ztrial,trial_random,20260916,47,0.711111
imagery_left_right_fist,eegnet_v4,default,ztrial,trial_random,20260916,48,0.866667
imagery_left_right_fist,eegnet_v4,default,ztrial,trial_random,20260916,49,0.688889
imagery_left_right_fist,eegnet_v4,default,ztrial,trial_random,20260916,50,0.755556
imagery_left_right_fist,eegnet_v4,default,ztrial,trial_random,20260916,51,0.866667
imagery_left_right_fist,eegnet_v4,default,ztrial,trial_random,20260916,52,0.955556
imagery_left_right_fist,eegnet_v4,default,ztrial,trial_random,20260916,53,0.8
imagery_left_right_fist,eegnet_v4,default,ztrial,trial_random,20260916,54,0.688889
imagery_left_right_fist,eegnet_v4,default,ztrial,trial_random,20260916,55,0.911111
imagery_left_right_fist,eegnet_v4,default,ztrial,trial_random,20260916,56,0.955556
imagery_left_right_fist,eegnet_v4,default,ztrial,trial_random,20260916,57,0.911111
imagery_left_right_fist,eegnet_v4,default,ztrial,trial_random,20260916,58,0.711111
imagery_left_right_fist,eegnet_v4,default,ztrial,trial_random,20260916,59,0.844444
imagery_left_right_fist,eegnet_v4,default,ztrial,trial_random,20260916,60,0.888889
imagery_left_right_fist,eegnet_v4,default,ztrial,trial_random,20260916,61,0.955556
imagery_left_right_fist,eegnet_v4,default,ztrial,trial_random,20260916,62,0.977778
imagery_left_right_fist,eegnet_v4,default,ztrial,trial_random,20260916,63,0.755556
imagery_left_right_fist,eegnet_v4,default,ztrial,trial_random,20260916,64,0.795455
imagery_left_right_fist,eegnet_v4,default,ztrial,trial_random,20260916,65,0.955556
imagery_left_right_fist,eegnet_v4,default,ztrial,trial_random,20260916,66,0.666667
imagery_left_right_fist,eegnet_v4,default,ztrial,trial_random,20260916,67,0.711111
imagery_left_right_fist,eegnet_v4,default,ztrial,trial_random,20260916,68,0.777778
imagery_left_right_fist,eegnet_v4,default,ztrial,trial_random,20260916,69,0.711111
imagery_left_right_fist,eegnet_v4,default,ztrial,trial_random,20260916,70,0.933333
imagery_left_right_fist,eegnet_v4,default,ztrial,trial_random,20260916,71,0.933333
imagery_left_right_fist,eegnet_v4,default,ztrial,trial_random,20260916,72,0.697674
imagery_left_right_fist,eegnet_v4,default,ztrial,trial_random,20260916,73,0.833333
imagery_left_right_fist,eegnet_v4,default,ztrial,trial_random,20260916,74,0.767442
imagery_left_right_fist,eegnet_v4,default,ztrial,trial_random,20260916,75,0.755556
imagery_left_right_fist,eegnet_v4,default,ztrial,trial_random,20260916,76,0.714286
imagery_left_right_fist,eegnet_v4,default,ztrial,trial_random,20260916,77,0.777778
imagery_left_right_fist,eegnet_v4,default,ztrial,trial_random,20260916,78,0.622222
imagery_left_right_fist,eegnet_v4,default,ztrial,trial_random,20260916,79,0.688889
imagery_left_right_fist,eegnet_v4,default,ztrial,trial_random,20260916,80,0.555556
imagery_left_right_fist,eegnet_v4,default,ztrial,trial_random,20260916,81,0.777778
imagery_left_right_fist,eegnet_v4,default,ztrial,trial_random,20260916,82,0.844444
imagery_left_right_fist,eegnet_v4,default,ztrial,trial_random,20260916,83,0.622222
imagery_left_right_fist,eegnet_v4,default,ztrial,trial_random,20260916,84,0.822222
imagery_left_right_fist,eegnet_v4,default,ztrial,trial_random,20260916,85,0.844444
imagery_left_right_fist,eegnet_v4,default,ztrial,trial_random,20260916,86,0.955556
imagery_left_right_fist,eegnet_v4,default,ztrial,trial_random,20260916,87,0.577778
imagery_left_right_fist,eegnet_v4,default,ztrial,trial_random,20260916,88,0.649123
imagery_left_right_fist,eegnet_v4,default,ztrial,trial_random,20260916,89,0.866667
imagery_left_right_fist,eegnet_v4,default,ztrial,trial_random,20260916,90,0.977778
imagery_left_right_fist,eegnet_v4,default,ztrial,trial_random,20260916,91,0.822222
imagery_left_right_fist,eegnet_v4,default,ztrial,trial_random,20260916,92,0.859649
imagery_left_right_fist,eegnet_v4,default,ztrial,trial_random,20260916,93,0.755556
imagery_left_right_fist,eegnet_v4,default,ztrial,trial_random,20260916,94,0.777778
imagery_left_right_fist,eegnet_v4,default,ztrial,trial_random,20260916,95,0.888889
imagery_left_right_fist,eegnet_v4,default,ztrial,trial_random,20260916,96,0.911111
imagery_left_right_fist,eegnet_v4,default,ztrial,trial_random,20260916,97,0.866667
imagery_left_right_fist,eegnet_v4,default,ztrial,trial_random,20260916,98,0.644444
imagery_left_right_fist,eegnet_v4,default,ztrial,trial_random,20260916,99,0.555556
imagery_left_right_fist,eegnet_v4,default,ztrial,trial_random,20260916,100,0.833333
imagery_left_right_fist,eegnet_v4,default,ztrial,trial_random,20260916,101,1
imagery_left_right_fist,eegnet_v4,default,ztrial,trial_random,20260916,102,0.738095
imagery_left_right_fist,eegnet_v4,default,ztrial,trial_random,20260916,103,0.777778
imagery_left_right_fist,eegnet_v4,default,ztrial,trial_random,20260916,104,0.738095
imagery_left_right_fist,eegnet_v4,default,ztrial,trial_random,20260916,105,0.977778
imagery_left_right_fist,eegnet_v4,default,ztrial,trial_random,20260916,106,0.6
imagery_left_right_fist,eegnet_v4,default,ztrial,trial_random,20260916,107,0.688889
imagery_left_right_fist,eegnet_v4,default,ztrial,trial_random,20260916,108,0.888889
imagery_left_right_fist,eegnet_v4,default,ztrial,trial_random,20260916,109,0.711111
imagery_left_right_fist,eegnet_v4,default,ztrial,trial_random,20260917,1,0.866667
imagery_left_right_fist,eegnet_v4,default,ztrial,trial_random,20260917,2,0.933333
imagery_left_right_fist,eegnet_v4,default,ztrial,trial_random,20260917,3,0.822222
imagery_left_right_fist,eegnet_v4,default,ztrial,trial_random,20260917,4,0.933333
imagery_left_right_fist,eegnet_v4,default,ztrial,trial_random,20260917,5,0.711111
imagery_left_right_fist,eegnet_v4,default,ztrial,trial_random,20260917,6,0.777778
imagery_left_right_fist,eegnet_v4,default,ztrial,trial_random,20260917,7,0.955556
imagery_left_right_fist,eegnet_v4,default,ztrial,trial_random,20260917,8,0.777778
imagery_left_right_fist,eegnet_v4,default,ztrial,trial_random,20260917,9,0.733333
imagery_left_right_fist,eegnet_v4,default,ztrial,trial_random,20260917,10,0.822222
imagery_left_right_fist,eegnet_v4,default,ztrial,trial_random,20260917,11,0.8
imagery_left_right_fist,eegnet_v4,default,ztrial,trial_random,20260917,12,0.866667
imagery_left_right_fist,eegnet_v4,default,ztrial,trial_random,20260917,13,0.711111
imagery_left_right_fist,eegnet_v4,default,ztrial,trial_random,20260917,14,0.733333
imagery_left_right_fist,eegnet_v4,default,ztrial,trial_random,20260917,15,1
imagery_left_right_fist,eegnet_v4,default,ztrial,trial_random,20260917,16,0.688889
imagery_left_right_fist,eegnet_v4,default,ztrial,trial_random,20260917,17,0.777778
imagery_left_right_fist,eegnet_v4,default,ztrial,trial_random,20260917,18,0.977778
imagery_left_right_fist,eegnet_v4,default,ztrial,trial_random,20260917,19,0.822222
imagery_left_right_fist,eegnet_v4,default,ztrial,trial_random,20260917,20,0.911111
imagery_left_right_fist,eegnet_v4,default,ztrial,trial_random,20260917,21,0.755556
imagery_left_right_fist,eegnet_v4,default,ztrial,trial_random,20260917,22,1
imagery_left_right_fist,eegnet_v4,default,ztrial,trial_random,20260917,23,0.711111
imagery_left_right_fist,eegnet_v4,default,ztrial,trial_random,20260917,24,0.644444
imagery_left_right_fist,eegnet_v4,default,ztrial,trial_random,20260917,25,0.777778
imagery_left_right_fist,eegnet_v4,default,ztrial,trial_random,20260917,26,0.6
imagery_left_right_fist,eegnet_v4,default,ztrial,trial_random,20260917,27,0.755556
imagery_left_right_fist,eegnet_v4,default,ztrial,trial_random,20260917,28,0.733333
imagery_left_right_fist,eegnet_v4,default,ztrial,trial_random,20260917,29,0.844444
imagery_left_right_fist,eegnet_v4,default,ztrial,trial_random,20260917,30,0.777778
imagery_left_right_fist,eegnet_v4,default,ztrial,trial_random,20260917,31,0.8
imagery_left_right_fist,eegnet_v4,default,ztrial,trial_random,20260917,32,0.977778
imagery_left_right_fist,eegnet_v4,default,ztrial,trial_random,20260917,33,0.844444
imagery_left_right_fist,eegnet_v4,default,ztrial,trial_random,20260917,34,0.860465
imagery_left_right_fist,eegnet_v4,default,ztrial,trial_random,20260917,35,0.911111
imagery_left_right_fist,eegnet_v4,default,ztrial,trial_random,20260917,36,0.911111
imagery_left_right_fist,eegnet_v4,default,ztrial,trial_random,20260917,37,0.790698
imagery_left_right_fist,eegnet_v4,default,ztrial,trial_random,20260917,38,0.6
imagery_left_right_fist,eegnet_v4,default,ztrial,trial_random,20260917,39,0.666667
imagery_left_right_fist,eegnet_v4,default,ztrial,trial_random,20260917,40,1
imagery_left_right_fist,eegnet_v4,default,ztrial,trial_random,20260917,41,0.727273
imagery_left_right_fist,eegnet_v4,default,ztrial,trial_random,20260917,42,0.911111
imagery_left_right_fist,eegnet_v4,default,ztrial,trial_random,20260917,43,0.977778
imagery_left_right_fist,eegnet_v4,default,ztrial,trial_random,20260917,44,0.8
imagery_left_right_fist,eegnet_v4,default,ztrial,trial_random,20260917,45,0.711111
imagery_left_right_fist,eegnet_v4,default,ztrial,trial_random,20260917,46,0.711111
imagery_left_right_fist,eegnet_v4,default,ztrial,trial_random,20260917,47,0.711111
imagery_left_right_fist,eegnet_v4,default,ztrial,trial_random,20260917,48,0.977778
imagery_left_right_fist,eegnet_v4,default,ztrial,trial_random,20260917,49,0.888889
imagery_left_right_fist,eegnet_v4,default,ztrial,trial_random,20260917,50,0.777778
imagery_left_right_fist,eegnet_v4,default,ztrial,trial_random,20260917,51,0.844444
imagery_left_right_fist,eegnet_v4,default,ztrial,trial_random,20260917,52,0.933333
imagery_left_right_fist,eegnet_v4,default,ztrial,trial_random,20260917,53,0.755556
imagery_left_right_fist,eegnet_v4,default,ztrial,trial_random,20260917,54,0.822222
imagery_left_right_fist,eegnet_v4,default,ztrial,trial_random,20260917,55,0.911111
imagery_left_right_fist,eegnet_v4,default,ztrial,trial_random,20260917,56,0.844444
imagery_left_right_fist,eegnet_v4,default,ztrial,trial_random,20260917,57,0.888889
imagery_left_right_fist,eegnet_v4,default,ztrial,trial_random,20260917,58,0.666667
imagery_left_right_fist,eegnet_v4,default,ztrial,trial_random,20260917,59,0.844444
imagery_left_right_fist,eegnet_v4,default,ztrial,trial_random,20260917,60,0.866667
imagery_left_right_fist,eegnet_v4,default,ztrial,trial_random,20260917,61,0.955556
imagery_left_right_fist,eegnet_v4,default,ztrial,trial_random,20260917,62,0.977778
imagery_left_right_fist,eegnet_v4,default,ztrial,trial_random,20260917,63,0.711111
imagery_left_right_fist,eegnet_v4,default,ztrial,trial_random,20260917,64,0.818182
imagery_left_right_fist,eegnet_v4,default,ztrial,trial_random,20260917,65,0.866667
imagery_left_right_fist,eegnet_v4,default,ztrial,trial_random,20260917,66,0.644444
imagery_left_right_fist,eegnet_v4,default,ztrial,trial_random,20260917,67,0.555556
imagery_left_right_fist,eegnet_v4,default,ztrial,trial_random,20260917,68,0.822222
imagery_left_right_fist,eegnet_v4,default,ztrial,trial_random,20260917,69,0.688889
imagery_left_right_fist,eegnet_v4,default,ztrial,trial_random,20260917,70,1
imagery_left_right_fist,eegnet_v4,default,ztrial,trial_random,20260917,71,0.911111
imagery_left_right_fist,eegnet_v4,default,ztrial,trial_random,20260917,72,0.860465
imagery_left_right_fist,eegnet_v4,default,ztrial,trial_random,20260917,73,0.857143
imagery_left_right_fist,eegnet_v4,default,ztrial,trial_random,20260917,74,0.767442
imagery_left_right_fist,eegnet_v4,default,ztrial,trial_random,20260917,75,0.777778
imagery_left_right_fist,eegnet_v4,default,ztrial,trial_random,20260917,76,0.642857
imagery_left_right_fist,eegnet_v4,default,ztrial,trial_random,20260917,77,0.755556
imagery_left_right_fist,eegnet_v4,default,ztrial,trial_random,20260917,78,0.533333
imagery_left_right_fist,eegnet_v4,default,ztrial,trial_random,20260917,79,0.688889
imagery_left_right_fist,eegnet_v4,default,ztrial,trial_random,20260917,80,0.555556
imagery_left_right_fist,eegnet_v4,default,ztrial,trial_random,20260917,81,0.755556
imagery_left_right_fist,eegnet_v4,default,ztrial,trial_random,20260917,82,0.8
imagery_left_right_fist,eegnet_v4,default,ztrial,trial_random,20260917,83,0.577778
imagery_left_right_fist,eegnet_v4,default,ztrial,trial_random,20260917,84,0.866667
imagery_left_right_fist,eegnet_v4,default,ztrial,trial_random,20260917,85,0.933333
imagery_left_right_fist,eegnet_v4,default,ztrial,trial_random,20260917,86,0.955556
imagery_left_right_fist,eegnet_v4,default,ztrial,trial_random,20260917,87,0.622222
imagery_left_right_fist,eegnet_v4,default,ztrial,trial_random,20260917,88,0.719298
imagery_left_right_fist,eegnet_v4,default,ztrial,trial_random,20260917,89,0.888889
imagery_left_right_fist,eegnet_v4,default,ztrial,trial_random,20260917,90,0.888889
imagery_left_right_fist,eegnet_v4,default,ztrial,trial_random,20260917,91,0.844444
imagery_left_right_fist,eegnet_v4,default,ztrial,trial_random,20260917,92,0.77193
imagery_left_right_fist,eegnet_v4,default,ztrial,trial_random,20260917,93,0.822222
imagery_left_right_fist,eegnet_v4,default,ztrial,trial_random,20260917,94,0.933333
imagery_left_right_fist,eegnet_v4,default,ztrial,trial_random,20260917,95,0.822222
imagery_left_right_fist,eegnet_v4,default,ztrial,trial_random,20260917,96,0.977778
imagery_left_right_fist,eegnet_v4,default,ztrial,trial_random,20260917,97,0.888889
imagery_left_right_fist,eegnet_v4,default,ztrial,trial_random,20260917,98,0.711111
imagery_left_right_fist,eegnet_v4,default,ztrial,trial_random,20260917,99,0.666667
imagery_left_right_fist,eegnet_v4,default,ztrial,trial_random,20260917,100,0.805556
imagery_left_right_fist,eegnet_v4,default,ztrial,trial_random,20260917,101,1
imagery_left_right_fist,eegnet_v4,default,ztrial,trial_random,20260917,102,0.714286
imagery_left_right_fist,eegnet_v4,default,ztrial,trial_random,20260917,103,0.911111
imagery_left_right_fist,eegnet_v4,default,ztrial,trial_random,20260917,104,0.785714
imagery_left_right_fist,eegnet_v4,default,ztrial,trial_random,20260917,105,0.955556
imagery_left_right_fist,eegnet_v4,default,ztrial,trial_random,20260917,106,0.644444
imagery_left_right_fist,eegnet_v4,default,ztrial,trial_random,20260917,107,0.8
imagery_left_right_fist,eegnet_v4,default,ztrial,trial_random,20260917,108,0.844444
imagery_left_right_fist,eegnet_v4,default,ztrial,trial_random,20260917,109,0.711111
imagery_left_right_fist,eegnet_v4,default,ztrial,trial_random,20260918,1,0.888889
imagery_left_right_fist,eegnet_v4,default,ztrial,trial_random,20260918,2,0.888889
imagery_left_right_fist,eegnet_v4,default,ztrial,trial_random,20260918,3,0.955556
imagery_left_right_fist,eegnet_v4,default,ztrial,trial_random,20260918,4,0.911111
imagery_left_right_fist,eegnet_v4,default,ztrial,trial_random,20260918,5,0.733333
imagery_left_right_fist,eegnet_v4,default,ztrial,trial_random,20260918,6,0.866667
imagery_left_right_fist,eegnet_v4,default,ztrial,trial_random,20260918,7,1
imagery_left_right_fist,eegnet_v4,default,ztrial,trial_random,20260918,8,0.755556
imagery_left_right_fist,eegnet_v4,default,ztrial,trial_random,20260918,9,0.777778
imagery_left_right_fist,eegnet_v4,default,ztrial,trial_random,20260918,10,0.8
imagery_left_right_fist,eegnet_v4,default,ztrial,trial_random,20260918,11,0.844444
imagery_left_right_fist,eegnet_v4,default,ztrial,trial_random,20260918,12,0.888889
imagery_left_right_fist,eegnet_v4,default,ztrial,trial_random,20260918,13,0.711111
imagery_left_right_fist,eegnet_v4,default,ztrial,trial_random,20260918,14,0.688889
imagery_left_right_fist,eegnet_v4,default,ztrial,trial_random,20260918,15,0.977778
imagery_left_right_fist,eegnet_v4,default,ztrial,trial_random,20260918,16,0.733333
imagery_left_right_fist,eegnet_v4,default,ztrial,trial_random,20260918,17,0.8
imagery_left_right_fist,eegnet_v4,default,ztrial,trial_random,20260918,18,1
imagery_left_right_fist,eegnet_v4,default,ztrial,trial_random,20260918,19,0.822222
imagery_left_right_fist,eegnet_v4,default,ztrial,trial_random,20260918,20,0.911111
imagery_left_right_fist,eegnet_v4,default,ztrial,trial_random,20260918,21,0.777778
imagery_left_right_fist,eegnet_v4,default,ztrial,trial_random,20260918,22,1
imagery_left_right_fist,eegnet_v4,default,ztrial,trial_random,20260918,23,0.8
imagery_left_right_fist,eegnet_v4,default,ztrial,trial_random,20260918,24,0.622222
imagery_left_right_fist,eegnet_v4,default,ztrial,trial_random,20260918,25,0.688889
imagery_left_right_fist,eegnet_v4,default,ztrial,trial_random,20260918,26,0.733333
imagery_left_right_fist,eegnet_v4,default,ztrial,trial_random,20260918,27,0.844444
imagery_left_right_fist,eegnet_v4,default,ztrial,trial_random,20260918,28,0.755556
imagery_left_right_fist,eegnet_v4,default,ztrial,trial_random,20260918,29,0.844444
imagery_left_right_fist,eegnet_v4,default,ztrial,trial_random,20260918,30,0.8
imagery_left_right_fist,eegnet_v4,default,ztrial,trial_random,20260918,31,0.8
imagery_left_right_fist,eegnet_v4,default,ztrial,trial_random,20260918,32,0.977778
imagery_left_right_fist,eegnet_v4,default,ztrial,trial_random,20260918,33,0.866667
imagery_left_right_fist,eegnet_v4,default,ztrial,trial_random,20260918,34,0.837209
imagery_left_right_fist,eegnet_v4,default,ztrial,trial_random,20260918,35,0.977778
imagery_left_right_fist,eegnet_v4,default,ztrial,trial_random,20260918,36,0.955556
imagery_left_right_fist,eegnet_v4,default,ztrial,trial_random,20260918,37,0.767442
imagery_left_right_fist,eegnet_v4,default,ztrial,trial_random,20260918,38,0.533333
imagery_left_right_fist,eegnet_v4,default,ztrial,trial_random,20260918,39,0.666667
imagery_left_right_fist,eegnet_v4,default,ztrial,trial_random,20260918,40,1
imagery_left_right_fist,eegnet_v4,default,ztrial,trial_random,20260918,41,0.795455
imagery_left_right_fist,eegnet_v4,default,ztrial,trial_random,20260918,42,0.866667
imagery_left_right_fist,eegnet_v4,default,ztrial,trial_random,20260918,43,0.955556
imagery_left_right_fist,eegnet_v4,default,ztrial,trial_random,20260918,44,0.8
imagery_left_right_fist,eegnet_v4,default,ztrial,trial_random,20260918,45,0.755556
imagery_left_right_fist,eegnet_v4,default,ztrial,trial_random,20260918,46,0.711111
imagery_left_right_fist,eegnet_v4,default,ztrial,trial_random,20260918,47,0.733333
imagery_left_right_fist,eegnet_v4,default,ztrial,trial_random,20260918,48,0.911111
imagery_left_right_fist,eegnet_v4,default,ztrial,trial_random,20260918,49,0.733333
imagery_left_right_fist,eegnet_v4,default,ztrial,trial_random,20260918,50,0.711111
imagery_left_right_fist,eegnet_v4,default,ztrial,trial_random,20260918,51,0.844444
imagery_left_right_fist,eegnet_v4,default,ztrial,trial_random,20260918,52,0.911111
imagery_left_right_fist,eegnet_v4,default,ztrial,trial_random,20260918,53,0.777778
imagery_left_right_fist,eegnet_v4,default,ztrial,trial_random,20260918,54,0.733333
imagery_left_right_fist,eegnet_v4,default,ztrial,trial_random,20260918,55,0.911111
imagery_left_right_fist,eegnet_v4,default,ztrial,trial_random,20260918,56,0.911111
imagery_left_right_fist,eegnet_v4,default,ztrial,trial_random,20260918,57,0.866667
imagery_left_right_fist,eegnet_v4,default,ztrial,trial_random,20260918,58,0.711111
imagery_left_right_fist,eegnet_v4,default,ztrial,trial_random,20260918,59,0.688889
imagery_left_right_fist,eegnet_v4,default,ztrial,trial_random,20260918,60,0.888889
imagery_left_right_fist,eegnet_v4,default,ztrial,trial_random,20260918,61,0.933333
imagery_left_right_fist,eegnet_v4,default,ztrial,trial_random,20260918,62,0.977778
imagery_left_right_fist,eegnet_v4,default,ztrial,trial_random,20260918,63,0.8
imagery_left_right_fist,eegnet_v4,default,ztrial,trial_random,20260918,64,0.772727
imagery_left_right_fist,eegnet_v4,default,ztrial,trial_random,20260918,65,0.888889
imagery_left_right_fist,eegnet_v4,default,ztrial,trial_random,20260918,66,0.688889
imagery_left_right_fist,eegnet_v4,default,ztrial,trial_random,20260918,67,0.711111
imagery_left_right_fist,eegnet_v4,default,ztrial,trial_random,20260918,68,0.777778
imagery_left_right_fist,eegnet_v4,default,ztrial,trial_random,20260918,69,0.844444
imagery_left_right_fist,eegnet_v4,default,ztrial,trial_random,20260918,70,1
imagery_left_right_fist,eegnet_v4,default,ztrial,trial_random,20260918,71,0.933333
imagery_left_right_fist,eegnet_v4,default,ztrial,trial_random,20260918,72,0.860465
imagery_left_right_fist,eegnet_v4,default,ztrial,trial_random,20260918,73,0.857143
imagery_left_right_fist,eegnet_v4,default,ztrial,trial_random,20260918,74,0.837209
imagery_left_right_fist,eegnet_v4,default,ztrial,trial_random,20260918,75,0.733333
imagery_left_right_fist,eegnet_v4,default,ztrial,trial_random,20260918,76,0.642857
imagery_left_right_fist,eegnet_v4,default,ztrial,trial_random,20260918,77,0.777778
imagery_left_right_fist,eegnet_v4,default,ztrial,trial_random,20260918,78,0.533333
imagery_left_right_fist,eegnet_v4,default,ztrial,trial_random,20260918,79,0.755556
imagery_left_right_fist,eegnet_v4,default,ztrial,trial_random,20260918,80,0.533333
imagery_left_right_fist,eegnet_v4,default,ztrial,trial_random,20260918,81,0.866667
imagery_left_right_fist,eegnet_v4,default,ztrial,trial_random,20260918,82,0.844444
imagery_left_right_fist,eegnet_v4,default,ztrial,trial_random,20260918,83,0.622222
imagery_left_right_fist,eegnet_v4,default,ztrial,trial_random,20260918,84,0.822222
imagery_left_right_fist,eegnet_v4,default,ztrial,trial_random,20260918,85,0.933333
imagery_left_right_fist,eegnet_v4,default,ztrial,trial_random,20260918,86,0.933333
imagery_left_right_fist,eegnet_v4,default,ztrial,trial_random,20260918,87,0.666667
imagery_left_right_fist,eegnet_v4,default,ztrial,trial_random,20260918,88,0.578947
imagery_left_right_fist,eegnet_v4,default,ztrial,trial_random,20260918,89,0.844444
imagery_left_right_fist,eegnet_v4,default,ztrial,trial_random,20260918,90,0.911111
imagery_left_right_fist,eegnet_v4,default,ztrial,trial_random,20260918,91,0.888889
imagery_left_right_fist,eegnet_v4,default,ztrial,trial_random,20260918,92,0.824561
imagery_left_right_fist,eegnet_v4,default,ztrial,trial_random,20260918,93,0.822222
imagery_left_right_fist,eegnet_v4,default,ztrial,trial_random,20260918,94,0.844444
imagery_left_right_fist,eegnet_v4,default,ztrial,trial_random,20260918,95,0.866667
imagery_left_right_fist,eegnet_v4,default,ztrial,trial_random,20260918,96,0.933333
imagery_left_right_fist,eegnet_v4,default,ztrial,trial_random,20260918,97,0.844444
imagery_left_right_fist,eegnet_v4,default,ztrial,trial_random,20260918,98,0.711111
imagery_left_right_fist,eegnet_v4,default,ztrial,trial_random,20260918,99,0.6
imagery_left_right_fist,eegnet_v4,default,ztrial,trial_random,20260918,100,0.916667
imagery_left_right_fist,eegnet_v4,default,ztrial,trial_random,20260918,101,1
imagery_left_right_fist,eegnet_v4,default,ztrial,trial_random,20260918,102,0.809524
imagery_left_right_fist,eegnet_v4,default,ztrial,trial_random,20260918,103,0.844444
imagery_left_right_fist,eegnet_v4,default,ztrial,trial_random,20260918,104,0.833333
imagery_left_right_fist,eegnet_v4,default,ztrial,trial_random,20260918,105,0.977778
imagery_left_right_fist,eegnet_v4,default,ztrial,trial_random,20260918,106,0.577778
imagery_left_right_fist,eegnet_v4,default,ztrial,trial_random,20260918,107,0.755556
imagery_left_right_fist,eegnet_v4,default,ztrial,trial_random,20260918,108,0.866667
imagery_left_right_fist,eegnet_v4,default,ztrial,trial_random,20260918,109,0.711111
imagery_left_right_fist,eegnet_v4,default,ztrial,run_disjoint,20260916,1,0.911111
imagery_left_right_fist,eegnet_v4,default,ztrial,run_disjoint,20260916,2,0.888889
imagery_left_right_fist,eegnet_v4,default,ztrial,run_disjoint,20260916,3,0.888889
imagery_left_right_fist,eegnet_v4,default,ztrial,run_disjoint,20260916,4,0.866667
imagery_left_right_fist,eegnet_v4,default,ztrial,run_disjoint,20260916,5,0.666667
imagery_left_right_fist,eegnet_v4,default,ztrial,run_disjoint,20260916,6,0.777778
imagery_left_right_fist,eegnet_v4,default,ztrial,run_disjoint,20260916,7,0.933333
imagery_left_right_fist,eegnet_v4,default,ztrial,run_disjoint,20260916,8,0.711111
imagery_left_right_fist,eegnet_v4,default,ztrial,run_disjoint,20260916,9,0.822222
imagery_left_right_fist,eegnet_v4,default,ztrial,run_disjoint,20260916,10,0.777778
imagery_left_right_fist,eegnet_v4,default,ztrial,run_disjoint,20260916,11,0.844444
imagery_left_right_fist,eegnet_v4,default,ztrial,run_disjoint,20260916,12,0.866667
imagery_left_right_fist,eegnet_v4,default,ztrial,run_disjoint,20260916,13,0.711111
imagery_left_right_fist,eegnet_v4,default,ztrial,run_disjoint,20260916,14,0.666667
imagery_left_right_fist,eegnet_v4,default,ztrial,run_disjoint,20260916,15,0.955556
imagery_left_right_fist,eegnet_v4,default,ztrial,run_disjoint,20260916,16,0.711111
imagery_left_right_fist,eegnet_v4,default,ztrial,run_disjoint,20260916,17,0.822222
imagery_left_right_fist,eegnet_v4,default,ztrial,run_disjoint,20260916,18,1
imagery_left_right_fist,eegnet_v4,default,ztrial,run_disjoint,20260916,19,0.822222
imagery_left_right_fist,eegnet_v4,default,ztrial,run_disjoint,20260916,20,0.911111
imagery_left_right_fist,eegnet_v4,default,ztrial,run_disjoint,20260916,21,0.733333
imagery_left_right_fist,eegnet_v4,default,ztrial,run_disjoint,20260916,22,1
imagery_left_right_fist,eegnet_v4,default,ztrial,run_disjoint,20260916,23,0.777778
imagery_left_right_fist,eegnet_v4,default,ztrial,run_disjoint,20260916,24,0.6
imagery_left_right_fist,eegnet_v4,default,ztrial,run_disjoint,20260916,25,0.622222
imagery_left_right_fist,eegnet_v4,default,ztrial,run_disjoint,20260916,26,0.666667
imagery_left_right_fist,eegnet_v4,default,ztrial,run_disjoint,20260916,27,0.822222
imagery_left_right_fist,eegnet_v4,default,ztrial,run_disjoint,20260916,28,0.666667
imagery_left_right_fist,eegnet_v4,default,ztrial,run_disjoint,20260916,29,0.755556
imagery_left_right_fist,eegnet_v4,default,ztrial,run_disjoint,20260916,30,0.844444
imagery_left_right_fist,eegnet_v4,default,ztrial,run_disjoint,20260916,31,0.866667
imagery_left_right_fist,eegnet_v4,default,ztrial,run_disjoint,20260916,32,0.977778
imagery_left_right_fist,eegnet_v4,default,ztrial,run_disjoint,20260916,33,0.888889
imagery_left_right_fist,eegnet_v4,default,ztrial,run_disjoint,20260916,34,0.790698
imagery_left_right_fist,eegnet_v4,default,ztrial,run_disjoint,20260916,35,0.933333
imagery_left_right_fist,eegnet_v4,default,ztrial,run_disjoint,20260916,36,0.933333
imagery_left_right_fist,eegnet_v4,default,ztrial,run_disjoint,20260916,37,0.790698
imagery_left_right_fist,eegnet_v4,default,ztrial,run_disjoint,20260916,38,0.466667
imagery_left_right_fist,eegnet_v4,default,ztrial,run_disjoint,20260916,39,0.688889
imagery_left_right_fist,eegnet_v4,default,ztrial,run_disjoint,20260916,40,1
imagery_left_right_fist,eegnet_v4,default,ztrial,run_disjoint,20260916,41,0.727273
imagery_left_right_fist,eegnet_v4,default,ztrial,run_disjoint,20260916,42,0.866667
imagery_left_right_fist,eegnet_v4,default,ztrial,run_disjoint,20260916,43,0.955556
imagery_left_right_fist,eegnet_v4,default,ztrial,run_disjoint,20260916,44,0.822222
imagery_left_right_fist,eegnet_v4,default,ztrial,run_disjoint,20260916,45,0.733333
imagery_left_right_fist,eegnet_v4,default,ztrial,run_disjoint,20260916,46,0.666667
imagery_left_right_fist,eegnet_v4,default,ztrial,run_disjoint,20260916,47,0.711111
imagery_left_right_fist,eegnet_v4,default,ztrial,run_disjoint,20260916,48,0.977778
imagery_left_right_fist,eegnet_v4,default,ztrial,run_disjoint,20260916,49,0.755556
imagery_left_right_fist,eegnet_v4,default,ztrial,run_disjoint,20260916,50,0.777778
imagery_left_right_fist,eegnet_v4,default,ztrial,run_disjoint,20260916,51,0.8
imagery_left_right_fist,eegnet_v4,default,ztrial,run_disjoint,20260916,52,0.933333
imagery_left_right_fist,eegnet_v4,default,ztrial,run_disjoint,20260916,53,0.644444
imagery_left_right_fist,eegnet_v4,default,ztrial,run_disjoint,20260916,54,0.866667
imagery_left_right_fist,eegnet_v4,default,ztrial,run_disjoint,20260916,55,0.933333
imagery_left_right_fist,eegnet_v4,default,ztrial,run_disjoint,20260916,56,0.933333
imagery_left_right_fist,eegnet_v4,default,ztrial,run_disjoint,20260916,57,0.888889
imagery_left_right_fist,eegnet_v4,default,ztrial,run_disjoint,20260916,58,0.777778
imagery_left_right_fist,eegnet_v4,default,ztrial,run_disjoint,20260916,59,0.844444
imagery_left_right_fist,eegnet_v4,default,ztrial,run_disjoint,20260916,60,0.888889
imagery_left_right_fist,eegnet_v4,default,ztrial,run_disjoint,20260916,61,0.955556
imagery_left_right_fist,eegnet_v4,default,ztrial,run_disjoint,20260916,62,0.977778
imagery_left_right_fist,eegnet_v4,default,ztrial,run_disjoint,20260916,63,0.755556
imagery_left_right_fist,eegnet_v4,default,ztrial,run_disjoint,20260916,64,0.795455
imagery_left_right_fist,eegnet_v4,default,ztrial,run_disjoint,20260916,65,0.8
imagery_left_right_fist,eegnet_v4,default,ztrial,run_disjoint,20260916,66,0.688889
imagery_left_right_fist,eegnet_v4,default,ztrial,run_disjoint,20260916,67,0.555556
imagery_left_right_fist,eegnet_v4,default,ztrial,run_disjoint,20260916,68,0.755556
imagery_left_right_fist,eegnet_v4,default,ztrial,run_disjoint,20260916,69,0.755556
imagery_left_right_fist,eegnet_v4,default,ztrial,run_disjoint,20260916,70,1
imagery_left_right_fist,eegnet_v4,default,ztrial,run_disjoint,20260916,71,0.911111
imagery_left_right_fist,eegnet_v4,default,ztrial,run_disjoint,20260916,72,0.860465
imagery_left_right_fist,eegnet_v4,default,ztrial,run_disjoint,20260916,73,0.904762
imagery_left_right_fist,eegnet_v4,default,ztrial,run_disjoint,20260916,74,0.767442
imagery_left_right_fist,eegnet_v4,default,ztrial,run_disjoint,20260916,75,0.844444
imagery_left_right_fist,eegnet_v4,default,ztrial,run_disjoint,20260916,76,0.595238
imagery_left_right_fist,eegnet_v4,default,ztrial,run_disjoint,20260916,77,0.8
imagery_left_right_fist,eegnet_v4,default,ztrial,run_disjoint,20260916,78,0.622222
imagery_left_right_fist,eegnet_v4,default,ztrial,run_disjoint,20260916,79,0.666667
imagery_left_right_fist,eegnet_v4,default,ztrial,run_disjoint,20260916,80,0.511111
imagery_left_right_fist,eegnet_v4,default,ztrial,run_disjoint,20260916,81,0.8
imagery_left_right_fist,eegnet_v4,default,ztrial,run_disjoint,20260916,82,0.844444
imagery_left_right_fist,eegnet_v4,default,ztrial,run_disjoint,20260916,83,0.6
imagery_left_right_fist,eegnet_v4,default,ztrial,run_disjoint,20260916,84,0.822222
imagery_left_right_fist,eegnet_v4,default,ztrial,run_disjoint,20260916,85,0.911111
imagery_left_right_fist,eegnet_v4,default,ztrial,run_disjoint,20260916,86,0.977778
imagery_left_right_fist,eegnet_v4,default,ztrial,run_disjoint,20260916,87,0.555556
imagery_left_right_fist,eegnet_v4,default,ztrial,run_disjoint,20260916,88,0.596491
imagery_left_right_fist,eegnet_v4,default,ztrial,run_disjoint,20260916,89,0.8
imagery_left_right_fist,eegnet_v4,default,ztrial,run_disjoint,20260916,90,0.888889
imagery_left_right_fist,eegnet_v4,default,ztrial,run_disjoint,20260916,91,0.933333
imagery_left_right_fist,eegnet_v4,default,ztrial,run_disjoint,20260916,92,0.789474
imagery_left_right_fist,eegnet_v4,default,ztrial,run_disjoint,20260916,93,0.777778
imagery_left_right_fist,eegnet_v4,default,ztrial,run_disjoint,20260916,94,0.911111
imagery_left_right_fist,eegnet_v4,default,ztrial,run_disjoint,20260916,95,0.888889
imagery_left_right_fist,eegnet_v4,default,ztrial,run_disjoint,20260916,96,0.955556
imagery_left_right_fist,eegnet_v4,default,ztrial,run_disjoint,20260916,97,0.8
imagery_left_right_fist,eegnet_v4,default,ztrial,run_disjoint,20260916,98,0.711111
imagery_left_right_fist,eegnet_v4,default,ztrial,run_disjoint,20260916,99,0.488889
imagery_left_right_fist,eegnet_v4,default,ztrial,run_disjoint,20260916,100,0.805556
imagery_left_right_fist,eegnet_v4,default,ztrial,run_disjoint,20260916,101,1
imagery_left_right_fist,eegnet_v4,default,ztrial,run_disjoint,20260916,102,0.738095
imagery_left_right_fist,eegnet_v4,default,ztrial,run_disjoint,20260916,103,0.822222
imagery_left_right_fist,eegnet_v4,default,ztrial,run_disjoint,20260916,104,0.785714
imagery_left_right_fist,eegnet_v4,default,ztrial,run_disjoint,20260916,105,0.955556
imagery_left_right_fist,eegnet_v4,default,ztrial,run_disjoint,20260916,106,0.577778
imagery_left_right_fist,eegnet_v4,default,ztrial,run_disjoint,20260916,107,0.755556
imagery_left_right_fist,eegnet_v4,default,ztrial,run_disjoint,20260916,108,0.888889
imagery_left_right_fist,eegnet_v4,default,ztrial,run_disjoint,20260916,109,0.688889
imagery_left_right_fist,eegnet_v4,default,ztrial,run_disjoint,20260917,1,0.911111
imagery_left_right_fist,eegnet_v4,default,ztrial,run_disjoint,20260917,2,0.955556
imagery_left_right_fist,eegnet_v4,default,ztrial,run_disjoint,20260917,3,0.888889
imagery_left_right_fist,eegnet_v4,default,ztrial,run_disjoint,20260917,4,0.911111
imagery_left_right_fist,eegnet_v4,default,ztrial,run_disjoint,20260917,5,0.666667
imagery_left_right_fist,eegnet_v4,default,ztrial,run_disjoint,20260917,6,0.866667
imagery_left_right_fist,eegnet_v4,default,ztrial,run_disjoint,20260917,7,0.955556
imagery_left_right_fist,eegnet_v4,default,ztrial,run_disjoint,20260917,8,0.733333
imagery_left_right_fist,eegnet_v4,default,ztrial,run_disjoint,20260917,9,0.711111
imagery_left_right_fist,eegnet_v4,default,ztrial,run_disjoint,20260917,10,0.822222
imagery_left_right_fist,eegnet_v4,default,ztrial,run_disjoint,20260917,11,0.777778
imagery_left_right_fist,eegnet_v4,default,ztrial,run_disjoint,20260917,12,0.911111
imagery_left_right_fist,eegnet_v4,default,ztrial,run_disjoint,20260917,13,0.688889
imagery_left_right_fist,eegnet_v4,default,ztrial,run_disjoint,20260917,14,0.755556
imagery_left_right_fist,eegnet_v4,default,ztrial,run_disjoint,20260917,15,0.977778
imagery_left_right_fist,eegnet_v4,default,ztrial,run_disjoint,20260917,16,0.688889
imagery_left_right_fist,eegnet_v4,default,ztrial,run_disjoint,20260917,17,0.822222
imagery_left_right_fist,eegnet_v4,default,ztrial,run_disjoint,20260917,18,1
imagery_left_right_fist,eegnet_v4,default,ztrial,run_disjoint,20260917,19,0.822222
imagery_left_right_fist,eegnet_v4,default,ztrial,run_disjoint,20260917,20,0.844444
imagery_left_right_fist,eegnet_v4,default,ztrial,run_disjoint,20260917,21,0.844444
imagery_left_right_fist,eegnet_v4,default,ztrial,run_disjoint,20260917,22,1
imagery_left_right_fist,eegnet_v4,default,ztrial,run_disjoint,20260917,23,0.755556
imagery_left_right_fist,eegnet_v4,default,ztrial,run_disjoint,20260917,24,0.622222
imagery_left_right_fist,eegnet_v4,default,ztrial,run_disjoint,20260917,25,0.622222
imagery_left_right_fist,eegnet_v4,default,ztrial,run_disjoint,20260917,26,0.6
imagery_left_right_fist,eegnet_v4,default,ztrial,run_disjoint,20260917,27,0.844444
imagery_left_right_fist,eegnet_v4,default,ztrial,run_disjoint,20260917,28,0.822222
imagery_left_right_fist,eegnet_v4,default,ztrial,run_disjoint,20260917,29,0.777778
imagery_left_right_fist,eegnet_v4,default,ztrial,run_disjoint,20260917,30,0.8
imagery_left_right_fist,eegnet_v4,default,ztrial,run_disjoint,20260917,31,0.755556
imagery_left_right_fist,eegnet_v4,default,ztrial,run_disjoint,20260917,32,0.911111
imagery_left_right_fist,eegnet_v4,default,ztrial,run_disjoint,20260917,33,0.911111
imagery_left_right_fist,eegnet_v4,default,ztrial,run_disjoint,20260917,34,0.767442
imagery_left_right_fist,eegnet_v4,default,ztrial,run_disjoint,20260917,35,0.888889
imagery_left_right_fist,eegnet_v4,default,ztrial,run_disjoint,20260917,36,0.911111
imagery_left_right_fist,eegnet_v4,default,ztrial,run_disjoint,20260917,37,0.767442
imagery_left_right_fist,eegnet_v4,default,ztrial,run_disjoint,20260917,38,0.6
imagery_left_right_fist,eegnet_v4,default,ztrial,run_disjoint,20260917,39,0.666667
imagery_left_right_fist,eegnet_v4,default,ztrial,run_disjoint,20260917,40,1
imagery_left_right_fist,eegnet_v4,default,ztrial,run_disjoint,20260917,41,0.795455
imagery_left_right_fist,eegnet_v4,default,ztrial,run_disjoint,20260917,42,0.955556
imagery_left_right_fist,eegnet_v4,default,ztrial,run_disjoint,20260917,43,0.977778
imagery_left_right_fist,eegnet_v4,default,ztrial,run_disjoint,20260917,44,0.822222
imagery_left_right_fist,eegnet_v4,default,ztrial,run_disjoint,20260917,45,0.711111
imagery_left_right_fist,eegnet_v4,default,ztrial,run_disjoint,20260917,46,0.733333
imagery_left_right_fist,eegnet_v4,default,ztrial,run_disjoint,20260917,47,0.866667
imagery_left_right_fist,eegnet_v4,default,ztrial,run_disjoint,20260917,48,0.911111
imagery_left_right_fist,eegnet_v4,default,ztrial,run_disjoint,20260917,49,0.755556
imagery_left_right_fist,eegnet_v4,default,ztrial,run_disjoint,20260917,50,0.733333
imagery_left_right_fist,eegnet_v4,default,ztrial,run_disjoint,20260917,51,0.822222
imagery_left_right_fist,eegnet_v4,default,ztrial,run_disjoint,20260917,52,0.955556
imagery_left_right_fist,eegnet_v4,default,ztrial,run_disjoint,20260917,53,0.777778
imagery_left_right_fist,eegnet_v4,default,ztrial,run_disjoint,20260917,54,0.888889
imagery_left_right_fist,eegnet_v4,default,ztrial,run_disjoint,20260917,55,0.888889
imagery_left_right_fist,eegnet_v4,default,ztrial,run_disjoint,20260917,56,0.777778
imagery_left_right_fist,eegnet_v4,default,ztrial,run_disjoint,20260917,57,0.933333
imagery_left_right_fist,eegnet_v4,default,ztrial,run_disjoint,20260917,58,0.733333
imagery_left_right_fist,eegnet_v4,default,ztrial,run_disjoint,20260917,59,0.777778
imagery_left_right_fist,eegnet_v4,default,ztrial,run_disjoint,20260917,60,0.822222
imagery_left_right_fist,eegnet_v4,default,ztrial,run_disjoint,20260917,61,0.911111
imagery_left_right_fist,eegnet_v4,default,ztrial,run_disjoint,20260917,62,0.977778
imagery_left_right_fist,eegnet_v4,default,ztrial,run_disjoint,20260917,63,0.777778
imagery_left_right_fist,eegnet_v4,default,ztrial,run_disjoint,20260917,64,0.75
imagery_left_right_fist,eegnet_v4,default,ztrial,run_disjoint,20260917,65,0.933333
imagery_left_right_fist,eegnet_v4,default,ztrial,run_disjoint,20260917,66,0.822222
imagery_left_right_fist,eegnet_v4,default,ztrial,run_disjoint,20260917,67,0.644444
imagery_left_right_fist,eegnet_v4,default,ztrial,run_disjoint,20260917,68,0.8
imagery_left_right_fist,eegnet_v4,default,ztrial,run_disjoint,20260917,69,0.666667
imagery_left_right_fist,eegnet_v4,default,ztrial,run_disjoint,20260917,70,1
imagery_left_right_fist,eegnet_v4,default,ztrial,run_disjoint,20260917,71,0.933333
imagery_left_right_fist,eegnet_v4,default,ztrial,run_disjoint,20260917,72,0.790698
imagery_left_right_fist,eegnet_v4,default,ztrial,run_disjoint,20260917,73,0.833333
imagery_left_right_fist,eegnet_v4,default,ztrial,run_disjoint,20260917,74,0.790698
imagery_left_right_fist,eegnet_v4,default,ztrial,run_disjoint,20260917,75,0.8
imagery_left_right_fist,eegnet_v4,default,ztrial,run_disjoint,20260917,76,0.642857
imagery_left_right_fist,eegnet_v4,default,ztrial,run_disjoint,20260917,77,0.822222
imagery_left_right_fist,eegnet_v4,default,ztrial,run_disjoint,20260917,78,0.622222
imagery_left_right_fist,eegnet_v4,default,ztrial,run_disjoint,20260917,79,0.622222
imagery_left_right_fist,eegnet_v4,default,ztrial,run_disjoint,20260917,80,0.533333
imagery_left_right_fist,eegnet_v4,default,ztrial,run_disjoint,20260917,81,0.866667
imagery_left_right_fist,eegnet_v4,default,ztrial,run_disjoint,20260917,82,0.755556
imagery_left_right_fist,eegnet_v4,default,ztrial,run_disjoint,20260917,83,0.6
imagery_left_right_fist,eegnet_v4,default,ztrial,run_disjoint,20260917,84,0.911111
imagery_left_right_fist,eegnet_v4,default,ztrial,run_disjoint,20260917,85,0.888889
imagery_left_right_fist,eegnet_v4,default,ztrial,run_disjoint,20260917,86,0.933333
imagery_left_right_fist,eegnet_v4,default,ztrial,run_disjoint,20260917,87,0.533333
imagery_left_right_fist,eegnet_v4,default,ztrial,run_disjoint,20260917,88,0.631579
imagery_left_right_fist,eegnet_v4,default,ztrial,run_disjoint,20260917,89,0.888889
imagery_left_right_fist,eegnet_v4,default,ztrial,run_disjoint,20260917,90,0.888889
imagery_left_right_fist,eegnet_v4,default,ztrial,run_disjoint,20260917,91,0.911111
imagery_left_right_fist,eegnet_v4,default,ztrial,run_disjoint,20260917,92,0.754386
imagery_left_right_fist,eegnet_v4,default,ztrial,run_disjoint,20260917,93,0.777778
imagery_left_right_fist,eegnet_v4,default,ztrial,run_disjoint,20260917,94,0.822222
imagery_left_right_fist,eegnet_v4,default,ztrial,run_disjoint,20260917,95,0.866667
imagery_left_right_fist,eegnet_v4,default,ztrial,run_disjoint,20260917,96,0.933333
imagery_left_right_fist,eegnet_v4,default,ztrial,run_disjoint,20260917,97,0.777778
imagery_left_right_fist,eegnet_v4,default,ztrial,run_disjoint,20260917,98,0.622222
imagery_left_right_fist,eegnet_v4,default,ztrial,run_disjoint,20260917,99,0.666667
imagery_left_right_fist,eegnet_v4,default,ztrial,run_disjoint,20260917,100,0.861111
imagery_left_right_fist,eegnet_v4,default,ztrial,run_disjoint,20260917,101,1
imagery_left_right_fist,eegnet_v4,default,ztrial,run_disjoint,20260917,102,0.785714
imagery_left_right_fist,eegnet_v4,default,ztrial,run_disjoint,20260917,103,0.844444
imagery_left_right_fist,eegnet_v4,default,ztrial,run_disjoint,20260917,104,0.738095
imagery_left_right_fist,eegnet_v4,default,ztrial,run_disjoint,20260917,105,0.955556
imagery_left_right_fist,eegnet_v4,default,ztrial,run_disjoint,20260917,106,0.711111
imagery_left_right_fist,eegnet_v4,default,ztrial,run_disjoint,20260917,107,0.777778
imagery_left_right_fist,eegnet_v4,default,ztrial,run_disjoint,20260917,108,0.844444
imagery_left_right_fist,eegnet_v4,default,ztrial,run_disjoint,20260917,109,0.711111
imagery_left_right_fist,eegnet_v4,default,ztrial,run_disjoint,20260918,1,0.933333
imagery_left_right_fist,eegnet_v4,default,ztrial,run_disjoint,20260918,2,0.933333
imagery_left_right_fist,eegnet_v4,default,ztrial,run_disjoint,20260918,3,0.911111
imagery_left_right_fist,eegnet_v4,default,ztrial,run_disjoint,20260918,4,0.911111
imagery_left_right_fist,eegnet_v4,default,ztrial,run_disjoint,20260918,5,0.711111
imagery_left_right_fist,eegnet_v4,default,ztrial,run_disjoint,20260918,6,0.822222
imagery_left_right_fist,eegnet_v4,default,ztrial,run_disjoint,20260918,7,0.911111
imagery_left_right_fist,eegnet_v4,default,ztrial,run_disjoint,20260918,8,0.8
imagery_left_right_fist,eegnet_v4,default,ztrial,run_disjoint,20260918,9,0.8
imagery_left_right_fist,eegnet_v4,default,ztrial,run_disjoint,20260918,10,0.822222
imagery_left_right_fist,eegnet_v4,default,ztrial,run_disjoint,20260918,11,0.8
imagery_left_right_fist,eegnet_v4,default,ztrial,run_disjoint,20260918,12,0.888889
imagery_left_right_fist,eegnet_v4,default,ztrial,run_disjoint,20260918,13,0.711111
imagery_left_right_fist,eegnet_v4,default,ztrial,run_disjoint,20260918,14,0.755556
imagery_left_right_fist,eegnet_v4,default,ztrial,run_disjoint,20260918,15,0.977778
imagery_left_right_fist,eegnet_v4,default,ztrial,run_disjoint,20260918,16,0.688889
imagery_left_right_fist,eegnet_v4,default,ztrial,run_disjoint,20260918,17,0.777778
imagery_left_right_fist,eegnet_v4,default,ztrial,run_disjoint,20260918,18,1
imagery_left_right_fist,eegnet_v4,default,ztrial,run_disjoint,20260918,19,0.844444
imagery_left_right_fist,eegnet_v4,default,ztrial,run_disjoint,20260918,20,0.933333
imagery_left_right_fist,eegnet_v4,default,ztrial,run_disjoint,20260918,21,0.711111
imagery_left_right_fist,eegnet_v4,default,ztrial,run_disjoint,20260918,22,1
imagery_left_right_fist,eegnet_v4,default,ztrial,run_disjoint,20260918,23,0.666667
imagery_left_right_fist,eegnet_v4,default,ztrial,run_disjoint,20260918,24,0.644444
imagery_left_right_fist,eegnet_v4,default,ztrial,run_disjoint,20260918,25,0.688889
imagery_left_right_fist,eegnet_v4,default,ztrial,run_disjoint,20260918,26,0.6
imagery_left_right_fist,eegnet_v4,default,ztrial,run_disjoint,20260918,27,0.822222
imagery_left_right_fist,eegnet_v4,default,ztrial,run_disjoint,20260918,28,0.711111
imagery_left_right_fist,eegnet_v4,default,ztrial,run_disjoint,20260918,29,0.888889
imagery_left_right_fist,eegnet_v4,default,ztrial,run_disjoint,20260918,30,0.822222
imagery_left_right_fist,eegnet_v4,default,ztrial,run_disjoint,20260918,31,0.8
imagery_left_right_fist,eegnet_v4,default,ztrial,run_disjoint,20260918,32,0.933333
imagery_left_right_fist,eegnet_v4,default,ztrial,run_disjoint,20260918,33,0.888889
imagery_left_right_fist,eegnet_v4,default,ztrial,run_disjoint,20260918,34,0.767442
imagery_left_right_fist,eegnet_v4,default,ztrial,run_disjoint,20260918,35,0.955556
imagery_left_right_fist,eegnet_v4,default,ztrial,run_disjoint,20260918,36,0.888889
imagery_left_right_fist,eegnet_v4,default,ztrial,run_disjoint,20260918,37,0.813953
imagery_left_right_fist,eegnet_v4,default,ztrial,run_disjoint,20260918,38,0.555556
imagery_left_right_fist,eegnet_v4,default,ztrial,run_disjoint,20260918,39,0.622222
imagery_left_right_fist,eegnet_v4,default,ztrial,run_disjoint,20260918,40,1
imagery_left_right_fist,eegnet_v4,default,ztrial,run_disjoint,20260918,41,0.795455
imagery_left_right_fist,eegnet_v4,default,ztrial,run_disjoint,20260918,42,0.888889
imagery_left_right_fist,eegnet_v4,default,ztrial,run_disjoint,20260918,43,0.955556
imagery_left_right_fist,eegnet_v4,default,ztrial,run_disjoint,20260918,44,0.777778
imagery_left_right_fist,eegnet_v4,default,ztrial,run_disjoint,20260918,45,0.733333
imagery_left_right_fist,eegnet_v4,default,ztrial,run_disjoint,20260918,46,0.666667
imagery_left_right_fist,eegnet_v4,default,ztrial,run_disjoint,20260918,47,0.733333
imagery_left_right_fist,eegnet_v4,default,ztrial,run_disjoint,20260918,48,0.955556
imagery_left_right_fist,eegnet_v4,default,ztrial,run_disjoint,20260918,49,0.8
imagery_left_right_fist,eegnet_v4,default,ztrial,run_disjoint,20260918,50,0.733333
imagery_left_right_fist,eegnet_v4,default,ztrial,run_disjoint,20260918,51,0.822222
imagery_left_right_fist,eegnet_v4,default,ztrial,run_disjoint,20260918,52,0.933333
imagery_left_right_fist,eegnet_v4,default,ztrial,run_disjoint,20260918,53,0.866667
imagery_left_right_fist,eegnet_v4,default,ztrial,run_disjoint,20260918,54,0.844444
imagery_left_right_fist,eegnet_v4,default,ztrial,run_disjoint,20260918,55,0.888889
imagery_left_right_fist,eegnet_v4,default,ztrial,run_disjoint,20260918,56,0.844444
imagery_left_right_fist,eegnet_v4,default,ztrial,run_disjoint,20260918,57,0.911111
imagery_left_right_fist,eegnet_v4,default,ztrial,run_disjoint,20260918,58,0.777778
imagery_left_right_fist,eegnet_v4,default,ztrial,run_disjoint,20260918,59,0.777778
imagery_left_right_fist,eegnet_v4,default,ztrial,run_disjoint,20260918,60,0.844444
imagery_left_right_fist,eegnet_v4,default,ztrial,run_disjoint,20260918,61,0.977778
imagery_left_right_fist,eegnet_v4,default,ztrial,run_disjoint,20260918,62,0.977778
imagery_left_right_fist,eegnet_v4,default,ztrial,run_disjoint,20260918,63,0.711111
imagery_left_right_fist,eegnet_v4,default,ztrial,run_disjoint,20260918,64,0.727273
imagery_left_right_fist,eegnet_v4,default,ztrial,run_disjoint,20260918,65,0.955556
imagery_left_right_fist,eegnet_v4,default,ztrial,run_disjoint,20260918,66,0.755556
imagery_left_right_fist,eegnet_v4,default,ztrial,run_disjoint,20260918,67,0.622222
imagery_left_right_fist,eegnet_v4,default,ztrial,run_disjoint,20260918,68,0.755556
imagery_left_right_fist,eegnet_v4,default,ztrial,run_disjoint,20260918,69,0.666667
imagery_left_right_fist,eegnet_v4,default,ztrial,run_disjoint,20260918,70,0.977778
imagery_left_right_fist,eegnet_v4,default,ztrial,run_disjoint,20260918,71,0.911111
imagery_left_right_fist,eegnet_v4,default,ztrial,run_disjoint,20260918,72,0.837209
imagery_left_right_fist,eegnet_v4,default,ztrial,run_disjoint,20260918,73,0.833333
imagery_left_right_fist,eegnet_v4,default,ztrial,run_disjoint,20260918,74,0.767442
imagery_left_right_fist,eegnet_v4,default,ztrial,run_disjoint,20260918,75,0.777778
imagery_left_right_fist,eegnet_v4,default,ztrial,run_disjoint,20260918,76,0.690476
imagery_left_right_fist,eegnet_v4,default,ztrial,run_disjoint,20260918,77,0.844444
imagery_left_right_fist,eegnet_v4,default,ztrial,run_disjoint,20260918,78,0.666667
imagery_left_right_fist,eegnet_v4,default,ztrial,run_disjoint,20260918,79,0.622222
imagery_left_right_fist,eegnet_v4,default,ztrial,run_disjoint,20260918,80,0.488889
imagery_left_right_fist,eegnet_v4,default,ztrial,run_disjoint,20260918,81,0.822222
imagery_left_right_fist,eegnet_v4,default,ztrial,run_disjoint,20260918,82,0.844444
imagery_left_right_fist,eegnet_v4,default,ztrial,run_disjoint,20260918,83,0.688889
imagery_left_right_fist,eegnet_v4,default,ztrial,run_disjoint,20260918,84,0.888889
imagery_left_right_fist,eegnet_v4,default,ztrial,run_disjoint,20260918,85,0.933333
imagery_left_right_fist,eegnet_v4,default,ztrial,run_disjoint,20260918,86,0.955556
imagery_left_right_fist,eegnet_v4,default,ztrial,run_disjoint,20260918,87,0.488889
imagery_left_right_fist,eegnet_v4,default,ztrial,run_disjoint,20260918,88,0.614035
imagery_left_right_fist,eegnet_v4,default,ztrial,run_disjoint,20260918,89,0.777778
imagery_left_right_fist,eegnet_v4,default,ztrial,run_disjoint,20260918,90,0.866667
imagery_left_right_fist,eegnet_v4,default,ztrial,run_disjoint,20260918,91,0.844444
imagery_left_right_fist,eegnet_v4,default,ztrial,run_disjoint,20260918,92,0.807018
imagery_left_right_fist,eegnet_v4,default,ztrial,run_disjoint,20260918,93,0.733333
imagery_left_right_fist,eegnet_v4,default,ztrial,run_disjoint,20260918,94,0.866667
imagery_left_right_fist,eegnet_v4,default,ztrial,run_disjoint,20260918,95,0.866667
imagery_left_right_fist,eegnet_v4,default,ztrial,run_disjoint,20260918,96,0.977778
imagery_left_right_fist,eegnet_v4,default,ztrial,run_disjoint,20260918,97,0.822222
imagery_left_right_fist,eegnet_v4,default,ztrial,run_disjoint,20260918,98,0.666667
imagery_left_right_fist,eegnet_v4,default,ztrial,run_disjoint,20260918,99,0.622222
imagery_left_right_fist,eegnet_v4,default,ztrial,run_disjoint,20260918,100,0.861111
imagery_left_right_fist,eegnet_v4,default,ztrial,run_disjoint,20260918,101,0.977778
imagery_left_right_fist,eegnet_v4,default,ztrial,run_disjoint,20260918,102,0.761905
imagery_left_right_fist,eegnet_v4,default,ztrial,run_disjoint,20260918,103,0.866667
imagery_left_right_fist,eegnet_v4,default,ztrial,run_disjoint,20260918,104,0.714286
imagery_left_right_fist,eegnet_v4,default,ztrial,run_disjoint,20260918,105,0.955556
imagery_left_right_fist,eegnet_v4,default,ztrial,run_disjoint,20260918,106,0.6
imagery_left_right_fist,eegnet_v4,default,ztrial,run_disjoint,20260918,107,0.733333
imagery_left_right_fist,eegnet_v4,default,ztrial,run_disjoint,20260918,108,0.888889
imagery_left_right_fist,eegnet_v4,default,ztrial,run_disjoint,20260918,109,0.777778
imagery_left_right_fist,eegnet_v4,default,ztrial,subject_disjoint,20260916,1,0.911111
imagery_left_right_fist,eegnet_v4,default,ztrial,subject_disjoint,20260916,2,0.866667
imagery_left_right_fist,eegnet_v4,default,ztrial,subject_disjoint,20260916,3,0.933333
imagery_left_right_fist,eegnet_v4,default,ztrial,subject_disjoint,20260916,4,0.911111
imagery_left_right_fist,eegnet_v4,default,ztrial,subject_disjoint,20260916,5,0.755556
imagery_left_right_fist,eegnet_v4,default,ztrial,subject_disjoint,20260916,6,0.888889
imagery_left_right_fist,eegnet_v4,default,ztrial,subject_disjoint,20260916,7,1
imagery_left_right_fist,eegnet_v4,default,ztrial,subject_disjoint,20260916,8,0.711111
imagery_left_right_fist,eegnet_v4,default,ztrial,subject_disjoint,20260916,9,0.822222
imagery_left_right_fist,eegnet_v4,default,ztrial,subject_disjoint,20260916,10,0.733333
imagery_left_right_fist,eegnet_v4,default,ztrial,subject_disjoint,20260916,11,0.844444
imagery_left_right_fist,eegnet_v4,default,ztrial,subject_disjoint,20260916,12,0.866667
imagery_left_right_fist,eegnet_v4,default,ztrial,subject_disjoint,20260916,13,0.666667
imagery_left_right_fist,eegnet_v4,default,ztrial,subject_disjoint,20260916,14,0.688889
imagery_left_right_fist,eegnet_v4,default,ztrial,subject_disjoint,20260916,15,1
imagery_left_right_fist,eegnet_v4,default,ztrial,subject_disjoint,20260916,16,0.688889
imagery_left_right_fist,eegnet_v4,default,ztrial,subject_disjoint,20260916,17,0.8
imagery_left_right_fist,eegnet_v4,default,ztrial,subject_disjoint,20260916,18,1
imagery_left_right_fist,eegnet_v4,default,ztrial,subject_disjoint,20260916,19,0.844444
imagery_left_right_fist,eegnet_v4,default,ztrial,subject_disjoint,20260916,20,0.977778
imagery_left_right_fist,eegnet_v4,default,ztrial,subject_disjoint,20260916,21,0.8
imagery_left_right_fist,eegnet_v4,default,ztrial,subject_disjoint,20260916,22,1
imagery_left_right_fist,eegnet_v4,default,ztrial,subject_disjoint,20260916,23,0.733333
imagery_left_right_fist,eegnet_v4,default,ztrial,subject_disjoint,20260916,24,0.6
imagery_left_right_fist,eegnet_v4,default,ztrial,subject_disjoint,20260916,25,0.577778
imagery_left_right_fist,eegnet_v4,default,ztrial,subject_disjoint,20260916,26,0.6
imagery_left_right_fist,eegnet_v4,default,ztrial,subject_disjoint,20260916,27,0.822222
imagery_left_right_fist,eegnet_v4,default,ztrial,subject_disjoint,20260916,28,0.711111
imagery_left_right_fist,eegnet_v4,default,ztrial,subject_disjoint,20260916,29,0.822222
imagery_left_right_fist,eegnet_v4,default,ztrial,subject_disjoint,20260916,30,0.822222
imagery_left_right_fist,eegnet_v4,default,ztrial,subject_disjoint,20260916,31,0.644444
imagery_left_right_fist,eegnet_v4,default,ztrial,subject_disjoint,20260916,32,0.888889
imagery_left_right_fist,eegnet_v4,default,ztrial,subject_disjoint,20260916,33,0.888889
imagery_left_right_fist,eegnet_v4,default,ztrial,subject_disjoint,20260916,34,0.72093
imagery_left_right_fist,eegnet_v4,default,ztrial,subject_disjoint,20260916,35,0.866667
imagery_left_right_fist,eegnet_v4,default,ztrial,subject_disjoint,20260916,36,0.844444
imagery_left_right_fist,eegnet_v4,default,ztrial,subject_disjoint,20260916,37,0.813953
imagery_left_right_fist,eegnet_v4,default,ztrial,subject_disjoint,20260916,38,0.577778
imagery_left_right_fist,eegnet_v4,default,ztrial,subject_disjoint,20260916,39,0.666667
imagery_left_right_fist,eegnet_v4,default,ztrial,subject_disjoint,20260916,40,1
imagery_left_right_fist,eegnet_v4,default,ztrial,subject_disjoint,20260916,41,0.772727
imagery_left_right_fist,eegnet_v4,default,ztrial,subject_disjoint,20260916,42,0.733333
imagery_left_right_fist,eegnet_v4,default,ztrial,subject_disjoint,20260916,43,0.933333
imagery_left_right_fist,eegnet_v4,default,ztrial,subject_disjoint,20260916,44,0.733333
imagery_left_right_fist,eegnet_v4,default,ztrial,subject_disjoint,20260916,45,0.644444
imagery_left_right_fist,eegnet_v4,default,ztrial,subject_disjoint,20260916,46,0.755556
imagery_left_right_fist,eegnet_v4,default,ztrial,subject_disjoint,20260916,47,0.688889
imagery_left_right_fist,eegnet_v4,default,ztrial,subject_disjoint,20260916,48,0.866667
imagery_left_right_fist,eegnet_v4,default,ztrial,subject_disjoint,20260916,49,0.866667
imagery_left_right_fist,eegnet_v4,default,ztrial,subject_disjoint,20260916,50,0.622222
imagery_left_right_fist,eegnet_v4,default,ztrial,subject_disjoint,20260916,51,0.777778
imagery_left_right_fist,eegnet_v4,default,ztrial,subject_disjoint,20260916,52,0.933333
imagery_left_right_fist,eegnet_v4,default,ztrial,subject_disjoint,20260916,53,0.733333
imagery_left_right_fist,eegnet_v4,default,ztrial,subject_disjoint,20260916,54,0.711111
imagery_left_right_fist,eegnet_v4,default,ztrial,subject_disjoint,20260916,55,0.888889
imagery_left_right_fist,eegnet_v4,default,ztrial,subject_disjoint,20260916,56,0.844444
imagery_left_right_fist,eegnet_v4,default,ztrial,subject_disjoint,20260916,57,0.866667
imagery_left_right_fist,eegnet_v4,default,ztrial,subject_disjoint,20260916,58,0.644444
imagery_left_right_fist,eegnet_v4,default,ztrial,subject_disjoint,20260916,59,0.822222
imagery_left_right_fist,eegnet_v4,default,ztrial,subject_disjoint,20260916,60,0.822222
imagery_left_right_fist,eegnet_v4,default,ztrial,subject_disjoint,20260916,61,0.977778
imagery_left_right_fist,eegnet_v4,default,ztrial,subject_disjoint,20260916,62,0.955556
imagery_left_right_fist,eegnet_v4,default,ztrial,subject_disjoint,20260916,63,0.666667
imagery_left_right_fist,eegnet_v4,default,ztrial,subject_disjoint,20260916,64,0.704545
imagery_left_right_fist,eegnet_v4,default,ztrial,subject_disjoint,20260916,65,0.888889
imagery_left_right_fist,eegnet_v4,default,ztrial,subject_disjoint,20260916,66,0.711111
imagery_left_right_fist,eegnet_v4,default,ztrial,subject_disjoint,20260916,67,0.666667
imagery_left_right_fist,eegnet_v4,default,ztrial,subject_disjoint,20260916,68,0.777778
imagery_left_right_fist,eegnet_v4,default,ztrial,subject_disjoint,20260916,69,0.777778
imagery_left_right_fist,eegnet_v4,default,ztrial,subject_disjoint,20260916,70,0.977778
imagery_left_right_fist,eegnet_v4,default,ztrial,subject_disjoint,20260916,71,0.933333
imagery_left_right_fist,eegnet_v4,default,ztrial,subject_disjoint,20260916,72,0.744186
imagery_left_right_fist,eegnet_v4,default,ztrial,subject_disjoint,20260916,73,0.880952
imagery_left_right_fist,eegnet_v4,default,ztrial,subject_disjoint,20260916,74,0.790698
imagery_left_right_fist,eegnet_v4,default,ztrial,subject_disjoint,20260916,75,0.755556
imagery_left_right_fist,eegnet_v4,default,ztrial,subject_disjoint,20260916,76,0.571429
imagery_left_right_fist,eegnet_v4,default,ztrial,subject_disjoint,20260916,77,0.822222
imagery_left_right_fist,eegnet_v4,default,ztrial,subject_disjoint,20260916,78,0.6
imagery_left_right_fist,eegnet_v4,default,ztrial,subject_disjoint,20260916,79,0.777778
imagery_left_right_fist,eegnet_v4,default,ztrial,subject_disjoint,20260916,80,0.422222
imagery_left_right_fist,eegnet_v4,default,ztrial,subject_disjoint,20260916,81,0.8
imagery_left_right_fist,eegnet_v4,default,ztrial,subject_disjoint,20260916,82,0.955556
imagery_left_right_fist,eegnet_v4,default,ztrial,subject_disjoint,20260916,83,0.666667
imagery_left_right_fist,eegnet_v4,default,ztrial,subject_disjoint,20260916,84,0.777778
imagery_left_right_fist,eegnet_v4,default,ztrial,subject_disjoint,20260916,85,0.977778
imagery_left_right_fist,eegnet_v4,default,ztrial,subject_disjoint,20260916,86,0.977778
imagery_left_right_fist,eegnet_v4,default,ztrial,subject_disjoint,20260916,87,0.666667
imagery_left_right_fist,eegnet_v4,default,ztrial,subject_disjoint,20260916,88,0.649123
imagery_left_right_fist,eegnet_v4,default,ztrial,subject_disjoint,20260916,89,0.888889
imagery_left_right_fist,eegnet_v4,default,ztrial,subject_disjoint,20260916,90,0.866667
imagery_left_right_fist,eegnet_v4,default,ztrial,subject_disjoint,20260916,91,0.888889
imagery_left_right_fist,eegnet_v4,default,ztrial,subject_disjoint,20260916,92,0.719298
imagery_left_right_fist,eegnet_v4,default,ztrial,subject_disjoint,20260916,93,0.866667
imagery_left_right_fist,eegnet_v4,default,ztrial,subject_disjoint,20260916,94,0.777778
imagery_left_right_fist,eegnet_v4,default,ztrial,subject_disjoint,20260916,95,0.888889
imagery_left_right_fist,eegnet_v4,default,ztrial,subject_disjoint,20260916,96,0.933333
imagery_left_right_fist,eegnet_v4,default,ztrial,subject_disjoint,20260916,97,0.822222
imagery_left_right_fist,eegnet_v4,default,ztrial,subject_disjoint,20260916,98,0.622222
imagery_left_right_fist,eegnet_v4,default,ztrial,subject_disjoint,20260916,99,0.466667
imagery_left_right_fist,eegnet_v4,default,ztrial,subject_disjoint,20260916,100,0.694444
imagery_left_right_fist,eegnet_v4,default,ztrial,subject_disjoint,20260916,101,0.977778
imagery_left_right_fist,eegnet_v4,default,ztrial,subject_disjoint,20260916,102,0.833333
imagery_left_right_fist,eegnet_v4,default,ztrial,subject_disjoint,20260916,103,0.911111
imagery_left_right_fist,eegnet_v4,default,ztrial,subject_disjoint,20260916,104,0.809524
imagery_left_right_fist,eegnet_v4,default,ztrial,subject_disjoint,20260916,105,0.977778
imagery_left_right_fist,eegnet_v4,default,ztrial,subject_disjoint,20260916,106,0.666667
imagery_left_right_fist,eegnet_v4,default,ztrial,subject_disjoint,20260916,107,0.822222
imagery_left_right_fist,eegnet_v4,default,ztrial,subject_disjoint,20260916,108,0.8
imagery_left_right_fist,eegnet_v4,default,ztrial,subject_disjoint,20260916,109,0.733333
imagery_left_right_fist,eegnet_v4,default,ztrial,subject_disjoint,20260917,1,0.866667
imagery_left_right_fist,eegnet_v4,default,ztrial,subject_disjoint,20260917,2,0.844444
imagery_left_right_fist,eegnet_v4,default,ztrial,subject_disjoint,20260917,3,0.933333
imagery_left_right_fist,eegnet_v4,default,ztrial,subject_disjoint,20260917,4,0.911111
imagery_left_right_fist,eegnet_v4,default,ztrial,subject_disjoint,20260917,5,0.688889
imagery_left_right_fist,eegnet_v4,default,ztrial,subject_disjoint,20260917,6,0.888889
imagery_left_right_fist,eegnet_v4,default,ztrial,subject_disjoint,20260917,7,0.955556
imagery_left_right_fist,eegnet_v4,default,ztrial,subject_disjoint,20260917,8,0.777778
imagery_left_right_fist,eegnet_v4,default,ztrial,subject_disjoint,20260917,9,0.777778
imagery_left_right_fist,eegnet_v4,default,ztrial,subject_disjoint,20260917,10,0.666667
imagery_left_right_fist,eegnet_v4,default,ztrial,subject_disjoint,20260917,11,0.866667
imagery_left_right_fist,eegnet_v4,default,ztrial,subject_disjoint,20260917,12,0.888889
imagery_left_right_fist,eegnet_v4,default,ztrial,subject_disjoint,20260917,13,0.688889
imagery_left_right_fist,eegnet_v4,default,ztrial,subject_disjoint,20260917,14,0.688889
imagery_left_right_fist,eegnet_v4,default,ztrial,subject_disjoint,20260917,15,0.933333
imagery_left_right_fist,eegnet_v4,default,ztrial,subject_disjoint,20260917,16,0.666667
imagery_left_right_fist,eegnet_v4,default,ztrial,subject_disjoint,20260917,17,0.777778
imagery_left_right_fist,eegnet_v4,default,ztrial,subject_disjoint,20260917,18,1
imagery_left_right_fist,eegnet_v4,default,ztrial,subject_disjoint,20260917,19,0.866667
imagery_left_right_fist,eegnet_v4,default,ztrial,subject_disjoint,20260917,20,0.911111
imagery_left_right_fist,eegnet_v4,default,ztrial,subject_disjoint,20260917,21,0.844444
imagery_left_right_fist,eegnet_v4,default,ztrial,subject_disjoint,20260917,22,1
imagery_left_right_fist,eegnet_v4,default,ztrial,subject_disjoint,20260917,23,0.777778
imagery_left_right_fist,eegnet_v4,default,ztrial,subject_disjoint,20260917,24,0.644444
imagery_left_right_fist,eegnet_v4,default,ztrial,subject_disjoint,20260917,25,0.577778
imagery_left_right_fist,eegnet_v4,default,ztrial,subject_disjoint,20260917,26,0.577778
imagery_left_right_fist,eegnet_v4,default,ztrial,subject_disjoint,20260917,27,0.733333
imagery_left_right_fist,eegnet_v4,default,ztrial,subject_disjoint,20260917,28,0.733333
imagery_left_right_fist,eegnet_v4,default,ztrial,subject_disjoint,20260917,29,0.822222
imagery_left_right_fist,eegnet_v4,default,ztrial,subject_disjoint,20260917,30,0.711111
imagery_left_right_fist,eegnet_v4,default,ztrial,subject_disjoint,20260917,31,0.911111
imagery_left_right_fist,eegnet_v4,default,ztrial,subject_disjoint,20260917,32,0.955556
imagery_left_right_fist,eegnet_v4,default,ztrial,subject_disjoint,20260917,33,0.822222
imagery_left_right_fist,eegnet_v4,default,ztrial,subject_disjoint,20260917,34,0.767442
imagery_left_right_fist,eegnet_v4,default,ztrial,subject_disjoint,20260917,35,0.888889
imagery_left_right_fist,eegnet_v4,default,ztrial,subject_disjoint,20260917,36,0.844444
imagery_left_right_fist,eegnet_v4,default,ztrial,subject_disjoint,20260917,37,0.744186
imagery_left_right_fist,eegnet_v4,default,ztrial,subject_disjoint,20260917,38,0.533333
imagery_left_right_fist,eegnet_v4,default,ztrial,subject_disjoint,20260917,39,0.733333
imagery_left_right_fist,eegnet_v4,default,ztrial,subject_disjoint,20260917,40,0.977778
imagery_left_right_fist,eegnet_v4,default,ztrial,subject_disjoint,20260917,41,0.75
imagery_left_right_fist,eegnet_v4,default,ztrial,subject_disjoint,20260917,42,0.888889
imagery_left_right_fist,eegnet_v4,default,ztrial,subject_disjoint,20260917,43,0.977778
imagery_left_right_fist,eegnet_v4,default,ztrial,subject_disjoint,20260917,44,0.733333
imagery_left_right_fist,eegnet_v4,default,ztrial,subject_disjoint,20260917,45,0.822222
imagery_left_right_fist,eegnet_v4,default,ztrial,subject_disjoint,20260917,46,0.688889
imagery_left_right_fist,eegnet_v4,default,ztrial,subject_disjoint,20260917,47,0.733333
imagery_left_right_fist,eegnet_v4,default,ztrial,subject_disjoint,20260917,48,0.977778
imagery_left_right_fist,eegnet_v4,default,ztrial,subject_disjoint,20260917,49,0.755556
imagery_left_right_fist,eegnet_v4,default,ztrial,subject_disjoint,20260917,50,0.688889
imagery_left_right_fist,eegnet_v4,default,ztrial,subject_disjoint,20260917,51,0.866667
imagery_left_right_fist,eegnet_v4,default,ztrial,subject_disjoint,20260917,52,0.977778
imagery_left_right_fist,eegnet_v4,default,ztrial,subject_disjoint,20260917,53,0.711111
imagery_left_right_fist,eegnet_v4,default,ztrial,subject_disjoint,20260917,54,0.8
imagery_left_right_fist,eegnet_v4,default,ztrial,subject_disjoint,20260917,55,0.933333
imagery_left_right_fist,eegnet_v4,default,ztrial,subject_disjoint,20260917,56,0.822222
imagery_left_right_fist,eegnet_v4,default,ztrial,subject_disjoint,20260917,57,0.822222
imagery_left_right_fist,eegnet_v4,default,ztrial,subject_disjoint,20260917,58,0.688889
imagery_left_right_fist,eegnet_v4,default,ztrial,subject_disjoint,20260917,59,0.8
imagery_left_right_fist,eegnet_v4,default,ztrial,subject_disjoint,20260917,60,0.844444
imagery_left_right_fist,eegnet_v4,default,ztrial,subject_disjoint,20260917,61,0.977778
imagery_left_right_fist,eegnet_v4,default,ztrial,subject_disjoint,20260917,62,0.955556
imagery_left_right_fist,eegnet_v4,default,ztrial,subject_disjoint,20260917,63,0.688889
imagery_left_right_fist,eegnet_v4,default,ztrial,subject_disjoint,20260917,64,0.75
imagery_left_right_fist,eegnet_v4,default,ztrial,subject_disjoint,20260917,65,0.888889
imagery_left_right_fist,eegnet_v4,default,ztrial,subject_disjoint,20260917,66,0.777778
imagery_left_right_fist,eegnet_v4,default,ztrial,subject_disjoint,20260917,67,0.644444
imagery_left_right_fist,eegnet_v4,default,ztrial,subject_disjoint,20260917,68,0.755556
imagery_left_right_fist,eegnet_v4,default,ztrial,subject_disjoint,20260917,69,0.733333
imagery_left_right_fist,eegnet_v4,default,ztrial,subject_disjoint,20260917,70,0.977778
imagery_left_right_fist,eegnet_v4,default,ztrial,subject_disjoint,20260917,71,0.888889
imagery_left_right_fist,eegnet_v4,default,ztrial,subject_disjoint,20260917,72,0.837209
imagery_left_right_fist,eegnet_v4,default,ztrial,subject_disjoint,20260917,73,0.880952
imagery_left_right_fist,eegnet_v4,default,ztrial,subject_disjoint,20260917,74,0.651163
imagery_left_right_fist,eegnet_v4,default,ztrial,subject_disjoint,20260917,75,0.777778
imagery_left_right_fist,eegnet_v4,default,ztrial,subject_disjoint,20260917,76,0.690476
imagery_left_right_fist,eegnet_v4,default,ztrial,subject_disjoint,20260917,77,0.8
imagery_left_right_fist,eegnet_v4,default,ztrial,subject_disjoint,20260917,78,0.577778
imagery_left_right_fist,eegnet_v4,default,ztrial,subject_disjoint,20260917,79,0.622222
imagery_left_right_fist,eegnet_v4,default,ztrial,subject_disjoint,20260917,80,0.466667
imagery_left_right_fist,eegnet_v4,default,ztrial,subject_disjoint,20260917,81,0.777778
imagery_left_right_fist,eegnet_v4,default,ztrial,subject_disjoint,20260917,82,0.866667
imagery_left_right_fist,eegnet_v4,default,ztrial,subject_disjoint,20260917,83,0.6
imagery_left_right_fist,eegnet_v4,default,ztrial,subject_disjoint,20260917,84,0.844444
imagery_left_right_fist,eegnet_v4,default,ztrial,subject_disjoint,20260917,85,0.911111
imagery_left_right_fist,eegnet_v4,default,ztrial,subject_disjoint,20260917,86,0.911111
imagery_left_right_fist,eegnet_v4,default,ztrial,subject_disjoint,20260917,87,0.644444
imagery_left_right_fist,eegnet_v4,default,ztrial,subject_disjoint,20260917,88,0.666667
imagery_left_right_fist,eegnet_v4,default,ztrial,subject_disjoint,20260917,89,0.8
imagery_left_right_fist,eegnet_v4,default,ztrial,subject_disjoint,20260917,90,0.977778
imagery_left_right_fist,eegnet_v4,default,ztrial,subject_disjoint,20260917,91,0.822222
imagery_left_right_fist,eegnet_v4,default,ztrial,subject_disjoint,20260917,92,0.736842
imagery_left_right_fist,eegnet_v4,default,ztrial,subject_disjoint,20260917,93,0.755556
imagery_left_right_fist,eegnet_v4,default,ztrial,subject_disjoint,20260917,94,0.888889
imagery_left_right_fist,eegnet_v4,default,ztrial,subject_disjoint,20260917,95,0.866667
imagery_left_right_fist,eegnet_v4,default,ztrial,subject_disjoint,20260917,96,0.955556
imagery_left_right_fist,eegnet_v4,default,ztrial,subject_disjoint,20260917,97,0.688889
imagery_left_right_fist,eegnet_v4,default,ztrial,subject_disjoint,20260917,98,0.644444
imagery_left_right_fist,eegnet_v4,default,ztrial,subject_disjoint,20260917,99,0.644444
imagery_left_right_fist,eegnet_v4,default,ztrial,subject_disjoint,20260917,100,0.833333
imagery_left_right_fist,eegnet_v4,default,ztrial,subject_disjoint,20260917,101,0.933333
imagery_left_right_fist,eegnet_v4,default,ztrial,subject_disjoint,20260917,102,0.785714
imagery_left_right_fist,eegnet_v4,default,ztrial,subject_disjoint,20260917,103,0.911111
imagery_left_right_fist,eegnet_v4,default,ztrial,subject_disjoint,20260917,104,0.785714
imagery_left_right_fist,eegnet_v4,default,ztrial,subject_disjoint,20260917,105,0.955556
imagery_left_right_fist,eegnet_v4,default,ztrial,subject_disjoint,20260917,106,0.666667
imagery_left_right_fist,eegnet_v4,default,ztrial,subject_disjoint,20260917,107,0.755556
imagery_left_right_fist,eegnet_v4,default,ztrial,subject_disjoint,20260917,108,0.844444
imagery_left_right_fist,eegnet_v4,default,ztrial,subject_disjoint,20260917,109,0.666667
imagery_left_right_fist,eegnet_v4,default,ztrial,subject_disjoint,20260918,1,0.933333
imagery_left_right_fist,eegnet_v4,default,ztrial,subject_disjoint,20260918,2,0.844444
imagery_left_right_fist,eegnet_v4,default,ztrial,subject_disjoint,20260918,3,0.933333
imagery_left_right_fist,eegnet_v4,default,ztrial,subject_disjoint,20260918,4,0.866667
imagery_left_right_fist,eegnet_v4,default,ztrial,subject_disjoint,20260918,5,0.577778
imagery_left_right_fist,eegnet_v4,default,ztrial,subject_disjoint,20260918,6,0.8
imagery_left_right_fist,eegnet_v4,default,ztrial,subject_disjoint,20260918,7,0.955556
imagery_left_right_fist,eegnet_v4,default,ztrial,subject_disjoint,20260918,8,0.711111
imagery_left_right_fist,eegnet_v4,default,ztrial,subject_disjoint,20260918,9,0.822222
imagery_left_right_fist,eegnet_v4,default,ztrial,subject_disjoint,20260918,10,0.688889
imagery_left_right_fist,eegnet_v4,default,ztrial,subject_disjoint,20260918,11,0.822222
imagery_left_right_fist,eegnet_v4,default,ztrial,subject_disjoint,20260918,12,0.822222
imagery_left_right_fist,eegnet_v4,default,ztrial,subject_disjoint,20260918,13,0.733333
imagery_left_right_fist,eegnet_v4,default,ztrial,subject_disjoint,20260918,14,0.8
imagery_left_right_fist,eegnet_v4,default,ztrial,subject_disjoint,20260918,15,0.977778
imagery_left_right_fist,eegnet_v4,default,ztrial,subject_disjoint,20260918,16,0.711111
imagery_left_right_fist,eegnet_v4,default,ztrial,subject_disjoint,20260918,17,0.8
imagery_left_right_fist,eegnet_v4,default,ztrial,subject_disjoint,20260918,18,1
imagery_left_right_fist,eegnet_v4,default,ztrial,subject_disjoint,20260918,19,0.822222
imagery_left_right_fist,eegnet_v4,default,ztrial,subject_disjoint,20260918,20,0.911111
imagery_left_right_fist,eegnet_v4,default,ztrial,subject_disjoint,20260918,21,0.777778
imagery_left_right_fist,eegnet_v4,default,ztrial,subject_disjoint,20260918,22,0.977778
imagery_left_right_fist,eegnet_v4,default,ztrial,subject_disjoint,20260918,23,0.755556
imagery_left_right_fist,eegnet_v4,default,ztrial,subject_disjoint,20260918,24,0.644444
imagery_left_right_fist,eegnet_v4,default,ztrial,subject_disjoint,20260918,25,0.555556
imagery_left_right_fist,eegnet_v4,default,ztrial,subject_disjoint,20260918,26,0.733333
imagery_left_right_fist,eegnet_v4,default,ztrial,subject_disjoint,20260918,27,0.866667
imagery_left_right_fist,eegnet_v4,default,ztrial,subject_disjoint,20260918,28,0.644444
imagery_left_right_fist,eegnet_v4,default,ztrial,subject_disjoint,20260918,29,0.888889
imagery_left_right_fist,eegnet_v4,default,ztrial,subject_disjoint,20260918,30,0.8
imagery_left_right_fist,eegnet_v4,default,ztrial,subject_disjoint,20260918,31,0.666667
imagery_left_right_fist,eegnet_v4,default,ztrial,subject_disjoint,20260918,32,0.977778
imagery_left_right_fist,eegnet_v4,default,ztrial,subject_disjoint,20260918,33,0.888889
imagery_left_right_fist,eegnet_v4,default,ztrial,subject_disjoint,20260918,34,0.883721
imagery_left_right_fist,eegnet_v4,default,ztrial,subject_disjoint,20260918,35,0.955556
imagery_left_right_fist,eegnet_v4,default,ztrial,subject_disjoint,20260918,36,0.844444
imagery_left_right_fist,eegnet_v4,default,ztrial,subject_disjoint,20260918,37,0.790698
imagery_left_right_fist,eegnet_v4,default,ztrial,subject_disjoint,20260918,38,0.577778
imagery_left_right_fist,eegnet_v4,default,ztrial,subject_disjoint,20260918,39,0.755556
imagery_left_right_fist,eegnet_v4,default,ztrial,subject_disjoint,20260918,40,0.955556
imagery_left_right_fist,eegnet_v4,default,ztrial,subject_disjoint,20260918,41,0.75
imagery_left_right_fist,eegnet_v4,default,ztrial,subject_disjoint,20260918,42,0.888889
imagery_left_right_fist,eegnet_v4,default,ztrial,subject_disjoint,20260918,43,0.977778
imagery_left_right_fist,eegnet_v4,default,ztrial,subject_disjoint,20260918,44,0.8
imagery_left_right_fist,eegnet_v4,default,ztrial,subject_disjoint,20260918,45,0.733333
imagery_left_right_fist,eegnet_v4,default,ztrial,subject_disjoint,20260918,46,0.711111
imagery_left_right_fist,eegnet_v4,default,ztrial,subject_disjoint,20260918,47,0.822222
imagery_left_right_fist,eegnet_v4,default,ztrial,subject_disjoint,20260918,48,0.866667
imagery_left_right_fist,eegnet_v4,default,ztrial,subject_disjoint,20260918,49,0.733333
imagery_left_right_fist,eegnet_v4,default,ztrial,subject_disjoint,20260918,50,0.666667
imagery_left_right_fist,eegnet_v4,default,ztrial,subject_disjoint,20260918,51,0.844444
imagery_left_right_fist,eegnet_v4,default,ztrial,subject_disjoint,20260918,52,0.933333
imagery_left_right_fist,eegnet_v4,default,ztrial,subject_disjoint,20260918,53,0.666667
imagery_left_right_fist,eegnet_v4,default,ztrial,subject_disjoint,20260918,54,0.777778
imagery_left_right_fist,eegnet_v4,default,ztrial,subject_disjoint,20260918,55,0.933333
imagery_left_right_fist,eegnet_v4,default,ztrial,subject_disjoint,20260918,56,0.844444
imagery_left_right_fist,eegnet_v4,default,ztrial,subject_disjoint,20260918,57,0.888889
imagery_left_right_fist,eegnet_v4,default,ztrial,subject_disjoint,20260918,58,0.688889
imagery_left_right_fist,eegnet_v4,default,ztrial,subject_disjoint,20260918,59,0.822222
imagery_left_right_fist,eegnet_v4,default,ztrial,subject_disjoint,20260918,60,0.777778
imagery_left_right_fist,eegnet_v4,default,ztrial,subject_disjoint,20260918,61,0.911111
imagery_left_right_fist,eegnet_v4,default,ztrial,subject_disjoint,20260918,62,0.933333
imagery_left_right_fist,eegnet_v4,default,ztrial,subject_disjoint,20260918,63,0.688889
imagery_left_right_fist,eegnet_v4,default,ztrial,subject_disjoint,20260918,64,0.75
imagery_left_right_fist,eegnet_v4,default,ztrial,subject_disjoint,20260918,65,0.888889
imagery_left_right_fist,eegnet_v4,default,ztrial,subject_disjoint,20260918,66,0.777778
imagery_left_right_fist,eegnet_v4,default,ztrial,subject_disjoint,20260918,67,0.644444
imagery_left_right_fist,eegnet_v4,default,ztrial,subject_disjoint,20260918,68,0.844444
imagery_left_right_fist,eegnet_v4,default,ztrial,subject_disjoint,20260918,69,0.777778
imagery_left_right_fist,eegnet_v4,default,ztrial,subject_disjoint,20260918,70,1
imagery_left_right_fist,eegnet_v4,default,ztrial,subject_disjoint,20260918,71,0.911111
imagery_left_right_fist,eegnet_v4,default,ztrial,subject_disjoint,20260918,72,0.790698
imagery_left_right_fist,eegnet_v4,default,ztrial,subject_disjoint,20260918,73,0.761905
imagery_left_right_fist,eegnet_v4,default,ztrial,subject_disjoint,20260918,74,0.72093
imagery_left_right_fist,eegnet_v4,default,ztrial,subject_disjoint,20260918,75,0.777778
imagery_left_right_fist,eegnet_v4,default,ztrial,subject_disjoint,20260918,76,0.642857
imagery_left_right_fist,eegnet_v4,default,ztrial,subject_disjoint,20260918,77,0.755556
imagery_left_right_fist,eegnet_v4,default,ztrial,subject_disjoint,20260918,78,0.666667
imagery_left_right_fist,eegnet_v4,default,ztrial,subject_disjoint,20260918,79,0.688889
imagery_left_right_fist,eegnet_v4,default,ztrial,subject_disjoint,20260918,80,0.555556
imagery_left_right_fist,eegnet_v4,default,ztrial,subject_disjoint,20260918,81,0.844444
imagery_left_right_fist,eegnet_v4,default,ztrial,subject_disjoint,20260918,82,0.822222
imagery_left_right_fist,eegnet_v4,default,ztrial,subject_disjoint,20260918,83,0.688889
imagery_left_right_fist,eegnet_v4,default,ztrial,subject_disjoint,20260918,84,0.911111
imagery_left_right_fist,eegnet_v4,default,ztrial,subject_disjoint,20260918,85,0.8
imagery_left_right_fist,eegnet_v4,default,ztrial,subject_disjoint,20260918,86,0.911111
imagery_left_right_fist,eegnet_v4,default,ztrial,subject_disjoint,20260918,87,0.733333
imagery_left_right_fist,eegnet_v4,default,ztrial,subject_disjoint,20260918,88,0.666667
imagery_left_right_fist,eegnet_v4,default,ztrial,subject_disjoint,20260918,89,0.822222
imagery_left_right_fist,eegnet_v4,default,ztrial,subject_disjoint,20260918,90,0.911111
imagery_left_right_fist,eegnet_v4,default,ztrial,subject_disjoint,20260918,91,0.911111
imagery_left_right_fist,eegnet_v4,default,ztrial,subject_disjoint,20260918,92,0.789474
imagery_left_right_fist,eegnet_v4,default,ztrial,subject_disjoint,20260918,93,0.8
imagery_left_right_fist,eegnet_v4,default,ztrial,subject_disjoint,20260918,94,0.8
imagery_left_right_fist,eegnet_v4,default,ztrial,subject_disjoint,20260918,95,0.911111
imagery_left_right_fist,eegnet_v4,default,ztrial,subject_disjoint,20260918,96,0.933333
imagery_left_right_fist,eegnet_v4,default,ztrial,subject_disjoint,20260918,97,0.733333
imagery_left_right_fist,eegnet_v4,default,ztrial,subject_disjoint,20260918,98,0.733333
imagery_left_right_fist,eegnet_v4,default,ztrial,subject_disjoint,20260918,99,0.622222
imagery_left_right_fist,eegnet_v4,default,ztrial,subject_disjoint,20260918,100,0.916667
imagery_left_right_fist,eegnet_v4,default,ztrial,subject_disjoint,20260918,101,0.977778
imagery_left_right_fist,eegnet_v4,default,ztrial,subject_disjoint,20260918,102,0.761905
imagery_left_right_fist,eegnet_v4,default,ztrial,subject_disjoint,20260918,103,0.822222
imagery_left_right_fist,eegnet_v4,default,ztrial,subject_disjoint,20260918,104,0.738095
imagery_left_right_fist,eegnet_v4,default,ztrial,subject_disjoint,20260918,105,0.955556
imagery_left_right_fist,eegnet_v4,default,ztrial,subject_disjoint,20260918,106,0.666667
imagery_left_right_fist,eegnet_v4,default,ztrial,subject_disjoint,20260918,107,0.755556
imagery_left_right_fist,eegnet_v4,default,ztrial,subject_disjoint,20260918,108,0.844444
imagery_left_right_fist,eegnet_v4,default,ztrial,subject_disjoint,20260918,109,0.644444
imagery_left_right_fist,shallow_fbcsp,default,ztrial,trial_random,20260916,1,0.822222
imagery_left_right_fist,shallow_fbcsp,default,ztrial,trial_random,20260916,2,0.933333
imagery_left_right_fist,shallow_fbcsp,default,ztrial,trial_random,20260916,3,0.622222
imagery_left_right_fist,shallow_fbcsp,default,ztrial,trial_random,20260916,4,0.933333
imagery_left_right_fist,shallow_fbcsp,default,ztrial,trial_random,20260916,5,0.622222
imagery_left_right_fist,shallow_fbcsp,default,ztrial,trial_random,20260916,6,0.577778
imagery_left_right_fist,shallow_fbcsp,default,ztrial,trial_random,20260916,7,0.911111
imagery_left_right_fist,shallow_fbcsp,default,ztrial,trial_random,20260916,8,0.644444
imagery_left_right_fist,shallow_fbcsp,default,ztrial,trial_random,20260916,9,0.666667
imagery_left_right_fist,shallow_fbcsp,default,ztrial,trial_random,20260916,10,0.688889
imagery_left_right_fist,shallow_fbcsp,default,ztrial,trial_random,20260916,11,0.644444
imagery_left_right_fist,shallow_fbcsp,default,ztrial,trial_random,20260916,12,0.666667
imagery_left_right_fist,shallow_fbcsp,default,ztrial,trial_random,20260916,13,0.688889
imagery_left_right_fist,shallow_fbcsp,default,ztrial,trial_random,20260916,14,0.777778
imagery_left_right_fist,shallow_fbcsp,default,ztrial,trial_random,20260916,15,0.911111
imagery_left_right_fist,shallow_fbcsp,default,ztrial,trial_random,20260916,16,0.622222
imagery_left_right_fist,shallow_fbcsp,default,ztrial,trial_random,20260916,17,0.6
imagery_left_right_fist,shallow_fbcsp,default,ztrial,trial_random,20260916,18,0.911111
imagery_left_right_fist,shallow_fbcsp,default,ztrial,trial_random,20260916,19,0.844444
imagery_left_right_fist,shallow_fbcsp,default,ztrial,trial_random,20260916,20,0.866667
imagery_left_right_fist,shallow_fbcsp,default,ztrial,trial_random,20260916,21,0.822222
imagery_left_right_fist,shallow_fbcsp,default,ztrial,trial_random,20260916,22,0.911111
imagery_left_right_fist,shallow_fbcsp,default,ztrial,trial_random,20260916,23,0.733333
imagery_left_right_fist,shallow_fbcsp,default,ztrial,trial_random,20260916,24,0.533333
imagery_left_right_fist,shallow_fbcsp,default,ztrial,trial_random,20260916,25,0.666667
imagery_left_right_fist,shallow_fbcsp,default,ztrial,trial_random,20260916,26,0.488889
imagery_left_right_fist,shallow_fbcsp,default,ztrial,trial_random,20260916,27,0.711111
imagery_left_right_fist,shallow_fbcsp,default,ztrial,trial_random,20260916,28,0.6
imagery_left_right_fist,shallow_fbcsp,default,ztrial,trial_random,20260916,29,0.755556
imagery_left_right_fist,shallow_fbcsp,default,ztrial,trial_random,20260916,30,0.666667
imagery_left_right_fist,shallow_fbcsp,default,ztrial,trial_random,20260916,31,0.733333
imagery_left_right_fist,shallow_fbcsp,default,ztrial,trial_random,20260916,32,0.866667
imagery_left_right_fist,shallow_fbcsp,default,ztrial,trial_random,20260916,33,0.777778
imagery_left_right_fist,shallow_fbcsp,default,ztrial,trial_random,20260916,34,0.790698
imagery_left_right_fist,shallow_fbcsp,default,ztrial,trial_random,20260916,35,0.844444
imagery_left_right_fist,shallow_fbcsp,default,ztrial,trial_random,20260916,36,0.755556
imagery_left_right_fist,shallow_fbcsp,default,ztrial,trial_random,20260916,37,0.744186
imagery_left_right_fist,shallow_fbcsp,default,ztrial,trial_random,20260916,38,0.511111
imagery_left_right_fist,shallow_fbcsp,default,ztrial,trial_random,20260916,39,0.711111
imagery_left_right_fist,shallow_fbcsp,default,ztrial,trial_random,20260916,40,0.955556
imagery_left_right_fist,shallow_fbcsp,default,ztrial,trial_random,20260916,41,0.659091
imagery_left_right_fist,shallow_fbcsp,default,ztrial,trial_random,20260916,42,0.866667
imagery_left_right_fist,shallow_fbcsp,default,ztrial,trial_random,20260916,43,0.888889
imagery_left_right_fist,shallow_fbcsp,default,ztrial,trial_random,20260916,44,0.844444
imagery_left_right_fist,shallow_fbcsp,default,ztrial,trial_random,20260916,45,0.622222
imagery_left_right_fist,shallow_fbcsp,default,ztrial,trial_random,20260916,46,0.577778
imagery_left_right_fist,shallow_fbcsp,default,ztrial,trial_random,20260916,47,0.733333
imagery_left_right_fist,shallow_fbcsp,default,ztrial,trial_random,20260916,48,0.777778
imagery_left_right_fist,shallow_fbcsp,default,ztrial,trial_random,20260916,49,0.711111
imagery_left_right_fist,shallow_fbcsp,default,ztrial,trial_random,20260916,50,0.6
imagery_left_right_fist,shallow_fbcsp,default,ztrial,trial_random,20260916,51,0.888889
imagery_left_right_fist,shallow_fbcsp,default,ztrial,trial_random,20260916,52,0.888889
imagery_left_right_fist,shallow_fbcsp,default,ztrial,trial_random,20260916,53,0.666667
imagery_left_right_fist,shallow_fbcsp,default,ztrial,trial_random,20260916,54,0.755556
imagery_left_right_fist,shallow_fbcsp,default,ztrial,trial_random,20260916,55,0.911111
imagery_left_right_fist,shallow_fbcsp,default,ztrial,trial_random,20260916,56,0.866667
imagery_left_right_fist,shallow_fbcsp,default,ztrial,trial_random,20260916,57,0.622222
imagery_left_right_fist,shallow_fbcsp,default,ztrial,trial_random,20260916,58,0.577778
imagery_left_right_fist,shallow_fbcsp,default,ztrial,trial_random,20260916,59,0.688889
imagery_left_right_fist,shallow_fbcsp,default,ztrial,trial_random,20260916,60,0.822222
imagery_left_right_fist,shallow_fbcsp,default,ztrial,trial_random,20260916,61,0.911111
imagery_left_right_fist,shallow_fbcsp,default,ztrial,trial_random,20260916,62,0.955556
imagery_left_right_fist,shallow_fbcsp,default,ztrial,trial_random,20260916,63,0.644444
imagery_left_right_fist,shallow_fbcsp,default,ztrial,trial_random,20260916,64,0.704545
imagery_left_right_fist,shallow_fbcsp,default,ztrial,trial_random,20260916,65,0.866667
imagery_left_right_fist,shallow_fbcsp,default,ztrial,trial_random,20260916,66,0.733333
imagery_left_right_fist,shallow_fbcsp,default,ztrial,trial_random,20260916,67,0.711111
imagery_left_right_fist,shallow_fbcsp,default,ztrial,trial_random,20260916,68,0.822222
imagery_left_right_fist,shallow_fbcsp,default,ztrial,trial_random,20260916,69,0.555556
imagery_left_right_fist,shallow_fbcsp,default,ztrial,trial_random,20260916,70,0.733333
imagery_left_right_fist,shallow_fbcsp,default,ztrial,trial_random,20260916,71,0.733333
imagery_left_right_fist,shallow_fbcsp,default,ztrial,trial_random,20260916,72,0.976744
imagery_left_right_fist,shallow_fbcsp,default,ztrial,trial_random,20260916,73,0.666667
imagery_left_right_fist,shallow_fbcsp,default,ztrial,trial_random,20260916,74,0.581395
imagery_left_right_fist,shallow_fbcsp,default,ztrial,trial_random,20260916,75,0.755556
imagery_left_right_fist,shallow_fbcsp,default,ztrial,trial_random,20260916,76,0.547619
imagery_left_right_fist,shallow_fbcsp,default,ztrial,trial_random,20260916,77,0.733333
imagery_left_right_fist,shallow_fbcsp,default,ztrial,trial_random,20260916,78,0.711111
imagery_left_right_fist,shallow_fbcsp,default,ztrial,trial_random,20260916,79,0.6
imagery_left_right_fist,shallow_fbcsp,default,ztrial,trial_random,20260916,80,0.511111
imagery_left_right_fist,shallow_fbcsp,default,ztrial,trial_random,20260916,81,0.755556
imagery_left_right_fist,shallow_fbcsp,default,ztrial,trial_random,20260916,82,0.822222
imagery_left_right_fist,shallow_fbcsp,default,ztrial,trial_random,20260916,83,0.666667
imagery_left_right_fist,shallow_fbcsp,default,ztrial,trial_random,20260916,84,0.711111
imagery_left_right_fist,shallow_fbcsp,default,ztrial,trial_random,20260916,85,0.822222
imagery_left_right_fist,shallow_fbcsp,default,ztrial,trial_random,20260916,86,0.844444
imagery_left_right_fist,shallow_fbcsp,default,ztrial,trial_random,20260916,87,0.711111
imagery_left_right_fist,shallow_fbcsp,default,ztrial,trial_random,20260916,88,0.719298
imagery_left_right_fist,shallow_fbcsp,default,ztrial,trial_random,20260916,89,0.688889
imagery_left_right_fist,shallow_fbcsp,default,ztrial,trial_random,20260916,90,0.822222
imagery_left_right_fist,shallow_fbcsp,default,ztrial,trial_random,20260916,91,0.711111
imagery_left_right_fist,shallow_fbcsp,default,ztrial,trial_random,20260916,92,0.736842
imagery_left_right_fist,shallow_fbcsp,default,ztrial,trial_random,20260916,93,0.844444
imagery_left_right_fist,shallow_fbcsp,default,ztrial,trial_random,20260916,94,0.755556
imagery_left_right_fist,shallow_fbcsp,default,ztrial,trial_random,20260916,95,0.666667
imagery_left_right_fist,shallow_fbcsp,default,ztrial,trial_random,20260916,96,0.777778
imagery_left_right_fist,shallow_fbcsp,default,ztrial,trial_random,20260916,97,0.755556
imagery_left_right_fist,shallow_fbcsp,default,ztrial,trial_random,20260916,98,0.711111
imagery_left_right_fist,shallow_fbcsp,default,ztrial,trial_random,20260916,99,0.466667
imagery_left_right_fist,shallow_fbcsp,default,ztrial,trial_random,20260916,100,0.805556
imagery_left_right_fist,shallow_fbcsp,default,ztrial,trial_random,20260916,101,0.688889
imagery_left_right_fist,shallow_fbcsp,default,ztrial,trial_random,20260916,102,0.809524
imagery_left_right_fist,shallow_fbcsp,default,ztrial,trial_random,20260916,103,0.822222
imagery_left_right_fist,shallow_fbcsp,default,ztrial,trial_random,20260916,104,0.833333
imagery_left_right_fist,shallow_fbcsp,default,ztrial,trial_random,20260916,105,0.911111
imagery_left_right_fist,shallow_fbcsp,default,ztrial,trial_random,20260916,106,0.577778
imagery_left_right_fist,shallow_fbcsp,default,ztrial,trial_random,20260916,107,0.422222
imagery_left_right_fist,shallow_fbcsp,default,ztrial,trial_random,20260916,108,0.8
imagery_left_right_fist,shallow_fbcsp,default,ztrial,trial_random,20260916,109,0.733333
imagery_left_right_fist,shallow_fbcsp,default,ztrial,trial_random,20260917,1,0.755556
imagery_left_right_fist,shallow_fbcsp,default,ztrial,trial_random,20260917,2,0.888889
imagery_left_right_fist,shallow_fbcsp,default,ztrial,trial_random,20260917,3,0.644444
imagery_left_right_fist,shallow_fbcsp,default,ztrial,trial_random,20260917,4,0.822222
imagery_left_right_fist,shallow_fbcsp,default,ztrial,trial_random,20260917,5,0.688889
imagery_left_right_fist,shallow_fbcsp,default,ztrial,trial_random,20260917,6,0.711111
imagery_left_right_fist,shallow_fbcsp,default,ztrial,trial_random,20260917,7,0.955556
imagery_left_right_fist,shallow_fbcsp,default,ztrial,trial_random,20260917,8,0.666667
imagery_left_right_fist,shallow_fbcsp,default,ztrial,trial_random,20260917,9,0.422222
imagery_left_right_fist,shallow_fbcsp,default,ztrial,trial_random,20260917,10,0.666667
imagery_left_right_fist,shallow_fbcsp,default,ztrial,trial_random,20260917,11,0.622222
imagery_left_right_fist,shallow_fbcsp,default,ztrial,trial_random,20260917,12,0.711111
imagery_left_right_fist,shallow_fbcsp,default,ztrial,trial_random,20260917,13,0.755556
imagery_left_right_fist,shallow_fbcsp,default,ztrial,trial_random,20260917,14,0.711111
imagery_left_right_fist,shallow_fbcsp,default,ztrial,trial_random,20260917,15,0.888889
imagery_left_right_fist,shallow_fbcsp,default,ztrial,trial_random,20260917,16,0.488889
imagery_left_right_fist,shallow_fbcsp,default,ztrial,trial_random,20260917,17,0.577778
imagery_left_right_fist,shallow_fbcsp,default,ztrial,trial_random,20260917,18,0.866667
imagery_left_right_fist,shallow_fbcsp,default,ztrial,trial_random,20260917,19,0.777778
imagery_left_right_fist,shallow_fbcsp,default,ztrial,trial_random,20260917,20,0.822222
imagery_left_right_fist,shallow_fbcsp,default,ztrial,trial_random,20260917,21,0.711111
imagery_left_right_fist,shallow_fbcsp,default,ztrial,trial_random,20260917,22,0.844444
imagery_left_right_fist,shallow_fbcsp,default,ztrial,trial_random,20260917,23,0.755556
imagery_left_right_fist,shallow_fbcsp,default,ztrial,trial_random,20260917,24,0.644444
imagery_left_right_fist,shallow_fbcsp,default,ztrial,trial_random,20260917,25,0.777778
imagery_left_right_fist,shallow_fbcsp,default,ztrial,trial_random,20260917,26,0.577778
imagery_left_right_fist,shallow_fbcsp,default,ztrial,trial_random,20260917,27,0.733333
imagery_left_right_fist,shallow_fbcsp,default,ztrial,trial_random,20260917,28,0.644444
imagery_left_right_fist,shallow_fbcsp,default,ztrial,trial_random,20260917,29,0.755556
imagery_left_right_fist,shallow_fbcsp,default,ztrial,trial_random,20260917,30,0.622222
imagery_left_right_fist,shallow_fbcsp,default,ztrial,trial_random,20260917,31,0.755556
imagery_left_right_fist,shallow_fbcsp,default,ztrial,trial_random,20260917,32,0.822222
imagery_left_right_fist,shallow_fbcsp,default,ztrial,trial_random,20260917,33,0.644444
imagery_left_right_fist,shallow_fbcsp,default,ztrial,trial_random,20260917,34,0.790698
imagery_left_right_fist,shallow_fbcsp,default,ztrial,trial_random,20260917,35,0.822222
imagery_left_right_fist,shallow_fbcsp,default,ztrial,trial_random,20260917,36,0.555556
imagery_left_right_fist,shallow_fbcsp,default,ztrial,trial_random,20260917,37,0.697674
imagery_left_right_fist,shallow_fbcsp,default,ztrial,trial_random,20260917,38,0.533333
imagery_left_right_fist,shallow_fbcsp,default,ztrial,trial_random,20260917,39,0.6
imagery_left_right_fist,shallow_fbcsp,default,ztrial,trial_random,20260917,40,0.888889
imagery_left_right_fist,shallow_fbcsp,default,ztrial,trial_random,20260917,41,0.772727
imagery_left_right_fist,shallow_fbcsp,default,ztrial,trial_random,20260917,42,0.888889
imagery_left_right_fist,shallow_fbcsp,default,ztrial,trial_random,20260917,43,0.888889
imagery_left_right_fist,shallow_fbcsp,default,ztrial,trial_random,20260917,44,0.8
imagery_left_right_fist,shallow_fbcsp,default,ztrial,trial_random,20260917,45,0.733333
imagery_left_right_fist,shallow_fbcsp,default,ztrial,trial_random,20260917,46,0.688889
imagery_left_right_fist,shallow_fbcsp,default,ztrial,trial_random,20260917,47,0.688889
imagery_left_right_fist,shallow_fbcsp,default,ztrial,trial_random,20260917,48,0.733333
imagery_left_right_fist,shallow_fbcsp,default,ztrial,trial_random,20260917,49,0.733333
imagery_left_right_fist,shallow_fbcsp,default,ztrial,trial_random,20260917,50,0.511111
imagery_left_right_fist,shallow_fbcsp,default,ztrial,trial_random,20260917,51,0.777778
imagery_left_right_fist,shallow_fbcsp,default,ztrial,trial_random,20260917,52,0.822222
imagery_left_right_fist,shallow_fbcsp,default,ztrial,trial_random,20260917,53,0.733333
imagery_left_right_fist,shallow_fbcsp,default,ztrial,trial_random,20260917,54,0.755556
imagery_left_right_fist,shallow_fbcsp,default,ztrial,trial_random,20260917,55,0.888889
imagery_left_right_fist,shallow_fbcsp,default,ztrial,trial_random,20260917,56,0.822222
imagery_left_right_fist,shallow_fbcsp,default,ztrial,trial_random,20260917,57,0.555556
imagery_left_right_fist,shallow_fbcsp,default,ztrial,trial_random,20260917,58,0.511111
imagery_left_right_fist,shallow_fbcsp,default,ztrial,trial_random,20260917,59,0.711111
imagery_left_right_fist,shallow_fbcsp,default,ztrial,trial_random,20260917,60,0.844444
imagery_left_right_fist,shallow_fbcsp,default,ztrial,trial_random,20260917,61,0.733333
imagery_left_right_fist,shallow_fbcsp,default,ztrial,trial_random,20260917,62,0.911111
imagery_left_right_fist,shallow_fbcsp,default,ztrial,trial_random,20260917,63,0.577778
imagery_left_right_fist,shallow_fbcsp,default,ztrial,trial_random,20260917,64,0.659091
imagery_left_right_fist,shallow_fbcsp,default,ztrial,trial_random,20260917,65,0.888889
imagery_left_right_fist,shallow_fbcsp,default,ztrial,trial_random,20260917,66,0.666667
imagery_left_right_fist,shallow_fbcsp,default,ztrial,trial_random,20260917,67,0.666667
imagery_left_right_fist,shallow_fbcsp,default,ztrial,trial_random,20260917,68,0.777778
imagery_left_right_fist,shallow_fbcsp,default,ztrial,trial_random,20260917,69,0.622222
imagery_left_right_fist,shallow_fbcsp,default,ztrial,trial_random,20260917,70,0.733333
imagery_left_right_fist,shallow_fbcsp,default,ztrial,trial_random,20260917,71,0.777778
imagery_left_right_fist,shallow_fbcsp,default,ztrial,trial_random,20260917,72,0.976744
imagery_left_right_fist,shallow_fbcsp,default,ztrial,trial_random,20260917,73,0.666667
imagery_left_right_fist,shallow_fbcsp,default,ztrial,trial_random,20260917,74,0.674419
imagery_left_right_fist,shallow_fbcsp,default,ztrial,trial_random,20260917,75,0.733333
imagery_left_right_fist,shallow_fbcsp,default,ztrial,trial_random,20260917,76,0.571429
imagery_left_right_fist,shallow_fbcsp,default,ztrial,trial_random,20260917,77,0.911111
imagery_left_right_fist,shallow_fbcsp,default,ztrial,trial_random,20260917,78,0.622222
imagery_left_right_fist,shallow_fbcsp,default,ztrial,trial_random,20260917,79,0.555556
imagery_left_right_fist,shallow_fbcsp,default,ztrial,trial_random,20260917,80,0.622222
imagery_left_right_fist,shallow_fbcsp,default,ztrial,trial_random,20260917,81,0.822222
imagery_left_right_fist,shallow_fbcsp,default,ztrial,trial_random,20260917,82,0.777778
imagery_left_right_fist,shallow_fbcsp,default,ztrial,trial_random,20260917,83,0.666667
imagery_left_right_fist,shallow_fbcsp,default,ztrial,trial_random,20260917,84,0.755556
imagery_left_right_fist,shallow_fbcsp,default,ztrial,trial_random,20260917,85,0.888889
imagery_left_right_fist,shallow_fbcsp,default,ztrial,trial_random,20260917,86,0.822222
imagery_left_right_fist,shallow_fbcsp,default,ztrial,trial_random,20260917,87,0.688889
imagery_left_right_fist,shallow_fbcsp,default,ztrial,trial_random,20260917,88,0.649123
imagery_left_right_fist,shallow_fbcsp,default,ztrial,trial_random,20260917,89,0.733333
imagery_left_right_fist,shallow_fbcsp,default,ztrial,trial_random,20260917,90,0.711111
imagery_left_right_fist,shallow_fbcsp,default,ztrial,trial_random,20260917,91,0.688889
imagery_left_right_fist,shallow_fbcsp,default,ztrial,trial_random,20260917,92,0.666667
imagery_left_right_fist,shallow_fbcsp,default,ztrial,trial_random,20260917,93,0.844444
imagery_left_right_fist,shallow_fbcsp,default,ztrial,trial_random,20260917,94,0.666667
imagery_left_right_fist,shallow_fbcsp,default,ztrial,trial_random,20260917,95,0.755556
imagery_left_right_fist,shallow_fbcsp,default,ztrial,trial_random,20260917,96,0.822222
imagery_left_right_fist,shallow_fbcsp,default,ztrial,trial_random,20260917,97,0.666667
imagery_left_right_fist,shallow_fbcsp,default,ztrial,trial_random,20260917,98,0.644444
imagery_left_right_fist,shallow_fbcsp,default,ztrial,trial_random,20260917,99,0.4
imagery_left_right_fist,shallow_fbcsp,default,ztrial,trial_random,20260917,100,0.805556
imagery_left_right_fist,shallow_fbcsp,default,ztrial,trial_random,20260917,101,0.666667
imagery_left_right_fist,shallow_fbcsp,default,ztrial,trial_random,20260917,102,0.738095
imagery_left_right_fist,shallow_fbcsp,default,ztrial,trial_random,20260917,103,0.866667
imagery_left_right_fist,shallow_fbcsp,default,ztrial,trial_random,20260917,104,0.761905
imagery_left_right_fist,shallow_fbcsp,default,ztrial,trial_random,20260917,105,0.888889
imagery_left_right_fist,shallow_fbcsp,default,ztrial,trial_random,20260917,106,0.644444
imagery_left_right_fist,shallow_fbcsp,default,ztrial,trial_random,20260917,107,0.533333
imagery_left_right_fist,shallow_fbcsp,default,ztrial,trial_random,20260917,108,0.777778
imagery_left_right_fist,shallow_fbcsp,default,ztrial,trial_random,20260917,109,0.555556
imagery_left_right_fist,shallow_fbcsp,default,ztrial,trial_random,20260918,1,0.755556
imagery_left_right_fist,shallow_fbcsp,default,ztrial,trial_random,20260918,2,0.911111
imagery_left_right_fist,shallow_fbcsp,default,ztrial,trial_random,20260918,3,0.711111
imagery_left_right_fist,shallow_fbcsp,default,ztrial,trial_random,20260918,4,0.822222
imagery_left_right_fist,shallow_fbcsp,default,ztrial,trial_random,20260918,5,0.688889
imagery_left_right_fist,shallow_fbcsp,default,ztrial,trial_random,20260918,6,0.733333
imagery_left_right_fist,shallow_fbcsp,default,ztrial,trial_random,20260918,7,0.888889
imagery_left_right_fist,shallow_fbcsp,default,ztrial,trial_random,20260918,8,0.711111
imagery_left_right_fist,shallow_fbcsp,default,ztrial,trial_random,20260918,9,0.6
imagery_left_right_fist,shallow_fbcsp,default,ztrial,trial_random,20260918,10,0.711111
imagery_left_right_fist,shallow_fbcsp,default,ztrial,trial_random,20260918,11,0.622222
imagery_left_right_fist,shallow_fbcsp,default,ztrial,trial_random,20260918,12,0.622222
imagery_left_right_fist,shallow_fbcsp,default,ztrial,trial_random,20260918,13,0.777778
imagery_left_right_fist,shallow_fbcsp,default,ztrial,trial_random,20260918,14,0.688889
imagery_left_right_fist,shallow_fbcsp,default,ztrial,trial_random,20260918,15,0.911111
imagery_left_right_fist,shallow_fbcsp,default,ztrial,trial_random,20260918,16,0.622222
imagery_left_right_fist,shallow_fbcsp,default,ztrial,trial_random,20260918,17,0.555556
imagery_left_right_fist,shallow_fbcsp,default,ztrial,trial_random,20260918,18,0.888889
imagery_left_right_fist,shallow_fbcsp,default,ztrial,trial_random,20260918,19,0.622222
imagery_left_right_fist,shallow_fbcsp,default,ztrial,trial_random,20260918,20,0.911111
imagery_left_right_fist,shallow_fbcsp,default,ztrial,trial_random,20260918,21,0.733333
imagery_left_right_fist,shallow_fbcsp,default,ztrial,trial_random,20260918,22,0.822222
imagery_left_right_fist,shallow_fbcsp,default,ztrial,trial_random,20260918,23,0.733333
imagery_left_right_fist,shallow_fbcsp,default,ztrial,trial_random,20260918,24,0.6
imagery_left_right_fist,shallow_fbcsp,default,ztrial,trial_random,20260918,25,0.622222
imagery_left_right_fist,shallow_fbcsp,default,ztrial,trial_random,20260918,26,0.688889
imagery_left_right_fist,shallow_fbcsp,default,ztrial,trial_random,20260918,27,0.666667
imagery_left_right_fist,shallow_fbcsp,default,ztrial,trial_random,20260918,28,0.644444
imagery_left_right_fist,shallow_fbcsp,default,ztrial,trial_random,20260918,29,0.777778
imagery_left_right_fist,shallow_fbcsp,default,ztrial,trial_random,20260918,30,0.6
imagery_left_right_fist,shallow_fbcsp,default,ztrial,trial_random,20260918,31,0.733333
imagery_left_right_fist,shallow_fbcsp,default,ztrial,trial_random,20260918,32,0.911111
imagery_left_right_fist,shallow_fbcsp,default,ztrial,trial_random,20260918,33,0.822222
imagery_left_right_fist,shallow_fbcsp,default,ztrial,trial_random,20260918,34,0.697674
imagery_left_right_fist,shallow_fbcsp,default,ztrial,trial_random,20260918,35,0.8
imagery_left_right_fist,shallow_fbcsp,default,ztrial,trial_random,20260918,36,0.666667
imagery_left_right_fist,shallow_fbcsp,default,ztrial,trial_random,20260918,37,0.744186
imagery_left_right_fist,shallow_fbcsp,default,ztrial,trial_random,20260918,38,0.555556
imagery_left_right_fist,shallow_fbcsp,default,ztrial,trial_random,20260918,39,0.555556
imagery_left_right_fist,shallow_fbcsp,default,ztrial,trial_random,20260918,40,0.955556
imagery_left_right_fist,shallow_fbcsp,default,ztrial,trial_random,20260918,41,0.590909
imagery_left_right_fist,shallow_fbcsp,default,ztrial,trial_random,20260918,42,0.911111
imagery_left_right_fist,shallow_fbcsp,default,ztrial,trial_random,20260918,43,0.888889
imagery_left_right_fist,shallow_fbcsp,default,ztrial,trial_random,20260918,44,0.866667
imagery_left_right_fist,shallow_fbcsp,default,ztrial,trial_random,20260918,45,0.644444
imagery_left_right_fist,shallow_fbcsp,default,ztrial,trial_random,20260918,46,0.666667
imagery_left_right_fist,shallow_fbcsp,default,ztrial,trial_random,20260918,47,0.777778
imagery_left_right_fist,shallow_fbcsp,default,ztrial,trial_random,20260918,48,0.8
imagery_left_right_fist,shallow_fbcsp,default,ztrial,trial_random,20260918,49,0.844444
imagery_left_right_fist,shallow_fbcsp,default,ztrial,trial_random,20260918,50,0.511111
imagery_left_right_fist,shallow_fbcsp,default,ztrial,trial_random,20260918,51,0.844444
imagery_left_right_fist,shallow_fbcsp,default,ztrial,trial_random,20260918,52,0.933333
imagery_left_right_fist,shallow_fbcsp,default,ztrial,trial_random,20260918,53,0.711111
imagery_left_right_fist,shallow_fbcsp,default,ztrial,trial_random,20260918,54,0.733333
imagery_left_right_fist,shallow_fbcsp,default,ztrial,trial_random,20260918,55,0.888889
imagery_left_right_fist,shallow_fbcsp,default,ztrial,trial_random,20260918,56,0.866667
imagery_left_right_fist,shallow_fbcsp,default,ztrial,trial_random,20260918,57,0.622222
imagery_left_right_fist,shallow_fbcsp,default,ztrial,trial_random,20260918,58,0.577778
imagery_left_right_fist,shallow_fbcsp,default,ztrial,trial_random,20260918,59,0.755556
imagery_left_right_fist,shallow_fbcsp,default,ztrial,trial_random,20260918,60,0.866667
imagery_left_right_fist,shallow_fbcsp,default,ztrial,trial_random,20260918,61,0.755556
imagery_left_right_fist,shallow_fbcsp,default,ztrial,trial_random,20260918,62,0.955556
imagery_left_right_fist,shallow_fbcsp,default,ztrial,trial_random,20260918,63,0.688889
imagery_left_right_fist,shallow_fbcsp,default,ztrial,trial_random,20260918,64,0.727273
imagery_left_right_fist,shallow_fbcsp,default,ztrial,trial_random,20260918,65,0.888889
imagery_left_right_fist,shallow_fbcsp,default,ztrial,trial_random,20260918,66,0.644444
imagery_left_right_fist,shallow_fbcsp,default,ztrial,trial_random,20260918,67,0.622222
imagery_left_right_fist,shallow_fbcsp,default,ztrial,trial_random,20260918,68,0.755556
imagery_left_right_fist,shallow_fbcsp,default,ztrial,trial_random,20260918,69,0.644444
imagery_left_right_fist,shallow_fbcsp,default,ztrial,trial_random,20260918,70,0.844444
imagery_left_right_fist,shallow_fbcsp,default,ztrial,trial_random,20260918,71,0.711111
imagery_left_right_fist,shallow_fbcsp,default,ztrial,trial_random,20260918,72,0.953488
imagery_left_right_fist,shallow_fbcsp,default,ztrial,trial_random,20260918,73,0.690476
imagery_left_right_fist,shallow_fbcsp,default,ztrial,trial_random,20260918,74,0.651163
imagery_left_right_fist,shallow_fbcsp,default,ztrial,trial_random,20260918,75,0.711111
imagery_left_right_fist,shallow_fbcsp,default,ztrial,trial_random,20260918,76,0.595238
imagery_left_right_fist,shallow_fbcsp,default,ztrial,trial_random,20260918,77,0.822222
imagery_left_right_fist,shallow_fbcsp,default,ztrial,trial_random,20260918,78,0.666667
imagery_left_right_fist,shallow_fbcsp,default,ztrial,trial_random,20260918,79,0.555556
imagery_left_right_fist,shallow_fbcsp,default,ztrial,trial_random,20260918,80,0.644444
imagery_left_right_fist,shallow_fbcsp,default,ztrial,trial_random,20260918,81,0.822222
imagery_left_right_fist,shallow_fbcsp,default,ztrial,trial_random,20260918,82,0.822222
imagery_left_right_fist,shallow_fbcsp,default,ztrial,trial_random,20260918,83,0.688889
imagery_left_right_fist,shallow_fbcsp,default,ztrial,trial_random,20260918,84,0.711111
imagery_left_right_fist,shallow_fbcsp,default,ztrial,trial_random,20260918,85,0.8
imagery_left_right_fist,shallow_fbcsp,default,ztrial,trial_random,20260918,86,0.844444
imagery_left_right_fist,shallow_fbcsp,default,ztrial,trial_random,20260918,87,0.622222
imagery_left_right_fist,shallow_fbcsp,default,ztrial,trial_random,20260918,88,0.754386
imagery_left_right_fist,shallow_fbcsp,default,ztrial,trial_random,20260918,89,0.755556
imagery_left_right_fist,shallow_fbcsp,default,ztrial,trial_random,20260918,90,0.866667
imagery_left_right_fist,shallow_fbcsp,default,ztrial,trial_random,20260918,91,0.8
imagery_left_right_fist,shallow_fbcsp,default,ztrial,trial_random,20260918,92,0.719298
imagery_left_right_fist,shallow_fbcsp,default,ztrial,trial_random,20260918,93,0.8
imagery_left_right_fist,shallow_fbcsp,default,ztrial,trial_random,20260918,94,0.777778
imagery_left_right_fist,shallow_fbcsp,default,ztrial,trial_random,20260918,95,0.733333
imagery_left_right_fist,shallow_fbcsp,default,ztrial,trial_random,20260918,96,0.755556
imagery_left_right_fist,shallow_fbcsp,default,ztrial,trial_random,20260918,97,0.755556
imagery_left_right_fist,shallow_fbcsp,default,ztrial,trial_random,20260918,98,0.644444
imagery_left_right_fist,shallow_fbcsp,default,ztrial,trial_random,20260918,99,0.488889
imagery_left_right_fist,shallow_fbcsp,default,ztrial,trial_random,20260918,100,0.805556
imagery_left_right_fist,shallow_fbcsp,default,ztrial,trial_random,20260918,101,0.8
imagery_left_right_fist,shallow_fbcsp,default,ztrial,trial_random,20260918,102,0.738095
imagery_left_right_fist,shallow_fbcsp,default,ztrial,trial_random,20260918,103,0.866667
imagery_left_right_fist,shallow_fbcsp,default,ztrial,trial_random,20260918,104,0.761905
imagery_left_right_fist,shallow_fbcsp,default,ztrial,trial_random,20260918,105,0.911111
imagery_left_right_fist,shallow_fbcsp,default,ztrial,trial_random,20260918,106,0.666667
imagery_left_right_fist,shallow_fbcsp,default,ztrial,trial_random,20260918,107,0.466667
imagery_left_right_fist,shallow_fbcsp,default,ztrial,trial_random,20260918,108,0.711111
imagery_left_right_fist,shallow_fbcsp,default,ztrial,trial_random,20260918,109,0.688889
imagery_left_right_fist,shallow_fbcsp,default,ztrial,run_disjoint,20260916,1,0.777778
imagery_left_right_fist,shallow_fbcsp,default,ztrial,run_disjoint,20260916,2,0.8
imagery_left_right_fist,shallow_fbcsp,default,ztrial,run_disjoint,20260916,3,0.6
imagery_left_right_fist,shallow_fbcsp,default,ztrial,run_disjoint,20260916,4,0.844444
imagery_left_right_fist,shallow_fbcsp,default,ztrial,run_disjoint,20260916,5,0.688889
imagery_left_right_fist,shallow_fbcsp,default,ztrial,run_disjoint,20260916,6,0.688889
imagery_left_right_fist,shallow_fbcsp,default,ztrial,run_disjoint,20260916,7,0.888889
imagery_left_right_fist,shallow_fbcsp,default,ztrial,run_disjoint,20260916,8,0.622222
imagery_left_right_fist,shallow_fbcsp,default,ztrial,run_disjoint,20260916,9,0.577778
imagery_left_right_fist,shallow_fbcsp,default,ztrial,run_disjoint,20260916,10,0.622222
imagery_left_right_fist,shallow_fbcsp,default,ztrial,run_disjoint,20260916,11,0.777778
imagery_left_right_fist,shallow_fbcsp,default,ztrial,run_disjoint,20260916,12,0.711111
imagery_left_right_fist,shallow_fbcsp,default,ztrial,run_disjoint,20260916,13,0.666667
imagery_left_right_fist,shallow_fbcsp,default,ztrial,run_disjoint,20260916,14,0.688889
imagery_left_right_fist,shallow_fbcsp,default,ztrial,run_disjoint,20260916,15,0.911111
imagery_left_right_fist,shallow_fbcsp,default,ztrial,run_disjoint,20260916,16,0.711111
imagery_left_right_fist,shallow_fbcsp,default,ztrial,run_disjoint,20260916,17,0.688889
imagery_left_right_fist,shallow_fbcsp,default,ztrial,run_disjoint,20260916,18,0.911111
imagery_left_right_fist,shallow_fbcsp,default,ztrial,run_disjoint,20260916,19,0.777778
imagery_left_right_fist,shallow_fbcsp,default,ztrial,run_disjoint,20260916,20,0.822222
imagery_left_right_fist,shallow_fbcsp,default,ztrial,run_disjoint,20260916,21,0.733333
imagery_left_right_fist,shallow_fbcsp,default,ztrial,run_disjoint,20260916,22,0.8
imagery_left_right_fist,shallow_fbcsp,default,ztrial,run_disjoint,20260916,23,0.755556
imagery_left_right_fist,shallow_fbcsp,default,ztrial,run_disjoint,20260916,24,0.577778
imagery_left_right_fist,shallow_fbcsp,default,ztrial,run_disjoint,20260916,25,0.688889
imagery_left_right_fist,shallow_fbcsp,default,ztrial,run_disjoint,20260916,26,0.666667
imagery_left_right_fist,shallow_fbcsp,default,ztrial,run_disjoint,20260916,27,0.666667
imagery_left_right_fist,shallow_fbcsp,default,ztrial,run_disjoint,20260916,28,0.577778
imagery_left_right_fist,shallow_fbcsp,default,ztrial,run_disjoint,20260916,29,0.755556
imagery_left_right_fist,shallow_fbcsp,default,ztrial,run_disjoint,20260916,30,0.577778
imagery_left_right_fist,shallow_fbcsp,default,ztrial,run_disjoint,20260916,31,0.755556
imagery_left_right_fist,shallow_fbcsp,default,ztrial,run_disjoint,20260916,32,0.844444
imagery_left_right_fist,shallow_fbcsp,default,ztrial,run_disjoint,20260916,33,0.777778
imagery_left_right_fist,shallow_fbcsp,default,ztrial,run_disjoint,20260916,34,0.790698
imagery_left_right_fist,shallow_fbcsp,default,ztrial,run_disjoint,20260916,35,0.822222
imagery_left_right_fist,shallow_fbcsp,default,ztrial,run_disjoint,20260916,36,0.644444
imagery_left_right_fist,shallow_fbcsp,default,ztrial,run_disjoint,20260916,37,0.72093
imagery_left_right_fist,shallow_fbcsp,default,ztrial,run_disjoint,20260916,38,0.622222
imagery_left_right_fist,shallow_fbcsp,default,ztrial,run_disjoint,20260916,39,0.577778
imagery_left_right_fist,shallow_fbcsp,default,ztrial,run_disjoint,20260916,40,0.977778
imagery_left_right_fist,shallow_fbcsp,default,ztrial,run_disjoint,20260916,41,0.659091
imagery_left_right_fist,shallow_fbcsp,default,ztrial,run_disjoint,20260916,42,0.911111
imagery_left_right_fist,shallow_fbcsp,default,ztrial,run_disjoint,20260916,43,0.955556
imagery_left_right_fist,shallow_fbcsp,default,ztrial,run_disjoint,20260916,44,0.866667
imagery_left_right_fist,shallow_fbcsp,default,ztrial,run_disjoint,20260916,45,0.6
imagery_left_right_fist,shallow_fbcsp,default,ztrial,run_disjoint,20260916,46,0.666667
imagery_left_right_fist,shallow_fbcsp,default,ztrial,run_disjoint,20260916,47,0.777778
imagery_left_right_fist,shallow_fbcsp,default,ztrial,run_disjoint,20260916,48,0.822222
imagery_left_right_fist,shallow_fbcsp,default,ztrial,run_disjoint,20260916,49,0.822222
imagery_left_right_fist,shallow_fbcsp,default,ztrial,run_disjoint,20260916,50,0.577778
imagery_left_right_fist,shallow_fbcsp,default,ztrial,run_disjoint,20260916,51,0.733333
imagery_left_right_fist,shallow_fbcsp,default,ztrial,run_disjoint,20260916,52,0.844444
imagery_left_right_fist,shallow_fbcsp,default,ztrial,run_disjoint,20260916,53,0.733333
imagery_left_right_fist,shallow_fbcsp,default,ztrial,run_disjoint,20260916,54,0.8
imagery_left_right_fist,shallow_fbcsp,default,ztrial,run_disjoint,20260916,55,0.866667
imagery_left_right_fist,shallow_fbcsp,default,ztrial,run_disjoint,20260916,56,0.844444
imagery_left_right_fist,shallow_fbcsp,default,ztrial,run_disjoint,20260916,57,0.6
imagery_left_right_fist,shallow_fbcsp,default,ztrial,run_disjoint,20260916,58,0.555556
imagery_left_right_fist,shallow_fbcsp,default,ztrial,run_disjoint,20260916,59,0.644444
imagery_left_right_fist,shallow_fbcsp,default,ztrial,run_disjoint,20260916,60,0.822222
imagery_left_right_fist,shallow_fbcsp,default,ztrial,run_disjoint,20260916,61,0.777778
imagery_left_right_fist,shallow_fbcsp,default,ztrial,run_disjoint,20260916,62,0.933333
imagery_left_right_fist,shallow_fbcsp,default,ztrial,run_disjoint,20260916,63,0.711111
imagery_left_right_fist,shallow_fbcsp,default,ztrial,run_disjoint,20260916,64,0.704545
imagery_left_right_fist,shallow_fbcsp,default,ztrial,run_disjoint,20260916,65,0.8
imagery_left_right_fist,shallow_fbcsp,default,ztrial,run_disjoint,20260916,66,0.688889
imagery_left_right_fist,shallow_fbcsp,default,ztrial,run_disjoint,20260916,67,0.733333
imagery_left_right_fist,shallow_fbcsp,default,ztrial,run_disjoint,20260916,68,0.822222
imagery_left_right_fist,shallow_fbcsp,default,ztrial,run_disjoint,20260916,69,0.644444
imagery_left_right_fist,shallow_fbcsp,default,ztrial,run_disjoint,20260916,70,0.666667
imagery_left_right_fist,shallow_fbcsp,default,ztrial,run_disjoint,20260916,71,0.688889
imagery_left_right_fist,shallow_fbcsp,default,ztrial,run_disjoint,20260916,72,0.953488
imagery_left_right_fist,shallow_fbcsp,default,ztrial,run_disjoint,20260916,73,0.761905
imagery_left_right_fist,shallow_fbcsp,default,ztrial,run_disjoint,20260916,74,0.534884
imagery_left_right_fist,shallow_fbcsp,default,ztrial,run_disjoint,20260916,75,0.755556
imagery_left_right_fist,shallow_fbcsp,default,ztrial,run_disjoint,20260916,76,0.595238
imagery_left_right_fist,shallow_fbcsp,default,ztrial,run_disjoint,20260916,77,0.955556
imagery_left_right_fist,shallow_fbcsp,default,ztrial,run_disjoint,20260916,78,0.666667
imagery_left_right_fist,shallow_fbcsp,default,ztrial,run_disjoint,20260916,79,0.555556
imagery_left_right_fist,shallow_fbcsp,default,ztrial,run_disjoint,20260916,80,0.6
imagery_left_right_fist,shallow_fbcsp,default,ztrial,run_disjoint,20260916,81,0.733333
imagery_left_right_fist,shallow_fbcsp,default,ztrial,run_disjoint,20260916,82,0.755556
imagery_left_right_fist,shallow_fbcsp,default,ztrial,run_disjoint,20260916,83,0.733333
imagery_left_right_fist,shallow_fbcsp,default,ztrial,run_disjoint,20260916,84,0.688889
imagery_left_right_fist,shallow_fbcsp,default,ztrial,run_disjoint,20260916,85,0.844444
imagery_left_right_fist,shallow_fbcsp,default,ztrial,run_disjoint,20260916,86,0.866667
imagery_left_right_fist,shallow_fbcsp,default,ztrial,run_disjoint,20260916,87,0.622222
imagery_left_right_fist,shallow_fbcsp,default,ztrial,run_disjoint,20260916,88,0.666667
imagery_left_right_fist,shallow_fbcsp,default,ztrial,run_disjoint,20260916,89,0.733333
imagery_left_right_fist,shallow_fbcsp,default,ztrial,run_disjoint,20260916,90,0.777778
imagery_left_right_fist,shallow_fbcsp,default,ztrial,run_disjoint,20260916,91,0.777778
imagery_left_right_fist,shallow_fbcsp,default,ztrial,run_disjoint,20260916,92,0.666667
imagery_left_right_fist,shallow_fbcsp,default,ztrial,run_disjoint,20260916,93,0.888889
imagery_left_right_fist,shallow_fbcsp,default,ztrial,run_disjoint,20260916,94,0.711111
imagery_left_right_fist,shallow_fbcsp,default,ztrial,run_disjoint,20260916,95,0.755556
imagery_left_right_fist,shallow_fbcsp,default,ztrial,run_disjoint,20260916,96,0.755556
imagery_left_right_fist,shallow_fbcsp,default,ztrial,run_disjoint,20260916,97,0.644444
imagery_left_right_fist,shallow_fbcsp,default,ztrial,run_disjoint,20260916,98,0.777778
imagery_left_right_fist,shallow_fbcsp,default,ztrial,run_disjoint,20260916,99,0.533333
imagery_left_right_fist,shallow_fbcsp,default,ztrial,run_disjoint,20260916,100,0.722222
imagery_left_right_fist,shallow_fbcsp,default,ztrial,run_disjoint,20260916,101,0.777778
imagery_left_right_fist,shallow_fbcsp,default,ztrial,run_disjoint,20260916,102,0.785714
imagery_left_right_fist,shallow_fbcsp,default,ztrial,run_disjoint,20260916,103,0.777778
imagery_left_right_fist,shallow_fbcsp,default,ztrial,run_disjoint,20260916,104,0.714286
imagery_left_right_fist,shallow_fbcsp,default,ztrial,run_disjoint,20260916,105,0.888889
imagery_left_right_fist,shallow_fbcsp,default,ztrial,run_disjoint,20260916,106,0.622222
imagery_left_right_fist,shallow_fbcsp,default,ztrial,run_disjoint,20260916,107,0.555556
imagery_left_right_fist,shallow_fbcsp,default,ztrial,run_disjoint,20260916,108,0.733333
imagery_left_right_fist,shallow_fbcsp,default,ztrial,run_disjoint,20260916,109,0.644444
imagery_left_right_fist,shallow_fbcsp,default,ztrial,run_disjoint,20260917,1,0.8
imagery_left_right_fist,shallow_fbcsp,default,ztrial,run_disjoint,20260917,2,0.844444
imagery_left_right_fist,shallow_fbcsp,default,ztrial,run_disjoint,20260917,3,0.555556
imagery_left_right_fist,shallow_fbcsp,default,ztrial,run_disjoint,20260917,4,0.866667
imagery_left_right_fist,shallow_fbcsp,default,ztrial,run_disjoint,20260917,5,0.577778
imagery_left_right_fist,shallow_fbcsp,default,ztrial,run_disjoint,20260917,6,0.733333
imagery_left_right_fist,shallow_fbcsp,default,ztrial,run_disjoint,20260917,7,0.866667
imagery_left_right_fist,shallow_fbcsp,default,ztrial,run_disjoint,20260917,8,0.688889
imagery_left_right_fist,shallow_fbcsp,default,ztrial,run_disjoint,20260917,9,0.6
imagery_left_right_fist,shallow_fbcsp,default,ztrial,run_disjoint,20260917,10,0.711111
imagery_left_right_fist,shallow_fbcsp,default,ztrial,run_disjoint,20260917,11,0.733333
imagery_left_right_fist,shallow_fbcsp,default,ztrial,run_disjoint,20260917,12,0.733333
imagery_left_right_fist,shallow_fbcsp,default,ztrial,run_disjoint,20260917,13,0.644444
imagery_left_right_fist,shallow_fbcsp,default,ztrial,run_disjoint,20260917,14,0.755556
imagery_left_right_fist,shallow_fbcsp,default,ztrial,run_disjoint,20260917,15,0.933333
imagery_left_right_fist,shallow_fbcsp,default,ztrial,run_disjoint,20260917,16,0.688889
imagery_left_right_fist,shallow_fbcsp,default,ztrial,run_disjoint,20260917,17,0.511111
imagery_left_right_fist,shallow_fbcsp,default,ztrial,run_disjoint,20260917,18,0.888889
imagery_left_right_fist,shallow_fbcsp,default,ztrial,run_disjoint,20260917,19,0.8
imagery_left_right_fist,shallow_fbcsp,default,ztrial,run_disjoint,20260917,20,0.844444
imagery_left_right_fist,shallow_fbcsp,default,ztrial,run_disjoint,20260917,21,0.8
imagery_left_right_fist,shallow_fbcsp,default,ztrial,run_disjoint,20260917,22,0.888889
imagery_left_right_fist,shallow_fbcsp,default,ztrial,run_disjoint,20260917,23,0.8
imagery_left_right_fist,shallow_fbcsp,default,ztrial,run_disjoint,20260917,24,0.533333
imagery_left_right_fist,shallow_fbcsp,default,ztrial,run_disjoint,20260917,25,0.688889
imagery_left_right_fist,shallow_fbcsp,default,ztrial,run_disjoint,20260917,26,0.644444
imagery_left_right_fist,shallow_fbcsp,default,ztrial,run_disjoint,20260917,27,0.644444
imagery_left_right_fist,shallow_fbcsp,default,ztrial,run_disjoint,20260917,28,0.622222
imagery_left_right_fist,shallow_fbcsp,default,ztrial,run_disjoint,20260917,29,0.777778
imagery_left_right_fist,shallow_fbcsp,default,ztrial,run_disjoint,20260917,30,0.644444
imagery_left_right_fist,shallow_fbcsp,default,ztrial,run_disjoint,20260917,31,0.777778
imagery_left_right_fist,shallow_fbcsp,default,ztrial,run_disjoint,20260917,32,0.911111
imagery_left_right_fist,shallow_fbcsp,default,ztrial,run_disjoint,20260917,33,0.755556
imagery_left_right_fist,shallow_fbcsp,default,ztrial,run_disjoint,20260917,34,0.860465
imagery_left_right_fist,shallow_fbcsp,default,ztrial,run_disjoint,20260917,35,0.755556
imagery_left_right_fist,shallow_fbcsp,default,ztrial,run_disjoint,20260917,36,0.733333
imagery_left_right_fist,shallow_fbcsp,default,ztrial,run_disjoint,20260917,37,0.651163
imagery_left_right_fist,shallow_fbcsp,default,ztrial,run_disjoint,20260917,38,0.622222
imagery_left_right_fist,shallow_fbcsp,default,ztrial,run_disjoint,20260917,39,0.666667
imagery_left_right_fist,shallow_fbcsp,default,ztrial,run_disjoint,20260917,40,0.977778
imagery_left_right_fist,shallow_fbcsp,default,ztrial,run_disjoint,20260917,41,0.568182
imagery_left_right_fist,shallow_fbcsp,default,ztrial,run_disjoint,20260917,42,0.888889
imagery_left_right_fist,shallow_fbcsp,default,ztrial,run_disjoint,20260917,43,0.888889
imagery_left_right_fist,shallow_fbcsp,default,ztrial,run_disjoint,20260917,44,0.866667
imagery_left_right_fist,shallow_fbcsp,default,ztrial,run_disjoint,20260917,45,0.666667
imagery_left_right_fist,shallow_fbcsp,default,ztrial,run_disjoint,20260917,46,0.711111
imagery_left_right_fist,shallow_fbcsp,default,ztrial,run_disjoint,20260917,47,0.622222
imagery_left_right_fist,shallow_fbcsp,default,ztrial,run_disjoint,20260917,48,0.8
imagery_left_right_fist,shallow_fbcsp,default,ztrial,run_disjoint,20260917,49,0.822222
imagery_left_right_fist,shallow_fbcsp,default,ztrial,run_disjoint,20260917,50,0.622222
imagery_left_right_fist,shallow_fbcsp,default,ztrial,run_disjoint,20260917,51,0.844444
imagery_left_right_fist,shallow_fbcsp,default,ztrial,run_disjoint,20260917,52,0.888889
imagery_left_right_fist,shallow_fbcsp,default,ztrial,run_disjoint,20260917,53,0.733333
imagery_left_right_fist,shallow_fbcsp,default,ztrial,run_disjoint,20260917,54,0.733333
imagery_left_right_fist,shallow_fbcsp,default,ztrial,run_disjoint,20260917,55,0.933333
imagery_left_right_fist,shallow_fbcsp,default,ztrial,run_disjoint,20260917,56,0.866667
imagery_left_right_fist,shallow_fbcsp,default,ztrial,run_disjoint,20260917,57,0.622222
imagery_left_right_fist,shallow_fbcsp,default,ztrial,run_disjoint,20260917,58,0.466667
imagery_left_right_fist,shallow_fbcsp,default,ztrial,run_disjoint,20260917,59,0.755556
imagery_left_right_fist,shallow_fbcsp,default,ztrial,run_disjoint,20260917,60,0.777778
imagery_left_right_fist,shallow_fbcsp,default,ztrial,run_disjoint,20260917,61,0.844444
imagery_left_right_fist,shallow_fbcsp,default,ztrial,run_disjoint,20260917,62,0.933333
imagery_left_right_fist,shallow_fbcsp,default,ztrial,run_disjoint,20260917,63,0.622222
imagery_left_right_fist,shallow_fbcsp,default,ztrial,run_disjoint,20260917,64,0.727273
imagery_left_right_fist,shallow_fbcsp,default,ztrial,run_disjoint,20260917,65,0.866667
imagery_left_right_fist,shallow_fbcsp,default,ztrial,run_disjoint,20260917,66,0.688889
imagery_left_right_fist,shallow_fbcsp,default,ztrial,run_disjoint,20260917,67,0.8
imagery_left_right_fist,shallow_fbcsp,default,ztrial,run_disjoint,20260917,68,0.777778
imagery_left_right_fist,shallow_fbcsp,default,ztrial,run_disjoint,20260917,69,0.6
imagery_left_right_fist,shallow_fbcsp,default,ztrial,run_disjoint,20260917,70,0.688889
imagery_left_right_fist,shallow_fbcsp,default,ztrial,run_disjoint,20260917,71,0.711111
imagery_left_right_fist,shallow_fbcsp,default,ztrial,run_disjoint,20260917,72,0.953488
imagery_left_right_fist,shallow_fbcsp,default,ztrial,run_disjoint,20260917,73,0.761905
imagery_left_right_fist,shallow_fbcsp,default,ztrial,run_disjoint,20260917,74,0.604651
imagery_left_right_fist,shallow_fbcsp,default,ztrial,run_disjoint,20260917,75,0.711111
imagery_left_right_fist,shallow_fbcsp,default,ztrial,run_disjoint,20260917,76,0.619048
imagery_left_right_fist,shallow_fbcsp,default,ztrial,run_disjoint,20260917,77,0.866667
imagery_left_right_fist,shallow_fbcsp,default,ztrial,run_disjoint,20260917,78,0.644444
imagery_left_right_fist,shallow_fbcsp,default,ztrial,run_disjoint,20260917,79,0.555556
imagery_left_right_fist,shallow_fbcsp,default,ztrial,run_disjoint,20260917,80,0.666667
imagery_left_right_fist,shallow_fbcsp,default,ztrial,run_disjoint,20260917,81,0.844444
imagery_left_right_fist,shallow_fbcsp,default,ztrial,run_disjoint,20260917,82,0.733333
imagery_left_right_fist,shallow_fbcsp,default,ztrial,run_disjoint,20260917,83,0.711111
imagery_left_right_fist,shallow_fbcsp,default,ztrial,run_disjoint,20260917,84,0.755556
imagery_left_right_fist,shallow_fbcsp,default,ztrial,run_disjoint,20260917,85,0.888889
imagery_left_right_fist,shallow_fbcsp,default,ztrial,run_disjoint,20260917,86,0.8
imagery_left_right_fist,shallow_fbcsp,default,ztrial,run_disjoint,20260917,87,0.577778
imagery_left_right_fist,shallow_fbcsp,default,ztrial,run_disjoint,20260917,88,0.649123
imagery_left_right_fist,shallow_fbcsp,default,ztrial,run_disjoint,20260917,89,0.777778
imagery_left_right_fist,shallow_fbcsp,default,ztrial,run_disjoint,20260917,90,0.844444
imagery_left_right_fist,shallow_fbcsp,default,ztrial,run_disjoint,20260917,91,0.733333
imagery_left_right_fist,shallow_fbcsp,default,ztrial,run_disjoint,20260917,92,0.719298
imagery_left_right_fist,shallow_fbcsp,default,ztrial,run_disjoint,20260917,93,0.888889
imagery_left_right_fist,shallow_fbcsp,default,ztrial,run_disjoint,20260917,94,0.666667
imagery_left_right_fist,shallow_fbcsp,default,ztrial,run_disjoint,20260917,95,0.6
imagery_left_right_fist,shallow_fbcsp,default,ztrial,run_disjoint,20260917,96,0.844444
imagery_left_right_fist,shallow_fbcsp,default,ztrial,run_disjoint,20260917,97,0.666667
imagery_left_right_fist,shallow_fbcsp,default,ztrial,run_disjoint,20260917,98,0.711111
imagery_left_right_fist,shallow_fbcsp,default,ztrial,run_disjoint,20260917,99,0.555556
imagery_left_right_fist,shallow_fbcsp,default,ztrial,run_disjoint,20260917,100,0.805556
imagery_left_right_fist,shallow_fbcsp,default,ztrial,run_disjoint,20260917,101,0.755556
imagery_left_right_fist,shallow_fbcsp,default,ztrial,run_disjoint,20260917,102,0.690476
imagery_left_right_fist,shallow_fbcsp,default,ztrial,run_disjoint,20260917,103,0.8
imagery_left_right_fist,shallow_fbcsp,default,ztrial,run_disjoint,20260917,104,0.880952
imagery_left_right_fist,shallow_fbcsp,default,ztrial,run_disjoint,20260917,105,0.955556
imagery_left_right_fist,shallow_fbcsp,default,ztrial,run_disjoint,20260917,106,0.577778
imagery_left_right_fist,shallow_fbcsp,default,ztrial,run_disjoint,20260917,107,0.666667
imagery_left_right_fist,shallow_fbcsp,default,ztrial,run_disjoint,20260917,108,0.777778
imagery_left_right_fist,shallow_fbcsp,default,ztrial,run_disjoint,20260917,109,0.6
imagery_left_right_fist,shallow_fbcsp,default,ztrial,run_disjoint,20260918,1,0.822222
imagery_left_right_fist,shallow_fbcsp,default,ztrial,run_disjoint,20260918,2,0.888889
imagery_left_right_fist,shallow_fbcsp,default,ztrial,run_disjoint,20260918,3,0.644444
imagery_left_right_fist,shallow_fbcsp,default,ztrial,run_disjoint,20260918,4,0.888889
imagery_left_right_fist,shallow_fbcsp,default,ztrial,run_disjoint,20260918,5,0.666667
imagery_left_right_fist,shallow_fbcsp,default,ztrial,run_disjoint,20260918,6,0.666667
imagery_left_right_fist,shallow_fbcsp,default,ztrial,run_disjoint,20260918,7,0.866667
imagery_left_right_fist,shallow_fbcsp,default,ztrial,run_disjoint,20260918,8,0.711111
imagery_left_right_fist,shallow_fbcsp,default,ztrial,run_disjoint,20260918,9,0.622222
imagery_left_right_fist,shallow_fbcsp,default,ztrial,run_disjoint,20260918,10,0.666667
imagery_left_right_fist,shallow_fbcsp,default,ztrial,run_disjoint,20260918,11,0.8
imagery_left_right_fist,shallow_fbcsp,default,ztrial,run_disjoint,20260918,12,0.666667
imagery_left_right_fist,shallow_fbcsp,default,ztrial,run_disjoint,20260918,13,0.666667
imagery_left_right_fist,shallow_fbcsp,default,ztrial,run_disjoint,20260918,14,0.777778
imagery_left_right_fist,shallow_fbcsp,default,ztrial,run_disjoint,20260918,15,0.866667
imagery_left_right_fist,shallow_fbcsp,default,ztrial,run_disjoint,20260918,16,0.688889
imagery_left_right_fist,shallow_fbcsp,default,ztrial,run_disjoint,20260918,17,0.711111
imagery_left_right_fist,shallow_fbcsp,default,ztrial,run_disjoint,20260918,18,0.933333
imagery_left_right_fist,shallow_fbcsp,default,ztrial,run_disjoint,20260918,19,0.711111
imagery_left_right_fist,shallow_fbcsp,default,ztrial,run_disjoint,20260918,20,0.866667
imagery_left_right_fist,shallow_fbcsp,default,ztrial,run_disjoint,20260918,21,0.733333
imagery_left_right_fist,shallow_fbcsp,default,ztrial,run_disjoint,20260918,22,0.8
imagery_left_right_fist,shallow_fbcsp,default,ztrial,run_disjoint,20260918,23,0.755556
imagery_left_right_fist,shallow_fbcsp,default,ztrial,run_disjoint,20260918,24,0.466667
imagery_left_right_fist,shallow_fbcsp,default,ztrial,run_disjoint,20260918,25,0.577778
imagery_left_right_fist,shallow_fbcsp,default,ztrial,run_disjoint,20260918,26,0.666667
imagery_left_right_fist,shallow_fbcsp,default,ztrial,run_disjoint,20260918,27,0.711111
imagery_left_right_fist,shallow_fbcsp,default,ztrial,run_disjoint,20260918,28,0.666667
imagery_left_right_fist,shallow_fbcsp,default,ztrial,run_disjoint,20260918,29,0.755556
imagery_left_right_fist,shallow_fbcsp,default,ztrial,run_disjoint,20260918,30,0.577778
imagery_left_right_fist,shallow_fbcsp,default,ztrial,run_disjoint,20260918,31,0.777778
imagery_left_right_fist,shallow_fbcsp,default,ztrial,run_disjoint,20260918,32,0.888889
imagery_left_right_fist,shallow_fbcsp,default,ztrial,run_disjoint,20260918,33,0.866667
imagery_left_right_fist,shallow_fbcsp,default,ztrial,run_disjoint,20260918,34,0.744186
imagery_left_right_fist,shallow_fbcsp,default,ztrial,run_disjoint,20260918,35,0.866667
imagery_left_right_fist,shallow_fbcsp,default,ztrial,run_disjoint,20260918,36,0.666667
imagery_left_right_fist,shallow_fbcsp,default,ztrial,run_disjoint,20260918,37,0.651163
imagery_left_right_fist,shallow_fbcsp,default,ztrial,run_disjoint,20260918,38,0.577778
imagery_left_right_fist,shallow_fbcsp,default,ztrial,run_disjoint,20260918,39,0.666667
imagery_left_right_fist,shallow_fbcsp,default,ztrial,run_disjoint,20260918,40,0.977778
imagery_left_right_fist,shallow_fbcsp,default,ztrial,run_disjoint,20260918,41,0.681818
imagery_left_right_fist,shallow_fbcsp,default,ztrial,run_disjoint,20260918,42,0.955556
imagery_left_right_fist,shallow_fbcsp,default,ztrial,run_disjoint,20260918,43,0.933333
imagery_left_right_fist,shallow_fbcsp,default,ztrial,run_disjoint,20260918,44,0.844444
imagery_left_right_fist,shallow_fbcsp,default,ztrial,run_disjoint,20260918,45,0.644444
imagery_left_right_fist,shallow_fbcsp,default,ztrial,run_disjoint,20260918,46,0.6
imagery_left_right_fist,shallow_fbcsp,default,ztrial,run_disjoint,20260918,47,0.688889
imagery_left_right_fist,shallow_fbcsp,default,ztrial,run_disjoint,20260918,48,0.822222
imagery_left_right_fist,shallow_fbcsp,default,ztrial,run_disjoint,20260918,49,0.8
imagery_left_right_fist,shallow_fbcsp,default,ztrial,run_disjoint,20260918,50,0.688889
imagery_left_right_fist,shallow_fbcsp,default,ztrial,run_disjoint,20260918,51,0.844444
imagery_left_right_fist,shallow_fbcsp,default,ztrial,run_disjoint,20260918,52,0.955556
imagery_left_right_fist,shallow_fbcsp,default,ztrial,run_disjoint,20260918,53,0.733333
imagery_left_right_fist,shallow_fbcsp,default,ztrial,run_disjoint,20260918,54,0.8
imagery_left_right_fist,shallow_fbcsp,default,ztrial,run_disjoint,20260918,55,0.844444
imagery_left_right_fist,shallow_fbcsp,default,ztrial,run_disjoint,20260918,56,0.777778
imagery_left_right_fist,shallow_fbcsp,default,ztrial,run_disjoint,20260918,57,0.577778
imagery_left_right_fist,shallow_fbcsp,default,ztrial,run_disjoint,20260918,58,0.511111
imagery_left_right_fist,shallow_fbcsp,default,ztrial,run_disjoint,20260918,59,0.733333
imagery_left_right_fist,shallow_fbcsp,default,ztrial,run_disjoint,20260918,60,0.711111
imagery_left_right_fist,shallow_fbcsp,default,ztrial,run_disjoint,20260918,61,0.755556
imagery_left_right_fist,shallow_fbcsp,default,ztrial,run_disjoint,20260918,62,0.955556
imagery_left_right_fist,shallow_fbcsp,default,ztrial,run_disjoint,20260918,63,0.666667
imagery_left_right_fist,shallow_fbcsp,default,ztrial,run_disjoint,20260918,64,0.659091
imagery_left_right_fist,shallow_fbcsp,default,ztrial,run_disjoint,20260918,65,0.844444
imagery_left_right_fist,shallow_fbcsp,default,ztrial,run_disjoint,20260918,66,0.666667
imagery_left_right_fist,shallow_fbcsp,default,ztrial,run_disjoint,20260918,67,0.644444
imagery_left_right_fist,shallow_fbcsp,default,ztrial,run_disjoint,20260918,68,0.844444
imagery_left_right_fist,shallow_fbcsp,default,ztrial,run_disjoint,20260918,69,0.666667
imagery_left_right_fist,shallow_fbcsp,default,ztrial,run_disjoint,20260918,70,0.8
imagery_left_right_fist,shallow_fbcsp,default,ztrial,run_disjoint,20260918,71,0.777778
imagery_left_right_fist,shallow_fbcsp,default,ztrial,run_disjoint,20260918,72,0.930233
imagery_left_right_fist,shallow_fbcsp,default,ztrial,run_disjoint,20260918,73,0.642857
imagery_left_right_fist,shallow_fbcsp,default,ztrial,run_disjoint,20260918,74,0.697674
imagery_left_right_fist,shallow_fbcsp,default,ztrial,run_disjoint,20260918,75,0.777778
imagery_left_right_fist,shallow_fbcsp,default,ztrial,run_disjoint,20260918,76,0.595238
imagery_left_right_fist,shallow_fbcsp,default,ztrial,run_disjoint,20260918,77,0.844444
imagery_left_right_fist,shallow_fbcsp,default,ztrial,run_disjoint,20260918,78,0.622222
imagery_left_right_fist,shallow_fbcsp,default,ztrial,run_disjoint,20260918,79,0.6
imagery_left_right_fist,shallow_fbcsp,default,ztrial,run_disjoint,20260918,80,0.666667
imagery_left_right_fist,shallow_fbcsp,default,ztrial,run_disjoint,20260918,81,0.844444
imagery_left_right_fist,shallow_fbcsp,default,ztrial,run_disjoint,20260918,82,0.688889
imagery_left_right_fist,shallow_fbcsp,default,ztrial,run_disjoint,20260918,83,0.666667
imagery_left_right_fist,shallow_fbcsp,default,ztrial,run_disjoint,20260918,84,0.666667
imagery_left_right_fist,shallow_fbcsp,default,ztrial,run_disjoint,20260918,85,0.911111
imagery_left_right_fist,shallow_fbcsp,default,ztrial,run_disjoint,20260918,86,0.911111
imagery_left_right_fist,shallow_fbcsp,default,ztrial,run_disjoint,20260918,87,0.622222
imagery_left_right_fist,shallow_fbcsp,default,ztrial,run_disjoint,20260918,88,0.649123
imagery_left_right_fist,shallow_fbcsp,default,ztrial,run_disjoint,20260918,89,0.755556
imagery_left_right_fist,shallow_fbcsp,default,ztrial,run_disjoint,20260918,90,0.911111
imagery_left_right_fist,shallow_fbcsp,default,ztrial,run_disjoint,20260918,91,0.755556
imagery_left_right_fist,shallow_fbcsp,default,ztrial,run_disjoint,20260918,92,0.631579
imagery_left_right_fist,shallow_fbcsp,default,ztrial,run_disjoint,20260918,93,0.777778
imagery_left_right_fist,shallow_fbcsp,default,ztrial,run_disjoint,20260918,94,0.755556
imagery_left_right_fist,shallow_fbcsp,default,ztrial,run_disjoint,20260918,95,0.711111
imagery_left_right_fist,shallow_fbcsp,default,ztrial,run_disjoint,20260918,96,0.777778
imagery_left_right_fist,shallow_fbcsp,default,ztrial,run_disjoint,20260918,97,0.666667
imagery_left_right_fist,shallow_fbcsp,default,ztrial,run_disjoint,20260918,98,0.644444
imagery_left_right_fist,shallow_fbcsp,default,ztrial,run_disjoint,20260918,99,0.511111
imagery_left_right_fist,shallow_fbcsp,default,ztrial,run_disjoint,20260918,100,0.777778
imagery_left_right_fist,shallow_fbcsp,default,ztrial,run_disjoint,20260918,101,0.777778
imagery_left_right_fist,shallow_fbcsp,default,ztrial,run_disjoint,20260918,102,0.690476
imagery_left_right_fist,shallow_fbcsp,default,ztrial,run_disjoint,20260918,103,0.733333
imagery_left_right_fist,shallow_fbcsp,default,ztrial,run_disjoint,20260918,104,0.809524
imagery_left_right_fist,shallow_fbcsp,default,ztrial,run_disjoint,20260918,105,0.955556
imagery_left_right_fist,shallow_fbcsp,default,ztrial,run_disjoint,20260918,106,0.6
imagery_left_right_fist,shallow_fbcsp,default,ztrial,run_disjoint,20260918,107,0.511111
imagery_left_right_fist,shallow_fbcsp,default,ztrial,run_disjoint,20260918,108,0.711111
imagery_left_right_fist,shallow_fbcsp,default,ztrial,run_disjoint,20260918,109,0.577778
imagery_left_right_fist,shallow_fbcsp,default,ztrial,subject_disjoint,20260916,1,0.8
imagery_left_right_fist,shallow_fbcsp,default,ztrial,subject_disjoint,20260916,2,0.933333
imagery_left_right_fist,shallow_fbcsp,default,ztrial,subject_disjoint,20260916,3,0.622222
imagery_left_right_fist,shallow_fbcsp,default,ztrial,subject_disjoint,20260916,4,0.844444
imagery_left_right_fist,shallow_fbcsp,default,ztrial,subject_disjoint,20260916,5,0.622222
imagery_left_right_fist,shallow_fbcsp,default,ztrial,subject_disjoint,20260916,6,0.644444
imagery_left_right_fist,shallow_fbcsp,default,ztrial,subject_disjoint,20260916,7,0.911111
imagery_left_right_fist,shallow_fbcsp,default,ztrial,subject_disjoint,20260916,8,0.6
imagery_left_right_fist,shallow_fbcsp,default,ztrial,subject_disjoint,20260916,9,0.6
imagery_left_right_fist,shallow_fbcsp,default,ztrial,subject_disjoint,20260916,10,0.622222
imagery_left_right_fist,shallow_fbcsp,default,ztrial,subject_disjoint,20260916,11,0.666667
imagery_left_right_fist,shallow_fbcsp,default,ztrial,subject_disjoint,20260916,12,0.666667
imagery_left_right_fist,shallow_fbcsp,default,ztrial,subject_disjoint,20260916,13,0.711111
imagery_left_right_fist,shallow_fbcsp,default,ztrial,subject_disjoint,20260916,14,0.533333
imagery_left_right_fist,shallow_fbcsp,default,ztrial,subject_disjoint,20260916,15,0.933333
imagery_left_right_fist,shallow_fbcsp,default,ztrial,subject_disjoint,20260916,16,0.6
imagery_left_right_fist,shallow_fbcsp,default,ztrial,subject_disjoint,20260916,17,0.666667
imagery_left_right_fist,shallow_fbcsp,default,ztrial,subject_disjoint,20260916,18,0.844444
imagery_left_right_fist,shallow_fbcsp,default,ztrial,subject_disjoint,20260916,19,0.666667
imagery_left_right_fist,shallow_fbcsp,default,ztrial,subject_disjoint,20260916,20,0.866667
imagery_left_right_fist,shallow_fbcsp,default,ztrial,subject_disjoint,20260916,21,0.688889
imagery_left_right_fist,shallow_fbcsp,default,ztrial,subject_disjoint,20260916,22,0.888889
imagery_left_right_fist,shallow_fbcsp,default,ztrial,subject_disjoint,20260916,23,0.688889
imagery_left_right_fist,shallow_fbcsp,default,ztrial,subject_disjoint,20260916,24,0.466667
imagery_left_right_fist,shallow_fbcsp,default,ztrial,subject_disjoint,20260916,25,0.688889
imagery_left_right_fist,shallow_fbcsp,default,ztrial,subject_disjoint,20260916,26,0.733333
imagery_left_right_fist,shallow_fbcsp,default,ztrial,subject_disjoint,20260916,27,0.688889
imagery_left_right_fist,shallow_fbcsp,default,ztrial,subject_disjoint,20260916,28,0.533333
imagery_left_right_fist,shallow_fbcsp,default,ztrial,subject_disjoint,20260916,29,0.755556
imagery_left_right_fist,shallow_fbcsp,default,ztrial,subject_disjoint,20260916,30,0.622222
imagery_left_right_fist,shallow_fbcsp,default,ztrial,subject_disjoint,20260916,31,0.711111
imagery_left_right_fist,shallow_fbcsp,default,ztrial,subject_disjoint,20260916,32,0.844444
imagery_left_right_fist,shallow_fbcsp,default,ztrial,subject_disjoint,20260916,33,0.8
imagery_left_right_fist,shallow_fbcsp,default,ztrial,subject_disjoint,20260916,34,0.697674
imagery_left_right_fist,shallow_fbcsp,default,ztrial,subject_disjoint,20260916,35,0.844444
imagery_left_right_fist,shallow_fbcsp,default,ztrial,subject_disjoint,20260916,36,0.688889
imagery_left_right_fist,shallow_fbcsp,default,ztrial,subject_disjoint,20260916,37,0.651163
imagery_left_right_fist,shallow_fbcsp,default,ztrial,subject_disjoint,20260916,38,0.533333
imagery_left_right_fist,shallow_fbcsp,default,ztrial,subject_disjoint,20260916,39,0.488889
imagery_left_right_fist,shallow_fbcsp,default,ztrial,subject_disjoint,20260916,40,0.977778
imagery_left_right_fist,shallow_fbcsp,default,ztrial,subject_disjoint,20260916,41,0.75
imagery_left_right_fist,shallow_fbcsp,default,ztrial,subject_disjoint,20260916,42,0.844444
imagery_left_right_fist,shallow_fbcsp,default,ztrial,subject_disjoint,20260916,43,0.888889
imagery_left_right_fist,shallow_fbcsp,default,ztrial,subject_disjoint,20260916,44,0.822222
imagery_left_right_fist,shallow_fbcsp,default,ztrial,subject_disjoint,20260916,45,0.622222
imagery_left_right_fist,shallow_fbcsp,default,ztrial,subject_disjoint,20260916,46,0.644444
imagery_left_right_fist,shallow_fbcsp,default,ztrial,subject_disjoint,20260916,47,0.666667
imagery_left_right_fist,shallow_fbcsp,default,ztrial,subject_disjoint,20260916,48,0.733333
imagery_left_right_fist,shallow_fbcsp,default,ztrial,subject_disjoint,20260916,49,0.822222
imagery_left_right_fist,shallow_fbcsp,default,ztrial,subject_disjoint,20260916,50,0.6
imagery_left_right_fist,shallow_fbcsp,default,ztrial,subject_disjoint,20260916,51,0.822222
imagery_left_right_fist,shallow_fbcsp,default,ztrial,subject_disjoint,20260916,52,0.911111
imagery_left_right_fist,shallow_fbcsp,default,ztrial,subject_disjoint,20260916,53,0.622222
imagery_left_right_fist,shallow_fbcsp,default,ztrial,subject_disjoint,20260916,54,0.777778
imagery_left_right_fist,shallow_fbcsp,default,ztrial,subject_disjoint,20260916,55,0.866667
imagery_left_right_fist,shallow_fbcsp,default,ztrial,subject_disjoint,20260916,56,0.777778
imagery_left_right_fist,shallow_fbcsp,default,ztrial,subject_disjoint,20260916,57,0.622222
imagery_left_right_fist,shallow_fbcsp,default,ztrial,subject_disjoint,20260916,58,0.466667
imagery_left_right_fist,shallow_fbcsp,default,ztrial,subject_disjoint,20260916,59,0.733333
imagery_left_right_fist,shallow_fbcsp,default,ztrial,subject_disjoint,20260916,60,0.733333
imagery_left_right_fist,shallow_fbcsp,default,ztrial,subject_disjoint,20260916,61,0.733333
imagery_left_right_fist,shallow_fbcsp,default,ztrial,subject_disjoint,20260916,62,0.888889
imagery_left_right_fist,shallow_fbcsp,default,ztrial,subject_disjoint,20260916,63,0.644444
imagery_left_right_fist,shallow_fbcsp,default,ztrial,subject_disjoint,20260916,64,0.75
imagery_left_right_fist,shallow_fbcsp,default,ztrial,subject_disjoint,20260916,65,0.822222
imagery_left_right_fist,shallow_fbcsp,default,ztrial,subject_disjoint,20260916,66,0.755556
imagery_left_right_fist,shallow_fbcsp,default,ztrial,subject_disjoint,20260916,67,0.622222
imagery_left_right_fist,shallow_fbcsp,default,ztrial,subject_disjoint,20260916,68,0.822222
imagery_left_right_fist,shallow_fbcsp,default,ztrial,subject_disjoint,20260916,69,0.6
imagery_left_right_fist,shallow_fbcsp,default,ztrial,subject_disjoint,20260916,70,0.8
imagery_left_right_fist,shallow_fbcsp,default,ztrial,subject_disjoint,20260916,71,0.755556
imagery_left_right_fist,shallow_fbcsp,default,ztrial,subject_disjoint,20260916,72,0.930233
imagery_left_right_fist,shallow_fbcsp,default,ztrial,subject_disjoint,20260916,73,0.642857
imagery_left_right_fist,shallow_fbcsp,default,ztrial,subject_disjoint,20260916,74,0.651163
imagery_left_right_fist,shallow_fbcsp,default,ztrial,subject_disjoint,20260916,75,0.8
imagery_left_right_fist,shallow_fbcsp,default,ztrial,subject_disjoint,20260916,76,0.52381
imagery_left_right_fist,shallow_fbcsp,default,ztrial,subject_disjoint,20260916,77,0.755556
imagery_left_right_fist,shallow_fbcsp,default,ztrial,subject_disjoint,20260916,78,0.644444
imagery_left_right_fist,shallow_fbcsp,default,ztrial,subject_disjoint,20260916,79,0.622222
imagery_left_right_fist,shallow_fbcsp,default,ztrial,subject_disjoint,20260916,80,0.622222
imagery_left_right_fist,shallow_fbcsp,default,ztrial,subject_disjoint,20260916,81,0.777778
imagery_left_right_fist,shallow_fbcsp,default,ztrial,subject_disjoint,20260916,82,0.666667
imagery_left_right_fist,shallow_fbcsp,default,ztrial,subject_disjoint,20260916,83,0.688889
imagery_left_right_fist,shallow_fbcsp,default,ztrial,subject_disjoint,20260916,84,0.733333
imagery_left_right_fist,shallow_fbcsp,default,ztrial,subject_disjoint,20260916,85,0.866667
imagery_left_right_fist,shallow_fbcsp,default,ztrial,subject_disjoint,20260916,86,0.822222
imagery_left_right_fist,shallow_fbcsp,default,ztrial,subject_disjoint,20260916,87,0.622222
imagery_left_right_fist,shallow_fbcsp,default,ztrial,subject_disjoint,20260916,88,0.684211
imagery_left_right_fist,shallow_fbcsp,default,ztrial,subject_disjoint,20260916,89,0.666667
imagery_left_right_fist,shallow_fbcsp,default,ztrial,subject_disjoint,20260916,90,0.733333
imagery_left_right_fist,shallow_fbcsp,default,ztrial,subject_disjoint,20260916,91,0.755556
imagery_left_right_fist,shallow_fbcsp,default,ztrial,subject_disjoint,20260916,92,0.789474
imagery_left_right_fist,shallow_fbcsp,default,ztrial,subject_disjoint,20260916,93,0.866667
imagery_left_right_fist,shallow_fbcsp,default,ztrial,subject_disjoint,20260916,94,0.622222
imagery_left_right_fist,shallow_fbcsp,default,ztrial,subject_disjoint,20260916,95,0.644444
imagery_left_right_fist,shallow_fbcsp,default,ztrial,subject_disjoint,20260916,96,0.8
imagery_left_right_fist,shallow_fbcsp,default,ztrial,subject_disjoint,20260916,97,0.644444
imagery_left_right_fist,shallow_fbcsp,default,ztrial,subject_disjoint,20260916,98,0.644444
imagery_left_right_fist,shallow_fbcsp,default,ztrial,subject_disjoint,20260916,99,0.577778
imagery_left_right_fist,shallow_fbcsp,default,ztrial,subject_disjoint,20260916,100,0.694444
imagery_left_right_fist,shallow_fbcsp,default,ztrial,subject_disjoint,20260916,101,0.866667
imagery_left_right_fist,shallow_fbcsp,default,ztrial,subject_disjoint,20260916,102,0.738095
imagery_left_right_fist,shallow_fbcsp,default,ztrial,subject_disjoint,20260916,103,0.577778
imagery_left_right_fist,shallow_fbcsp,default,ztrial,subject_disjoint,20260916,104,0.785714
imagery_left_right_fist,shallow_fbcsp,default,ztrial,subject_disjoint,20260916,105,0.911111
imagery_left_right_fist,shallow_fbcsp,default,ztrial,subject_disjoint,20260916,106,0.488889
imagery_left_right_fist,shallow_fbcsp,default,ztrial,subject_disjoint,20260916,107,0.555556
imagery_left_right_fist,shallow_fbcsp,default,ztrial,subject_disjoint,20260916,108,0.733333
imagery_left_right_fist,shallow_fbcsp,default,ztrial,subject_disjoint,20260916,109,0.688889
imagery_left_right_fist,shallow_fbcsp,default,ztrial,subject_disjoint,20260917,1,0.755556
imagery_left_right_fist,shallow_fbcsp,default,ztrial,subject_disjoint,20260917,2,0.888889
imagery_left_right_fist,shallow_fbcsp,default,ztrial,subject_disjoint,20260917,3,0.555556
imagery_left_right_fist,shallow_fbcsp,default,ztrial,subject_disjoint,20260917,4,0.911111
imagery_left_right_fist,shallow_fbcsp,default,ztrial,subject_disjoint,20260917,5,0.622222
imagery_left_right_fist,shallow_fbcsp,default,ztrial,subject_disjoint,20260917,6,0.666667
imagery_left_right_fist,shallow_fbcsp,default,ztrial,subject_disjoint,20260917,7,0.911111
imagery_left_right_fist,shallow_fbcsp,default,ztrial,subject_disjoint,20260917,8,0.666667
imagery_left_right_fist,shallow_fbcsp,default,ztrial,subject_disjoint,20260917,9,0.444444
imagery_left_right_fist,shallow_fbcsp,default,ztrial,subject_disjoint,20260917,10,0.733333
imagery_left_right_fist,shallow_fbcsp,default,ztrial,subject_disjoint,20260917,11,0.711111
imagery_left_right_fist,shallow_fbcsp,default,ztrial,subject_disjoint,20260917,12,0.733333
imagery_left_right_fist,shallow_fbcsp,default,ztrial,subject_disjoint,20260917,13,0.755556
imagery_left_right_fist,shallow_fbcsp,default,ztrial,subject_disjoint,20260917,14,0.711111
imagery_left_right_fist,shallow_fbcsp,default,ztrial,subject_disjoint,20260917,15,0.888889
imagery_left_right_fist,shallow_fbcsp,default,ztrial,subject_disjoint,20260917,16,0.577778
imagery_left_right_fist,shallow_fbcsp,default,ztrial,subject_disjoint,20260917,17,0.755556
imagery_left_right_fist,shallow_fbcsp,default,ztrial,subject_disjoint,20260917,18,0.911111
imagery_left_right_fist,shallow_fbcsp,default,ztrial,subject_disjoint,20260917,19,0.733333
imagery_left_right_fist,shallow_fbcsp,default,ztrial,subject_disjoint,20260917,20,0.866667
imagery_left_right_fist,shallow_fbcsp,default,ztrial,subject_disjoint,20260917,21,0.733333
imagery_left_right_fist,shallow_fbcsp,default,ztrial,subject_disjoint,20260917,22,0.866667
imagery_left_right_fist,shallow_fbcsp,default,ztrial,subject_disjoint,20260917,23,0.688889
imagery_left_right_fist,shallow_fbcsp,default,ztrial,subject_disjoint,20260917,24,0.555556
imagery_left_right_fist,shallow_fbcsp,default,ztrial,subject_disjoint,20260917,25,0.6
imagery_left_right_fist,shallow_fbcsp,default,ztrial,subject_disjoint,20260917,26,0.511111
imagery_left_right_fist,shallow_fbcsp,default,ztrial,subject_disjoint,20260917,27,0.733333
imagery_left_right_fist,shallow_fbcsp,default,ztrial,subject_disjoint,20260917,28,0.577778
imagery_left_right_fist,shallow_fbcsp,default,ztrial,subject_disjoint,20260917,29,0.755556
imagery_left_right_fist,shallow_fbcsp,default,ztrial,subject_disjoint,20260917,30,0.577778
imagery_left_right_fist,shallow_fbcsp,default,ztrial,subject_disjoint,20260917,31,0.777778
imagery_left_right_fist,shallow_fbcsp,default,ztrial,subject_disjoint,20260917,32,0.866667
imagery_left_right_fist,shallow_fbcsp,default,ztrial,subject_disjoint,20260917,33,0.733333
imagery_left_right_fist,shallow_fbcsp,default,ztrial,subject_disjoint,20260917,34,0.767442
imagery_left_right_fist,shallow_fbcsp,default,ztrial,subject_disjoint,20260917,35,0.822222
imagery_left_right_fist,shallow_fbcsp,default,ztrial,subject_disjoint,20260917,36,0.666667
imagery_left_right_fist,shallow_fbcsp,default,ztrial,subject_disjoint,20260917,37,0.651163
imagery_left_right_fist,shallow_fbcsp,default,ztrial,subject_disjoint,20260917,38,0.533333
imagery_left_right_fist,shallow_fbcsp,default,ztrial,subject_disjoint,20260917,39,0.577778
imagery_left_right_fist,shallow_fbcsp,default,ztrial,subject_disjoint,20260917,40,0.977778
imagery_left_right_fist,shallow_fbcsp,default,ztrial,subject_disjoint,20260917,41,0.727273
imagery_left_right_fist,shallow_fbcsp,default,ztrial,subject_disjoint,20260917,42,0.866667
imagery_left_right_fist,shallow_fbcsp,default,ztrial,subject_disjoint,20260917,43,0.8
imagery_left_right_fist,shallow_fbcsp,default,ztrial,subject_disjoint,20260917,44,0.711111
imagery_left_right_fist,shallow_fbcsp,default,ztrial,subject_disjoint,20260917,45,0.666667
imagery_left_right_fist,shallow_fbcsp,default,ztrial,subject_disjoint,20260917,46,0.6
imagery_left_right_fist,shallow_fbcsp,default,ztrial,subject_disjoint,20260917,47,0.666667
imagery_left_right_fist,shallow_fbcsp,default,ztrial,subject_disjoint,20260917,48,0.8
imagery_left_right_fist,shallow_fbcsp,default,ztrial,subject_disjoint,20260917,49,0.688889
imagery_left_right_fist,shallow_fbcsp,default,ztrial,subject_disjoint,20260917,50,0.6
imagery_left_right_fist,shallow_fbcsp,default,ztrial,subject_disjoint,20260917,51,0.755556
imagery_left_right_fist,shallow_fbcsp,default,ztrial,subject_disjoint,20260917,52,0.822222
imagery_left_right_fist,shallow_fbcsp,default,ztrial,subject_disjoint,20260917,53,0.555556
imagery_left_right_fist,shallow_fbcsp,default,ztrial,subject_disjoint,20260917,54,0.711111
imagery_left_right_fist,shallow_fbcsp,default,ztrial,subject_disjoint,20260917,55,0.888889
imagery_left_right_fist,shallow_fbcsp,default,ztrial,subject_disjoint,20260917,56,0.844444
imagery_left_right_fist,shallow_fbcsp,default,ztrial,subject_disjoint,20260917,57,0.644444
imagery_left_right_fist,shallow_fbcsp,default,ztrial,subject_disjoint,20260917,58,0.511111
imagery_left_right_fist,shallow_fbcsp,default,ztrial,subject_disjoint,20260917,59,0.733333
imagery_left_right_fist,shallow_fbcsp,default,ztrial,subject_disjoint,20260917,60,0.733333
imagery_left_right_fist,shallow_fbcsp,default,ztrial,subject_disjoint,20260917,61,0.666667
imagery_left_right_fist,shallow_fbcsp,default,ztrial,subject_disjoint,20260917,62,0.911111
imagery_left_right_fist,shallow_fbcsp,default,ztrial,subject_disjoint,20260917,63,0.711111
imagery_left_right_fist,shallow_fbcsp,default,ztrial,subject_disjoint,20260917,64,0.545455
imagery_left_right_fist,shallow_fbcsp,default,ztrial,subject_disjoint,20260917,65,0.911111
imagery_left_right_fist,shallow_fbcsp,default,ztrial,subject_disjoint,20260917,66,0.644444
imagery_left_right_fist,shallow_fbcsp,default,ztrial,subject_disjoint,20260917,67,0.688889
imagery_left_right_fist,shallow_fbcsp,default,ztrial,subject_disjoint,20260917,68,0.822222
imagery_left_right_fist,shallow_fbcsp,default,ztrial,subject_disjoint,20260917,69,0.711111
imagery_left_right_fist,shallow_fbcsp,default,ztrial,subject_disjoint,20260917,70,0.622222
imagery_left_right_fist,shallow_fbcsp,default,ztrial,subject_disjoint,20260917,71,0.666667
imagery_left_right_fist,shallow_fbcsp,default,ztrial,subject_disjoint,20260917,72,0.976744
imagery_left_right_fist,shallow_fbcsp,default,ztrial,subject_disjoint,20260917,73,0.690476
imagery_left_right_fist,shallow_fbcsp,default,ztrial,subject_disjoint,20260917,74,0.627907
imagery_left_right_fist,shallow_fbcsp,default,ztrial,subject_disjoint,20260917,75,0.755556
imagery_left_right_fist,shallow_fbcsp,default,ztrial,subject_disjoint,20260917,76,0.642857
imagery_left_right_fist,shallow_fbcsp,default,ztrial,subject_disjoint,20260917,77,0.822222
imagery_left_right_fist,shallow_fbcsp,default,ztrial,subject_disjoint,20260917,78,0.577778
imagery_left_right_fist,shallow_fbcsp,default,ztrial,subject_disjoint,20260917,79,0.533333
imagery_left_right_fist,shallow_fbcsp,default,ztrial,subject_disjoint,20260917,80,0.622222
imagery_left_right_fist,shallow_fbcsp,default,ztrial,subject_disjoint,20260917,81,0.711111
imagery_left_right_fist,shallow_fbcsp,default,ztrial,subject_disjoint,20260917,82,0.711111
imagery_left_right_fist,shallow_fbcsp,default,ztrial,subject_disjoint,20260917,83,0.622222
imagery_left_right_fist,shallow_fbcsp,default,ztrial,subject_disjoint,20260917,84,0.711111
imagery_left_right_fist,shallow_fbcsp,default,ztrial,subject_disjoint,20260917,85,0.822222
imagery_left_right_fist,shallow_fbcsp,default,ztrial,subject_disjoint,20260917,86,0.822222
imagery_left_right_fist,shallow_fbcsp,default,ztrial,subject_disjoint,20260917,87,0.6
imagery_left_right_fist,shallow_fbcsp,default,ztrial,subject_disjoint,20260917,88,0.719298
imagery_left_right_fist,shallow_fbcsp,default,ztrial,subject_disjoint,20260917,89,0.777778
imagery_left_right_fist,shallow_fbcsp,default,ztrial,subject_disjoint,20260917,90,0.711111
imagery_left_right_fist,shallow_fbcsp,default,ztrial,subject_disjoint,20260917,91,0.711111
imagery_left_right_fist,shallow_fbcsp,default,ztrial,subject_disjoint,20260917,92,0.684211
imagery_left_right_fist,shallow_fbcsp,default,ztrial,subject_disjoint,20260917,93,0.755556
imagery_left_right_fist,shallow_fbcsp,default,ztrial,subject_disjoint,20260917,94,0.6
imagery_left_right_fist,shallow_fbcsp,default,ztrial,subject_disjoint,20260917,95,0.733333
imagery_left_right_fist,shallow_fbcsp,default,ztrial,subject_disjoint,20260917,96,0.755556
imagery_left_right_fist,shallow_fbcsp,default,ztrial,subject_disjoint,20260917,97,0.644444
imagery_left_right_fist,shallow_fbcsp,default,ztrial,subject_disjoint,20260917,98,0.511111
imagery_left_right_fist,shallow_fbcsp,default,ztrial,subject_disjoint,20260917,99,0.466667
imagery_left_right_fist,shallow_fbcsp,default,ztrial,subject_disjoint,20260917,100,0.777778
imagery_left_right_fist,shallow_fbcsp,default,ztrial,subject_disjoint,20260917,101,0.622222
imagery_left_right_fist,shallow_fbcsp,default,ztrial,subject_disjoint,20260917,102,0.785714
imagery_left_right_fist,shallow_fbcsp,default,ztrial,subject_disjoint,20260917,103,0.866667
imagery_left_right_fist,shallow_fbcsp,default,ztrial,subject_disjoint,20260917,104,0.761905
imagery_left_right_fist,shallow_fbcsp,default,ztrial,subject_disjoint,20260917,105,0.866667
imagery_left_right_fist,shallow_fbcsp,default,ztrial,subject_disjoint,20260917,106,0.6
imagery_left_right_fist,shallow_fbcsp,default,ztrial,subject_disjoint,20260917,107,0.688889
imagery_left_right_fist,shallow_fbcsp,default,ztrial,subject_disjoint,20260917,108,0.666667
imagery_left_right_fist,shallow_fbcsp,default,ztrial,subject_disjoint,20260917,109,0.6
imagery_left_right_fist,shallow_fbcsp,default,ztrial,subject_disjoint,20260918,1,0.822222
imagery_left_right_fist,shallow_fbcsp,default,ztrial,subject_disjoint,20260918,2,0.888889
imagery_left_right_fist,shallow_fbcsp,default,ztrial,subject_disjoint,20260918,3,0.711111
imagery_left_right_fist,shallow_fbcsp,default,ztrial,subject_disjoint,20260918,4,0.844444
imagery_left_right_fist,shallow_fbcsp,default,ztrial,subject_disjoint,20260918,5,0.622222
imagery_left_right_fist,shallow_fbcsp,default,ztrial,subject_disjoint,20260918,6,0.644444
imagery_left_right_fist,shallow_fbcsp,default,ztrial,subject_disjoint,20260918,7,0.755556
imagery_left_right_fist,shallow_fbcsp,default,ztrial,subject_disjoint,20260918,8,0.622222
imagery_left_right_fist,shallow_fbcsp,default,ztrial,subject_disjoint,20260918,9,0.555556
imagery_left_right_fist,shallow_fbcsp,default,ztrial,subject_disjoint,20260918,10,0.688889
imagery_left_right_fist,shallow_fbcsp,default,ztrial,subject_disjoint,20260918,11,0.644444
imagery_left_right_fist,shallow_fbcsp,default,ztrial,subject_disjoint,20260918,12,0.733333
imagery_left_right_fist,shallow_fbcsp,default,ztrial,subject_disjoint,20260918,13,0.666667
imagery_left_right_fist,shallow_fbcsp,default,ztrial,subject_disjoint,20260918,14,0.777778
imagery_left_right_fist,shallow_fbcsp,default,ztrial,subject_disjoint,20260918,15,0.866667
imagery_left_right_fist,shallow_fbcsp,default,ztrial,subject_disjoint,20260918,16,0.644444
imagery_left_right_fist,shallow_fbcsp,default,ztrial,subject_disjoint,20260918,17,0.6
imagery_left_right_fist,shallow_fbcsp,default,ztrial,subject_disjoint,20260918,18,0.844444
imagery_left_right_fist,shallow_fbcsp,default,ztrial,subject_disjoint,20260918,19,0.688889
imagery_left_right_fist,shallow_fbcsp,default,ztrial,subject_disjoint,20260918,20,0.911111
imagery_left_right_fist,shallow_fbcsp,default,ztrial,subject_disjoint,20260918,21,0.688889
imagery_left_right_fist,shallow_fbcsp,default,ztrial,subject_disjoint,20260918,22,0.844444
imagery_left_right_fist,shallow_fbcsp,default,ztrial,subject_disjoint,20260918,23,0.777778
imagery_left_right_fist,shallow_fbcsp,default,ztrial,subject_disjoint,20260918,24,0.577778
imagery_left_right_fist,shallow_fbcsp,default,ztrial,subject_disjoint,20260918,25,0.622222
imagery_left_right_fist,shallow_fbcsp,default,ztrial,subject_disjoint,20260918,26,0.711111
imagery_left_right_fist,shallow_fbcsp,default,ztrial,subject_disjoint,20260918,27,0.555556
imagery_left_right_fist,shallow_fbcsp,default,ztrial,subject_disjoint,20260918,28,0.688889
imagery_left_right_fist,shallow_fbcsp,default,ztrial,subject_disjoint,20260918,29,0.644444
imagery_left_right_fist,shallow_fbcsp,default,ztrial,subject_disjoint,20260918,30,0.6
imagery_left_right_fist,shallow_fbcsp,default,ztrial,subject_disjoint,20260918,31,0.755556
imagery_left_right_fist,shallow_fbcsp,default,ztrial,subject_disjoint,20260918,32,0.844444
imagery_left_right_fist,shallow_fbcsp,default,ztrial,subject_disjoint,20260918,33,0.755556
imagery_left_right_fist,shallow_fbcsp,default,ztrial,subject_disjoint,20260918,34,0.72093
imagery_left_right_fist,shallow_fbcsp,default,ztrial,subject_disjoint,20260918,35,0.822222
imagery_left_right_fist,shallow_fbcsp,default,ztrial,subject_disjoint,20260918,36,0.666667
imagery_left_right_fist,shallow_fbcsp,default,ztrial,subject_disjoint,20260918,37,0.534884
imagery_left_right_fist,shallow_fbcsp,default,ztrial,subject_disjoint,20260918,38,0.422222
imagery_left_right_fist,shallow_fbcsp,default,ztrial,subject_disjoint,20260918,39,0.644444
imagery_left_right_fist,shallow_fbcsp,default,ztrial,subject_disjoint,20260918,40,0.977778
imagery_left_right_fist,shallow_fbcsp,default,ztrial,subject_disjoint,20260918,41,0.681818
imagery_left_right_fist,shallow_fbcsp,default,ztrial,subject_disjoint,20260918,42,0.911111
imagery_left_right_fist,shallow_fbcsp,default,ztrial,subject_disjoint,20260918,43,0.911111
imagery_left_right_fist,shallow_fbcsp,default,ztrial,subject_disjoint,20260918,44,0.866667
imagery_left_right_fist,shallow_fbcsp,default,ztrial,subject_disjoint,20260918,45,0.6
imagery_left_right_fist,shallow_fbcsp,default,ztrial,subject_disjoint,20260918,46,0.688889
imagery_left_right_fist,shallow_fbcsp,default,ztrial,subject_disjoint,20260918,47,0.777778
imagery_left_right_fist,shallow_fbcsp,default,ztrial,subject_disjoint,20260918,48,0.8
imagery_left_right_fist,shallow_fbcsp,default,ztrial,subject_disjoint,20260918,49,0.688889
imagery_left_right_fist,shallow_fbcsp,default,ztrial,subject_disjoint,20260918,50,0.555556
imagery_left_right_fist,shallow_fbcsp,default,ztrial,subject_disjoint,20260918,51,0.733333
imagery_left_right_fist,shallow_fbcsp,default,ztrial,subject_disjoint,20260918,52,0.888889
imagery_left_right_fist,shallow_fbcsp,default,ztrial,subject_disjoint,20260918,53,0.622222
imagery_left_right_fist,shallow_fbcsp,default,ztrial,subject_disjoint,20260918,54,0.666667
imagery_left_right_fist,shallow_fbcsp,default,ztrial,subject_disjoint,20260918,55,0.888889
imagery_left_right_fist,shallow_fbcsp,default,ztrial,subject_disjoint,20260918,56,0.822222
imagery_left_right_fist,shallow_fbcsp,default,ztrial,subject_disjoint,20260918,57,0.644444
imagery_left_right_fist,shallow_fbcsp,default,ztrial,subject_disjoint,20260918,58,0.488889
imagery_left_right_fist,shallow_fbcsp,default,ztrial,subject_disjoint,20260918,59,0.711111
imagery_left_right_fist,shallow_fbcsp,default,ztrial,subject_disjoint,20260918,60,0.711111
imagery_left_right_fist,shallow_fbcsp,default,ztrial,subject_disjoint,20260918,61,0.644444
imagery_left_right_fist,shallow_fbcsp,default,ztrial,subject_disjoint,20260918,62,0.933333
imagery_left_right_fist,shallow_fbcsp,default,ztrial,subject_disjoint,20260918,63,0.6
imagery_left_right_fist,shallow_fbcsp,default,ztrial,subject_disjoint,20260918,64,0.659091
imagery_left_right_fist,shallow_fbcsp,default,ztrial,subject_disjoint,20260918,65,0.822222
imagery_left_right_fist,shallow_fbcsp,default,ztrial,subject_disjoint,20260918,66,0.711111
imagery_left_right_fist,shallow_fbcsp,default,ztrial,subject_disjoint,20260918,67,0.644444
imagery_left_right_fist,shallow_fbcsp,default,ztrial,subject_disjoint,20260918,68,0.844444
imagery_left_right_fist,shallow_fbcsp,default,ztrial,subject_disjoint,20260918,69,0.6
imagery_left_right_fist,shallow_fbcsp,default,ztrial,subject_disjoint,20260918,70,0.8
imagery_left_right_fist,shallow_fbcsp,default,ztrial,subject_disjoint,20260918,71,0.733333
imagery_left_right_fist,shallow_fbcsp,default,ztrial,subject_disjoint,20260918,72,0.860465
imagery_left_right_fist,shallow_fbcsp,default,ztrial,subject_disjoint,20260918,73,0.666667
imagery_left_right_fist,shallow_fbcsp,default,ztrial,subject_disjoint,20260918,74,0.627907
imagery_left_right_fist,shallow_fbcsp,default,ztrial,subject_disjoint,20260918,75,0.711111
imagery_left_right_fist,shallow_fbcsp,default,ztrial,subject_disjoint,20260918,76,0.595238
imagery_left_right_fist,shallow_fbcsp,default,ztrial,subject_disjoint,20260918,77,0.755556
imagery_left_right_fist,shallow_fbcsp,default,ztrial,subject_disjoint,20260918,78,0.688889
imagery_left_right_fist,shallow_fbcsp,default,ztrial,subject_disjoint,20260918,79,0.6
imagery_left_right_fist,shallow_fbcsp,default,ztrial,subject_disjoint,20260918,80,0.577778
imagery_left_right_fist,shallow_fbcsp,default,ztrial,subject_disjoint,20260918,81,0.822222
imagery_left_right_fist,shallow_fbcsp,default,ztrial,subject_disjoint,20260918,82,0.644444
imagery_left_right_fist,shallow_fbcsp,default,ztrial,subject_disjoint,20260918,83,0.666667
imagery_left_right_fist,shallow_fbcsp,default,ztrial,subject_disjoint,20260918,84,0.688889
imagery_left_right_fist,shallow_fbcsp,default,ztrial,subject_disjoint,20260918,85,0.8
imagery_left_right_fist,shallow_fbcsp,default,ztrial,subject_disjoint,20260918,86,0.888889
imagery_left_right_fist,shallow_fbcsp,default,ztrial,subject_disjoint,20260918,87,0.577778
imagery_left_right_fist,shallow_fbcsp,default,ztrial,subject_disjoint,20260918,88,0.666667
imagery_left_right_fist,shallow_fbcsp,default,ztrial,subject_disjoint,20260918,89,0.644444
imagery_left_right_fist,shallow_fbcsp,default,ztrial,subject_disjoint,20260918,90,0.733333
imagery_left_right_fist,shallow_fbcsp,default,ztrial,subject_disjoint,20260918,91,0.777778
imagery_left_right_fist,shallow_fbcsp,default,ztrial,subject_disjoint,20260918,92,0.701754
imagery_left_right_fist,shallow_fbcsp,default,ztrial,subject_disjoint,20260918,93,0.8
imagery_left_right_fist,shallow_fbcsp,default,ztrial,subject_disjoint,20260918,94,0.733333
imagery_left_right_fist,shallow_fbcsp,default,ztrial,subject_disjoint,20260918,95,0.711111
imagery_left_right_fist,shallow_fbcsp,default,ztrial,subject_disjoint,20260918,96,0.844444
imagery_left_right_fist,shallow_fbcsp,default,ztrial,subject_disjoint,20260918,97,0.644444
imagery_left_right_fist,shallow_fbcsp,default,ztrial,subject_disjoint,20260918,98,0.688889
imagery_left_right_fist,shallow_fbcsp,default,ztrial,subject_disjoint,20260918,99,0.488889
imagery_left_right_fist,shallow_fbcsp,default,ztrial,subject_disjoint,20260918,100,0.777778
imagery_left_right_fist,shallow_fbcsp,default,ztrial,subject_disjoint,20260918,101,0.888889
imagery_left_right_fist,shallow_fbcsp,default,ztrial,subject_disjoint,20260918,102,0.785714
imagery_left_right_fist,shallow_fbcsp,default,ztrial,subject_disjoint,20260918,103,0.755556
imagery_left_right_fist,shallow_fbcsp,default,ztrial,subject_disjoint,20260918,104,0.809524
imagery_left_right_fist,shallow_fbcsp,default,ztrial,subject_disjoint,20260918,105,0.866667
imagery_left_right_fist,shallow_fbcsp,default,ztrial,subject_disjoint,20260918,106,0.622222
imagery_left_right_fist,shallow_fbcsp,default,ztrial,subject_disjoint,20260918,107,0.488889
imagery_left_right_fist,shallow_fbcsp,default,ztrial,subject_disjoint,20260918,108,0.777778
imagery_left_right_fist,shallow_fbcsp,default,ztrial,subject_disjoint,20260918,109,0.666667
real_left_right_fist,eegnet_v4,default,ztrial,trial_random,20260916,1,0.911111
real_left_right_fist,eegnet_v4,default,ztrial,trial_random,20260916,2,0.8
real_left_right_fist,eegnet_v4,default,ztrial,trial_random,20260916,3,0.933333
real_left_right_fist,eegnet_v4,default,ztrial,trial_random,20260916,4,0.888889
real_left_right_fist,eegnet_v4,default,ztrial,trial_random,20260916,5,0.666667
real_left_right_fist,eegnet_v4,default,ztrial,trial_random,20260916,6,0.777778
real_left_right_fist,eegnet_v4,default,ztrial,trial_random,20260916,7,0.955556
real_left_right_fist,eegnet_v4,default,ztrial,trial_random,20260916,8,0.888889
real_left_right_fist,eegnet_v4,default,ztrial,trial_random,20260916,9,0.822222
real_left_right_fist,eegnet_v4,default,ztrial,trial_random,20260916,10,0.844444
real_left_right_fist,eegnet_v4,default,ztrial,trial_random,20260916,11,0.822222
real_left_right_fist,eegnet_v4,default,ztrial,trial_random,20260916,12,0.711111
real_left_right_fist,eegnet_v4,default,ztrial,trial_random,20260916,13,0.622222
real_left_right_fist,eegnet_v4,default,ztrial,trial_random,20260916,14,0.955556
real_left_right_fist,eegnet_v4,default,ztrial,trial_random,20260916,15,0.866667
real_left_right_fist,eegnet_v4,default,ztrial,trial_random,20260916,16,0.733333
real_left_right_fist,eegnet_v4,default,ztrial,trial_random,20260916,17,0.844444
real_left_right_fist,eegnet_v4,default,ztrial,trial_random,20260916,18,0.866667
real_left_right_fist,eegnet_v4,default,ztrial,trial_random,20260916,19,0.688889
real_left_right_fist,eegnet_v4,default,ztrial,trial_random,20260916,20,0.755556
real_left_right_fist,eegnet_v4,default,ztrial,trial_random,20260916,21,0.755556
real_left_right_fist,eegnet_v4,default,ztrial,trial_random,20260916,22,1
real_left_right_fist,eegnet_v4,default,ztrial,trial_random,20260916,23,0.711111
real_left_right_fist,eegnet_v4,default,ztrial,trial_random,20260916,24,0.644444
real_left_right_fist,eegnet_v4,default,ztrial,trial_random,20260916,25,0.577778
real_left_right_fist,eegnet_v4,default,ztrial,trial_random,20260916,26,0.8
real_left_right_fist,eegnet_v4,default,ztrial,trial_random,20260916,27,0.755556
real_left_right_fist,eegnet_v4,default,ztrial,trial_random,20260916,28,0.844444
real_left_right_fist,eegnet_v4,default,ztrial,trial_random,20260916,29,0.866667
real_left_right_fist,eegnet_v4,default,ztrial,trial_random,20260916,30,0.755556
real_left_right_fist,eegnet_v4,default,ztrial,trial_random,20260916,31,0.644444
real_left_right_fist,eegnet_v4,default,ztrial,trial_random,20260916,32,0.977778
real_left_right_fist,eegnet_v4,default,ztrial,trial_random,20260916,33,0.644444
real_left_right_fist,eegnet_v4,default,ztrial,trial_random,20260916,34,0.738095
real_left_right_fist,eegnet_v4,default,ztrial,trial_random,20260916,35,0.866667
real_left_right_fist,eegnet_v4,default,ztrial,trial_random,20260916,36,0.755556
real_left_right_fist,eegnet_v4,default,ztrial,trial_random,20260916,37,0.809524
real_left_right_fist,eegnet_v4,default,ztrial,trial_random,20260916,38,0.533333
real_left_right_fist,eegnet_v4,default,ztrial,trial_random,20260916,39,0.733333
real_left_right_fist,eegnet_v4,default,ztrial,trial_random,20260916,40,0.977778
real_left_right_fist,eegnet_v4,default,ztrial,trial_random,20260916,41,0.761905
real_left_right_fist,eegnet_v4,default,ztrial,trial_random,20260916,42,0.933333
real_left_right_fist,eegnet_v4,default,ztrial,trial_random,20260916,43,0.888889
real_left_right_fist,eegnet_v4,default,ztrial,trial_random,20260916,44,0.822222
real_left_right_fist,eegnet_v4,default,ztrial,trial_random,20260916,45,0.533333
real_left_right_fist,eegnet_v4,default,ztrial,trial_random,20260916,46,0.444444
real_left_right_fist,eegnet_v4,default,ztrial,trial_random,20260916,47,0.711111
real_left_right_fist,eegnet_v4,default,ztrial,trial_random,20260916,48,0.755556
real_left_right_fist,eegnet_v4,default,ztrial,trial_random,20260916,49,0.822222
real_left_right_fist,eegnet_v4,default,ztrial,trial_random,20260916,50,0.822222
real_left_right_fist,eegnet_v4,default,ztrial,trial_random,20260916,51,0.904762
real_left_right_fist,eegnet_v4,default,ztrial,trial_random,20260916,52,0.933333
real_left_right_fist,eegnet_v4,default,ztrial,trial_random,20260916,53,0.733333
real_left_right_fist,eegnet_v4,default,ztrial,trial_random,20260916,54,0.933333
real_left_right_fist,eegnet_v4,default,ztrial,trial_random,20260916,55,0.755556
real_left_right_fist,eegnet_v4,default,ztrial,trial_random,20260916,56,0.777778
real_left_right_fist,eegnet_v4,default,ztrial,trial_random,20260916,57,0.977778
real_left_right_fist,eegnet_v4,default,ztrial,trial_random,20260916,58,0.8
real_left_right_fist,eegnet_v4,default,ztrial,trial_random,20260916,59,0.866667
real_left_right_fist,eegnet_v4,default,ztrial,trial_random,20260916,60,0.777778
real_left_right_fist,eegnet_v4,default,ztrial,trial_random,20260916,61,0.977778
real_left_right_fist,eegnet_v4,default,ztrial,trial_random,20260916,62,0.711111
real_left_right_fist,eegnet_v4,default,ztrial,trial_random,20260916,63,0.644444
real_left_right_fist,eegnet_v4,default,ztrial,trial_random,20260916,64,0.904762
real_left_right_fist,eegnet_v4,default,ztrial,trial_random,20260916,65,0.577778
real_left_right_fist,eegnet_v4,default,ztrial,trial_random,20260916,66,0.733333
real_left_right_fist,eegnet_v4,default,ztrial,trial_random,20260916,67,0.6
real_left_right_fist,eegnet_v4,default,ztrial,trial_random,20260916,68,0.911111
real_left_right_fist,eegnet_v4,default,ztrial,trial_random,20260916,69,0.733333
real_left_right_fist,eegnet_v4,default,ztrial,trial_random,20260916,70,1
real_left_right_fist,eegnet_v4,default,ztrial,trial_random,20260916,71,0.911111
real_left_right_fist,eegnet_v4,default,ztrial,trial_random,20260916,72,0.785714
real_left_right_fist,eegnet_v4,default,ztrial,trial_random,20260916,73,0.857143
real_left_right_fist,eegnet_v4,default,ztrial,trial_random,20260916,74,0.880952
real_left_right_fist,eegnet_v4,default,ztrial,trial_random,20260916,75,0.6
real_left_right_fist,eegnet_v4,default,ztrial,trial_random,20260916,76,0.714286
real_left_right_fist,eegnet_v4,default,ztrial,trial_random,20260916,77,0.711111
real_left_right_fist,eegnet_v4,default,ztrial,trial_random,20260916,78,0.533333
real_left_right_fist,eegnet_v4,default,ztrial,trial_random,20260916,79,0.577778
real_left_right_fist,eegnet_v4,default,ztrial,trial_random,20260916,80,0.711111
real_left_right_fist,eegnet_v4,default,ztrial,trial_random,20260916,81,0.711111
real_left_right_fist,eegnet_v4,default,ztrial,trial_random,20260916,82,0.866667
real_left_right_fist,eegnet_v4,default,ztrial,trial_random,20260916,83,0.711111
real_left_right_fist,eegnet_v4,default,ztrial,trial_random,20260916,84,0.711111
real_left_right_fist,eegnet_v4,default,ztrial,trial_random,20260916,85,0.8
real_left_right_fist,eegnet_v4,default,ztrial,trial_random,20260916,86,0.866667
real_left_right_fist,eegnet_v4,default,ztrial,trial_random,20260916,87,0.577778
real_left_right_fist,eegnet_v4,default,ztrial,trial_random,20260916,88,0.719298
real_left_right_fist,eegnet_v4,default,ztrial,trial_random,20260916,89,0.961538
real_left_right_fist,eegnet_v4,default,ztrial,trial_random,20260916,90,0.888889
real_left_right_fist,eegnet_v4,default,ztrial,trial_random,20260916,91,0.822222
real_left_right_fist,eegnet_v4,default,ztrial,trial_random,20260916,92,0.701754
real_left_right_fist,eegnet_v4,default,ztrial,trial_random,20260916,93,0.8
real_left_right_fist,eegnet_v4,default,ztrial,trial_random,20260916,94,0.777778
real_left_right_fist,eegnet_v4,default,ztrial,trial_random,20260916,95,0.822222
real_left_right_fist,eegnet_v4,default,ztrial,trial_random,20260916,96,0.911111
real_left_right_fist,eegnet_v4,default,ztrial,trial_random,20260916,97,0.8
real_left_right_fist,eegnet_v4,default,ztrial,trial_random,20260916,98,0.666667
real_left_right_fist,eegnet_v4,default,ztrial,trial_random,20260916,99,0.6
real_left_right_fist,eegnet_v4,default,ztrial,trial_random,20260916,100,0.694444
real_left_right_fist,eegnet_v4,default,ztrial,trial_random,20260916,101,0.866667
real_left_right_fist,eegnet_v4,default,ztrial,trial_random,20260916,102,0.880952
real_left_right_fist,eegnet_v4,default,ztrial,trial_random,20260916,103,0.8
real_left_right_fist,eegnet_v4,default,ztrial,trial_random,20260916,104,0.622222
real_left_right_fist,eegnet_v4,default,ztrial,trial_random,20260916,105,0.955556
real_left_right_fist,eegnet_v4,default,ztrial,trial_random,20260916,106,0.466667
real_left_right_fist,eegnet_v4,default,ztrial,trial_random,20260916,107,0.688889
real_left_right_fist,eegnet_v4,default,ztrial,trial_random,20260916,108,0.822222
real_left_right_fist,eegnet_v4,default,ztrial,trial_random,20260916,109,0.733333
real_left_right_fist,eegnet_v4,default,ztrial,trial_random,20260917,1,0.933333
real_left_right_fist,eegnet_v4,default,ztrial,trial_random,20260917,2,0.8
real_left_right_fist,eegnet_v4,default,ztrial,trial_random,20260917,3,0.955556
real_left_right_fist,eegnet_v4,default,ztrial,trial_random,20260917,4,0.888889
real_left_right_fist,eegnet_v4,default,ztrial,trial_random,20260917,5,0.688889
real_left_right_fist,eegnet_v4,default,ztrial,trial_random,20260917,6,0.8
real_left_right_fist,eegnet_v4,default,ztrial,trial_random,20260917,7,0.955556
real_left_right_fist,eegnet_v4,default,ztrial,trial_random,20260917,8,0.888889
real_left_right_fist,eegnet_v4,default,ztrial,trial_random,20260917,9,0.733333
real_left_right_fist,eegnet_v4,default,ztrial,trial_random,20260917,10,0.844444
real_left_right_fist,eegnet_v4,default,ztrial,trial_random,20260917,11,0.777778
real_left_right_fist,eegnet_v4,default,ztrial,trial_random,20260917,12,0.8
real_left_right_fist,eegnet_v4,default,ztrial,trial_random,20260917,13,0.622222
real_left_right_fist,eegnet_v4,default,ztrial,trial_random,20260917,14,0.911111
real_left_right_fist,eegnet_v4,default,ztrial,trial_random,20260917,15,0.866667
real_left_right_fist,eegnet_v4,default,ztrial,trial_random,20260917,16,0.555556
real_left_right_fist,eegnet_v4,default,ztrial,trial_random,20260917,17,0.866667
real_left_right_fist,eegnet_v4,default,ztrial,trial_random,20260917,18,0.888889
real_left_right_fist,eegnet_v4,default,ztrial,trial_random,20260917,19,0.6
real_left_right_fist,eegnet_v4,default,ztrial,trial_random,20260917,20,0.688889
real_left_right_fist,eegnet_v4,default,ztrial,trial_random,20260917,21,0.644444
real_left_right_fist,eegnet_v4,default,ztrial,trial_random,20260917,22,0.977778
real_left_right_fist,eegnet_v4,default,ztrial,trial_random,20260917,23,0.711111
real_left_right_fist,eegnet_v4,default,ztrial,trial_random,20260917,24,0.6
real_left_right_fist,eegnet_v4,default,ztrial,trial_random,20260917,25,0.622222
real_left_right_fist,eegnet_v4,default,ztrial,trial_random,20260917,26,0.688889
real_left_right_fist,eegnet_v4,default,ztrial,trial_random,20260917,27,0.755556
real_left_right_fist,eegnet_v4,default,ztrial,trial_random,20260917,28,0.866667
real_left_right_fist,eegnet_v4,default,ztrial,trial_random,20260917,29,0.755556
real_left_right_fist,eegnet_v4,default,ztrial,trial_random,20260917,30,0.755556
real_left_right_fist,eegnet_v4,default,ztrial,trial_random,20260917,31,0.688889
real_left_right_fist,eegnet_v4,default,ztrial,trial_random,20260917,32,0.888889
real_left_right_fist,eegnet_v4,default,ztrial,trial_random,20260917,33,0.644444
real_left_right_fist,eegnet_v4,default,ztrial,trial_random,20260917,34,0.690476
real_left_right_fist,eegnet_v4,default,ztrial,trial_random,20260917,35,0.844444
real_left_right_fist,eegnet_v4,default,ztrial,trial_random,20260917,36,0.733333
real_left_right_fist,eegnet_v4,default,ztrial,trial_random,20260917,37,0.833333
real_left_right_fist,eegnet_v4,default,ztrial,trial_random,20260917,38,0.688889
real_left_right_fist,eegnet_v4,default,ztrial,trial_random,20260917,39,0.777778
real_left_right_fist,eegnet_v4,default,ztrial,trial_random,20260917,40,0.933333
real_left_right_fist,eegnet_v4,default,ztrial,trial_random,20260917,41,0.880952
real_left_right_fist,eegnet_v4,default,ztrial,trial_random,20260917,42,0.933333
real_left_right_fist,eegnet_v4,default,ztrial,trial_random,20260917,43,0.866667
real_left_right_fist,eegnet_v4,default,ztrial,trial_random,20260917,44,0.666667
real_left_right_fist,eegnet_v4,default,ztrial,trial_random,20260917,45,0.555556
real_left_right_fist,eegnet_v4,default,ztrial,trial_random,20260917,46,0.511111
real_left_right_fist,eegnet_v4,default,ztrial,trial_random,20260917,47,0.755556
real_left_right_fist,eegnet_v4,default,ztrial,trial_random,20260917,48,0.8
real_left_right_fist,eegnet_v4,default,ztrial,trial_random,20260917,49,0.711111
real_left_right_fist,eegnet_v4,default,ztrial,trial_random,20260917,50,0.666667
real_left_right_fist,eegnet_v4,default,ztrial,trial_random,20260917,51,0.928571
real_left_right_fist,eegnet_v4,default,ztrial,trial_random,20260917,52,0.777778
real_left_right_fist,eegnet_v4,default,ztrial,trial_random,20260917,53,0.733333
real_left_right_fist,eegnet_v4,default,ztrial,trial_random,20260917,54,0.866667
real_left_right_fist,eegnet_v4,default,ztrial,trial_random,20260917,55,0.777778
real_left_right_fist,eegnet_v4,default,ztrial,trial_random,20260917,56,0.822222
real_left_right_fist,eegnet_v4,default,ztrial,trial_random,20260917,57,0.777778
real_left_right_fist,eegnet_v4,default,ztrial,trial_random,20260917,58,0.755556
real_left_right_fist,eegnet_v4,default,ztrial,trial_random,20260917,59,0.888889
real_left_right_fist,eegnet_v4,default,ztrial,trial_random,20260917,60,0.777778
real_left_right_fist,eegnet_v4,default,ztrial,trial_random,20260917,61,0.822222
real_left_right_fist,eegnet_v4,default,ztrial,trial_random,20260917,62,0.666667
real_left_right_fist,eegnet_v4,default,ztrial,trial_random,20260917,63,0.577778
real_left_right_fist,eegnet_v4,default,ztrial,trial_random,20260917,64,0.880952
real_left_right_fist,eegnet_v4,default,ztrial,trial_random,20260917,65,0.6
real_left_right_fist,eegnet_v4,default,ztrial,trial_random,20260917,66,0.666667
real_left_right_fist,eegnet_v4,default,ztrial,trial_random,20260917,67,0.622222
real_left_right_fist,eegnet_v4,default,ztrial,trial_random,20260917,68,0.777778
real_left_right_fist,eegnet_v4,default,ztrial,trial_random,20260917,69,0.688889
real_left_right_fist,eegnet_v4,default,ztrial,trial_random,20260917,70,0.977778
real_left_right_fist,eegnet_v4,default,ztrial,trial_random,20260917,71,0.866667
real_left_right_fist,eegnet_v4,default,ztrial,trial_random,20260917,72,0.785714
real_left_right_fist,eegnet_v4,default,ztrial,trial_random,20260917,73,0.833333
real_left_right_fist,eegnet_v4,default,ztrial,trial_random,20260917,74,0.642857
real_left_right_fist,eegnet_v4,default,ztrial,trial_random,20260917,75,0.577778
real_left_right_fist,eegnet_v4,default,ztrial,trial_random,20260917,76,0.714286
real_left_right_fist,eegnet_v4,default,ztrial,trial_random,20260917,77,0.644444
real_left_right_fist,eegnet_v4,default,ztrial,trial_random,20260917,78,0.533333
real_left_right_fist,eegnet_v4,default,ztrial,trial_random,20260917,79,0.6
real_left_right_fist,eegnet_v4,default,ztrial,trial_random,20260917,80,0.755556
real_left_right_fist,eegnet_v4,default,ztrial,trial_random,20260917,81,0.733333
real_left_right_fist,eegnet_v4,default,ztrial,trial_random,20260917,82,0.844444
real_left_right_fist,eegnet_v4,default,ztrial,trial_random,20260917,83,0.777778
real_left_right_fist,eegnet_v4,default,ztrial,trial_random,20260917,84,0.866667
real_left_right_fist,eegnet_v4,default,ztrial,trial_random,20260917,85,0.866667
real_left_right_fist,eegnet_v4,default,ztrial,trial_random,20260917,86,0.911111
real_left_right_fist,eegnet_v4,default,ztrial,trial_random,20260917,87,0.577778
real_left_right_fist,eegnet_v4,default,ztrial,trial_random,20260917,88,0.736842
real_left_right_fist,eegnet_v4,default,ztrial,trial_random,20260917,89,0.923077
real_left_right_fist,eegnet_v4,default,ztrial,trial_random,20260917,90,0.911111
real_left_right_fist,eegnet_v4,default,ztrial,trial_random,20260917,91,0.8
real_left_right_fist,eegnet_v4,default,ztrial,trial_random,20260917,92,0.77193
real_left_right_fist,eegnet_v4,default,ztrial,trial_random,20260917,93,0.822222
real_left_right_fist,eegnet_v4,default,ztrial,trial_random,20260917,94,0.822222
real_left_right_fist,eegnet_v4,default,ztrial,trial_random,20260917,95,0.8
real_left_right_fist,eegnet_v4,default,ztrial,trial_random,20260917,96,0.866667
real_left_right_fist,eegnet_v4,default,ztrial,trial_random,20260917,97,0.733333
real_left_right_fist,eegnet_v4,default,ztrial,trial_random,20260917,98,0.755556
real_left_right_fist,eegnet_v4,default,ztrial,trial_random,20260917,99,0.511111
real_left_right_fist,eegnet_v4,default,ztrial,trial_random,20260917,100,0.638889
real_left_right_fist,eegnet_v4,default,ztrial,trial_random,20260917,101,0.755556
real_left_right_fist,eegnet_v4,default,ztrial,trial_random,20260917,102,0.833333
real_left_right_fist,eegnet_v4,default,ztrial,trial_random,20260917,103,0.844444
real_left_right_fist,eegnet_v4,default,ztrial,trial_random,20260917,104,0.6
real_left_right_fist,eegnet_v4,default,ztrial,trial_random,20260917,105,0.933333
real_left_right_fist,eegnet_v4,default,ztrial,trial_random,20260917,106,0.577778
real_left_right_fist,eegnet_v4,default,ztrial,trial_random,20260917,107,0.733333
real_left_right_fist,eegnet_v4,default,ztrial,trial_random,20260917,108,0.822222
real_left_right_fist,eegnet_v4,default,ztrial,trial_random,20260917,109,0.777778
real_left_right_fist,eegnet_v4,default,ztrial,trial_random,20260918,1,0.888889
real_left_right_fist,eegnet_v4,default,ztrial,trial_random,20260918,2,0.866667
real_left_right_fist,eegnet_v4,default,ztrial,trial_random,20260918,3,0.911111
real_left_right_fist,eegnet_v4,default,ztrial,trial_random,20260918,4,0.933333
real_left_right_fist,eegnet_v4,default,ztrial,trial_random,20260918,5,0.711111
real_left_right_fist,eegnet_v4,default,ztrial,trial_random,20260918,6,0.844444
real_left_right_fist,eegnet_v4,default,ztrial,trial_random,20260918,7,0.955556
real_left_right_fist,eegnet_v4,default,ztrial,trial_random,20260918,8,0.955556
real_left_right_fist,eegnet_v4,default,ztrial,trial_random,20260918,9,0.822222
real_left_right_fist,eegnet_v4,default,ztrial,trial_random,20260918,10,0.8
real_left_right_fist,eegnet_v4,default,ztrial,trial_random,20260918,11,0.777778
real_left_right_fist,eegnet_v4,default,ztrial,trial_random,20260918,12,0.644444
real_left_right_fist,eegnet_v4,default,ztrial,trial_random,20260918,13,0.577778
real_left_right_fist,eegnet_v4,default,ztrial,trial_random,20260918,14,0.844444
real_left_right_fist,eegnet_v4,default,ztrial,trial_random,20260918,15,0.866667
real_left_right_fist,eegnet_v4,default,ztrial,trial_random,20260918,16,0.622222
real_left_right_fist,eegnet_v4,default,ztrial,trial_random,20260918,17,0.8
real_left_right_fist,eegnet_v4,default,ztrial,trial_random,20260918,18,0.8
real_left_right_fist,eegnet_v4,default,ztrial,trial_random,20260918,19,0.822222
real_left_right_fist,eegnet_v4,default,ztrial,trial_random,20260918,20,0.777778
real_left_right_fist,eegnet_v4,default,ztrial,trial_random,20260918,21,0.711111
real_left_right_fist,eegnet_v4,default,ztrial,trial_random,20260918,22,1
real_left_right_fist,eegnet_v4,default,ztrial,trial_random,20260918,23,0.755556
real_left_right_fist,eegnet_v4,default,ztrial,trial_random,20260918,24,0.466667
real_left_right_fist,eegnet_v4,default,ztrial,trial_random,20260918,25,0.688889
real_left_right_fist,eegnet_v4,default,ztrial,trial_random,20260918,26,0.777778
real_left_right_fist,eegnet_v4,default,ztrial,trial_random,20260918,27,0.755556
real_left_right_fist,eegnet_v4,default,ztrial,trial_random,20260918,28,0.866667
real_left_right_fist,eegnet_v4,default,ztrial,trial_random,20260918,29,0.888889
real_left_right_fist,eegnet_v4,default,ztrial,trial_random,20260918,30,0.822222
real_left_right_fist,eegnet_v4,default,ztrial,trial_random,20260918,31,0.733333
real_left_right_fist,eegnet_v4,default,ztrial,trial_random,20260918,32,0.977778
real_left_right_fist,eegnet_v4,default,ztrial,trial_random,20260918,33,0.688889
real_left_right_fist,eegnet_v4,default,ztrial,trial_random,20260918,34,0.809524
real_left_right_fist,eegnet_v4,default,ztrial,trial_random,20260918,35,0.911111
real_left_right_fist,eegnet_v4,default,ztrial,trial_random,20260918,36,0.777778
real_left_right_fist,eegnet_v4,default,ztrial,trial_random,20260918,37,0.809524
real_left_right_fist,eegnet_v4,default,ztrial,trial_random,20260918,38,0.466667
real_left_right_fist,eegnet_v4,default,ztrial,trial_random,20260918,39,0.844444
real_left_right_fist,eegnet_v4,default,ztrial,trial_random,20260918,40,0.955556
real_left_right_fist,eegnet_v4,default,ztrial,trial_random,20260918,41,0.761905
real_left_right_fist,eegnet_v4,default,ztrial,trial_random,20260918,42,0.977778
real_left_right_fist,eegnet_v4,default,ztrial,trial_random,20260918,43,0.822222
real_left_right_fist,eegnet_v4,default,ztrial,trial_random,20260918,44,0.822222
real_left_right_fist,eegnet_v4,default,ztrial,trial_random,20260918,45,0.511111
real_left_right_fist,eegnet_v4,default,ztrial,trial_random,20260918,46,0.444444
real_left_right_fist,eegnet_v4,default,ztrial,trial_random,20260918,47,0.755556
real_left_right_fist,eegnet_v4,default,ztrial,trial_random,20260918,48,0.755556
real_left_right_fist,eegnet_v4,default,ztrial,trial_random,20260918,49,0.8
real_left_right_fist,eegnet_v4,default,ztrial,trial_random,20260918,50,0.866667
real_left_right_fist,eegnet_v4,default,ztrial,trial_random,20260918,51,0.904762
real_left_right_fist,eegnet_v4,default,ztrial,trial_random,20260918,52,0.866667
real_left_right_fist,eegnet_v4,default,ztrial,trial_random,20260918,53,0.8
real_left_right_fist,eegnet_v4,default,ztrial,trial_random,20260918,54,0.933333
real_left_right_fist,eegnet_v4,default,ztrial,trial_random,20260918,55,0.822222
real_left_right_fist,eegnet_v4,default,ztrial,trial_random,20260918,56,0.844444
real_left_right_fist,eegnet_v4,default,ztrial,trial_random,20260918,57,0.888889
real_left_right_fist,eegnet_v4,default,ztrial,trial_random,20260918,58,0.866667
real_left_right_fist,eegnet_v4,default,ztrial,trial_random,20260918,59,0.866667
real_left_right_fist,eegnet_v4,default,ztrial,trial_random,20260918,60,0.822222
real_left_right_fist,eegnet_v4,default,ztrial,trial_random,20260918,61,0.955556
real_left_right_fist,eegnet_v4,default,ztrial,trial_random,20260918,62,0.8
real_left_right_fist,eegnet_v4,default,ztrial,trial_random,20260918,63,0.733333
real_left_right_fist,eegnet_v4,default,ztrial,trial_random,20260918,64,0.809524
real_left_right_fist,eegnet_v4,default,ztrial,trial_random,20260918,65,0.577778
real_left_right_fist,eegnet_v4,default,ztrial,trial_random,20260918,66,0.755556
real_left_right_fist,eegnet_v4,default,ztrial,trial_random,20260918,67,0.644444
real_left_right_fist,eegnet_v4,default,ztrial,trial_random,20260918,68,0.8
real_left_right_fist,eegnet_v4,default,ztrial,trial_random,20260918,69,0.733333
real_left_right_fist,eegnet_v4,default,ztrial,trial_random,20260918,70,1
real_left_right_fist,eegnet_v4,default,ztrial,trial_random,20260918,71,0.955556
real_left_right_fist,eegnet_v4,default,ztrial,trial_random,20260918,72,0.833333
real_left_right_fist,eegnet_v4,default,ztrial,trial_random,20260918,73,0.857143
real_left_right_fist,eegnet_v4,default,ztrial,trial_random,20260918,74,0.785714
real_left_right_fist,eegnet_v4,default,ztrial,trial_random,20260918,75,0.511111
real_left_right_fist,eegnet_v4,default,ztrial,trial_random,20260918,76,0.666667
real_left_right_fist,eegnet_v4,default,ztrial,trial_random,20260918,77,0.688889
real_left_right_fist,eegnet_v4,default,ztrial,trial_random,20260918,78,0.577778
real_left_right_fist,eegnet_v4,default,ztrial,trial_random,20260918,79,0.666667
real_left_right_fist,eegnet_v4,default,ztrial,trial_random,20260918,80,0.8
real_left_right_fist,eegnet_v4,default,ztrial,trial_random,20260918,81,0.666667
real_left_right_fist,eegnet_v4,default,ztrial,trial_random,20260918,82,0.844444
real_left_right_fist,eegnet_v4,default,ztrial,trial_random,20260918,83,0.822222
real_left_right_fist,eegnet_v4,default,ztrial,trial_random,20260918,84,0.733333
real_left_right_fist,eegnet_v4,default,ztrial,trial_random,20260918,85,0.866667
real_left_right_fist,eegnet_v4,default,ztrial,trial_random,20260918,86,0.955556
real_left_right_fist,eegnet_v4,default,ztrial,trial_random,20260918,87,0.755556
real_left_right_fist,eegnet_v4,default,ztrial,trial_random,20260918,88,0.789474
real_left_right_fist,eegnet_v4,default,ztrial,trial_random,20260918,89,0.942308
real_left_right_fist,eegnet_v4,default,ztrial,trial_random,20260918,90,0.888889
real_left_right_fist,eegnet_v4,default,ztrial,trial_random,20260918,91,0.822222
real_left_right_fist,eegnet_v4,default,ztrial,trial_random,20260918,92,0.736842
real_left_right_fist,eegnet_v4,default,ztrial,trial_random,20260918,93,0.777778
real_left_right_fist,eegnet_v4,default,ztrial,trial_random,20260918,94,0.888889
real_left_right_fist,eegnet_v4,default,ztrial,trial_random,20260918,95,0.888889
real_left_right_fist,eegnet_v4,default,ztrial,trial_random,20260918,96,0.955556
real_left_right_fist,eegnet_v4,default,ztrial,trial_random,20260918,97,0.711111
real_left_right_fist,eegnet_v4,default,ztrial,trial_random,20260918,98,0.688889
real_left_right_fist,eegnet_v4,default,ztrial,trial_random,20260918,99,0.577778
real_left_right_fist,eegnet_v4,default,ztrial,trial_random,20260918,100,0.833333
real_left_right_fist,eegnet_v4,default,ztrial,trial_random,20260918,101,0.822222
real_left_right_fist,eegnet_v4,default,ztrial,trial_random,20260918,102,0.857143
real_left_right_fist,eegnet_v4,default,ztrial,trial_random,20260918,103,0.844444
real_left_right_fist,eegnet_v4,default,ztrial,trial_random,20260918,104,0.644444
real_left_right_fist,eegnet_v4,default,ztrial,trial_random,20260918,105,1
real_left_right_fist,eegnet_v4,default,ztrial,trial_random,20260918,106,0.577778
real_left_right_fist,eegnet_v4,default,ztrial,trial_random,20260918,107,0.733333
real_left_right_fist,eegnet_v4,default,ztrial,trial_random,20260918,108,0.866667
real_left_right_fist,eegnet_v4,default,ztrial,trial_random,20260918,109,0.844444
real_left_right_fist,eegnet_v4,default,ztrial,run_disjoint,20260916,1,0.911111
real_left_right_fist,eegnet_v4,default,ztrial,run_disjoint,20260916,2,0.844444
real_left_right_fist,eegnet_v4,default,ztrial,run_disjoint,20260916,3,0.911111
real_left_right_fist,eegnet_v4,default,ztrial,run_disjoint,20260916,4,0.866667
real_left_right_fist,eegnet_v4,default,ztrial,run_disjoint,20260916,5,0.755556
real_left_right_fist,eegnet_v4,default,ztrial,run_disjoint,20260916,6,0.822222
real_left_right_fist,eegnet_v4,default,ztrial,run_disjoint,20260916,7,0.911111
real_left_right_fist,eegnet_v4,default,ztrial,run_disjoint,20260916,8,0.911111
real_left_right_fist,eegnet_v4,default,ztrial,run_disjoint,20260916,9,0.822222
real_left_right_fist,eegnet_v4,default,ztrial,run_disjoint,20260916,10,0.777778
real_left_right_fist,eegnet_v4,default,ztrial,run_disjoint,20260916,11,0.888889
real_left_right_fist,eegnet_v4,default,ztrial,run_disjoint,20260916,12,0.688889
real_left_right_fist,eegnet_v4,default,ztrial,run_disjoint,20260916,13,0.577778
real_left_right_fist,eegnet_v4,default,ztrial,run_disjoint,20260916,14,0.844444
real_left_right_fist,eegnet_v4,default,ztrial,run_disjoint,20260916,15,0.822222
real_left_right_fist,eegnet_v4,default,ztrial,run_disjoint,20260916,16,0.733333
real_left_right_fist,eegnet_v4,default,ztrial,run_disjoint,20260916,17,0.777778
real_left_right_fist,eegnet_v4,default,ztrial,run_disjoint,20260916,18,0.822222
real_left_right_fist,eegnet_v4,default,ztrial,run_disjoint,20260916,19,0.733333
real_left_right_fist,eegnet_v4,default,ztrial,run_disjoint,20260916,20,0.777778
real_left_right_fist,eegnet_v4,default,ztrial,run_disjoint,20260916,21,0.8
real_left_right_fist,eegnet_v4,default,ztrial,run_disjoint,20260916,22,0.977778
real_left_right_fist,eegnet_v4,default,ztrial,run_disjoint,20260916,23,0.777778
real_left_right_fist,eegnet_v4,default,ztrial,run_disjoint,20260916,24,0.666667
real_left_right_fist,eegnet_v4,default,ztrial,run_disjoint,20260916,25,0.666667
real_left_right_fist,eegnet_v4,default,ztrial,run_disjoint,20260916,26,0.711111
real_left_right_fist,eegnet_v4,default,ztrial,run_disjoint,20260916,27,0.755556
real_left_right_fist,eegnet_v4,default,ztrial,run_disjoint,20260916,28,0.8
real_left_right_fist,eegnet_v4,default,ztrial,run_disjoint,20260916,29,0.822222
real_left_right_fist,eegnet_v4,default,ztrial,run_disjoint,20260916,30,0.8
real_left_right_fist,eegnet_v4,default,ztrial,run_disjoint,20260916,31,0.6
real_left_right_fist,eegnet_v4,default,ztrial,run_disjoint,20260916,32,0.955556
real_left_right_fist,eegnet_v4,default,ztrial,run_disjoint,20260916,33,0.733333
real_left_right_fist,eegnet_v4,default,ztrial,run_disjoint,20260916,34,0.666667
real_left_right_fist,eegnet_v4,default,ztrial,run_disjoint,20260916,35,0.888889
real_left_right_fist,eegnet_v4,default,ztrial,run_disjoint,20260916,36,0.8
real_left_right_fist,eegnet_v4,default,ztrial,run_disjoint,20260916,37,0.880952
real_left_right_fist,eegnet_v4,default,ztrial,run_disjoint,20260916,38,0.688889
real_left_right_fist,eegnet_v4,default,ztrial,run_disjoint,20260916,39,0.822222
real_left_right_fist,eegnet_v4,default,ztrial,run_disjoint,20260916,40,0.977778
real_left_right_fist,eegnet_v4,default,ztrial,run_disjoint,20260916,41,0.809524
real_left_right_fist,eegnet_v4,default,ztrial,run_disjoint,20260916,42,0.955556
real_left_right_fist,eegnet_v4,default,ztrial,run_disjoint,20260916,43,0.844444
real_left_right_fist,eegnet_v4,default,ztrial,run_disjoint,20260916,44,0.822222
real_left_right_fist,eegnet_v4,default,ztrial,run_disjoint,20260916,45,0.6
real_left_right_fist,eegnet_v4,default,ztrial,run_disjoint,20260916,46,0.533333
real_left_right_fist,eegnet_v4,default,ztrial,run_disjoint,20260916,47,0.755556
real_left_right_fist,eegnet_v4,default,ztrial,run_disjoint,20260916,48,0.711111
real_left_right_fist,eegnet_v4,default,ztrial,run_disjoint,20260916,49,0.8
real_left_right_fist,eegnet_v4,default,ztrial,run_disjoint,20260916,50,0.777778
real_left_right_fist,eegnet_v4,default,ztrial,run_disjoint,20260916,51,0.952381
real_left_right_fist,eegnet_v4,default,ztrial,run_disjoint,20260916,52,0.955556
real_left_right_fist,eegnet_v4,default,ztrial,run_disjoint,20260916,53,0.8
real_left_right_fist,eegnet_v4,default,ztrial,run_disjoint,20260916,54,0.933333
real_left_right_fist,eegnet_v4,default,ztrial,run_disjoint,20260916,55,0.844444
real_left_right_fist,eegnet_v4,default,ztrial,run_disjoint,20260916,56,0.866667
real_left_right_fist,eegnet_v4,default,ztrial,run_disjoint,20260916,57,0.911111
real_left_right_fist,eegnet_v4,default,ztrial,run_disjoint,20260916,58,0.777778
real_left_right_fist,eegnet_v4,default,ztrial,run_disjoint,20260916,59,0.866667
real_left_right_fist,eegnet_v4,default,ztrial,run_disjoint,20260916,60,0.8
real_left_right_fist,eegnet_v4,default,ztrial,run_disjoint,20260916,61,0.911111
real_left_right_fist,eegnet_v4,default,ztrial,run_disjoint,20260916,62,0.755556
real_left_right_fist,eegnet_v4,default,ztrial,run_disjoint,20260916,63,0.644444
real_left_right_fist,eegnet_v4,default,ztrial,run_disjoint,20260916,64,0.928571
real_left_right_fist,eegnet_v4,default,ztrial,run_disjoint,20260916,65,0.533333
real_left_right_fist,eegnet_v4,default,ztrial,run_disjoint,20260916,66,0.733333
real_left_right_fist,eegnet_v4,default,ztrial,run_disjoint,20260916,67,0.6
real_left_right_fist,eegnet_v4,default,ztrial,run_disjoint,20260916,68,0.866667
real_left_right_fist,eegnet_v4,default,ztrial,run_disjoint,20260916,69,0.733333
real_left_right_fist,eegnet_v4,default,ztrial,run_disjoint,20260916,70,1
real_left_right_fist,eegnet_v4,default,ztrial,run_disjoint,20260916,71,0.911111
real_left_right_fist,eegnet_v4,default,ztrial,run_disjoint,20260916,72,0.833333
real_left_right_fist,eegnet_v4,default,ztrial,run_disjoint,20260916,73,0.809524
real_left_right_fist,eegnet_v4,default,ztrial,run_disjoint,20260916,74,0.809524
real_left_right_fist,eegnet_v4,default,ztrial,run_disjoint,20260916,75,0.666667
real_left_right_fist,eegnet_v4,default,ztrial,run_disjoint,20260916,76,0.666667
real_left_right_fist,eegnet_v4,default,ztrial,run_disjoint,20260916,77,0.711111
real_left_right_fist,eegnet_v4,default,ztrial,run_disjoint,20260916,78,0.666667
real_left_right_fist,eegnet_v4,default,ztrial,run_disjoint,20260916,79,0.711111
real_left_right_fist,eegnet_v4,default,ztrial,run_disjoint,20260916,80,0.755556
real_left_right_fist,eegnet_v4,default,ztrial,run_disjoint,20260916,81,0.711111
real_left_right_fist,eegnet_v4,default,ztrial,run_disjoint,20260916,82,0.844444
real_left_right_fist,eegnet_v4,default,ztrial,run_disjoint,20260916,83,0.777778
real_left_right_fist,eegnet_v4,default,ztrial,run_disjoint,20260916,84,0.711111
real_left_right_fist,eegnet_v4,default,ztrial,run_disjoint,20260916,85,0.822222
real_left_right_fist,eegnet_v4,default,ztrial,run_disjoint,20260916,86,0.933333
real_left_right_fist,eegnet_v4,default,ztrial,run_disjoint,20260916,87,0.577778
real_left_right_fist,eegnet_v4,default,ztrial,run_disjoint,20260916,88,0.824561
real_left_right_fist,eegnet_v4,default,ztrial,run_disjoint,20260916,89,0.903846
real_left_right_fist,eegnet_v4,default,ztrial,run_disjoint,20260916,90,0.888889
real_left_right_fist,eegnet_v4,default,ztrial,run_disjoint,20260916,91,0.822222
real_left_right_fist,eegnet_v4,default,ztrial,run_disjoint,20260916,92,0.736842
real_left_right_fist,eegnet_v4,default,ztrial,run_disjoint,20260916,93,0.777778
real_left_right_fist,eegnet_v4,default,ztrial,run_disjoint,20260916,94,0.911111
real_left_right_fist,eegnet_v4,default,ztrial,run_disjoint,20260916,95,0.888889
real_left_right_fist,eegnet_v4,default,ztrial,run_disjoint,20260916,96,0.844444
real_left_right_fist,eegnet_v4,default,ztrial,run_disjoint,20260916,97,0.666667
real_left_right_fist,eegnet_v4,default,ztrial,run_disjoint,20260916,98,0.511111
real_left_right_fist,eegnet_v4,default,ztrial,run_disjoint,20260916,99,0.555556
real_left_right_fist,eegnet_v4,default,ztrial,run_disjoint,20260916,100,0.722222
real_left_right_fist,eegnet_v4,default,ztrial,run_disjoint,20260916,101,0.777778
real_left_right_fist,eegnet_v4,default,ztrial,run_disjoint,20260916,102,0.809524
real_left_right_fist,eegnet_v4,default,ztrial,run_disjoint,20260916,103,0.822222
real_left_right_fist,eegnet_v4,default,ztrial,run_disjoint,20260916,104,0.622222
real_left_right_fist,eegnet_v4,default,ztrial,run_disjoint,20260916,105,0.977778
real_left_right_fist,eegnet_v4,default,ztrial,run_disjoint,20260916,106,0.511111
real_left_right_fist,eegnet_v4,default,ztrial,run_disjoint,20260916,107,0.733333
real_left_right_fist,eegnet_v4,default,ztrial,run_disjoint,20260916,108,0.866667
real_left_right_fist,eegnet_v4,default,ztrial,run_disjoint,20260916,109,0.755556
real_left_right_fist,eegnet_v4,default,ztrial,run_disjoint,20260917,1,0.933333
real_left_right_fist,eegnet_v4,default,ztrial,run_disjoint,20260917,2,0.8
real_left_right_fist,eegnet_v4,default,ztrial,run_disjoint,20260917,3,0.955556
real_left_right_fist,eegnet_v4,default,ztrial,run_disjoint,20260917,4,0.844444
real_left_right_fist,eegnet_v4,default,ztrial,run_disjoint,20260917,5,0.733333
real_left_right_fist,eegnet_v4,default,ztrial,run_disjoint,20260917,6,0.8
real_left_right_fist,eegnet_v4,default,ztrial,run_disjoint,20260917,7,0.911111
real_left_right_fist,eegnet_v4,default,ztrial,run_disjoint,20260917,8,0.933333
real_left_right_fist,eegnet_v4,default,ztrial,run_disjoint,20260917,9,0.8
real_left_right_fist,eegnet_v4,default,ztrial,run_disjoint,20260917,10,0.844444
real_left_right_fist,eegnet_v4,default,ztrial,run_disjoint,20260917,11,0.777778
real_left_right_fist,eegnet_v4,default,ztrial,run_disjoint,20260917,12,0.711111
real_left_right_fist,eegnet_v4,default,ztrial,run_disjoint,20260917,13,0.711111
real_left_right_fist,eegnet_v4,default,ztrial,run_disjoint,20260917,14,0.822222
real_left_right_fist,eegnet_v4,default,ztrial,run_disjoint,20260917,15,0.866667
real_left_right_fist,eegnet_v4,default,ztrial,run_disjoint,20260917,16,0.555556
real_left_right_fist,eegnet_v4,default,ztrial,run_disjoint,20260917,17,0.866667
real_left_right_fist,eegnet_v4,default,ztrial,run_disjoint,20260917,18,0.866667
real_left_right_fist,eegnet_v4,default,ztrial,run_disjoint,20260917,19,0.8
real_left_right_fist,eegnet_v4,default,ztrial,run_disjoint,20260917,20,0.777778
real_left_right_fist,eegnet_v4,default,ztrial,run_disjoint,20260917,21,0.8
real_left_right_fist,eegnet_v4,default,ztrial,run_disjoint,20260917,22,1
real_left_right_fist,eegnet_v4,default,ztrial,run_disjoint,20260917,23,0.777778
real_left_right_fist,eegnet_v4,default,ztrial,run_disjoint,20260917,24,0.6
real_left_right_fist,eegnet_v4,default,ztrial,run_disjoint,20260917,25,0.688889
real_left_right_fist,eegnet_v4,default,ztrial,run_disjoint,20260917,26,0.688889
real_left_right_fist,eegnet_v4,default,ztrial,run_disjoint,20260917,27,0.8
real_left_right_fist,eegnet_v4,default,ztrial,run_disjoint,20260917,28,0.844444
real_left_right_fist,eegnet_v4,default,ztrial,run_disjoint,20260917,29,0.844444
real_left_right_fist,eegnet_v4,default,ztrial,run_disjoint,20260917,30,0.866667
real_left_right_fist,eegnet_v4,default,ztrial,run_disjoint,20260917,31,0.688889
real_left_right_fist,eegnet_v4,default,ztrial,run_disjoint,20260917,32,0.933333
real_left_right_fist,eegnet_v4,default,ztrial,run_disjoint,20260917,33,0.755556
real_left_right_fist,eegnet_v4,default,ztrial,run_disjoint,20260917,34,0.642857
real_left_right_fist,eegnet_v4,default,ztrial,run_disjoint,20260917,35,0.911111
real_left_right_fist,eegnet_v4,default,ztrial,run_disjoint,20260917,36,0.733333
real_left_right_fist,eegnet_v4,default,ztrial,run_disjoint,20260917,37,0.857143
real_left_right_fist,eegnet_v4,default,ztrial,run_disjoint,20260917,38,0.622222
real_left_right_fist,eegnet_v4,default,ztrial,run_disjoint,20260917,39,0.822222
real_left_right_fist,eegnet_v4,default,ztrial,run_disjoint,20260917,40,0.955556
real_left_right_fist,eegnet_v4,default,ztrial,run_disjoint,20260917,41,0.857143
real_left_right_fist,eegnet_v4,default,ztrial,run_disjoint,20260917,42,0.888889
real_left_right_fist,eegnet_v4,default,ztrial,run_disjoint,20260917,43,0.844444
real_left_right_fist,eegnet_v4,default,ztrial,run_disjoint,20260917,44,0.866667
real_left_right_fist,eegnet_v4,default,ztrial,run_disjoint,20260917,45,0.711111
real_left_right_fist,eegnet_v4,default,ztrial,run_disjoint,20260917,46,0.6
real_left_right_fist,eegnet_v4,default,ztrial,run_disjoint,20260917,47,0.755556
real_left_right_fist,eegnet_v4,default,ztrial,run_disjoint,20260917,48,0.777778
real_left_right_fist,eegnet_v4,default,ztrial,run_disjoint,20260917,49,0.911111
real_left_right_fist,eegnet_v4,default,ztrial,run_disjoint,20260917,50,0.755556
real_left_right_fist,eegnet_v4,default,ztrial,run_disjoint,20260917,51,0.928571
real_left_right_fist,eegnet_v4,default,ztrial,run_disjoint,20260917,52,0.844444
real_left_right_fist,eegnet_v4,default,ztrial,run_disjoint,20260917,53,0.777778
real_left_right_fist,eegnet_v4,default,ztrial,run_disjoint,20260917,54,0.911111
real_left_right_fist,eegnet_v4,default,ztrial,run_disjoint,20260917,55,0.8
real_left_right_fist,eegnet_v4,default,ztrial,run_disjoint,20260917,56,0.911111
real_left_right_fist,eegnet_v4,default,ztrial,run_disjoint,20260917,57,0.933333
real_left_right_fist,eegnet_v4,default,ztrial,run_disjoint,20260917,58,0.822222
real_left_right_fist,eegnet_v4,default,ztrial,run_disjoint,20260917,59,0.888889
real_left_right_fist,eegnet_v4,default,ztrial,run_disjoint,20260917,60,0.822222
real_left_right_fist,eegnet_v4,default,ztrial,run_disjoint,20260917,61,0.888889
real_left_right_fist,eegnet_v4,default,ztrial,run_disjoint,20260917,62,0.755556
real_left_right_fist,eegnet_v4,default,ztrial,run_disjoint,20260917,63,0.688889
real_left_right_fist,eegnet_v4,default,ztrial,run_disjoint,20260917,64,0.904762
real_left_right_fist,eegnet_v4,default,ztrial,run_disjoint,20260917,65,0.577778
real_left_right_fist,eegnet_v4,default,ztrial,run_disjoint,20260917,66,0.755556
real_left_right_fist,eegnet_v4,default,ztrial,run_disjoint,20260917,67,0.688889
real_left_right_fist,eegnet_v4,default,ztrial,run_disjoint,20260917,68,0.8
real_left_right_fist,eegnet_v4,default,ztrial,run_disjoint,20260917,69,0.733333
real_left_right_fist,eegnet_v4,default,ztrial,run_disjoint,20260917,70,0.977778
real_left_right_fist,eegnet_v4,default,ztrial,run_disjoint,20260917,71,0.888889
real_left_right_fist,eegnet_v4,default,ztrial,run_disjoint,20260917,72,0.809524
real_left_right_fist,eegnet_v4,default,ztrial,run_disjoint,20260917,73,0.809524
real_left_right_fist,eegnet_v4,default,ztrial,run_disjoint,20260917,74,0.833333
real_left_right_fist,eegnet_v4,default,ztrial,run_disjoint,20260917,75,0.555556
real_left_right_fist,eegnet_v4,default,ztrial,run_disjoint,20260917,76,0.738095
real_left_right_fist,eegnet_v4,default,ztrial,run_disjoint,20260917,77,0.666667
real_left_right_fist,eegnet_v4,default,ztrial,run_disjoint,20260917,78,0.622222
real_left_right_fist,eegnet_v4,default,ztrial,run_disjoint,20260917,79,0.688889
real_left_right_fist,eegnet_v4,default,ztrial,run_disjoint,20260917,80,0.777778
real_left_right_fist,eegnet_v4,default,ztrial,run_disjoint,20260917,81,0.733333
real_left_right_fist,eegnet_v4,default,ztrial,run_disjoint,20260917,82,0.888889
real_left_right_fist,eegnet_v4,default,ztrial,run_disjoint,20260917,83,0.666667
real_left_right_fist,eegnet_v4,default,ztrial,run_disjoint,20260917,84,0.688889
real_left_right_fist,eegnet_v4,default,ztrial,run_disjoint,20260917,85,0.755556
real_left_right_fist,eegnet_v4,default,ztrial,run_disjoint,20260917,86,0.888889
real_left_right_fist,eegnet_v4,default,ztrial,run_disjoint,20260917,87,0.644444
real_left_right_fist,eegnet_v4,default,ztrial,run_disjoint,20260917,88,0.649123
real_left_right_fist,eegnet_v4,default,ztrial,run_disjoint,20260917,89,0.923077
real_left_right_fist,eegnet_v4,default,ztrial,run_disjoint,20260917,90,0.888889
real_left_right_fist,eegnet_v4,default,ztrial,run_disjoint,20260917,91,0.844444
real_left_right_fist,eegnet_v4,default,ztrial,run_disjoint,20260917,92,0.736842
real_left_right_fist,eegnet_v4,default,ztrial,run_disjoint,20260917,93,0.8
real_left_right_fist,eegnet_v4,default,ztrial,run_disjoint,20260917,94,0.844444
real_left_right_fist,eegnet_v4,default,ztrial,run_disjoint,20260917,95,0.844444
real_left_right_fist,eegnet_v4,default,ztrial,run_disjoint,20260917,96,0.911111
real_left_right_fist,eegnet_v4,default,ztrial,run_disjoint,20260917,97,0.666667
real_left_right_fist,eegnet_v4,default,ztrial,run_disjoint,20260917,98,0.777778
real_left_right_fist,eegnet_v4,default,ztrial,run_disjoint,20260917,99,0.6
real_left_right_fist,eegnet_v4,default,ztrial,run_disjoint,20260917,100,0.75
real_left_right_fist,eegnet_v4,default,ztrial,run_disjoint,20260917,101,0.844444
real_left_right_fist,eegnet_v4,default,ztrial,run_disjoint,20260917,102,0.904762
real_left_right_fist,eegnet_v4,default,ztrial,run_disjoint,20260917,103,0.866667
real_left_right_fist,eegnet_v4,default,ztrial,run_disjoint,20260917,104,0.577778
real_left_right_fist,eegnet_v4,default,ztrial,run_disjoint,20260917,105,0.955556
real_left_right_fist,eegnet_v4,default,ztrial,run_disjoint,20260917,106,0.533333
real_left_right_fist,eegnet_v4,default,ztrial,run_disjoint,20260917,107,0.777778
real_left_right_fist,eegnet_v4,default,ztrial,run_disjoint,20260917,108,0.8
real_left_right_fist,eegnet_v4,default,ztrial,run_disjoint,20260917,109,0.755556
real_left_right_fist,eegnet_v4,default,ztrial,run_disjoint,20260918,1,0.888889
real_left_right_fist,eegnet_v4,default,ztrial,run_disjoint,20260918,2,0.8
real_left_right_fist,eegnet_v4,default,ztrial,run_disjoint,20260918,3,0.955556
real_left_right_fist,eegnet_v4,default,ztrial,run_disjoint,20260918,4,0.888889
real_left_right_fist,eegnet_v4,default,ztrial,run_disjoint,20260918,5,0.666667
real_left_right_fist,eegnet_v4,default,ztrial,run_disjoint,20260918,6,0.822222
real_left_right_fist,eegnet_v4,default,ztrial,run_disjoint,20260918,7,0.911111
real_left_right_fist,eegnet_v4,default,ztrial,run_disjoint,20260918,8,0.933333
real_left_right_fist,eegnet_v4,default,ztrial,run_disjoint,20260918,9,0.777778
real_left_right_fist,eegnet_v4,default,ztrial,run_disjoint,20260918,10,0.844444
real_left_right_fist,eegnet_v4,default,ztrial,run_disjoint,20260918,11,0.866667
real_left_right_fist,eegnet_v4,default,ztrial,run_disjoint,20260918,12,0.844444
real_left_right_fist,eegnet_v4,default,ztrial,run_disjoint,20260918,13,0.777778
real_left_right_fist,eegnet_v4,default,ztrial,run_disjoint,20260918,14,0.8
real_left_right_fist,eegnet_v4,default,ztrial,run_disjoint,20260918,15,0.822222
real_left_right_fist,eegnet_v4,default,ztrial,run_disjoint,20260918,16,0.622222
real_left_right_fist,eegnet_v4,default,ztrial,run_disjoint,20260918,17,0.822222
real_left_right_fist,eegnet_v4,default,ztrial,run_disjoint,20260918,18,0.866667
real_left_right_fist,eegnet_v4,default,ztrial,run_disjoint,20260918,19,0.755556
real_left_right_fist,eegnet_v4,default,ztrial,run_disjoint,20260918,20,0.777778
real_left_right_fist,eegnet_v4,default,ztrial,run_disjoint,20260918,21,0.822222
real_left_right_fist,eegnet_v4,default,ztrial,run_disjoint,20260918,22,0.977778
real_left_right_fist,eegnet_v4,default,ztrial,run_disjoint,20260918,23,0.733333
real_left_right_fist,eegnet_v4,default,ztrial,run_disjoint,20260918,24,0.666667
real_left_right_fist,eegnet_v4,default,ztrial,run_disjoint,20260918,25,0.777778
real_left_right_fist,eegnet_v4,default,ztrial,run_disjoint,20260918,26,0.733333
real_left_right_fist,eegnet_v4,default,ztrial,run_disjoint,20260918,27,0.777778
real_left_right_fist,eegnet_v4,default,ztrial,run_disjoint,20260918,28,0.866667
real_left_right_fist,eegnet_v4,default,ztrial,run_disjoint,20260918,29,0.777778
real_left_right_fist,eegnet_v4,default,ztrial,run_disjoint,20260918,30,0.777778
real_left_right_fist,eegnet_v4,default,ztrial,run_disjoint,20260918,31,0.777778
real_left_right_fist,eegnet_v4,default,ztrial,run_disjoint,20260918,32,0.977778
real_left_right_fist,eegnet_v4,default,ztrial,run_disjoint,20260918,33,0.733333
real_left_right_fist,eegnet_v4,default,ztrial,run_disjoint,20260918,34,0.761905
real_left_right_fist,eegnet_v4,default,ztrial,run_disjoint,20260918,35,0.955556
real_left_right_fist,eegnet_v4,default,ztrial,run_disjoint,20260918,36,0.777778
real_left_right_fist,eegnet_v4,default,ztrial,run_disjoint,20260918,37,0.880952
real_left_right_fist,eegnet_v4,default,ztrial,run_disjoint,20260918,38,0.577778
real_left_right_fist,eegnet_v4,default,ztrial,run_disjoint,20260918,39,0.866667
real_left_right_fist,eegnet_v4,default,ztrial,run_disjoint,20260918,40,0.955556
real_left_right_fist,eegnet_v4,default,ztrial,run_disjoint,20260918,41,0.761905
real_left_right_fist,eegnet_v4,default,ztrial,run_disjoint,20260918,42,1
real_left_right_fist,eegnet_v4,default,ztrial,run_disjoint,20260918,43,0.888889
real_left_right_fist,eegnet_v4,default,ztrial,run_disjoint,20260918,44,0.822222
real_left_right_fist,eegnet_v4,default,ztrial,run_disjoint,20260918,45,0.666667
real_left_right_fist,eegnet_v4,default,ztrial,run_disjoint,20260918,46,0.422222
real_left_right_fist,eegnet_v4,default,ztrial,run_disjoint,20260918,47,0.755556
real_left_right_fist,eegnet_v4,default,ztrial,run_disjoint,20260918,48,0.733333
real_left_right_fist,eegnet_v4,default,ztrial,run_disjoint,20260918,49,0.822222
real_left_right_fist,eegnet_v4,default,ztrial,run_disjoint,20260918,50,0.777778
real_left_right_fist,eegnet_v4,default,ztrial,run_disjoint,20260918,51,0.928571
real_left_right_fist,eegnet_v4,default,ztrial,run_disjoint,20260918,52,0.933333
real_left_right_fist,eegnet_v4,default,ztrial,run_disjoint,20260918,53,0.844444
real_left_right_fist,eegnet_v4,default,ztrial,run_disjoint,20260918,54,0.933333
real_left_right_fist,eegnet_v4,default,ztrial,run_disjoint,20260918,55,0.777778
real_left_right_fist,eegnet_v4,default,ztrial,run_disjoint,20260918,56,0.955556
real_left_right_fist,eegnet_v4,default,ztrial,run_disjoint,20260918,57,0.844444
real_left_right_fist,eegnet_v4,default,ztrial,run_disjoint,20260918,58,0.755556
real_left_right_fist,eegnet_v4,default,ztrial,run_disjoint,20260918,59,0.888889
real_left_right_fist,eegnet_v4,default,ztrial,run_disjoint,20260918,60,0.822222
real_left_right_fist,eegnet_v4,default,ztrial,run_disjoint,20260918,61,0.977778
real_left_right_fist,eegnet_v4,default,ztrial,run_disjoint,20260918,62,0.755556
real_left_right_fist,eegnet_v4,default,ztrial,run_disjoint,20260918,63,0.644444
real_left_right_fist,eegnet_v4,default,ztrial,run_disjoint,20260918,64,0.928571
real_left_right_fist,eegnet_v4,default,ztrial,run_disjoint,20260918,65,0.6
real_left_right_fist,eegnet_v4,default,ztrial,run_disjoint,20260918,66,0.8
real_left_right_fist,eegnet_v4,default,ztrial,run_disjoint,20260918,67,0.688889
real_left_right_fist,eegnet_v4,default,ztrial,run_disjoint,20260918,68,0.844444
real_left_right_fist,eegnet_v4,default,ztrial,run_disjoint,20260918,69,0.755556
real_left_right_fist,eegnet_v4,default,ztrial,run_disjoint,20260918,70,1
real_left_right_fist,eegnet_v4,default,ztrial,run_disjoint,20260918,71,0.844444
real_left_right_fist,eegnet_v4,default,ztrial,run_disjoint,20260918,72,0.785714
real_left_right_fist,eegnet_v4,default,ztrial,run_disjoint,20260918,73,0.904762
real_left_right_fist,eegnet_v4,default,ztrial,run_disjoint,20260918,74,0.761905
real_left_right_fist,eegnet_v4,default,ztrial,run_disjoint,20260918,75,0.577778
real_left_right_fist,eegnet_v4,default,ztrial,run_disjoint,20260918,76,0.738095
real_left_right_fist,eegnet_v4,default,ztrial,run_disjoint,20260918,77,0.6
real_left_right_fist,eegnet_v4,default,ztrial,run_disjoint,20260918,78,0.666667
real_left_right_fist,eegnet_v4,default,ztrial,run_disjoint,20260918,79,0.6
real_left_right_fist,eegnet_v4,default,ztrial,run_disjoint,20260918,80,0.777778
real_left_right_fist,eegnet_v4,default,ztrial,run_disjoint,20260918,81,0.688889
real_left_right_fist,eegnet_v4,default,ztrial,run_disjoint,20260918,82,0.888889
real_left_right_fist,eegnet_v4,default,ztrial,run_disjoint,20260918,83,0.733333
real_left_right_fist,eegnet_v4,default,ztrial,run_disjoint,20260918,84,0.8
real_left_right_fist,eegnet_v4,default,ztrial,run_disjoint,20260918,85,0.911111
real_left_right_fist,eegnet_v4,default,ztrial,run_disjoint,20260918,86,0.888889
real_left_right_fist,eegnet_v4,default,ztrial,run_disjoint,20260918,87,0.644444
real_left_right_fist,eegnet_v4,default,ztrial,run_disjoint,20260918,88,0.824561
real_left_right_fist,eegnet_v4,default,ztrial,run_disjoint,20260918,89,0.942308
real_left_right_fist,eegnet_v4,default,ztrial,run_disjoint,20260918,90,0.888889
real_left_right_fist,eegnet_v4,default,ztrial,run_disjoint,20260918,91,0.8
real_left_right_fist,eegnet_v4,default,ztrial,run_disjoint,20260918,92,0.719298
real_left_right_fist,eegnet_v4,default,ztrial,run_disjoint,20260918,93,0.8
real_left_right_fist,eegnet_v4,default,ztrial,run_disjoint,20260918,94,0.844444
real_left_right_fist,eegnet_v4,default,ztrial,run_disjoint,20260918,95,0.844444
real_left_right_fist,eegnet_v4,default,ztrial,run_disjoint,20260918,96,0.933333
real_left_right_fist,eegnet_v4,default,ztrial,run_disjoint,20260918,97,0.8
real_left_right_fist,eegnet_v4,default,ztrial,run_disjoint,20260918,98,0.733333
real_left_right_fist,eegnet_v4,default,ztrial,run_disjoint,20260918,99,0.688889
real_left_right_fist,eegnet_v4,default,ztrial,run_disjoint,20260918,100,0.694444
real_left_right_fist,eegnet_v4,default,ztrial,run_disjoint,20260918,101,0.866667
real_left_right_fist,eegnet_v4,default,ztrial,run_disjoint,20260918,102,0.857143
real_left_right_fist,eegnet_v4,default,ztrial,run_disjoint,20260918,103,0.844444
real_left_right_fist,eegnet_v4,default,ztrial,run_disjoint,20260918,104,0.555556
real_left_right_fist,eegnet_v4,default,ztrial,run_disjoint,20260918,105,0.977778
real_left_right_fist,eegnet_v4,default,ztrial,run_disjoint,20260918,106,0.511111
real_left_right_fist,eegnet_v4,default,ztrial,run_disjoint,20260918,107,0.755556
real_left_right_fist,eegnet_v4,default,ztrial,run_disjoint,20260918,108,0.822222
real_left_right_fist,eegnet_v4,default,ztrial,run_disjoint,20260918,109,0.777778
real_left_right_fist,eegnet_v4,default,ztrial,subject_disjoint,20260916,1,0.955556
real_left_right_fist,eegnet_v4,default,ztrial,subject_disjoint,20260916,2,0.866667
real_left_right_fist,eegnet_v4,default,ztrial,subject_disjoint,20260916,3,0.911111
real_left_right_fist,eegnet_v4,default,ztrial,subject_disjoint,20260916,4,0.888889
real_left_right_fist,eegnet_v4,default,ztrial,subject_disjoint,20260916,5,0.688889
real_left_right_fist,eegnet_v4,default,ztrial,subject_disjoint,20260916,6,0.822222
real_left_right_fist,eegnet_v4,default,ztrial,subject_disjoint,20260916,7,0.911111
real_left_right_fist,eegnet_v4,default,ztrial,subject_disjoint,20260916,8,0.866667
real_left_right_fist,eegnet_v4,default,ztrial,subject_disjoint,20260916,9,0.711111
real_left_right_fist,eegnet_v4,default,ztrial,subject_disjoint,20260916,10,0.777778
real_left_right_fist,eegnet_v4,default,ztrial,subject_disjoint,20260916,11,0.733333
real_left_right_fist,eegnet_v4,default,ztrial,subject_disjoint,20260916,12,0.733333
real_left_right_fist,eegnet_v4,default,ztrial,subject_disjoint,20260916,13,0.511111
real_left_right_fist,eegnet_v4,default,ztrial,subject_disjoint,20260916,14,0.844444
real_left_right_fist,eegnet_v4,default,ztrial,subject_disjoint,20260916,15,0.888889
real_left_right_fist,eegnet_v4,default,ztrial,subject_disjoint,20260916,16,0.711111
real_left_right_fist,eegnet_v4,default,ztrial,subject_disjoint,20260916,17,0.733333
real_left_right_fist,eegnet_v4,default,ztrial,subject_disjoint,20260916,18,0.911111
real_left_right_fist,eegnet_v4,default,ztrial,subject_disjoint,20260916,19,0.8
real_left_right_fist,eegnet_v4,default,ztrial,subject_disjoint,20260916,20,0.822222
real_left_right_fist,eegnet_v4,default,ztrial,subject_disjoint,20260916,21,0.644444
real_left_right_fist,eegnet_v4,default,ztrial,subject_disjoint,20260916,22,0.977778
real_left_right_fist,eegnet_v4,default,ztrial,subject_disjoint,20260916,23,0.711111
real_left_right_fist,eegnet_v4,default,ztrial,subject_disjoint,20260916,24,0.511111
real_left_right_fist,eegnet_v4,default,ztrial,subject_disjoint,20260916,25,0.6
real_left_right_fist,eegnet_v4,default,ztrial,subject_disjoint,20260916,26,0.711111
real_left_right_fist,eegnet_v4,default,ztrial,subject_disjoint,20260916,27,0.755556
real_left_right_fist,eegnet_v4,default,ztrial,subject_disjoint,20260916,28,0.866667
real_left_right_fist,eegnet_v4,default,ztrial,subject_disjoint,20260916,29,0.844444
real_left_right_fist,eegnet_v4,default,ztrial,subject_disjoint,20260916,30,0.622222
real_left_right_fist,eegnet_v4,default,ztrial,subject_disjoint,20260916,31,0.755556
real_left_right_fist,eegnet_v4,default,ztrial,subject_disjoint,20260916,32,1
real_left_right_fist,eegnet_v4,default,ztrial,subject_disjoint,20260916,33,0.755556
real_left_right_fist,eegnet_v4,default,ztrial,subject_disjoint,20260916,34,0.761905
real_left_right_fist,eegnet_v4,default,ztrial,subject_disjoint,20260916,35,0.866667
real_left_right_fist,eegnet_v4,default,ztrial,subject_disjoint,20260916,36,0.777778
real_left_right_fist,eegnet_v4,default,ztrial,subject_disjoint,20260916,37,0.714286
real_left_right_fist,eegnet_v4,default,ztrial,subject_disjoint,20260916,38,0.666667
real_left_right_fist,eegnet_v4,default,ztrial,subject_disjoint,20260916,39,0.844444
real_left_right_fist,eegnet_v4,default,ztrial,subject_disjoint,20260916,40,0.977778
real_left_right_fist,eegnet_v4,default,ztrial,subject_disjoint,20260916,41,0.809524
real_left_right_fist,eegnet_v4,default,ztrial,subject_disjoint,20260916,42,0.933333
real_left_right_fist,eegnet_v4,default,ztrial,subject_disjoint,20260916,43,0.8
real_left_right_fist,eegnet_v4,default,ztrial,subject_disjoint,20260916,44,0.866667
real_left_right_fist,eegnet_v4,default,ztrial,subject_disjoint,20260916,45,0.644444
real_left_right_fist,eegnet_v4,default,ztrial,subject_disjoint,20260916,46,0.577778
real_left_right_fist,eegnet_v4,default,ztrial,subject_disjoint,20260916,47,0.755556
real_left_right_fist,eegnet_v4,default,ztrial,subject_disjoint,20260916,48,0.822222
real_left_right_fist,eegnet_v4,default,ztrial,subject_disjoint,20260916,49,0.822222
real_left_right_fist,eegnet_v4,default,ztrial,subject_disjoint,20260916,50,0.777778
real_left_right_fist,eegnet_v4,default,ztrial,subject_disjoint,20260916,51,0.952381
real_left_right_fist,eegnet_v4,default,ztrial,subject_disjoint,20260916,52,0.911111
real_left_right_fist,eegnet_v4,default,ztrial,subject_disjoint,20260916,53,0.688889
real_left_right_fist,eegnet_v4,default,ztrial,subject_disjoint,20260916,54,0.911111
real_left_right_fist,eegnet_v4,default,ztrial,subject_disjoint,20260916,55,0.8
real_left_right_fist,eegnet_v4,default,ztrial,subject_disjoint,20260916,56,0.8
real_left_right_fist,eegnet_v4,default,ztrial,subject_disjoint,20260916,57,0.933333
real_left_right_fist,eegnet_v4,default,ztrial,subject_disjoint,20260916,58,0.533333
real_left_right_fist,eegnet_v4,default,ztrial,subject_disjoint,20260916,59,0.888889
real_left_right_fist,eegnet_v4,default,ztrial,subject_disjoint,20260916,60,0.755556
real_left_right_fist,eegnet_v4,default,ztrial,subject_disjoint,20260916,61,0.933333
real_left_right_fist,eegnet_v4,default,ztrial,subject_disjoint,20260916,62,0.755556
real_left_right_fist,eegnet_v4,default,ztrial,subject_disjoint,20260916,63,0.688889
real_left_right_fist,eegnet_v4,default,ztrial,subject_disjoint,20260916,64,0.952381
real_left_right_fist,eegnet_v4,default,ztrial,subject_disjoint,20260916,65,0.622222
real_left_right_fist,eegnet_v4,default,ztrial,subject_disjoint,20260916,66,0.822222
real_left_right_fist,eegnet_v4,default,ztrial,subject_disjoint,20260916,67,0.6
real_left_right_fist,eegnet_v4,default,ztrial,subject_disjoint,20260916,68,0.822222
real_left_right_fist,eegnet_v4,default,ztrial,subject_disjoint,20260916,69,0.644444
real_left_right_fist,eegnet_v4,default,ztrial,subject_disjoint,20260916,70,1
real_left_right_fist,eegnet_v4,default,ztrial,subject_disjoint,20260916,71,0.911111
real_left_right_fist,eegnet_v4,default,ztrial,subject_disjoint,20260916,72,0.809524
real_left_right_fist,eegnet_v4,default,ztrial,subject_disjoint,20260916,73,0.857143
real_left_right_fist,eegnet_v4,default,ztrial,subject_disjoint,20260916,74,0.928571
real_left_right_fist,eegnet_v4,default,ztrial,subject_disjoint,20260916,75,0.644444
real_left_right_fist,eegnet_v4,default,ztrial,subject_disjoint,20260916,76,0.5
real_left_right_fist,eegnet_v4,default,ztrial,subject_disjoint,20260916,77,0.711111
real_left_right_fist,eegnet_v4,default,ztrial,subject_disjoint,20260916,78,0.533333
real_left_right_fist,eegnet_v4,default,ztrial,subject_disjoint,20260916,79,0.577778
real_left_right_fist,eegnet_v4,default,ztrial,subject_disjoint,20260916,80,0.688889
real_left_right_fist,eegnet_v4,default,ztrial,subject_disjoint,20260916,81,0.733333
real_left_right_fist,eegnet_v4,default,ztrial,subject_disjoint,20260916,82,0.866667
real_left_right_fist,eegnet_v4,default,ztrial,subject_disjoint,20260916,83,0.777778
real_left_right_fist,eegnet_v4,default,ztrial,subject_disjoint,20260916,84,0.755556
real_left_right_fist,eegnet_v4,default,ztrial,subject_disjoint,20260916,85,0.888889
real_left_right_fist,eegnet_v4,default,ztrial,subject_disjoint,20260916,86,0.911111
real_left_right_fist,eegnet_v4,default,ztrial,subject_disjoint,20260916,87,0.666667
real_left_right_fist,eegnet_v4,default,ztrial,subject_disjoint,20260916,88,0.754386
real_left_right_fist,eegnet_v4,default,ztrial,subject_disjoint,20260916,89,0.884615
real_left_right_fist,eegnet_v4,default,ztrial,subject_disjoint,20260916,90,0.822222
real_left_right_fist,eegnet_v4,default,ztrial,subject_disjoint,20260916,91,0.844444
real_left_right_fist,eegnet_v4,default,ztrial,subject_disjoint,20260916,92,0.736842
real_left_right_fist,eegnet_v4,default,ztrial,subject_disjoint,20260916,93,0.733333
real_left_right_fist,eegnet_v4,default,ztrial,subject_disjoint,20260916,94,0.888889
real_left_right_fist,eegnet_v4,default,ztrial,subject_disjoint,20260916,95,0.844444
real_left_right_fist,eegnet_v4,default,ztrial,subject_disjoint,20260916,96,0.888889
real_left_right_fist,eegnet_v4,default,ztrial,subject_disjoint,20260916,97,0.8
real_left_right_fist,eegnet_v4,default,ztrial,subject_disjoint,20260916,98,0.622222
real_left_right_fist,eegnet_v4,default,ztrial,subject_disjoint,20260916,99,0.622222
real_left_right_fist,eegnet_v4,default,ztrial,subject_disjoint,20260916,100,0.805556
real_left_right_fist,eegnet_v4,default,ztrial,subject_disjoint,20260916,101,0.822222
real_left_right_fist,eegnet_v4,default,ztrial,subject_disjoint,20260916,102,0.785714
real_left_right_fist,eegnet_v4,default,ztrial,subject_disjoint,20260916,103,0.755556
real_left_right_fist,eegnet_v4,default,ztrial,subject_disjoint,20260916,104,0.6
real_left_right_fist,eegnet_v4,default,ztrial,subject_disjoint,20260916,105,0.977778
real_left_right_fist,eegnet_v4,default,ztrial,subject_disjoint,20260916,106,0.511111
real_left_right_fist,eegnet_v4,default,ztrial,subject_disjoint,20260916,107,0.711111
real_left_right_fist,eegnet_v4,default,ztrial,subject_disjoint,20260916,108,0.866667
real_left_right_fist,eegnet_v4,default,ztrial,subject_disjoint,20260916,109,0.644444
real_left_right_fist,eegnet_v4,default,ztrial,subject_disjoint,20260917,1,0.911111
real_left_right_fist,eegnet_v4,default,ztrial,subject_disjoint,20260917,2,0.844444
real_left_right_fist,eegnet_v4,default,ztrial,subject_disjoint,20260917,3,0.955556
real_left_right_fist,eegnet_v4,default,ztrial,subject_disjoint,20260917,4,0.844444
real_left_right_fist,eegnet_v4,default,ztrial,subject_disjoint,20260917,5,0.755556
real_left_right_fist,eegnet_v4,default,ztrial,subject_disjoint,20260917,6,0.733333
real_left_right_fist,eegnet_v4,default,ztrial,subject_disjoint,20260917,7,0.933333
real_left_right_fist,eegnet_v4,default,ztrial,subject_disjoint,20260917,8,0.888889
real_left_right_fist,eegnet_v4,default,ztrial,subject_disjoint,20260917,9,0.711111
real_left_right_fist,eegnet_v4,default,ztrial,subject_disjoint,20260917,10,0.755556
real_left_right_fist,eegnet_v4,default,ztrial,subject_disjoint,20260917,11,0.866667
real_left_right_fist,eegnet_v4,default,ztrial,subject_disjoint,20260917,12,0.733333
real_left_right_fist,eegnet_v4,default,ztrial,subject_disjoint,20260917,13,0.711111
real_left_right_fist,eegnet_v4,default,ztrial,subject_disjoint,20260917,14,0.777778
real_left_right_fist,eegnet_v4,default,ztrial,subject_disjoint,20260917,15,0.8
real_left_right_fist,eegnet_v4,default,ztrial,subject_disjoint,20260917,16,0.555556
real_left_right_fist,eegnet_v4,default,ztrial,subject_disjoint,20260917,17,0.777778
real_left_right_fist,eegnet_v4,default,ztrial,subject_disjoint,20260917,18,0.955556
real_left_right_fist,eegnet_v4,default,ztrial,subject_disjoint,20260917,19,0.777778
real_left_right_fist,eegnet_v4,default,ztrial,subject_disjoint,20260917,20,0.622222
real_left_right_fist,eegnet_v4,default,ztrial,subject_disjoint,20260917,21,0.511111
real_left_right_fist,eegnet_v4,default,ztrial,subject_disjoint,20260917,22,1
real_left_right_fist,eegnet_v4,default,ztrial,subject_disjoint,20260917,23,0.8
real_left_right_fist,eegnet_v4,default,ztrial,subject_disjoint,20260917,24,0.511111
real_left_right_fist,eegnet_v4,default,ztrial,subject_disjoint,20260917,25,0.688889
real_left_right_fist,eegnet_v4,default,ztrial,subject_disjoint,20260917,26,0.644444
real_left_right_fist,eegnet_v4,default,ztrial,subject_disjoint,20260917,27,0.8
real_left_right_fist,eegnet_v4,default,ztrial,subject_disjoint,20260917,28,0.733333
real_left_right_fist,eegnet_v4,default,ztrial,subject_disjoint,20260917,29,0.733333
real_left_right_fist,eegnet_v4,default,ztrial,subject_disjoint,20260917,30,0.733333
real_left_right_fist,eegnet_v4,default,ztrial,subject_disjoint,20260917,31,0.666667
real_left_right_fist,eegnet_v4,default,ztrial,subject_disjoint,20260917,32,0.955556
real_left_right_fist,eegnet_v4,default,ztrial,subject_disjoint,20260917,33,0.644444
real_left_right_fist,eegnet_v4,default,ztrial,subject_disjoint,20260917,34,0.666667
real_left_right_fist,eegnet_v4,default,ztrial,subject_disjoint,20260917,35,0.822222
real_left_right_fist,eegnet_v4,default,ztrial,subject_disjoint,20260917,36,0.644444
real_left_right_fist,eegnet_v4,default,ztrial,subject_disjoint,20260917,37,0.904762
real_left_right_fist,eegnet_v4,default,ztrial,subject_disjoint,20260917,38,0.533333
real_left_right_fist,eegnet_v4,default,ztrial,subject_disjoint,20260917,39,0.844444
real_left_right_fist,eegnet_v4,default,ztrial,subject_disjoint,20260917,40,0.955556
real_left_right_fist,eegnet_v4,default,ztrial,subject_disjoint,20260917,41,0.785714
real_left_right_fist,eegnet_v4,default,ztrial,subject_disjoint,20260917,42,0.977778
real_left_right_fist,eegnet_v4,default,ztrial,subject_disjoint,20260917,43,0.777778
real_left_right_fist,eegnet_v4,default,ztrial,subject_disjoint,20260917,44,0.844444
real_left_right_fist,eegnet_v4,default,ztrial,subject_disjoint,20260917,45,0.622222
real_left_right_fist,eegnet_v4,default,ztrial,subject_disjoint,20260917,46,0.422222
real_left_right_fist,eegnet_v4,default,ztrial,subject_disjoint,20260917,47,0.777778
real_left_right_fist,eegnet_v4,default,ztrial,subject_disjoint,20260917,48,0.822222
real_left_right_fist,eegnet_v4,default,ztrial,subject_disjoint,20260917,49,0.711111
real_left_right_fist,eegnet_v4,default,ztrial,subject_disjoint,20260917,50,0.755556
real_left_right_fist,eegnet_v4,default,ztrial,subject_disjoint,20260917,51,0.904762
real_left_right_fist,eegnet_v4,default,ztrial,subject_disjoint,20260917,52,0.888889
real_left_right_fist,eegnet_v4,default,ztrial,subject_disjoint,20260917,53,0.755556
real_left_right_fist,eegnet_v4,default,ztrial,subject_disjoint,20260917,54,0.933333
real_left_right_fist,eegnet_v4,default,ztrial,subject_disjoint,20260917,55,0.777778
real_left_right_fist,eegnet_v4,default,ztrial,subject_disjoint,20260917,56,0.866667
real_left_right_fist,eegnet_v4,default,ztrial,subject_disjoint,20260917,57,0.911111
real_left_right_fist,eegnet_v4,default,ztrial,subject_disjoint,20260917,58,0.622222
real_left_right_fist,eegnet_v4,default,ztrial,subject_disjoint,20260917,59,0.866667
real_left_right_fist,eegnet_v4,default,ztrial,subject_disjoint,20260917,60,0.755556
real_left_right_fist,eegnet_v4,default,ztrial,subject_disjoint,20260917,61,0.866667
real_left_right_fist,eegnet_v4,default,ztrial,subject_disjoint,20260917,62,0.688889
real_left_right_fist,eegnet_v4,default,ztrial,subject_disjoint,20260917,63,0.6
real_left_right_fist,eegnet_v4,default,ztrial,subject_disjoint,20260917,64,0.785714
real_left_right_fist,eegnet_v4,default,ztrial,subject_disjoint,20260917,65,0.688889
real_left_right_fist,eegnet_v4,default,ztrial,subject_disjoint,20260917,66,0.777778
real_left_right_fist,eegnet_v4,default,ztrial,subject_disjoint,20260917,67,0.622222
real_left_right_fist,eegnet_v4,default,ztrial,subject_disjoint,20260917,68,0.888889
real_left_right_fist,eegnet_v4,default,ztrial,subject_disjoint,20260917,69,0.733333
real_left_right_fist,eegnet_v4,default,ztrial,subject_disjoint,20260917,70,1
real_left_right_fist,eegnet_v4,default,ztrial,subject_disjoint,20260917,71,0.933333
real_left_right_fist,eegnet_v4,default,ztrial,subject_disjoint,20260917,72,0.857143
real_left_right_fist,eegnet_v4,default,ztrial,subject_disjoint,20260917,73,0.833333
real_left_right_fist,eegnet_v4,default,ztrial,subject_disjoint,20260917,74,0.880952
real_left_right_fist,eegnet_v4,default,ztrial,subject_disjoint,20260917,75,0.577778
real_left_right_fist,eegnet_v4,default,ztrial,subject_disjoint,20260917,76,0.619048
real_left_right_fist,eegnet_v4,default,ztrial,subject_disjoint,20260917,77,0.8
real_left_right_fist,eegnet_v4,default,ztrial,subject_disjoint,20260917,78,0.622222
real_left_right_fist,eegnet_v4,default,ztrial,subject_disjoint,20260917,79,0.555556
real_left_right_fist,eegnet_v4,default,ztrial,subject_disjoint,20260917,80,0.733333
real_left_right_fist,eegnet_v4,default,ztrial,subject_disjoint,20260917,81,0.755556
real_left_right_fist,eegnet_v4,default,ztrial,subject_disjoint,20260917,82,0.755556
real_left_right_fist,eegnet_v4,default,ztrial,subject_disjoint,20260917,83,0.711111
real_left_right_fist,eegnet_v4,default,ztrial,subject_disjoint,20260917,84,0.777778
real_left_right_fist,eegnet_v4,default,ztrial,subject_disjoint,20260917,85,0.711111
real_left_right_fist,eegnet_v4,default,ztrial,subject_disjoint,20260917,86,0.911111
real_left_right_fist,eegnet_v4,default,ztrial,subject_disjoint,20260917,87,0.644444
real_left_right_fist,eegnet_v4,default,ztrial,subject_disjoint,20260917,88,0.807018
real_left_right_fist,eegnet_v4,default,ztrial,subject_disjoint,20260917,89,0.942308
real_left_right_fist,eegnet_v4,default,ztrial,subject_disjoint,20260917,90,0.822222
real_left_right_fist,eegnet_v4,default,ztrial,subject_disjoint,20260917,91,0.733333
real_left_right_fist,eegnet_v4,default,ztrial,subject_disjoint,20260917,92,0.631579
real_left_right_fist,eegnet_v4,default,ztrial,subject_disjoint,20260917,93,0.777778
real_left_right_fist,eegnet_v4,default,ztrial,subject_disjoint,20260917,94,0.911111
real_left_right_fist,eegnet_v4,default,ztrial,subject_disjoint,20260917,95,0.688889
real_left_right_fist,eegnet_v4,default,ztrial,subject_disjoint,20260917,96,0.866667
real_left_right_fist,eegnet_v4,default,ztrial,subject_disjoint,20260917,97,0.777778
real_left_right_fist,eegnet_v4,default,ztrial,subject_disjoint,20260917,98,0.644444
real_left_right_fist,eegnet_v4,default,ztrial,subject_disjoint,20260917,99,0.577778
real_left_right_fist,eegnet_v4,default,ztrial,subject_disjoint,20260917,100,0.722222
real_left_right_fist,eegnet_v4,default,ztrial,subject_disjoint,20260917,101,0.844444
real_left_right_fist,eegnet_v4,default,ztrial,subject_disjoint,20260917,102,0.833333
real_left_right_fist,eegnet_v4,default,ztrial,subject_disjoint,20260917,103,0.844444
real_left_right_fist,eegnet_v4,default,ztrial,subject_disjoint,20260917,104,0.644444
real_left_right_fist,eegnet_v4,default,ztrial,subject_disjoint,20260917,105,0.844444
real_left_right_fist,eegnet_v4,default,ztrial,subject_disjoint,20260917,106,0.466667
real_left_right_fist,eegnet_v4,default,ztrial,subject_disjoint,20260917,107,0.644444
real_left_right_fist,eegnet_v4,default,ztrial,subject_disjoint,20260917,108,0.666667
real_left_right_fist,eegnet_v4,default,ztrial,subject_disjoint,20260917,109,0.844444
real_left_right_fist,eegnet_v4,default,ztrial,subject_disjoint,20260918,1,0.955556
real_left_right_fist,eegnet_v4,default,ztrial,subject_disjoint,20260918,2,0.888889
real_left_right_fist,eegnet_v4,default,ztrial,subject_disjoint,20260918,3,0.888889
real_left_right_fist,eegnet_v4,default,ztrial,subject_disjoint,20260918,4,0.866667
real_left_right_fist,eegnet_v4,default,ztrial,subject_disjoint,20260918,5,0.777778
real_left_right_fist,eegnet_v4,default,ztrial,subject_disjoint,20260918,6,0.844444
real_left_right_fist,eegnet_v4,default,ztrial,subject_disjoint,20260918,7,0.955556
real_left_right_fist,eegnet_v4,default,ztrial,subject_disjoint,20260918,8,0.866667
real_left_right_fist,eegnet_v4,default,ztrial,subject_disjoint,20260918,9,0.777778
real_left_right_fist,eegnet_v4,default,ztrial,subject_disjoint,20260918,10,0.822222
real_left_right_fist,eegnet_v4,default,ztrial,subject_disjoint,20260918,11,0.666667
real_left_right_fist,eegnet_v4,default,ztrial,subject_disjoint,20260918,12,0.577778
real_left_right_fist,eegnet_v4,default,ztrial,subject_disjoint,20260918,13,0.6
real_left_right_fist,eegnet_v4,default,ztrial,subject_disjoint,20260918,14,0.822222
real_left_right_fist,eegnet_v4,default,ztrial,subject_disjoint,20260918,15,0.866667
real_left_right_fist,eegnet_v4,default,ztrial,subject_disjoint,20260918,16,0.644444
real_left_right_fist,eegnet_v4,default,ztrial,subject_disjoint,20260918,17,0.755556
real_left_right_fist,eegnet_v4,default,ztrial,subject_disjoint,20260918,18,0.8
real_left_right_fist,eegnet_v4,default,ztrial,subject_disjoint,20260918,19,0.755556
real_left_right_fist,eegnet_v4,default,ztrial,subject_disjoint,20260918,20,0.666667
real_left_right_fist,eegnet_v4,default,ztrial,subject_disjoint,20260918,21,0.711111
real_left_right_fist,eegnet_v4,default,ztrial,subject_disjoint,20260918,22,1
real_left_right_fist,eegnet_v4,default,ztrial,subject_disjoint,20260918,23,0.822222
real_left_right_fist,eegnet_v4,default,ztrial,subject_disjoint,20260918,24,0.555556
real_left_right_fist,eegnet_v4,default,ztrial,subject_disjoint,20260918,25,0.577778
real_left_right_fist,eegnet_v4,default,ztrial,subject_disjoint,20260918,26,0.577778
real_left_right_fist,eegnet_v4,default,ztrial,subject_disjoint,20260918,27,0.733333
real_left_right_fist,eegnet_v4,default,ztrial,subject_disjoint,20260918,28,0.844444
real_left_right_fist,eegnet_v4,default,ztrial,subject_disjoint,20260918,29,0.688889
real_left_right_fist,eegnet_v4,default,ztrial,subject_disjoint,20260918,30,0.8
real_left_right_fist,eegnet_v4,default,ztrial,subject_disjoint,20260918,31,0.644444
real_left_right_fist,eegnet_v4,default,ztrial,subject_disjoint,20260918,32,0.977778
real_left_right_fist,eegnet_v4,default,ztrial,subject_disjoint,20260918,33,0.688889
real_left_right_fist,eegnet_v4,default,ztrial,subject_disjoint,20260918,34,0.714286
real_left_right_fist,eegnet_v4,default,ztrial,subject_disjoint,20260918,35,0.866667
real_left_right_fist,eegnet_v4,default,ztrial,subject_disjoint,20260918,36,0.8
real_left_right_fist,eegnet_v4,default,ztrial,subject_disjoint,20260918,37,0.571429
real_left_right_fist,eegnet_v4,default,ztrial,subject_disjoint,20260918,38,0.6
real_left_right_fist,eegnet_v4,default,ztrial,subject_disjoint,20260918,39,0.822222
real_left_right_fist,eegnet_v4,default,ztrial,subject_disjoint,20260918,40,0.955556
real_left_right_fist,eegnet_v4,default,ztrial,subject_disjoint,20260918,41,0.738095
real_left_right_fist,eegnet_v4,default,ztrial,subject_disjoint,20260918,42,0.955556
real_left_right_fist,eegnet_v4,default,ztrial,subject_disjoint,20260918,43,0.8
real_left_right_fist,eegnet_v4,default,ztrial,subject_disjoint,20260918,44,0.777778
real_left_right_fist,eegnet_v4,default,ztrial,subject_disjoint,20260918,45,0.577778
real_left_right_fist,eegnet_v4,default,ztrial,subject_disjoint,20260918,46,0.311111
real_left_right_fist,eegnet_v4,default,ztrial,subject_disjoint,20260918,47,0.822222
real_left_right_fist,eegnet_v4,default,ztrial,subject_disjoint,20260918,48,0.844444
real_left_right_fist,eegnet_v4,default,ztrial,subject_disjoint,20260918,49,0.711111
real_left_right_fist,eegnet_v4,default,ztrial,subject_disjoint,20260918,50,0.755556
real_left_right_fist,eegnet_v4,default,ztrial,subject_disjoint,20260918,51,0.97619
real_left_right_fist,eegnet_v4,default,ztrial,subject_disjoint,20260918,52,0.8
real_left_right_fist,eegnet_v4,default,ztrial,subject_disjoint,20260918,53,0.777778
real_left_right_fist,eegnet_v4,default,ztrial,subject_disjoint,20260918,54,0.955556
real_left_right_fist,eegnet_v4,default,ztrial,subject_disjoint,20260918,55,0.777778
real_left_right_fist,eegnet_v4,default,ztrial,subject_disjoint,20260918,56,0.8
real_left_right_fist,eegnet_v4,default,ztrial,subject_disjoint,20260918,57,0.8
real_left_right_fist,eegnet_v4,default,ztrial,subject_disjoint,20260918,58,0.688889
real_left_right_fist,eegnet_v4,default,ztrial,subject_disjoint,20260918,59,0.844444
real_left_right_fist,eegnet_v4,default,ztrial,subject_disjoint,20260918,60,0.888889
real_left_right_fist,eegnet_v4,default,ztrial,subject_disjoint,20260918,61,0.755556
real_left_right_fist,eegnet_v4,default,ztrial,subject_disjoint,20260918,62,0.777778
real_left_right_fist,eegnet_v4,default,ztrial,subject_disjoint,20260918,63,0.577778
real_left_right_fist,eegnet_v4,default,ztrial,subject_disjoint,20260918,64,0.928571
real_left_right_fist,eegnet_v4,default,ztrial,subject_disjoint,20260918,65,0.644444
real_left_right_fist,eegnet_v4,default,ztrial,subject_disjoint,20260918,66,0.711111
real_left_right_fist,eegnet_v4,default,ztrial,subject_disjoint,20260918,67,0.688889
real_left_right_fist,eegnet_v4,default,ztrial,subject_disjoint,20260918,68,0.777778
real_left_right_fist,eegnet_v4,default,ztrial,subject_disjoint,20260918,69,0.755556
real_left_right_fist,eegnet_v4,default,ztrial,subject_disjoint,20260918,70,1
real_left_right_fist,eegnet_v4,default,ztrial,subject_disjoint,20260918,71,0.777778
real_left_right_fist,eegnet_v4,default,ztrial,subject_disjoint,20260918,72,0.809524
real_left_right_fist,eegnet_v4,default,ztrial,subject_disjoint,20260918,73,0.857143
real_left_right_fist,eegnet_v4,default,ztrial,subject_disjoint,20260918,74,0.761905
real_left_right_fist,eegnet_v4,default,ztrial,subject_disjoint,20260918,75,0.622222
real_left_right_fist,eegnet_v4,default,ztrial,subject_disjoint,20260918,76,0.809524
real_left_right_fist,eegnet_v4,default,ztrial,subject_disjoint,20260918,77,0.6
real_left_right_fist,eegnet_v4,default,ztrial,subject_disjoint,20260918,78,0.555556
real_left_right_fist,eegnet_v4,default,ztrial,subject_disjoint,20260918,79,0.666667
real_left_right_fist,eegnet_v4,default,ztrial,subject_disjoint,20260918,80,0.688889
real_left_right_fist,eegnet_v4,default,ztrial,subject_disjoint,20260918,81,0.644444
real_left_right_fist,eegnet_v4,default,ztrial,subject_disjoint,20260918,82,0.822222
real_left_right_fist,eegnet_v4,default,ztrial,subject_disjoint,20260918,83,0.866667
real_left_right_fist,eegnet_v4,default,ztrial,subject_disjoint,20260918,84,0.755556
real_left_right_fist,eegnet_v4,default,ztrial,subject_disjoint,20260918,85,0.888889
real_left_right_fist,eegnet_v4,default,ztrial,subject_disjoint,20260918,86,0.888889
real_left_right_fist,eegnet_v4,default,ztrial,subject_disjoint,20260918,87,0.688889
real_left_right_fist,eegnet_v4,default,ztrial,subject_disjoint,20260918,88,0.754386
real_left_right_fist,eegnet_v4,default,ztrial,subject_disjoint,20260918,89,0.865385
real_left_right_fist,eegnet_v4,default,ztrial,subject_disjoint,20260918,90,0.866667
real_left_right_fist,eegnet_v4,default,ztrial,subject_disjoint,20260918,91,0.844444
real_left_right_fist,eegnet_v4,default,ztrial,subject_disjoint,20260918,92,0.701754
real_left_right_fist,eegnet_v4,default,ztrial,subject_disjoint,20260918,93,0.755556
real_left_right_fist,eegnet_v4,default,ztrial,subject_disjoint,20260918,94,0.888889
real_left_right_fist,eegnet_v4,default,ztrial,subject_disjoint,20260918,95,0.755556
real_left_right_fist,eegnet_v4,default,ztrial,subject_disjoint,20260918,96,0.888889
real_left_right_fist,eegnet_v4,default,ztrial,subject_disjoint,20260918,97,0.711111
real_left_right_fist,eegnet_v4,default,ztrial,subject_disjoint,20260918,98,0.644444
real_left_right_fist,eegnet_v4,default,ztrial,subject_disjoint,20260918,99,0.644444
real_left_right_fist,eegnet_v4,default,ztrial,subject_disjoint,20260918,100,0.75
real_left_right_fist,eegnet_v4,default,ztrial,subject_disjoint,20260918,101,0.777778
real_left_right_fist,eegnet_v4,default,ztrial,subject_disjoint,20260918,102,0.904762
real_left_right_fist,eegnet_v4,default,ztrial,subject_disjoint,20260918,103,0.844444
real_left_right_fist,eegnet_v4,default,ztrial,subject_disjoint,20260918,104,0.6
real_left_right_fist,eegnet_v4,default,ztrial,subject_disjoint,20260918,105,0.955556
real_left_right_fist,eegnet_v4,default,ztrial,subject_disjoint,20260918,106,0.555556
real_left_right_fist,eegnet_v4,default,ztrial,subject_disjoint,20260918,107,0.577778
real_left_right_fist,eegnet_v4,default,ztrial,subject_disjoint,20260918,108,0.844444
real_left_right_fist,eegnet_v4,default,ztrial,subject_disjoint,20260918,109,0.755556
real_left_right_fist,shallow_fbcsp,default,ztrial,trial_random,20260916,1,0.844444
real_left_right_fist,shallow_fbcsp,default,ztrial,trial_random,20260916,2,0.711111
real_left_right_fist,shallow_fbcsp,default,ztrial,trial_random,20260916,3,0.688889
real_left_right_fist,shallow_fbcsp,default,ztrial,trial_random,20260916,4,0.733333
real_left_right_fist,shallow_fbcsp,default,ztrial,trial_random,20260916,5,0.866667
real_left_right_fist,shallow_fbcsp,default,ztrial,trial_random,20260916,6,0.666667
real_left_right_fist,shallow_fbcsp,default,ztrial,trial_random,20260916,7,0.933333
real_left_right_fist,shallow_fbcsp,default,ztrial,trial_random,20260916,8,0.644444
real_left_right_fist,shallow_fbcsp,default,ztrial,trial_random,20260916,9,0.577778
real_left_right_fist,shallow_fbcsp,default,ztrial,trial_random,20260916,10,0.711111
real_left_right_fist,shallow_fbcsp,default,ztrial,trial_random,20260916,11,0.8
real_left_right_fist,shallow_fbcsp,default,ztrial,trial_random,20260916,12,0.755556
real_left_right_fist,shallow_fbcsp,default,ztrial,trial_random,20260916,13,0.577778
real_left_right_fist,shallow_fbcsp,default,ztrial,trial_random,20260916,14,0.755556
real_left_right_fist,shallow_fbcsp,default,ztrial,trial_random,20260916,15,0.888889
real_left_right_fist,shallow_fbcsp,default,ztrial,trial_random,20260916,16,0.533333
real_left_right_fist,shallow_fbcsp,default,ztrial,trial_random,20260916,17,0.711111
real_left_right_fist,shallow_fbcsp,default,ztrial,trial_random,20260916,18,0.866667
real_left_right_fist,shallow_fbcsp,default,ztrial,trial_random,20260916,19,0.666667
real_left_right_fist,shallow_fbcsp,default,ztrial,trial_random,20260916,20,0.822222
real_left_right_fist,shallow_fbcsp,default,ztrial,trial_random,20260916,21,0.644444
real_left_right_fist,shallow_fbcsp,default,ztrial,trial_random,20260916,22,0.844444
real_left_right_fist,shallow_fbcsp,default,ztrial,trial_random,20260916,23,0.733333
real_left_right_fist,shallow_fbcsp,default,ztrial,trial_random,20260916,24,0.422222
real_left_right_fist,shallow_fbcsp,default,ztrial,trial_random,20260916,25,0.666667
real_left_right_fist,shallow_fbcsp,default,ztrial,trial_random,20260916,26,0.755556
real_left_right_fist,shallow_fbcsp,default,ztrial,trial_random,20260916,27,0.488889
real_left_right_fist,shallow_fbcsp,default,ztrial,trial_random,20260916,28,0.755556
real_left_right_fist,shallow_fbcsp,default,ztrial,trial_random,20260916,29,0.711111
real_left_right_fist,shallow_fbcsp,default,ztrial,trial_random,20260916,30,0.577778
real_left_right_fist,shallow_fbcsp,default,ztrial,trial_random,20260916,31,0.577778
real_left_right_fist,shallow_fbcsp,default,ztrial,trial_random,20260916,32,0.933333
real_left_right_fist,shallow_fbcsp,default,ztrial,trial_random,20260916,33,0.622222
real_left_right_fist,shallow_fbcsp,default,ztrial,trial_random,20260916,34,0.738095
real_left_right_fist,shallow_fbcsp,default,ztrial,trial_random,20260916,35,0.911111
real_left_right_fist,shallow_fbcsp,default,ztrial,trial_random,20260916,36,0.666667
real_left_right_fist,shallow_fbcsp,default,ztrial,trial_random,20260916,37,0.785714
real_left_right_fist,shallow_fbcsp,default,ztrial,trial_random,20260916,38,0.644444
real_left_right_fist,shallow_fbcsp,default,ztrial,trial_random,20260916,39,0.8
real_left_right_fist,shallow_fbcsp,default,ztrial,trial_random,20260916,40,0.933333
real_left_right_fist,shallow_fbcsp,default,ztrial,trial_random,20260916,41,0.714286
real_left_right_fist,shallow_fbcsp,default,ztrial,trial_random,20260916,42,0.888889
real_left_right_fist,shallow_fbcsp,default,ztrial,trial_random,20260916,43,0.688889
real_left_right_fist,shallow_fbcsp,default,ztrial,trial_random,20260916,44,0.777778
real_left_right_fist,shallow_fbcsp,default,ztrial,trial_random,20260916,45,0.577778
real_left_right_fist,shallow_fbcsp,default,ztrial,trial_random,20260916,46,0.511111
real_left_right_fist,shallow_fbcsp,default,ztrial,trial_random,20260916,47,0.733333
real_left_right_fist,shallow_fbcsp,default,ztrial,trial_random,20260916,48,0.755556
real_left_right_fist,shallow_fbcsp,default,ztrial,trial_random,20260916,49,0.711111
real_left_right_fist,shallow_fbcsp,default,ztrial,trial_random,20260916,50,0.555556
real_left_right_fist,shallow_fbcsp,default,ztrial,trial_random,20260916,51,0.904762
real_left_right_fist,shallow_fbcsp,default,ztrial,trial_random,20260916,52,0.911111
real_left_right_fist,shallow_fbcsp,default,ztrial,trial_random,20260916,53,0.755556
real_left_right_fist,shallow_fbcsp,default,ztrial,trial_random,20260916,54,0.755556
real_left_right_fist,shallow_fbcsp,default,ztrial,trial_random,20260916,55,0.755556
real_left_right_fist,shallow_fbcsp,default,ztrial,trial_random,20260916,56,0.733333
real_left_right_fist,shallow_fbcsp,default,ztrial,trial_random,20260916,57,0.755556
real_left_right_fist,shallow_fbcsp,default,ztrial,trial_random,20260916,58,0.555556
real_left_right_fist,shallow_fbcsp,default,ztrial,trial_random,20260916,59,0.777778
real_left_right_fist,shallow_fbcsp,default,ztrial,trial_random,20260916,60,0.822222
real_left_right_fist,shallow_fbcsp,default,ztrial,trial_random,20260916,61,0.622222
real_left_right_fist,shallow_fbcsp,default,ztrial,trial_random,20260916,62,0.733333
real_left_right_fist,shallow_fbcsp,default,ztrial,trial_random,20260916,63,0.6
real_left_right_fist,shallow_fbcsp,default,ztrial,trial_random,20260916,64,0.857143
real_left_right_fist,shallow_fbcsp,default,ztrial,trial_random,20260916,65,0.822222
real_left_right_fist,shallow_fbcsp,default,ztrial,trial_random,20260916,66,0.644444
real_left_right_fist,shallow_fbcsp,default,ztrial,trial_random,20260916,67,0.6
real_left_right_fist,shallow_fbcsp,default,ztrial,trial_random,20260916,68,0.666667
real_left_right_fist,shallow_fbcsp,default,ztrial,trial_random,20260916,69,0.6
real_left_right_fist,shallow_fbcsp,default,ztrial,trial_random,20260916,70,0.888889
real_left_right_fist,shallow_fbcsp,default,ztrial,trial_random,20260916,71,0.711111
real_left_right_fist,shallow_fbcsp,default,ztrial,trial_random,20260916,72,0.738095
real_left_right_fist,shallow_fbcsp,default,ztrial,trial_random,20260916,73,0.642857
real_left_right_fist,shallow_fbcsp,default,ztrial,trial_random,20260916,74,0.595238
real_left_right_fist,shallow_fbcsp,default,ztrial,trial_random,20260916,75,0.533333
real_left_right_fist,shallow_fbcsp,default,ztrial,trial_random,20260916,76,0.547619
real_left_right_fist,shallow_fbcsp,default,ztrial,trial_random,20260916,77,0.644444
real_left_right_fist,shallow_fbcsp,default,ztrial,trial_random,20260916,78,0.622222
real_left_right_fist,shallow_fbcsp,default,ztrial,trial_random,20260916,79,0.644444
real_left_right_fist,shallow_fbcsp,default,ztrial,trial_random,20260916,80,0.844444
real_left_right_fist,shallow_fbcsp,default,ztrial,trial_random,20260916,81,0.755556
real_left_right_fist,shallow_fbcsp,default,ztrial,trial_random,20260916,82,0.755556
real_left_right_fist,shallow_fbcsp,default,ztrial,trial_random,20260916,83,0.644444
real_left_right_fist,shallow_fbcsp,default,ztrial,trial_random,20260916,84,0.822222
real_left_right_fist,shallow_fbcsp,default,ztrial,trial_random,20260916,85,0.755556
real_left_right_fist,shallow_fbcsp,default,ztrial,trial_random,20260916,86,0.866667
real_left_right_fist,shallow_fbcsp,default,ztrial,trial_random,20260916,87,0.711111
real_left_right_fist,shallow_fbcsp,default,ztrial,trial_random,20260916,88,0.807018
real_left_right_fist,shallow_fbcsp,default,ztrial,trial_random,20260916,89,0.807692
real_left_right_fist,shallow_fbcsp,default,ztrial,trial_random,20260916,90,0.666667
real_left_right_fist,shallow_fbcsp,default,ztrial,trial_random,20260916,91,0.711111
real_left_right_fist,shallow_fbcsp,default,ztrial,trial_random,20260916,92,0.684211
real_left_right_fist,shallow_fbcsp,default,ztrial,trial_random,20260916,93,0.733333
real_left_right_fist,shallow_fbcsp,default,ztrial,trial_random,20260916,94,0.777778
real_left_right_fist,shallow_fbcsp,default,ztrial,trial_random,20260916,95,0.644444
real_left_right_fist,shallow_fbcsp,default,ztrial,trial_random,20260916,96,0.666667
real_left_right_fist,shallow_fbcsp,default,ztrial,trial_random,20260916,97,0.622222
real_left_right_fist,shallow_fbcsp,default,ztrial,trial_random,20260916,98,0.6
real_left_right_fist,shallow_fbcsp,default,ztrial,trial_random,20260916,99,0.666667
real_left_right_fist,shallow_fbcsp,default,ztrial,trial_random,20260916,100,0.777778
real_left_right_fist,shallow_fbcsp,default,ztrial,trial_random,20260916,101,0.755556
real_left_right_fist,shallow_fbcsp,default,ztrial,trial_random,20260916,102,0.666667
real_left_right_fist,shallow_fbcsp,default,ztrial,trial_random,20260916,103,0.711111
real_left_right_fist,shallow_fbcsp,default,ztrial,trial_random,20260916,104,0.6
real_left_right_fist,shallow_fbcsp,default,ztrial,trial_random,20260916,105,0.866667
real_left_right_fist,shallow_fbcsp,default,ztrial,trial_random,20260916,106,0.533333
real_left_right_fist,shallow_fbcsp,default,ztrial,trial_random,20260916,107,0.666667
real_left_right_fist,shallow_fbcsp,default,ztrial,trial_random,20260916,108,0.711111
real_left_right_fist,shallow_fbcsp,default,ztrial,trial_random,20260916,109,0.711111
real_left_right_fist,shallow_fbcsp,default,ztrial,trial_random,20260917,1,0.8
real_left_right_fist,shallow_fbcsp,default,ztrial,trial_random,20260917,2,0.711111
real_left_right_fist,shallow_fbcsp,default,ztrial,trial_random,20260917,3,0.733333
real_left_right_fist,shallow_fbcsp,default,ztrial,trial_random,20260917,4,0.733333
real_left_right_fist,shallow_fbcsp,default,ztrial,trial_random,20260917,5,0.755556
real_left_right_fist,shallow_fbcsp,default,ztrial,trial_random,20260917,6,0.644444
real_left_right_fist,shallow_fbcsp,default,ztrial,trial_random,20260917,7,0.866667
real_left_right_fist,shallow_fbcsp,default,ztrial,trial_random,20260917,8,0.622222
real_left_right_fist,shallow_fbcsp,default,ztrial,trial_random,20260917,9,0.666667
real_left_right_fist,shallow_fbcsp,default,ztrial,trial_random,20260917,10,0.777778
real_left_right_fist,shallow_fbcsp,default,ztrial,trial_random,20260917,11,0.666667
real_left_right_fist,shallow_fbcsp,default,ztrial,trial_random,20260917,12,0.688889
real_left_right_fist,shallow_fbcsp,default,ztrial,trial_random,20260917,13,0.711111
real_left_right_fist,shallow_fbcsp,default,ztrial,trial_random,20260917,14,0.822222
real_left_right_fist,shallow_fbcsp,default,ztrial,trial_random,20260917,15,0.888889
real_left_right_fist,shallow_fbcsp,default,ztrial,trial_random,20260917,16,0.644444
real_left_right_fist,shallow_fbcsp,default,ztrial,trial_random,20260917,17,0.711111
real_left_right_fist,shallow_fbcsp,default,ztrial,trial_random,20260917,18,0.822222
real_left_right_fist,shallow_fbcsp,default,ztrial,trial_random,20260917,19,0.622222
real_left_right_fist,shallow_fbcsp,default,ztrial,trial_random,20260917,20,0.755556
real_left_right_fist,shallow_fbcsp,default,ztrial,trial_random,20260917,21,0.755556
real_left_right_fist,shallow_fbcsp,default,ztrial,trial_random,20260917,22,0.844444
real_left_right_fist,shallow_fbcsp,default,ztrial,trial_random,20260917,23,0.666667
real_left_right_fist,shallow_fbcsp,default,ztrial,trial_random,20260917,24,0.488889
real_left_right_fist,shallow_fbcsp,default,ztrial,trial_random,20260917,25,0.688889
real_left_right_fist,shallow_fbcsp,default,ztrial,trial_random,20260917,26,0.622222
real_left_right_fist,shallow_fbcsp,default,ztrial,trial_random,20260917,27,0.533333
real_left_right_fist,shallow_fbcsp,default,ztrial,trial_random,20260917,28,0.6
real_left_right_fist,shallow_fbcsp,default,ztrial,trial_random,20260917,29,0.711111
real_left_right_fist,shallow_fbcsp,default,ztrial,trial_random,20260917,30,0.666667
real_left_right_fist,shallow_fbcsp,default,ztrial,trial_random,20260917,31,0.666667
real_left_right_fist,shallow_fbcsp,default,ztrial,trial_random,20260917,32,0.933333
real_left_right_fist,shallow_fbcsp,default,ztrial,trial_random,20260917,33,0.755556
real_left_right_fist,shallow_fbcsp,default,ztrial,trial_random,20260917,34,0.738095
real_left_right_fist,shallow_fbcsp,default,ztrial,trial_random,20260917,35,0.888889
real_left_right_fist,shallow_fbcsp,default,ztrial,trial_random,20260917,36,0.733333
real_left_right_fist,shallow_fbcsp,default,ztrial,trial_random,20260917,37,0.595238
real_left_right_fist,shallow_fbcsp,default,ztrial,trial_random,20260917,38,0.6
real_left_right_fist,shallow_fbcsp,default,ztrial,trial_random,20260917,39,0.822222
real_left_right_fist,shallow_fbcsp,default,ztrial,trial_random,20260917,40,0.911111
real_left_right_fist,shallow_fbcsp,default,ztrial,trial_random,20260917,41,0.809524
real_left_right_fist,shallow_fbcsp,default,ztrial,trial_random,20260917,42,1
real_left_right_fist,shallow_fbcsp,default,ztrial,trial_random,20260917,43,0.711111
real_left_right_fist,shallow_fbcsp,default,ztrial,trial_random,20260917,44,0.8
real_left_right_fist,shallow_fbcsp,default,ztrial,trial_random,20260917,45,0.577778
real_left_right_fist,shallow_fbcsp,default,ztrial,trial_random,20260917,46,0.8
real_left_right_fist,shallow_fbcsp,default,ztrial,trial_random,20260917,47,0.733333
real_left_right_fist,shallow_fbcsp,default,ztrial,trial_random,20260917,48,0.8
real_left_right_fist,shallow_fbcsp,default,ztrial,trial_random,20260917,49,0.777778
real_left_right_fist,shallow_fbcsp,default,ztrial,trial_random,20260917,50,0.711111
real_left_right_fist,shallow_fbcsp,default,ztrial,trial_random,20260917,51,0.928571
real_left_right_fist,shallow_fbcsp,default,ztrial,trial_random,20260917,52,0.822222
real_left_right_fist,shallow_fbcsp,default,ztrial,trial_random,20260917,53,0.755556
real_left_right_fist,shallow_fbcsp,default,ztrial,trial_random,20260917,54,0.866667
real_left_right_fist,shallow_fbcsp,default,ztrial,trial_random,20260917,55,0.888889
real_left_right_fist,shallow_fbcsp,default,ztrial,trial_random,20260917,56,0.711111
real_left_right_fist,shallow_fbcsp,default,ztrial,trial_random,20260917,57,0.733333
real_left_right_fist,shallow_fbcsp,default,ztrial,trial_random,20260917,58,0.555556
real_left_right_fist,shallow_fbcsp,default,ztrial,trial_random,20260917,59,0.866667
real_left_right_fist,shallow_fbcsp,default,ztrial,trial_random,20260917,60,0.755556
real_left_right_fist,shallow_fbcsp,default,ztrial,trial_random,20260917,61,0.755556
real_left_right_fist,shallow_fbcsp,default,ztrial,trial_random,20260917,62,0.622222
real_left_right_fist,shallow_fbcsp,default,ztrial,trial_random,20260917,63,0.622222
real_left_right_fist,shallow_fbcsp,default,ztrial,trial_random,20260917,64,0.857143
real_left_right_fist,shallow_fbcsp,default,ztrial,trial_random,20260917,65,0.733333
real_left_right_fist,shallow_fbcsp,default,ztrial,trial_random,20260917,66,0.6
real_left_right_fist,shallow_fbcsp,default,ztrial,trial_random,20260917,67,0.688889
real_left_right_fist,shallow_fbcsp,default,ztrial,trial_random,20260917,68,0.777778
real_left_right_fist,shallow_fbcsp,default,ztrial,trial_random,20260917,69,0.688889
real_left_right_fist,shallow_fbcsp,default,ztrial,trial_random,20260917,70,0.866667
real_left_right_fist,shallow_fbcsp,default,ztrial,trial_random,20260917,71,0.822222
real_left_right_fist,shallow_fbcsp,default,ztrial,trial_random,20260917,72,0.833333
real_left_right_fist,shallow_fbcsp,default,ztrial,trial_random,20260917,73,0.738095
real_left_right_fist,shallow_fbcsp,default,ztrial,trial_random,20260917,74,0.666667
real_left_right_fist,shallow_fbcsp,default,ztrial,trial_random,20260917,75,0.622222
real_left_right_fist,shallow_fbcsp,default,ztrial,trial_random,20260917,76,0.595238
real_left_right_fist,shallow_fbcsp,default,ztrial,trial_random,20260917,77,0.533333
real_left_right_fist,shallow_fbcsp,default,ztrial,trial_random,20260917,78,0.511111
real_left_right_fist,shallow_fbcsp,default,ztrial,trial_random,20260917,79,0.666667
real_left_right_fist,shallow_fbcsp,default,ztrial,trial_random,20260917,80,0.888889
real_left_right_fist,shallow_fbcsp,default,ztrial,trial_random,20260917,81,0.666667
real_left_right_fist,shallow_fbcsp,default,ztrial,trial_random,20260917,82,0.733333
real_left_right_fist,shallow_fbcsp,default,ztrial,trial_random,20260917,83,0.777778
real_left_right_fist,shallow_fbcsp,default,ztrial,trial_random,20260917,84,0.733333
real_left_right_fist,shallow_fbcsp,default,ztrial,trial_random,20260917,85,0.711111
real_left_right_fist,shallow_fbcsp,default,ztrial,trial_random,20260917,86,0.844444
real_left_right_fist,shallow_fbcsp,default,ztrial,trial_random,20260917,87,0.555556
real_left_right_fist,shallow_fbcsp,default,ztrial,trial_random,20260917,88,0.736842
real_left_right_fist,shallow_fbcsp,default,ztrial,trial_random,20260917,89,0.865385
real_left_right_fist,shallow_fbcsp,default,ztrial,trial_random,20260917,90,0.733333
real_left_right_fist,shallow_fbcsp,default,ztrial,trial_random,20260917,91,0.755556
real_left_right_fist,shallow_fbcsp,default,ztrial,trial_random,20260917,92,0.649123
real_left_right_fist,shallow_fbcsp,default,ztrial,trial_random,20260917,93,0.8
real_left_right_fist,shallow_fbcsp,default,ztrial,trial_random,20260917,94,0.822222
real_left_right_fist,shallow_fbcsp,default,ztrial,trial_random,20260917,95,0.622222
real_left_right_fist,shallow_fbcsp,default,ztrial,trial_random,20260917,96,0.644444
real_left_right_fist,shallow_fbcsp,default,ztrial,trial_random,20260917,97,0.688889
real_left_right_fist,shallow_fbcsp,default,ztrial,trial_random,20260917,98,0.688889
real_left_right_fist,shallow_fbcsp,default,ztrial,trial_random,20260917,99,0.555556
real_left_right_fist,shallow_fbcsp,default,ztrial,trial_random,20260917,100,0.666667
real_left_right_fist,shallow_fbcsp,default,ztrial,trial_random,20260917,101,0.688889
real_left_right_fist,shallow_fbcsp,default,ztrial,trial_random,20260917,102,0.761905
real_left_right_fist,shallow_fbcsp,default,ztrial,trial_random,20260917,103,0.666667
real_left_right_fist,shallow_fbcsp,default,ztrial,trial_random,20260917,104,0.622222
real_left_right_fist,shallow_fbcsp,default,ztrial,trial_random,20260917,105,0.888889
real_left_right_fist,shallow_fbcsp,default,ztrial,trial_random,20260917,106,0.6
real_left_right_fist,shallow_fbcsp,default,ztrial,trial_random,20260917,107,0.577778
real_left_right_fist,shallow_fbcsp,default,ztrial,trial_random,20260917,108,0.711111
real_left_right_fist,shallow_fbcsp,default,ztrial,trial_random,20260917,109,0.733333
real_left_right_fist,shallow_fbcsp,default,ztrial,trial_random,20260918,1,0.844444
real_left_right_fist,shallow_fbcsp,default,ztrial,trial_random,20260918,2,0.733333
real_left_right_fist,shallow_fbcsp,default,ztrial,trial_random,20260918,3,0.688889
real_left_right_fist,shallow_fbcsp,default,ztrial,trial_random,20260918,4,0.844444
real_left_right_fist,shallow_fbcsp,default,ztrial,trial_random,20260918,5,0.688889
real_left_right_fist,shallow_fbcsp,default,ztrial,trial_random,20260918,6,0.755556
real_left_right_fist,shallow_fbcsp,default,ztrial,trial_random,20260918,7,0.911111
real_left_right_fist,shallow_fbcsp,default,ztrial,trial_random,20260918,8,0.577778
real_left_right_fist,shallow_fbcsp,default,ztrial,trial_random,20260918,9,0.777778
real_left_right_fist,shallow_fbcsp,default,ztrial,trial_random,20260918,10,0.844444
real_left_right_fist,shallow_fbcsp,default,ztrial,trial_random,20260918,11,0.8
real_left_right_fist,shallow_fbcsp,default,ztrial,trial_random,20260918,12,0.777778
real_left_right_fist,shallow_fbcsp,default,ztrial,trial_random,20260918,13,0.777778
real_left_right_fist,shallow_fbcsp,default,ztrial,trial_random,20260918,14,0.755556
real_left_right_fist,shallow_fbcsp,default,ztrial,trial_random,20260918,15,0.8
real_left_right_fist,shallow_fbcsp,default,ztrial,trial_random,20260918,16,0.8
real_left_right_fist,shallow_fbcsp,default,ztrial,trial_random,20260918,17,0.688889
real_left_right_fist,shallow_fbcsp,default,ztrial,trial_random,20260918,18,0.888889
real_left_right_fist,shallow_fbcsp,default,ztrial,trial_random,20260918,19,0.733333
real_left_right_fist,shallow_fbcsp,default,ztrial,trial_random,20260918,20,0.8
real_left_right_fist,shallow_fbcsp,default,ztrial,trial_random,20260918,21,0.666667
real_left_right_fist,shallow_fbcsp,default,ztrial,trial_random,20260918,22,0.933333
real_left_right_fist,shallow_fbcsp,default,ztrial,trial_random,20260918,23,0.711111
real_left_right_fist,shallow_fbcsp,default,ztrial,trial_random,20260918,24,0.488889
real_left_right_fist,shallow_fbcsp,default,ztrial,trial_random,20260918,25,0.733333
real_left_right_fist,shallow_fbcsp,default,ztrial,trial_random,20260918,26,0.733333
real_left_right_fist,shallow_fbcsp,default,ztrial,trial_random,20260918,27,0.577778
real_left_right_fist,shallow_fbcsp,default,ztrial,trial_random,20260918,28,0.755556
real_left_right_fist,shallow_fbcsp,default,ztrial,trial_random,20260918,29,0.755556
real_left_right_fist,shallow_fbcsp,default,ztrial,trial_random,20260918,30,0.622222
real_left_right_fist,shallow_fbcsp,default,ztrial,trial_random,20260918,31,0.733333
real_left_right_fist,shallow_fbcsp,default,ztrial,trial_random,20260918,32,0.955556
real_left_right_fist,shallow_fbcsp,default,ztrial,trial_random,20260918,33,0.666667
real_left_right_fist,shallow_fbcsp,default,ztrial,trial_random,20260918,34,0.666667
real_left_right_fist,shallow_fbcsp,default,ztrial,trial_random,20260918,35,0.822222
real_left_right_fist,shallow_fbcsp,default,ztrial,trial_random,20260918,36,0.777778
real_left_right_fist,shallow_fbcsp,default,ztrial,trial_random,20260918,37,0.714286
real_left_right_fist,shallow_fbcsp,default,ztrial,trial_random,20260918,38,0.622222
real_left_right_fist,shallow_fbcsp,default,ztrial,trial_random,20260918,39,0.822222
real_left_right_fist,shallow_fbcsp,default,ztrial,trial_random,20260918,40,0.933333
real_left_right_fist,shallow_fbcsp,default,ztrial,trial_random,20260918,41,0.785714
real_left_right_fist,shallow_fbcsp,default,ztrial,trial_random,20260918,42,0.911111
real_left_right_fist,shallow_fbcsp,default,ztrial,trial_random,20260918,43,0.733333
real_left_right_fist,shallow_fbcsp,default,ztrial,trial_random,20260918,44,0.844444
real_left_right_fist,shallow_fbcsp,default,ztrial,trial_random,20260918,45,0.622222
real_left_right_fist,shallow_fbcsp,default,ztrial,trial_random,20260918,46,0.666667
real_left_right_fist,shallow_fbcsp,default,ztrial,trial_random,20260918,47,0.733333
real_left_right_fist,shallow_fbcsp,default,ztrial,trial_random,20260918,48,0.755556
real_left_right_fist,shallow_fbcsp,default,ztrial,trial_random,20260918,49,0.888889
real_left_right_fist,shallow_fbcsp,default,ztrial,trial_random,20260918,50,0.755556
real_left_right_fist,shallow_fbcsp,default,ztrial,trial_random,20260918,51,0.928571
real_left_right_fist,shallow_fbcsp,default,ztrial,trial_random,20260918,52,0.888889
real_left_right_fist,shallow_fbcsp,default,ztrial,trial_random,20260918,53,0.688889
real_left_right_fist,shallow_fbcsp,default,ztrial,trial_random,20260918,54,0.822222
real_left_right_fist,shallow_fbcsp,default,ztrial,trial_random,20260918,55,0.8
real_left_right_fist,shallow_fbcsp,default,ztrial,trial_random,20260918,56,0.911111
real_left_right_fist,shallow_fbcsp,default,ztrial,trial_random,20260918,57,0.733333
real_left_right_fist,shallow_fbcsp,default,ztrial,trial_random,20260918,58,0.577778
real_left_right_fist,shallow_fbcsp,default,ztrial,trial_random,20260918,59,0.866667
real_left_right_fist,shallow_fbcsp,default,ztrial,trial_random,20260918,60,0.711111
real_left_right_fist,shallow_fbcsp,default,ztrial,trial_random,20260918,61,0.622222
real_left_right_fist,shallow_fbcsp,default,ztrial,trial_random,20260918,62,0.622222
real_left_right_fist,shallow_fbcsp,default,ztrial,trial_random,20260918,63,0.688889
real_left_right_fist,shallow_fbcsp,default,ztrial,trial_random,20260918,64,0.809524
real_left_right_fist,shallow_fbcsp,default,ztrial,trial_random,20260918,65,0.755556
real_left_right_fist,shallow_fbcsp,default,ztrial,trial_random,20260918,66,0.711111
real_left_right_fist,shallow_fbcsp,default,ztrial,trial_random,20260918,67,0.555556
real_left_right_fist,shallow_fbcsp,default,ztrial,trial_random,20260918,68,0.688889
real_left_right_fist,shallow_fbcsp,default,ztrial,trial_random,20260918,69,0.6
real_left_right_fist,shallow_fbcsp,default,ztrial,trial_random,20260918,70,0.866667
real_left_right_fist,shallow_fbcsp,default,ztrial,trial_random,20260918,71,0.8
real_left_right_fist,shallow_fbcsp,default,ztrial,trial_random,20260918,72,0.785714
real_left_right_fist,shallow_fbcsp,default,ztrial,trial_random,20260918,73,0.714286
real_left_right_fist,shallow_fbcsp,default,ztrial,trial_random,20260918,74,0.642857
real_left_right_fist,shallow_fbcsp,default,ztrial,trial_random,20260918,75,0.511111
real_left_right_fist,shallow_fbcsp,default,ztrial,trial_random,20260918,76,0.52381
real_left_right_fist,shallow_fbcsp,default,ztrial,trial_random,20260918,77,0.688889
real_left_right_fist,shallow_fbcsp,default,ztrial,trial_random,20260918,78,0.733333
real_left_right_fist,shallow_fbcsp,default,ztrial,trial_random,20260918,79,0.688889
real_left_right_fist,shallow_fbcsp,default,ztrial,trial_random,20260918,80,0.844444
real_left_right_fist,shallow_fbcsp,default,ztrial,trial_random,20260918,81,0.688889
real_left_right_fist,shallow_fbcsp,default,ztrial,trial_random,20260918,82,0.644444
real_left_right_fist,shallow_fbcsp,default,ztrial,trial_random,20260918,83,0.733333
real_left_right_fist,shallow_fbcsp,default,ztrial,trial_random,20260918,84,0.755556
real_left_right_fist,shallow_fbcsp,default,ztrial,trial_random,20260918,85,0.711111
real_left_right_fist,shallow_fbcsp,default,ztrial,trial_random,20260918,86,0.933333
real_left_right_fist,shallow_fbcsp,default,ztrial,trial_random,20260918,87,0.555556
real_left_right_fist,shallow_fbcsp,default,ztrial,trial_random,20260918,88,0.789474
real_left_right_fist,shallow_fbcsp,default,ztrial,trial_random,20260918,89,0.865385
real_left_right_fist,shallow_fbcsp,default,ztrial,trial_random,20260918,90,0.822222
real_left_right_fist,shallow_fbcsp,default,ztrial,trial_random,20260918,91,0.844444
real_left_right_fist,shallow_fbcsp,default,ztrial,trial_random,20260918,92,0.649123
real_left_right_fist,shallow_fbcsp,default,ztrial,trial_random,20260918,93,0.755556
real_left_right_fist,shallow_fbcsp,default,ztrial,trial_random,20260918,94,0.822222
real_left_right_fist,shallow_fbcsp,default,ztrial,trial_random,20260918,95,0.644444
real_left_right_fist,shallow_fbcsp,default,ztrial,trial_random,20260918,96,0.777778
real_left_right_fist,shallow_fbcsp,default,ztrial,trial_random,20260918,97,0.733333
real_left_right_fist,shallow_fbcsp,default,ztrial,trial_random,20260918,98,0.644444
real_left_right_fist,shallow_fbcsp,default,ztrial,trial_random,20260918,99,0.622222
real_left_right_fist,shallow_fbcsp,default,ztrial,trial_random,20260918,100,0.75
real_left_right_fist,shallow_fbcsp,default,ztrial,trial_random,20260918,101,0.8
real_left_right_fist,shallow_fbcsp,default,ztrial,trial_random,20260918,102,0.761905
real_left_right_fist,shallow_fbcsp,default,ztrial,trial_random,20260918,103,0.755556
real_left_right_fist,shallow_fbcsp,default,ztrial,trial_random,20260918,104,0.644444
real_left_right_fist,shallow_fbcsp,default,ztrial,trial_random,20260918,105,0.911111
real_left_right_fist,shallow_fbcsp,default,ztrial,trial_random,20260918,106,0.711111
real_left_right_fist,shallow_fbcsp,default,ztrial,trial_random,20260918,107,0.711111
real_left_right_fist,shallow_fbcsp,default,ztrial,trial_random,20260918,108,0.733333
real_left_right_fist,shallow_fbcsp,default,ztrial,trial_random,20260918,109,0.688889
real_left_right_fist,shallow_fbcsp,default,ztrial,run_disjoint,20260916,1,0.844444
real_left_right_fist,shallow_fbcsp,default,ztrial,run_disjoint,20260916,2,0.733333
real_left_right_fist,shallow_fbcsp,default,ztrial,run_disjoint,20260916,3,0.644444
real_left_right_fist,shallow_fbcsp,default,ztrial,run_disjoint,20260916,4,0.666667
real_left_right_fist,shallow_fbcsp,default,ztrial,run_disjoint,20260916,5,0.666667
real_left_right_fist,shallow_fbcsp,default,ztrial,run_disjoint,20260916,6,0.711111
real_left_right_fist,shallow_fbcsp,default,ztrial,run_disjoint,20260916,7,0.911111
real_left_right_fist,shallow_fbcsp,default,ztrial,run_disjoint,20260916,8,0.666667
real_left_right_fist,shallow_fbcsp,default,ztrial,run_disjoint,20260916,9,0.644444
real_left_right_fist,shallow_fbcsp,default,ztrial,run_disjoint,20260916,10,0.755556
real_left_right_fist,shallow_fbcsp,default,ztrial,run_disjoint,20260916,11,0.755556
real_left_right_fist,shallow_fbcsp,default,ztrial,run_disjoint,20260916,12,0.688889
real_left_right_fist,shallow_fbcsp,default,ztrial,run_disjoint,20260916,13,0.6
real_left_right_fist,shallow_fbcsp,default,ztrial,run_disjoint,20260916,14,0.8
real_left_right_fist,shallow_fbcsp,default,ztrial,run_disjoint,20260916,15,0.866667
real_left_right_fist,shallow_fbcsp,default,ztrial,run_disjoint,20260916,16,0.644444
real_left_right_fist,shallow_fbcsp,default,ztrial,run_disjoint,20260916,17,0.733333
real_left_right_fist,shallow_fbcsp,default,ztrial,run_disjoint,20260916,18,0.844444
real_left_right_fist,shallow_fbcsp,default,ztrial,run_disjoint,20260916,19,0.6
real_left_right_fist,shallow_fbcsp,default,ztrial,run_disjoint,20260916,20,0.8
real_left_right_fist,shallow_fbcsp,default,ztrial,run_disjoint,20260916,21,0.733333
real_left_right_fist,shallow_fbcsp,default,ztrial,run_disjoint,20260916,22,0.777778
real_left_right_fist,shallow_fbcsp,default,ztrial,run_disjoint,20260916,23,0.666667
real_left_right_fist,shallow_fbcsp,default,ztrial,run_disjoint,20260916,24,0.422222
real_left_right_fist,shallow_fbcsp,default,ztrial,run_disjoint,20260916,25,0.688889
real_left_right_fist,shallow_fbcsp,default,ztrial,run_disjoint,20260916,26,0.688889
real_left_right_fist,shallow_fbcsp,default,ztrial,run_disjoint,20260916,27,0.6
real_left_right_fist,shallow_fbcsp,default,ztrial,run_disjoint,20260916,28,0.733333
real_left_right_fist,shallow_fbcsp,default,ztrial,run_disjoint,20260916,29,0.733333
real_left_right_fist,shallow_fbcsp,default,ztrial,run_disjoint,20260916,30,0.577778
real_left_right_fist,shallow_fbcsp,default,ztrial,run_disjoint,20260916,31,0.688889
real_left_right_fist,shallow_fbcsp,default,ztrial,run_disjoint,20260916,32,0.933333
real_left_right_fist,shallow_fbcsp,default,ztrial,run_disjoint,20260916,33,0.622222
real_left_right_fist,shallow_fbcsp,default,ztrial,run_disjoint,20260916,34,0.666667
real_left_right_fist,shallow_fbcsp,default,ztrial,run_disjoint,20260916,35,0.911111
real_left_right_fist,shallow_fbcsp,default,ztrial,run_disjoint,20260916,36,0.711111
real_left_right_fist,shallow_fbcsp,default,ztrial,run_disjoint,20260916,37,0.666667
real_left_right_fist,shallow_fbcsp,default,ztrial,run_disjoint,20260916,38,0.644444
real_left_right_fist,shallow_fbcsp,default,ztrial,run_disjoint,20260916,39,0.777778
real_left_right_fist,shallow_fbcsp,default,ztrial,run_disjoint,20260916,40,0.911111
real_left_right_fist,shallow_fbcsp,default,ztrial,run_disjoint,20260916,41,0.666667
real_left_right_fist,shallow_fbcsp,default,ztrial,run_disjoint,20260916,42,0.955556
real_left_right_fist,shallow_fbcsp,default,ztrial,run_disjoint,20260916,43,0.688889
real_left_right_fist,shallow_fbcsp,default,ztrial,run_disjoint,20260916,44,0.844444
real_left_right_fist,shallow_fbcsp,default,ztrial,run_disjoint,20260916,45,0.688889
real_left_right_fist,shallow_fbcsp,default,ztrial,run_disjoint,20260916,46,0.555556
real_left_right_fist,shallow_fbcsp,default,ztrial,run_disjoint,20260916,47,0.666667
real_left_right_fist,shallow_fbcsp,default,ztrial,run_disjoint,20260916,48,0.8
real_left_right_fist,shallow_fbcsp,default,ztrial,run_disjoint,20260916,49,0.733333
real_left_right_fist,shallow_fbcsp,default,ztrial,run_disjoint,20260916,50,0.711111
real_left_right_fist,shallow_fbcsp,default,ztrial,run_disjoint,20260916,51,0.857143
real_left_right_fist,shallow_fbcsp,default,ztrial,run_disjoint,20260916,52,0.777778
real_left_right_fist,shallow_fbcsp,default,ztrial,run_disjoint,20260916,53,0.688889
real_left_right_fist,shallow_fbcsp,default,ztrial,run_disjoint,20260916,54,0.822222
real_left_right_fist,shallow_fbcsp,default,ztrial,run_disjoint,20260916,55,0.688889
real_left_right_fist,shallow_fbcsp,default,ztrial,run_disjoint,20260916,56,0.8
real_left_right_fist,shallow_fbcsp,default,ztrial,run_disjoint,20260916,57,0.777778
real_left_right_fist,shallow_fbcsp,default,ztrial,run_disjoint,20260916,58,0.555556
real_left_right_fist,shallow_fbcsp,default,ztrial,run_disjoint,20260916,59,0.733333
real_left_right_fist,shallow_fbcsp,default,ztrial,run_disjoint,20260916,60,0.688889
real_left_right_fist,shallow_fbcsp,default,ztrial,run_disjoint,20260916,61,0.688889
real_left_right_fist,shallow_fbcsp,default,ztrial,run_disjoint,20260916,62,0.711111
real_left_right_fist,shallow_fbcsp,default,ztrial,run_disjoint,20260916,63,0.577778
real_left_right_fist,shallow_fbcsp,default,ztrial,run_disjoint,20260916,64,0.833333
real_left_right_fist,shallow_fbcsp,default,ztrial,run_disjoint,20260916,65,0.733333
real_left_right_fist,shallow_fbcsp,default,ztrial,run_disjoint,20260916,66,0.711111
real_left_right_fist,shallow_fbcsp,default,ztrial,run_disjoint,20260916,67,0.644444
real_left_right_fist,shallow_fbcsp,default,ztrial,run_disjoint,20260916,68,0.822222
real_left_right_fist,shallow_fbcsp,default,ztrial,run_disjoint,20260916,69,0.666667
real_left_right_fist,shallow_fbcsp,default,ztrial,run_disjoint,20260916,70,0.755556
real_left_right_fist,shallow_fbcsp,default,ztrial,run_disjoint,20260916,71,0.555556
real_left_right_fist,shallow_fbcsp,default,ztrial,run_disjoint,20260916,72,0.809524
real_left_right_fist,shallow_fbcsp,default,ztrial,run_disjoint,20260916,73,0.642857
real_left_right_fist,shallow_fbcsp,default,ztrial,run_disjoint,20260916,74,0.619048
real_left_right_fist,shallow_fbcsp,default,ztrial,run_disjoint,20260916,75,0.6
real_left_right_fist,shallow_fbcsp,default,ztrial,run_disjoint,20260916,76,0.52381
real_left_right_fist,shallow_fbcsp,default,ztrial,run_disjoint,20260916,77,0.555556
real_left_right_fist,shallow_fbcsp,default,ztrial,run_disjoint,20260916,78,0.533333
real_left_right_fist,shallow_fbcsp,default,ztrial,run_disjoint,20260916,79,0.688889
real_left_right_fist,shallow_fbcsp,default,ztrial,run_disjoint,20260916,80,0.733333
real_left_right_fist,shallow_fbcsp,default,ztrial,run_disjoint,20260916,81,0.666667
real_left_right_fist,shallow_fbcsp,default,ztrial,run_disjoint,20260916,82,0.688889
real_left_right_fist,shallow_fbcsp,default,ztrial,run_disjoint,20260916,83,0.666667
real_left_right_fist,shallow_fbcsp,default,ztrial,run_disjoint,20260916,84,0.711111
real_left_right_fist,shallow_fbcsp,default,ztrial,run_disjoint,20260916,85,0.755556
real_left_right_fist,shallow_fbcsp,default,ztrial,run_disjoint,20260916,86,0.777778
real_left_right_fist,shallow_fbcsp,default,ztrial,run_disjoint,20260916,87,0.511111
real_left_right_fist,shallow_fbcsp,default,ztrial,run_disjoint,20260916,88,0.736842
real_left_right_fist,shallow_fbcsp,default,ztrial,run_disjoint,20260916,89,0.826923
real_left_right_fist,shallow_fbcsp,default,ztrial,run_disjoint,20260916,90,0.711111
real_left_right_fist,shallow_fbcsp,default,ztrial,run_disjoint,20260916,91,0.666667
real_left_right_fist,shallow_fbcsp,default,ztrial,run_disjoint,20260916,92,0.631579
real_left_right_fist,shallow_fbcsp,default,ztrial,run_disjoint,20260916,93,0.711111
real_left_right_fist,shallow_fbcsp,default,ztrial,run_disjoint,20260916,94,0.822222
real_left_right_fist,shallow_fbcsp,default,ztrial,run_disjoint,20260916,95,0.577778
real_left_right_fist,shallow_fbcsp,default,ztrial,run_disjoint,20260916,96,0.755556
real_left_right_fist,shallow_fbcsp,default,ztrial,run_disjoint,20260916,97,0.688889
real_left_right_fist,shallow_fbcsp,default,ztrial,run_disjoint,20260916,98,0.688889
real_left_right_fist,shallow_fbcsp,default,ztrial,run_disjoint,20260916,99,0.644444
real_left_right_fist,shallow_fbcsp,default,ztrial,run_disjoint,20260916,100,0.722222
real_left_right_fist,shallow_fbcsp,default,ztrial,run_disjoint,20260916,101,0.755556
real_left_right_fist,shallow_fbcsp,default,ztrial,run_disjoint,20260916,102,0.666667
real_left_right_fist,shallow_fbcsp,default,ztrial,run_disjoint,20260916,103,0.666667
real_left_right_fist,shallow_fbcsp,default,ztrial,run_disjoint,20260916,104,0.555556
real_left_right_fist,shallow_fbcsp,default,ztrial,run_disjoint,20260916,105,0.844444
real_left_right_fist,shallow_fbcsp,default,ztrial,run_disjoint,20260916,106,0.444444
real_left_right_fist,shallow_fbcsp,default,ztrial,run_disjoint,20260916,107,0.688889
real_left_right_fist,shallow_fbcsp,default,ztrial,run_disjoint,20260916,108,0.666667
real_left_right_fist,shallow_fbcsp,default,ztrial,run_disjoint,20260916,109,0.6
real_left_right_fist,shallow_fbcsp,default,ztrial,run_disjoint,20260917,1,0.822222
real_left_right_fist,shallow_fbcsp,default,ztrial,run_disjoint,20260917,2,0.8
real_left_right_fist,shallow_fbcsp,default,ztrial,run_disjoint,20260917,3,0.666667
real_left_right_fist,shallow_fbcsp,default,ztrial,run_disjoint,20260917,4,0.733333
real_left_right_fist,shallow_fbcsp,default,ztrial,run_disjoint,20260917,5,0.688889
real_left_right_fist,shallow_fbcsp,default,ztrial,run_disjoint,20260917,6,0.666667
real_left_right_fist,shallow_fbcsp,default,ztrial,run_disjoint,20260917,7,0.866667
real_left_right_fist,shallow_fbcsp,default,ztrial,run_disjoint,20260917,8,0.777778
real_left_right_fist,shallow_fbcsp,default,ztrial,run_disjoint,20260917,9,0.777778
real_left_right_fist,shallow_fbcsp,default,ztrial,run_disjoint,20260917,10,0.755556
real_left_right_fist,shallow_fbcsp,default,ztrial,run_disjoint,20260917,11,0.755556
real_left_right_fist,shallow_fbcsp,default,ztrial,run_disjoint,20260917,12,0.711111
real_left_right_fist,shallow_fbcsp,default,ztrial,run_disjoint,20260917,13,0.666667
real_left_right_fist,shallow_fbcsp,default,ztrial,run_disjoint,20260917,14,0.755556
real_left_right_fist,shallow_fbcsp,default,ztrial,run_disjoint,20260917,15,0.822222
real_left_right_fist,shallow_fbcsp,default,ztrial,run_disjoint,20260917,16,0.6
real_left_right_fist,shallow_fbcsp,default,ztrial,run_disjoint,20260917,17,0.733333
real_left_right_fist,shallow_fbcsp,default,ztrial,run_disjoint,20260917,18,0.844444
real_left_right_fist,shallow_fbcsp,default,ztrial,run_disjoint,20260917,19,0.777778
real_left_right_fist,shallow_fbcsp,default,ztrial,run_disjoint,20260917,20,0.822222
real_left_right_fist,shallow_fbcsp,default,ztrial,run_disjoint,20260917,21,0.755556
real_left_right_fist,shallow_fbcsp,default,ztrial,run_disjoint,20260917,22,0.844444
real_left_right_fist,shallow_fbcsp,default,ztrial,run_disjoint,20260917,23,0.666667
real_left_right_fist,shallow_fbcsp,default,ztrial,run_disjoint,20260917,24,0.422222
real_left_right_fist,shallow_fbcsp,default,ztrial,run_disjoint,20260917,25,0.755556
real_left_right_fist,shallow_fbcsp,default,ztrial,run_disjoint,20260917,26,0.688889
real_left_right_fist,shallow_fbcsp,default,ztrial,run_disjoint,20260917,27,0.577778
real_left_right_fist,shallow_fbcsp,default,ztrial,run_disjoint,20260917,28,0.733333
real_left_right_fist,shallow_fbcsp,default,ztrial,run_disjoint,20260917,29,0.822222
real_left_right_fist,shallow_fbcsp,default,ztrial,run_disjoint,20260917,30,0.533333
real_left_right_fist,shallow_fbcsp,default,ztrial,run_disjoint,20260917,31,0.644444
real_left_right_fist,shallow_fbcsp,default,ztrial,run_disjoint,20260917,32,0.933333
real_left_right_fist,shallow_fbcsp,default,ztrial,run_disjoint,20260917,33,0.666667
real_left_right_fist,shallow_fbcsp,default,ztrial,run_disjoint,20260917,34,0.642857
real_left_right_fist,shallow_fbcsp,default,ztrial,run_disjoint,20260917,35,0.822222
real_left_right_fist,shallow_fbcsp,default,ztrial,run_disjoint,20260917,36,0.622222
real_left_right_fist,shallow_fbcsp,default,ztrial,run_disjoint,20260917,37,0.785714
real_left_right_fist,shallow_fbcsp,default,ztrial,run_disjoint,20260917,38,0.644444
real_left_right_fist,shallow_fbcsp,default,ztrial,run_disjoint,20260917,39,0.777778
real_left_right_fist,shallow_fbcsp,default,ztrial,run_disjoint,20260917,40,0.933333
real_left_right_fist,shallow_fbcsp,default,ztrial,run_disjoint,20260917,41,0.690476
real_left_right_fist,shallow_fbcsp,default,ztrial,run_disjoint,20260917,42,0.955556
real_left_right_fist,shallow_fbcsp,default,ztrial,run_disjoint,20260917,43,0.711111
real_left_right_fist,shallow_fbcsp,default,ztrial,run_disjoint,20260917,44,0.755556
real_left_right_fist,shallow_fbcsp,default,ztrial,run_disjoint,20260917,45,0.511111
real_left_right_fist,shallow_fbcsp,default,ztrial,run_disjoint,20260917,46,0.666667
real_left_right_fist,shallow_fbcsp,default,ztrial,run_disjoint,20260917,47,0.577778
real_left_right_fist,shallow_fbcsp,default,ztrial,run_disjoint,20260917,48,0.844444
real_left_right_fist,shallow_fbcsp,default,ztrial,run_disjoint,20260917,49,0.8
real_left_right_fist,shallow_fbcsp,default,ztrial,run_disjoint,20260917,50,0.755556
real_left_right_fist,shallow_fbcsp,default,ztrial,run_disjoint,20260917,51,0.833333
real_left_right_fist,shallow_fbcsp,default,ztrial,run_disjoint,20260917,52,0.755556
real_left_right_fist,shallow_fbcsp,default,ztrial,run_disjoint,20260917,53,0.711111
real_left_right_fist,shallow_fbcsp,default,ztrial,run_disjoint,20260917,54,0.844444
real_left_right_fist,shallow_fbcsp,default,ztrial,run_disjoint,20260917,55,0.8
real_left_right_fist,shallow_fbcsp,default,ztrial,run_disjoint,20260917,56,0.777778
real_left_right_fist,shallow_fbcsp,default,ztrial,run_disjoint,20260917,57,0.688889
real_left_right_fist,shallow_fbcsp,default,ztrial,run_disjoint,20260917,58,0.555556
real_left_right_fist,shallow_fbcsp,default,ztrial,run_disjoint,20260917,59,0.844444
real_left_right_fist,shallow_fbcsp,default,ztrial,run_disjoint,20260917,60,0.733333
real_left_right_fist,shallow_fbcsp,default,ztrial,run_disjoint,20260917,61,0.622222
real_left_right_fist,shallow_fbcsp,default,ztrial,run_disjoint,20260917,62,0.733333
real_left_right_fist,shallow_fbcsp,default,ztrial,run_disjoint,20260917,63,0.666667
real_left_right_fist,shallow_fbcsp,default,ztrial,run_disjoint,20260917,64,0.833333
real_left_right_fist,shallow_fbcsp,default,ztrial,run_disjoint,20260917,65,0.688889
real_left_right_fist,shallow_fbcsp,default,ztrial,run_disjoint,20260917,66,0.622222
real_left_right_fist,shallow_fbcsp,default,ztrial,run_disjoint,20260917,67,0.733333
real_left_right_fist,shallow_fbcsp,default,ztrial,run_disjoint,20260917,68,0.688889
real_left_right_fist,shallow_fbcsp,default,ztrial,run_disjoint,20260917,69,0.6
real_left_right_fist,shallow_fbcsp,default,ztrial,run_disjoint,20260917,70,0.822222
real_left_right_fist,shallow_fbcsp,default,ztrial,run_disjoint,20260917,71,0.666667
real_left_right_fist,shallow_fbcsp,default,ztrial,run_disjoint,20260917,72,0.690476
real_left_right_fist,shallow_fbcsp,default,ztrial,run_disjoint,20260917,73,0.666667
real_left_right_fist,shallow_fbcsp,default,ztrial,run_disjoint,20260917,74,0.714286
real_left_right_fist,shallow_fbcsp,default,ztrial,run_disjoint,20260917,75,0.577778
real_left_right_fist,shallow_fbcsp,default,ztrial,run_disjoint,20260917,76,0.52381
real_left_right_fist,shallow_fbcsp,default,ztrial,run_disjoint,20260917,77,0.555556
real_left_right_fist,shallow_fbcsp,default,ztrial,run_disjoint,20260917,78,0.688889
real_left_right_fist,shallow_fbcsp,default,ztrial,run_disjoint,20260917,79,0.555556
real_left_right_fist,shallow_fbcsp,default,ztrial,run_disjoint,20260917,80,0.8
real_left_right_fist,shallow_fbcsp,default,ztrial,run_disjoint,20260917,81,0.755556
real_left_right_fist,shallow_fbcsp,default,ztrial,run_disjoint,20260917,82,0.644444
real_left_right_fist,shallow_fbcsp,default,ztrial,run_disjoint,20260917,83,0.688889
real_left_right_fist,shallow_fbcsp,default,ztrial,run_disjoint,20260917,84,0.844444
real_left_right_fist,shallow_fbcsp,default,ztrial,run_disjoint,20260917,85,0.755556
real_left_right_fist,shallow_fbcsp,default,ztrial,run_disjoint,20260917,86,0.866667
real_left_right_fist,shallow_fbcsp,default,ztrial,run_disjoint,20260917,87,0.644444
real_left_right_fist,shallow_fbcsp,default,ztrial,run_disjoint,20260917,88,0.77193
real_left_right_fist,shallow_fbcsp,default,ztrial,run_disjoint,20260917,89,0.865385
real_left_right_fist,shallow_fbcsp,default,ztrial,run_disjoint,20260917,90,0.777778
real_left_right_fist,shallow_fbcsp,default,ztrial,run_disjoint,20260917,91,0.822222
real_left_right_fist,shallow_fbcsp,default,ztrial,run_disjoint,20260917,92,0.719298
real_left_right_fist,shallow_fbcsp,default,ztrial,run_disjoint,20260917,93,0.688889
real_left_right_fist,shallow_fbcsp,default,ztrial,run_disjoint,20260917,94,0.8
real_left_right_fist,shallow_fbcsp,default,ztrial,run_disjoint,20260917,95,0.644444
real_left_right_fist,shallow_fbcsp,default,ztrial,run_disjoint,20260917,96,0.622222
real_left_right_fist,shallow_fbcsp,default,ztrial,run_disjoint,20260917,97,0.711111
real_left_right_fist,shallow_fbcsp,default,ztrial,run_disjoint,20260917,98,0.688889
real_left_right_fist,shallow_fbcsp,default,ztrial,run_disjoint,20260917,99,0.555556
real_left_right_fist,shallow_fbcsp,default,ztrial,run_disjoint,20260917,100,0.638889
real_left_right_fist,shallow_fbcsp,default,ztrial,run_disjoint,20260917,101,0.733333
real_left_right_fist,shallow_fbcsp,default,ztrial,run_disjoint,20260917,102,0.761905
real_left_right_fist,shallow_fbcsp,default,ztrial,run_disjoint,20260917,103,0.733333
real_left_right_fist,shallow_fbcsp,default,ztrial,run_disjoint,20260917,104,0.644444
real_left_right_fist,shallow_fbcsp,default,ztrial,run_disjoint,20260917,105,0.911111
real_left_right_fist,shallow_fbcsp,default,ztrial,run_disjoint,20260917,106,0.533333
real_left_right_fist,shallow_fbcsp,default,ztrial,run_disjoint,20260917,107,0.577778
real_left_right_fist,shallow_fbcsp,default,ztrial,run_disjoint,20260917,108,0.755556
real_left_right_fist,shallow_fbcsp,default,ztrial,run_disjoint,20260917,109,0.666667
real_left_right_fist,shallow_fbcsp,default,ztrial,run_disjoint,20260918,1,0.844444
real_left_right_fist,shallow_fbcsp,default,ztrial,run_disjoint,20260918,2,0.755556
real_left_right_fist,shallow_fbcsp,default,ztrial,run_disjoint,20260918,3,0.688889
real_left_right_fist,shallow_fbcsp,default,ztrial,run_disjoint,20260918,4,0.711111
real_left_right_fist,shallow_fbcsp,default,ztrial,run_disjoint,20260918,5,0.711111
real_left_right_fist,shallow_fbcsp,default,ztrial,run_disjoint,20260918,6,0.644444
real_left_right_fist,shallow_fbcsp,default,ztrial,run_disjoint,20260918,7,0.8
real_left_right_fist,shallow_fbcsp,default,ztrial,run_disjoint,20260918,8,0.6
real_left_right_fist,shallow_fbcsp,default,ztrial,run_disjoint,20260918,9,0.711111
real_left_right_fist,shallow_fbcsp,default,ztrial,run_disjoint,20260918,10,0.866667
real_left_right_fist,shallow_fbcsp,default,ztrial,run_disjoint,20260918,11,0.733333
real_left_right_fist,shallow_fbcsp,default,ztrial,run_disjoint,20260918,12,0.888889
real_left_right_fist,shallow_fbcsp,default,ztrial,run_disjoint,20260918,13,0.6
real_left_right_fist,shallow_fbcsp,default,ztrial,run_disjoint,20260918,14,0.777778
real_left_right_fist,shallow_fbcsp,default,ztrial,run_disjoint,20260918,15,0.866667
real_left_right_fist,shallow_fbcsp,default,ztrial,run_disjoint,20260918,16,0.644444
real_left_right_fist,shallow_fbcsp,default,ztrial,run_disjoint,20260918,17,0.8
real_left_right_fist,shallow_fbcsp,default,ztrial,run_disjoint,20260918,18,0.8
real_left_right_fist,shallow_fbcsp,default,ztrial,run_disjoint,20260918,19,0.733333
real_left_right_fist,shallow_fbcsp,default,ztrial,run_disjoint,20260918,20,0.866667
real_left_right_fist,shallow_fbcsp,default,ztrial,run_disjoint,20260918,21,0.711111
real_left_right_fist,shallow_fbcsp,default,ztrial,run_disjoint,20260918,22,0.755556
real_left_right_fist,shallow_fbcsp,default,ztrial,run_disjoint,20260918,23,0.688889
real_left_right_fist,shallow_fbcsp,default,ztrial,run_disjoint,20260918,24,0.444444
real_left_right_fist,shallow_fbcsp,default,ztrial,run_disjoint,20260918,25,0.688889
real_left_right_fist,shallow_fbcsp,default,ztrial,run_disjoint,20260918,26,0.644444
real_left_right_fist,shallow_fbcsp,default,ztrial,run_disjoint,20260918,27,0.444444
real_left_right_fist,shallow_fbcsp,default,ztrial,run_disjoint,20260918,28,0.688889
real_left_right_fist,shallow_fbcsp,default,ztrial,run_disjoint,20260918,29,0.8
real_left_right_fist,shallow_fbcsp,default,ztrial,run_disjoint,20260918,30,0.533333
real_left_right_fist,shallow_fbcsp,default,ztrial,run_disjoint,20260918,31,0.644444
real_left_right_fist,shallow_fbcsp,default,ztrial,run_disjoint,20260918,32,0.955556
real_left_right_fist,shallow_fbcsp,default,ztrial,run_disjoint,20260918,33,0.622222
real_left_right_fist,shallow_fbcsp,default,ztrial,run_disjoint,20260918,34,0.714286
real_left_right_fist,shallow_fbcsp,default,ztrial,run_disjoint,20260918,35,0.844444
real_left_right_fist,shallow_fbcsp,default,ztrial,run_disjoint,20260918,36,0.711111
real_left_right_fist,shallow_fbcsp,default,ztrial,run_disjoint,20260918,37,0.714286
real_left_right_fist,shallow_fbcsp,default,ztrial,run_disjoint,20260918,38,0.555556
real_left_right_fist,shallow_fbcsp,default,ztrial,run_disjoint,20260918,39,0.844444
real_left_right_fist,shallow_fbcsp,default,ztrial,run_disjoint,20260918,40,0.933333
real_left_right_fist,shallow_fbcsp,default,ztrial,run_disjoint,20260918,41,0.690476
real_left_right_fist,shallow_fbcsp,default,ztrial,run_disjoint,20260918,42,0.977778
real_left_right_fist,shallow_fbcsp,default,ztrial,run_disjoint,20260918,43,0.8
real_left_right_fist,shallow_fbcsp,default,ztrial,run_disjoint,20260918,44,0.755556
real_left_right_fist,shallow_fbcsp,default,ztrial,run_disjoint,20260918,45,0.644444
real_left_right_fist,shallow_fbcsp,default,ztrial,run_disjoint,20260918,46,0.777778
real_left_right_fist,shallow_fbcsp,default,ztrial,run_disjoint,20260918,47,0.666667
real_left_right_fist,shallow_fbcsp,default,ztrial,run_disjoint,20260918,48,0.8
real_left_right_fist,shallow_fbcsp,default,ztrial,run_disjoint,20260918,49,0.733333
real_left_right_fist,shallow_fbcsp,default,ztrial,run_disjoint,20260918,50,0.688889
real_left_right_fist,shallow_fbcsp,default,ztrial,run_disjoint,20260918,51,0.904762
real_left_right_fist,shallow_fbcsp,default,ztrial,run_disjoint,20260918,52,0.8
real_left_right_fist,shallow_fbcsp,default,ztrial,run_disjoint,20260918,53,0.666667
real_left_right_fist,shallow_fbcsp,default,ztrial,run_disjoint,20260918,54,0.911111
real_left_right_fist,shallow_fbcsp,default,ztrial,run_disjoint,20260918,55,0.733333
real_left_right_fist,shallow_fbcsp,default,ztrial,run_disjoint,20260918,56,0.755556
real_left_right_fist,shallow_fbcsp,default,ztrial,run_disjoint,20260918,57,0.755556
real_left_right_fist,shallow_fbcsp,default,ztrial,run_disjoint,20260918,58,0.511111
real_left_right_fist,shallow_fbcsp,default,ztrial,run_disjoint,20260918,59,0.822222
real_left_right_fist,shallow_fbcsp,default,ztrial,run_disjoint,20260918,60,0.622222
real_left_right_fist,shallow_fbcsp,default,ztrial,run_disjoint,20260918,61,0.688889
real_left_right_fist,shallow_fbcsp,default,ztrial,run_disjoint,20260918,62,0.688889
real_left_right_fist,shallow_fbcsp,default,ztrial,run_disjoint,20260918,63,0.6
real_left_right_fist,shallow_fbcsp,default,ztrial,run_disjoint,20260918,64,0.880952
real_left_right_fist,shallow_fbcsp,default,ztrial,run_disjoint,20260918,65,0.711111
real_left_right_fist,shallow_fbcsp,default,ztrial,run_disjoint,20260918,66,0.577778
real_left_right_fist,shallow_fbcsp,default,ztrial,run_disjoint,20260918,67,0.622222
real_left_right_fist,shallow_fbcsp,default,ztrial,run_disjoint,20260918,68,0.777778
real_left_right_fist,shallow_fbcsp,default,ztrial,run_disjoint,20260918,69,0.666667
real_left_right_fist,shallow_fbcsp,default,ztrial,run_disjoint,20260918,70,0.777778
real_left_right_fist,shallow_fbcsp,default,ztrial,run_disjoint,20260918,71,0.666667
real_left_right_fist,shallow_fbcsp,default,ztrial,run_disjoint,20260918,72,0.785714
real_left_right_fist,shallow_fbcsp,default,ztrial,run_disjoint,20260918,73,0.714286
real_left_right_fist,shallow_fbcsp,default,ztrial,run_disjoint,20260918,74,0.761905
real_left_right_fist,shallow_fbcsp,default,ztrial,run_disjoint,20260918,75,0.6
real_left_right_fist,shallow_fbcsp,default,ztrial,run_disjoint,20260918,76,0.595238
real_left_right_fist,shallow_fbcsp,default,ztrial,run_disjoint,20260918,77,0.666667
real_left_right_fist,shallow_fbcsp,default,ztrial,run_disjoint,20260918,78,0.622222
real_left_right_fist,shallow_fbcsp,default,ztrial,run_disjoint,20260918,79,0.577778
real_left_right_fist,shallow_fbcsp,default,ztrial,run_disjoint,20260918,80,0.822222
real_left_right_fist,shallow_fbcsp,default,ztrial,run_disjoint,20260918,81,0.644444
real_left_right_fist,shallow_fbcsp,default,ztrial,run_disjoint,20260918,82,0.733333
real_left_right_fist,shallow_fbcsp,default,ztrial,run_disjoint,20260918,83,0.666667
real_left_right_fist,shallow_fbcsp,default,ztrial,run_disjoint,20260918,84,0.755556
real_left_right_fist,shallow_fbcsp,default,ztrial,run_disjoint,20260918,85,0.755556
real_left_right_fist,shallow_fbcsp,default,ztrial,run_disjoint,20260918,86,0.888889
real_left_right_fist,shallow_fbcsp,default,ztrial,run_disjoint,20260918,87,0.666667
real_left_right_fist,shallow_fbcsp,default,ztrial,run_disjoint,20260918,88,0.736842
real_left_right_fist,shallow_fbcsp,default,ztrial,run_disjoint,20260918,89,0.711538
real_left_right_fist,shallow_fbcsp,default,ztrial,run_disjoint,20260918,90,0.777778
real_left_right_fist,shallow_fbcsp,default,ztrial,run_disjoint,20260918,91,0.777778
real_left_right_fist,shallow_fbcsp,default,ztrial,run_disjoint,20260918,92,0.649123
real_left_right_fist,shallow_fbcsp,default,ztrial,run_disjoint,20260918,93,0.711111
real_left_right_fist,shallow_fbcsp,default,ztrial,run_disjoint,20260918,94,0.822222
real_left_right_fist,shallow_fbcsp,default,ztrial,run_disjoint,20260918,95,0.622222
real_left_right_fist,shallow_fbcsp,default,ztrial,run_disjoint,20260918,96,0.711111
real_left_right_fist,shallow_fbcsp,default,ztrial,run_disjoint,20260918,97,0.711111
real_left_right_fist,shallow_fbcsp,default,ztrial,run_disjoint,20260918,98,0.688889
real_left_right_fist,shallow_fbcsp,default,ztrial,run_disjoint,20260918,99,0.6
real_left_right_fist,shallow_fbcsp,default,ztrial,run_disjoint,20260918,100,0.666667
real_left_right_fist,shallow_fbcsp,default,ztrial,run_disjoint,20260918,101,0.666667
real_left_right_fist,shallow_fbcsp,default,ztrial,run_disjoint,20260918,102,0.761905
real_left_right_fist,shallow_fbcsp,default,ztrial,run_disjoint,20260918,103,0.666667
real_left_right_fist,shallow_fbcsp,default,ztrial,run_disjoint,20260918,104,0.555556
real_left_right_fist,shallow_fbcsp,default,ztrial,run_disjoint,20260918,105,0.888889
real_left_right_fist,shallow_fbcsp,default,ztrial,run_disjoint,20260918,106,0.666667
real_left_right_fist,shallow_fbcsp,default,ztrial,run_disjoint,20260918,107,0.555556
real_left_right_fist,shallow_fbcsp,default,ztrial,run_disjoint,20260918,108,0.733333
real_left_right_fist,shallow_fbcsp,default,ztrial,run_disjoint,20260918,109,0.755556
real_left_right_fist,shallow_fbcsp,default,ztrial,subject_disjoint,20260916,1,0.888889
real_left_right_fist,shallow_fbcsp,default,ztrial,subject_disjoint,20260916,2,0.777778
real_left_right_fist,shallow_fbcsp,default,ztrial,subject_disjoint,20260916,3,0.666667
real_left_right_fist,shallow_fbcsp,default,ztrial,subject_disjoint,20260916,4,0.822222
real_left_right_fist,shallow_fbcsp,default,ztrial,subject_disjoint,20260916,5,0.666667
real_left_right_fist,shallow_fbcsp,default,ztrial,subject_disjoint,20260916,6,0.688889
real_left_right_fist,shallow_fbcsp,default,ztrial,subject_disjoint,20260916,7,0.866667
real_left_right_fist,shallow_fbcsp,default,ztrial,subject_disjoint,20260916,8,0.688889
real_left_right_fist,shallow_fbcsp,default,ztrial,subject_disjoint,20260916,9,0.755556
real_left_right_fist,shallow_fbcsp,default,ztrial,subject_disjoint,20260916,10,0.777778
real_left_right_fist,shallow_fbcsp,default,ztrial,subject_disjoint,20260916,11,0.711111
real_left_right_fist,shallow_fbcsp,default,ztrial,subject_disjoint,20260916,12,0.711111
real_left_right_fist,shallow_fbcsp,default,ztrial,subject_disjoint,20260916,13,0.577778
real_left_right_fist,shallow_fbcsp,default,ztrial,subject_disjoint,20260916,14,0.733333
real_left_right_fist,shallow_fbcsp,default,ztrial,subject_disjoint,20260916,15,0.911111
real_left_right_fist,shallow_fbcsp,default,ztrial,subject_disjoint,20260916,16,0.711111
real_left_right_fist,shallow_fbcsp,default,ztrial,subject_disjoint,20260916,17,0.8
real_left_right_fist,shallow_fbcsp,default,ztrial,subject_disjoint,20260916,18,0.866667
real_left_right_fist,shallow_fbcsp,default,ztrial,subject_disjoint,20260916,19,0.622222
real_left_right_fist,shallow_fbcsp,default,ztrial,subject_disjoint,20260916,20,0.755556
real_left_right_fist,shallow_fbcsp,default,ztrial,subject_disjoint,20260916,21,0.688889
real_left_right_fist,shallow_fbcsp,default,ztrial,subject_disjoint,20260916,22,0.911111
real_left_right_fist,shallow_fbcsp,default,ztrial,subject_disjoint,20260916,23,0.666667
real_left_right_fist,shallow_fbcsp,default,ztrial,subject_disjoint,20260916,24,0.533333
real_left_right_fist,shallow_fbcsp,default,ztrial,subject_disjoint,20260916,25,0.6
real_left_right_fist,shallow_fbcsp,default,ztrial,subject_disjoint,20260916,26,0.688889
real_left_right_fist,shallow_fbcsp,default,ztrial,subject_disjoint,20260916,27,0.666667
real_left_right_fist,shallow_fbcsp,default,ztrial,subject_disjoint,20260916,28,0.733333
real_left_right_fist,shallow_fbcsp,default,ztrial,subject_disjoint,20260916,29,0.733333
real_left_right_fist,shallow_fbcsp,default,ztrial,subject_disjoint,20260916,30,0.422222
real_left_right_fist,shallow_fbcsp,default,ztrial,subject_disjoint,20260916,31,0.688889
real_left_right_fist,shallow_fbcsp,default,ztrial,subject_disjoint,20260916,32,0.955556
real_left_right_fist,shallow_fbcsp,default,ztrial,subject_disjoint,20260916,33,0.666667
real_left_right_fist,shallow_fbcsp,default,ztrial,subject_disjoint,20260916,34,0.690476
real_left_right_fist,shallow_fbcsp,default,ztrial,subject_disjoint,20260916,35,0.777778
real_left_right_fist,shallow_fbcsp,default,ztrial,subject_disjoint,20260916,36,0.8
real_left_right_fist,shallow_fbcsp,default,ztrial,subject_disjoint,20260916,37,0.619048
real_left_right_fist,shallow_fbcsp,default,ztrial,subject_disjoint,20260916,38,0.577778
real_left_right_fist,shallow_fbcsp,default,ztrial,subject_disjoint,20260916,39,0.844444
real_left_right_fist,shallow_fbcsp,default,ztrial,subject_disjoint,20260916,40,0.977778
real_left_right_fist,shallow_fbcsp,default,ztrial,subject_disjoint,20260916,41,0.619048
real_left_right_fist,shallow_fbcsp,default,ztrial,subject_disjoint,20260916,42,0.777778
real_left_right_fist,shallow_fbcsp,default,ztrial,subject_disjoint,20260916,43,0.622222
real_left_right_fist,shallow_fbcsp,default,ztrial,subject_disjoint,20260916,44,0.755556
real_left_right_fist,shallow_fbcsp,default,ztrial,subject_disjoint,20260916,45,0.444444
real_left_right_fist,shallow_fbcsp,default,ztrial,subject_disjoint,20260916,46,0.466667
real_left_right_fist,shallow_fbcsp,default,ztrial,subject_disjoint,20260916,47,0.755556
real_left_right_fist,shallow_fbcsp,default,ztrial,subject_disjoint,20260916,48,0.755556
real_left_right_fist,shallow_fbcsp,default,ztrial,subject_disjoint,20260916,49,0.622222
real_left_right_fist,shallow_fbcsp,default,ztrial,subject_disjoint,20260916,50,0.688889
real_left_right_fist,shallow_fbcsp,default,ztrial,subject_disjoint,20260916,51,0.904762
real_left_right_fist,shallow_fbcsp,default,ztrial,subject_disjoint,20260916,52,0.8
real_left_right_fist,shallow_fbcsp,default,ztrial,subject_disjoint,20260916,53,0.622222
real_left_right_fist,shallow_fbcsp,default,ztrial,subject_disjoint,20260916,54,0.822222
real_left_right_fist,shallow_fbcsp,default,ztrial,subject_disjoint,20260916,55,0.755556
real_left_right_fist,shallow_fbcsp,default,ztrial,subject_disjoint,20260916,56,0.8
real_left_right_fist,shallow_fbcsp,default,ztrial,subject_disjoint,20260916,57,0.755556
real_left_right_fist,shallow_fbcsp,default,ztrial,subject_disjoint,20260916,58,0.511111
real_left_right_fist,shallow_fbcsp,default,ztrial,subject_disjoint,20260916,59,0.8
real_left_right_fist,shallow_fbcsp,default,ztrial,subject_disjoint,20260916,60,0.711111
real_left_right_fist,shallow_fbcsp,default,ztrial,subject_disjoint,20260916,61,0.777778
real_left_right_fist,shallow_fbcsp,default,ztrial,subject_disjoint,20260916,62,0.6
real_left_right_fist,shallow_fbcsp,default,ztrial,subject_disjoint,20260916,63,0.577778
real_left_right_fist,shallow_fbcsp,default,ztrial,subject_disjoint,20260916,64,0.857143
real_left_right_fist,shallow_fbcsp,default,ztrial,subject_disjoint,20260916,65,0.644444
real_left_right_fist,shallow_fbcsp,default,ztrial,subject_disjoint,20260916,66,0.733333
real_left_right_fist,shallow_fbcsp,default,ztrial,subject_disjoint,20260916,67,0.6
real_left_right_fist,shallow_fbcsp,default,ztrial,subject_disjoint,20260916,68,0.622222
real_left_right_fist,shallow_fbcsp,default,ztrial,subject_disjoint,20260916,69,0.666667
real_left_right_fist,shallow_fbcsp,default,ztrial,subject_disjoint,20260916,70,0.755556
real_left_right_fist,shallow_fbcsp,default,ztrial,subject_disjoint,20260916,71,0.644444
real_left_right_fist,shallow_fbcsp,default,ztrial,subject_disjoint,20260916,72,0.690476
real_left_right_fist,shallow_fbcsp,default,ztrial,subject_disjoint,20260916,73,0.714286
real_left_right_fist,shallow_fbcsp,default,ztrial,subject_disjoint,20260916,74,0.809524
real_left_right_fist,shallow_fbcsp,default,ztrial,subject_disjoint,20260916,75,0.555556
real_left_right_fist,shallow_fbcsp,default,ztrial,subject_disjoint,20260916,76,0.47619
real_left_right_fist,shallow_fbcsp,default,ztrial,subject_disjoint,20260916,77,0.711111
real_left_right_fist,shallow_fbcsp,default,ztrial,subject_disjoint,20260916,78,0.577778
real_left_right_fist,shallow_fbcsp,default,ztrial,subject_disjoint,20260916,79,0.688889
real_left_right_fist,shallow_fbcsp,default,ztrial,subject_disjoint,20260916,80,0.911111
real_left_right_fist,shallow_fbcsp,default,ztrial,subject_disjoint,20260916,81,0.622222
real_left_right_fist,shallow_fbcsp,default,ztrial,subject_disjoint,20260916,82,0.755556
real_left_right_fist,shallow_fbcsp,default,ztrial,subject_disjoint,20260916,83,0.755556
real_left_right_fist,shallow_fbcsp,default,ztrial,subject_disjoint,20260916,84,0.8
real_left_right_fist,shallow_fbcsp,default,ztrial,subject_disjoint,20260916,85,0.733333
real_left_right_fist,shallow_fbcsp,default,ztrial,subject_disjoint,20260916,86,0.866667
real_left_right_fist,shallow_fbcsp,default,ztrial,subject_disjoint,20260916,87,0.577778
real_left_right_fist,shallow_fbcsp,default,ztrial,subject_disjoint,20260916,88,0.578947
real_left_right_fist,shallow_fbcsp,default,ztrial,subject_disjoint,20260916,89,0.923077
real_left_right_fist,shallow_fbcsp,default,ztrial,subject_disjoint,20260916,90,0.755556
real_left_right_fist,shallow_fbcsp,default,ztrial,subject_disjoint,20260916,91,0.777778
real_left_right_fist,shallow_fbcsp,default,ztrial,subject_disjoint,20260916,92,0.77193
real_left_right_fist,shallow_fbcsp,default,ztrial,subject_disjoint,20260916,93,0.8
real_left_right_fist,shallow_fbcsp,default,ztrial,subject_disjoint,20260916,94,0.755556
real_left_right_fist,shallow_fbcsp,default,ztrial,subject_disjoint,20260916,95,0.755556
real_left_right_fist,shallow_fbcsp,default,ztrial,subject_disjoint,20260916,96,0.822222
real_left_right_fist,shallow_fbcsp,default,ztrial,subject_disjoint,20260916,97,0.622222
real_left_right_fist,shallow_fbcsp,default,ztrial,subject_disjoint,20260916,98,0.6
real_left_right_fist,shallow_fbcsp,default,ztrial,subject_disjoint,20260916,99,0.555556
real_left_right_fist,shallow_fbcsp,default,ztrial,subject_disjoint,20260916,100,0.861111
real_left_right_fist,shallow_fbcsp,default,ztrial,subject_disjoint,20260916,101,0.733333
real_left_right_fist,shallow_fbcsp,default,ztrial,subject_disjoint,20260916,102,0.714286
real_left_right_fist,shallow_fbcsp,default,ztrial,subject_disjoint,20260916,103,0.711111
real_left_right_fist,shallow_fbcsp,default,ztrial,subject_disjoint,20260916,104,0.666667
real_left_right_fist,shallow_fbcsp,default,ztrial,subject_disjoint,20260916,105,0.977778
real_left_right_fist,shallow_fbcsp,default,ztrial,subject_disjoint,20260916,106,0.555556
real_left_right_fist,shallow_fbcsp,default,ztrial,subject_disjoint,20260916,107,0.488889
real_left_right_fist,shallow_fbcsp,default,ztrial,subject_disjoint,20260916,108,0.622222
real_left_right_fist,shallow_fbcsp,default,ztrial,subject_disjoint,20260916,109,0.733333
real_left_right_fist,shallow_fbcsp,default,ztrial,subject_disjoint,20260917,1,0.866667
real_left_right_fist,shallow_fbcsp,default,ztrial,subject_disjoint,20260917,2,0.577778
real_left_right_fist,shallow_fbcsp,default,ztrial,subject_disjoint,20260917,3,0.844444
real_left_right_fist,shallow_fbcsp,default,ztrial,subject_disjoint,20260917,4,0.888889
real_left_right_fist,shallow_fbcsp,default,ztrial,subject_disjoint,20260917,5,0.733333
real_left_right_fist,shallow_fbcsp,default,ztrial,subject_disjoint,20260917,6,0.688889
real_left_right_fist,shallow_fbcsp,default,ztrial,subject_disjoint,20260917,7,0.844444
real_left_right_fist,shallow_fbcsp,default,ztrial,subject_disjoint,20260917,8,0.622222
real_left_right_fist,shallow_fbcsp,default,ztrial,subject_disjoint,20260917,9,0.622222
real_left_right_fist,shallow_fbcsp,default,ztrial,subject_disjoint,20260917,10,0.777778
real_left_right_fist,shallow_fbcsp,default,ztrial,subject_disjoint,20260917,11,0.733333
real_left_right_fist,shallow_fbcsp,default,ztrial,subject_disjoint,20260917,12,0.666667
real_left_right_fist,shallow_fbcsp,default,ztrial,subject_disjoint,20260917,13,0.488889
real_left_right_fist,shallow_fbcsp,default,ztrial,subject_disjoint,20260917,14,0.711111
real_left_right_fist,shallow_fbcsp,default,ztrial,subject_disjoint,20260917,15,0.822222
real_left_right_fist,shallow_fbcsp,default,ztrial,subject_disjoint,20260917,16,0.622222
real_left_right_fist,shallow_fbcsp,default,ztrial,subject_disjoint,20260917,17,0.711111
real_left_right_fist,shallow_fbcsp,default,ztrial,subject_disjoint,20260917,18,0.888889
real_left_right_fist,shallow_fbcsp,default,ztrial,subject_disjoint,20260917,19,0.688889
real_left_right_fist,shallow_fbcsp,default,ztrial,subject_disjoint,20260917,20,0.711111
real_left_right_fist,shallow_fbcsp,default,ztrial,subject_disjoint,20260917,21,0.666667
real_left_right_fist,shallow_fbcsp,default,ztrial,subject_disjoint,20260917,22,0.911111
real_left_right_fist,shallow_fbcsp,default,ztrial,subject_disjoint,20260917,23,0.644444
real_left_right_fist,shallow_fbcsp,default,ztrial,subject_disjoint,20260917,24,0.555556
real_left_right_fist,shallow_fbcsp,default,ztrial,subject_disjoint,20260917,25,0.622222
real_left_right_fist,shallow_fbcsp,default,ztrial,subject_disjoint,20260917,26,0.6
real_left_right_fist,shallow_fbcsp,default,ztrial,subject_disjoint,20260917,27,0.666667
real_left_right_fist,shallow_fbcsp,default,ztrial,subject_disjoint,20260917,28,0.688889
real_left_right_fist,shallow_fbcsp,default,ztrial,subject_disjoint,20260917,29,0.622222
real_left_right_fist,shallow_fbcsp,default,ztrial,subject_disjoint,20260917,30,0.666667
real_left_right_fist,shallow_fbcsp,default,ztrial,subject_disjoint,20260917,31,0.688889
real_left_right_fist,shallow_fbcsp,default,ztrial,subject_disjoint,20260917,32,0.866667
real_left_right_fist,shallow_fbcsp,default,ztrial,subject_disjoint,20260917,33,0.666667
real_left_right_fist,shallow_fbcsp,default,ztrial,subject_disjoint,20260917,34,0.738095
real_left_right_fist,shallow_fbcsp,default,ztrial,subject_disjoint,20260917,35,0.8
real_left_right_fist,shallow_fbcsp,default,ztrial,subject_disjoint,20260917,36,0.666667
real_left_right_fist,shallow_fbcsp,default,ztrial,subject_disjoint,20260917,37,0.761905
real_left_right_fist,shallow_fbcsp,default,ztrial,subject_disjoint,20260917,38,0.622222
real_left_right_fist,shallow_fbcsp,default,ztrial,subject_disjoint,20260917,39,0.844444
real_left_right_fist,shallow_fbcsp,default,ztrial,subject_disjoint,20260917,40,0.933333
real_left_right_fist,shallow_fbcsp,default,ztrial,subject_disjoint,20260917,41,0.738095
real_left_right_fist,shallow_fbcsp,default,ztrial,subject_disjoint,20260917,42,0.955556
real_left_right_fist,shallow_fbcsp,default,ztrial,subject_disjoint,20260917,43,0.733333
real_left_right_fist,shallow_fbcsp,default,ztrial,subject_disjoint,20260917,44,0.8
real_left_right_fist,shallow_fbcsp,default,ztrial,subject_disjoint,20260917,45,0.577778
real_left_right_fist,shallow_fbcsp,default,ztrial,subject_disjoint,20260917,46,0.733333
real_left_right_fist,shallow_fbcsp,default,ztrial,subject_disjoint,20260917,47,0.777778
real_left_right_fist,shallow_fbcsp,default,ztrial,subject_disjoint,20260917,48,0.8
real_left_right_fist,shallow_fbcsp,default,ztrial,subject_disjoint,20260917,49,0.711111
real_left_right_fist,shallow_fbcsp,default,ztrial,subject_disjoint,20260917,50,0.711111
real_left_right_fist,shallow_fbcsp,default,ztrial,subject_disjoint,20260917,51,0.904762
real_left_right_fist,shallow_fbcsp,default,ztrial,subject_disjoint,20260917,52,0.8
real_left_right_fist,shallow_fbcsp,default,ztrial,subject_disjoint,20260917,53,0.711111
real_left_right_fist,shallow_fbcsp,default,ztrial,subject_disjoint,20260917,54,0.888889
real_left_right_fist,shallow_fbcsp,default,ztrial,subject_disjoint,20260917,55,0.8
real_left_right_fist,shallow_fbcsp,default,ztrial,subject_disjoint,20260917,56,0.866667
real_left_right_fist,shallow_fbcsp,default,ztrial,subject_disjoint,20260917,57,0.777778
real_left_right_fist,shallow_fbcsp,default,ztrial,subject_disjoint,20260917,58,0.555556
real_left_right_fist,shallow_fbcsp,default,ztrial,subject_disjoint,20260917,59,0.777778
real_left_right_fist,shallow_fbcsp,default,ztrial,subject_disjoint,20260917,60,0.733333
real_left_right_fist,shallow_fbcsp,default,ztrial,subject_disjoint,20260917,61,0.777778
real_left_right_fist,shallow_fbcsp,default,ztrial,subject_disjoint,20260917,62,0.6
real_left_right_fist,shallow_fbcsp,default,ztrial,subject_disjoint,20260917,63,0.666667
real_left_right_fist,shallow_fbcsp,default,ztrial,subject_disjoint,20260917,64,0.857143
real_left_right_fist,shallow_fbcsp,default,ztrial,subject_disjoint,20260917,65,0.688889
real_left_right_fist,shallow_fbcsp,default,ztrial,subject_disjoint,20260917,66,0.666667
real_left_right_fist,shallow_fbcsp,default,ztrial,subject_disjoint,20260917,67,0.622222
real_left_right_fist,shallow_fbcsp,default,ztrial,subject_disjoint,20260917,68,0.777778
real_left_right_fist,shallow_fbcsp,default,ztrial,subject_disjoint,20260917,69,0.6
real_left_right_fist,shallow_fbcsp,default,ztrial,subject_disjoint,20260917,70,0.755556
real_left_right_fist,shallow_fbcsp,default,ztrial,subject_disjoint,20260917,71,0.711111
real_left_right_fist,shallow_fbcsp,default,ztrial,subject_disjoint,20260917,72,0.833333
real_left_right_fist,shallow_fbcsp,default,ztrial,subject_disjoint,20260917,73,0.642857
real_left_right_fist,shallow_fbcsp,default,ztrial,subject_disjoint,20260917,74,0.761905
real_left_right_fist,shallow_fbcsp,default,ztrial,subject_disjoint,20260917,75,0.511111
real_left_right_fist,shallow_fbcsp,default,ztrial,subject_disjoint,20260917,76,0.52381
real_left_right_fist,shallow_fbcsp,default,ztrial,subject_disjoint,20260917,77,0.6
real_left_right_fist,shallow_fbcsp,default,ztrial,subject_disjoint,20260917,78,0.622222
real_left_right_fist,shallow_fbcsp,default,ztrial,subject_disjoint,20260917,79,0.6
real_left_right_fist,shallow_fbcsp,default,ztrial,subject_disjoint,20260917,80,0.911111
real_left_right_fist,shallow_fbcsp,default,ztrial,subject_disjoint,20260917,81,0.555556
real_left_right_fist,shallow_fbcsp,default,ztrial,subject_disjoint,20260917,82,0.688889
real_left_right_fist,shallow_fbcsp,default,ztrial,subject_disjoint,20260917,83,0.577778
real_left_right_fist,shallow_fbcsp,default,ztrial,subject_disjoint,20260917,84,0.822222
real_left_right_fist,shallow_fbcsp,default,ztrial,subject_disjoint,20260917,85,0.733333
real_left_right_fist,shallow_fbcsp,default,ztrial,subject_disjoint,20260917,86,0.888889
real_left_right_fist,shallow_fbcsp,default,ztrial,subject_disjoint,20260917,87,0.644444
real_left_right_fist,shallow_fbcsp,default,ztrial,subject_disjoint,20260917,88,0.807018
real_left_right_fist,shallow_fbcsp,default,ztrial,subject_disjoint,20260917,89,0.846154
real_left_right_fist,shallow_fbcsp,default,ztrial,subject_disjoint,20260917,90,0.666667
real_left_right_fist,shallow_fbcsp,default,ztrial,subject_disjoint,20260917,91,0.8
real_left_right_fist,shallow_fbcsp,default,ztrial,subject_disjoint,20260917,92,0.666667
real_left_right_fist,shallow_fbcsp,default,ztrial,subject_disjoint,20260917,93,0.8
real_left_right_fist,shallow_fbcsp,default,ztrial,subject_disjoint,20260917,94,0.777778
real_left_right_fist,shallow_fbcsp,default,ztrial,subject_disjoint,20260917,95,0.644444
real_left_right_fist,shallow_fbcsp,default,ztrial,subject_disjoint,20260917,96,0.711111
real_left_right_fist,shallow_fbcsp,default,ztrial,subject_disjoint,20260917,97,0.555556
real_left_right_fist,shallow_fbcsp,default,ztrial,subject_disjoint,20260917,98,0.644444
real_left_right_fist,shallow_fbcsp,default,ztrial,subject_disjoint,20260917,99,0.488889
real_left_right_fist,shallow_fbcsp,default,ztrial,subject_disjoint,20260917,100,0.694444
real_left_right_fist,shallow_fbcsp,default,ztrial,subject_disjoint,20260917,101,0.777778
real_left_right_fist,shallow_fbcsp,default,ztrial,subject_disjoint,20260917,102,0.714286
real_left_right_fist,shallow_fbcsp,default,ztrial,subject_disjoint,20260917,103,0.688889
real_left_right_fist,shallow_fbcsp,default,ztrial,subject_disjoint,20260917,104,0.622222
real_left_right_fist,shallow_fbcsp,default,ztrial,subject_disjoint,20260917,105,0.933333
real_left_right_fist,shallow_fbcsp,default,ztrial,subject_disjoint,20260917,106,0.555556
real_left_right_fist,shallow_fbcsp,default,ztrial,subject_disjoint,20260917,107,0.666667
real_left_right_fist,shallow_fbcsp,default,ztrial,subject_disjoint,20260917,108,0.666667
real_left_right_fist,shallow_fbcsp,default,ztrial,subject_disjoint,20260917,109,0.755556
real_left_right_fist,shallow_fbcsp,default,ztrial,subject_disjoint,20260918,1,0.777778
real_left_right_fist,shallow_fbcsp,default,ztrial,subject_disjoint,20260918,2,0.755556
real_left_right_fist,shallow_fbcsp,default,ztrial,subject_disjoint,20260918,3,0.622222
real_left_right_fist,shallow_fbcsp,default,ztrial,subject_disjoint,20260918,4,0.711111
real_left_right_fist,shallow_fbcsp,default,ztrial,subject_disjoint,20260918,5,0.844444
real_left_right_fist,shallow_fbcsp,default,ztrial,subject_disjoint,20260918,6,0.8
real_left_right_fist,shallow_fbcsp,default,ztrial,subject_disjoint,20260918,7,0.911111
real_left_right_fist,shallow_fbcsp,default,ztrial,subject_disjoint,20260918,8,0.622222
real_left_right_fist,shallow_fbcsp,default,ztrial,subject_disjoint,20260918,9,0.733333
real_left_right_fist,shallow_fbcsp,default,ztrial,subject_disjoint,20260918,10,0.8
real_left_right_fist,shallow_fbcsp,default,ztrial,subject_disjoint,20260918,11,0.644444
real_left_right_fist,shallow_fbcsp,default,ztrial,subject_disjoint,20260918,12,0.777778
real_left_right_fist,shallow_fbcsp,default,ztrial,subject_disjoint,20260918,13,0.622222
real_left_right_fist,shallow_fbcsp,default,ztrial,subject_disjoint,20260918,14,0.622222
real_left_right_fist,shallow_fbcsp,default,ztrial,subject_disjoint,20260918,15,0.844444
real_left_right_fist,shallow_fbcsp,default,ztrial,subject_disjoint,20260918,16,0.622222
real_left_right_fist,shallow_fbcsp,default,ztrial,subject_disjoint,20260918,17,0.666667
real_left_right_fist,shallow_fbcsp,default,ztrial,subject_disjoint,20260918,18,0.822222
real_left_right_fist,shallow_fbcsp,default,ztrial,subject_disjoint,20260918,19,0.622222
real_left_right_fist,shallow_fbcsp,default,ztrial,subject_disjoint,20260918,20,0.8
real_left_right_fist,shallow_fbcsp,default,ztrial,subject_disjoint,20260918,21,0.688889
real_left_right_fist,shallow_fbcsp,default,ztrial,subject_disjoint,20260918,22,0.866667
real_left_right_fist,shallow_fbcsp,default,ztrial,subject_disjoint,20260918,23,0.822222
real_left_right_fist,shallow_fbcsp,default,ztrial,subject_disjoint,20260918,24,0.6
real_left_right_fist,shallow_fbcsp,default,ztrial,subject_disjoint,20260918,25,0.644444
real_left_right_fist,shallow_fbcsp,default,ztrial,subject_disjoint,20260918,26,0.711111
real_left_right_fist,shallow_fbcsp,default,ztrial,subject_disjoint,20260918,27,0.644444
real_left_right_fist,shallow_fbcsp,default,ztrial,subject_disjoint,20260918,28,0.688889
real_left_right_fist,shallow_fbcsp,default,ztrial,subject_disjoint,20260918,29,0.755556
real_left_right_fist,shallow_fbcsp,default,ztrial,subject_disjoint,20260918,30,0.577778
real_left_right_fist,shallow_fbcsp,default,ztrial,subject_disjoint,20260918,31,0.666667
real_left_right_fist,shallow_fbcsp,default,ztrial,subject_disjoint,20260918,32,0.933333
real_left_right_fist,shallow_fbcsp,default,ztrial,subject_disjoint,20260918,33,0.6
real_left_right_fist,shallow_fbcsp,default,ztrial,subject_disjoint,20260918,34,0.666667
real_left_right_fist,shallow_fbcsp,default,ztrial,subject_disjoint,20260918,35,0.8
real_left_right_fist,shallow_fbcsp,default,ztrial,subject_disjoint,20260918,36,0.755556
real_left_right_fist,shallow_fbcsp,default,ztrial,subject_disjoint,20260918,37,0.547619
real_left_right_fist,shallow_fbcsp,default,ztrial,subject_disjoint,20260918,38,0.622222
real_left_right_fist,shallow_fbcsp,default,ztrial,subject_disjoint,20260918,39,0.911111
real_left_right_fist,shallow_fbcsp,default,ztrial,subject_disjoint,20260918,40,0.911111
real_left_right_fist,shallow_fbcsp,default,ztrial,subject_disjoint,20260918,41,0.595238
real_left_right_fist,shallow_fbcsp,default,ztrial,subject_disjoint,20260918,42,0.888889
real_left_right_fist,shallow_fbcsp,default,ztrial,subject_disjoint,20260918,43,0.755556
real_left_right_fist,shallow_fbcsp,default,ztrial,subject_disjoint,20260918,44,0.755556
real_left_right_fist,shallow_fbcsp,default,ztrial,subject_disjoint,20260918,45,0.577778
real_left_right_fist,shallow_fbcsp,default,ztrial,subject_disjoint,20260918,46,0.488889
real_left_right_fist,shallow_fbcsp,default,ztrial,subject_disjoint,20260918,47,0.577778
real_left_right_fist,shallow_fbcsp,default,ztrial,subject_disjoint,20260918,48,0.822222
real_left_right_fist,shallow_fbcsp,default,ztrial,subject_disjoint,20260918,49,0.733333
real_left_right_fist,shallow_fbcsp,default,ztrial,subject_disjoint,20260918,50,0.688889
real_left_right_fist,shallow_fbcsp,default,ztrial,subject_disjoint,20260918,51,0.880952
real_left_right_fist,shallow_fbcsp,default,ztrial,subject_disjoint,20260918,52,0.755556
real_left_right_fist,shallow_fbcsp,default,ztrial,subject_disjoint,20260918,53,0.644444
real_left_right_fist,shallow_fbcsp,default,ztrial,subject_disjoint,20260918,54,0.933333
real_left_right_fist,shallow_fbcsp,default,ztrial,subject_disjoint,20260918,55,0.688889
real_left_right_fist,shallow_fbcsp,default,ztrial,subject_disjoint,20260918,56,0.888889
real_left_right_fist,shallow_fbcsp,default,ztrial,subject_disjoint,20260918,57,0.711111
real_left_right_fist,shallow_fbcsp,default,ztrial,subject_disjoint,20260918,58,0.733333
real_left_right_fist,shallow_fbcsp,default,ztrial,subject_disjoint,20260918,59,0.866667
real_left_right_fist,shallow_fbcsp,default,ztrial,subject_disjoint,20260918,60,0.555556
real_left_right_fist,shallow_fbcsp,default,ztrial,subject_disjoint,20260918,61,0.755556
real_left_right_fist,shallow_fbcsp,default,ztrial,subject_disjoint,20260918,62,0.666667
real_left_right_fist,shallow_fbcsp,default,ztrial,subject_disjoint,20260918,63,0.533333
real_left_right_fist,shallow_fbcsp,default,ztrial,subject_disjoint,20260918,64,0.857143
real_left_right_fist,shallow_fbcsp,default,ztrial,subject_disjoint,20260918,65,0.644444
real_left_right_fist,shallow_fbcsp,default,ztrial,subject_disjoint,20260918,66,0.777778
real_left_right_fist,shallow_fbcsp,default,ztrial,subject_disjoint,20260918,67,0.6
real_left_right_fist,shallow_fbcsp,default,ztrial,subject_disjoint,20260918,68,0.666667
real_left_right_fist,shallow_fbcsp,default,ztrial,subject_disjoint,20260918,69,0.533333
real_left_right_fist,shallow_fbcsp,default,ztrial,subject_disjoint,20260918,70,0.822222
real_left_right_fist,shallow_fbcsp,default,ztrial,subject_disjoint,20260918,71,0.6
real_left_right_fist,shallow_fbcsp,default,ztrial,subject_disjoint,20260918,72,0.785714
real_left_right_fist,shallow_fbcsp,default,ztrial,subject_disjoint,20260918,73,0.571429
real_left_right_fist,shallow_fbcsp,default,ztrial,subject_disjoint,20260918,74,0.666667
real_left_right_fist,shallow_fbcsp,default,ztrial,subject_disjoint,20260918,75,0.6
real_left_right_fist,shallow_fbcsp,default,ztrial,subject_disjoint,20260918,76,0.714286
real_left_right_fist,shallow_fbcsp,default,ztrial,subject_disjoint,20260918,77,0.666667
real_left_right_fist,shallow_fbcsp,default,ztrial,subject_disjoint,20260918,78,0.577778
real_left_right_fist,shallow_fbcsp,default,ztrial,subject_disjoint,20260918,79,0.644444
real_left_right_fist,shallow_fbcsp,default,ztrial,subject_disjoint,20260918,80,0.822222
real_left_right_fist,shallow_fbcsp,default,ztrial,subject_disjoint,20260918,81,0.644444
real_left_right_fist,shallow_fbcsp,default,ztrial,subject_disjoint,20260918,82,0.711111
real_left_right_fist,shallow_fbcsp,default,ztrial,subject_disjoint,20260918,83,0.733333
real_left_right_fist,shallow_fbcsp,default,ztrial,subject_disjoint,20260918,84,0.777778
real_left_right_fist,shallow_fbcsp,default,ztrial,subject_disjoint,20260918,85,0.711111
real_left_right_fist,shallow_fbcsp,default,ztrial,subject_disjoint,20260918,86,0.866667
real_left_right_fist,shallow_fbcsp,default,ztrial,subject_disjoint,20260918,87,0.666667
real_left_right_fist,shallow_fbcsp,default,ztrial,subject_disjoint,20260918,88,0.789474
real_left_right_fist,shallow_fbcsp,default,ztrial,subject_disjoint,20260918,89,0.826923
real_left_right_fist,shallow_fbcsp,default,ztrial,subject_disjoint,20260918,90,0.6
real_left_right_fist,shallow_fbcsp,default,ztrial,subject_disjoint,20260918,91,0.8
real_left_right_fist,shallow_fbcsp,default,ztrial,subject_disjoint,20260918,92,0.789474
real_left_right_fist,shallow_fbcsp,default,ztrial,subject_disjoint,20260918,93,0.755556
real_left_right_fist,shallow_fbcsp,default,ztrial,subject_disjoint,20260918,94,0.755556
real_left_right_fist,shallow_fbcsp,default,ztrial,subject_disjoint,20260918,95,0.533333
real_left_right_fist,shallow_fbcsp,default,ztrial,subject_disjoint,20260918,96,0.711111
real_left_right_fist,shallow_fbcsp,default,ztrial,subject_disjoint,20260918,97,0.644444
real_left_right_fist,shallow_fbcsp,default,ztrial,subject_disjoint,20260918,98,0.711111
real_left_right_fist,shallow_fbcsp,default,ztrial,subject_disjoint,20260918,99,0.577778
real_left_right_fist,shallow_fbcsp,default,ztrial,subject_disjoint,20260918,100,0.805556
real_left_right_fist,shallow_fbcsp,default,ztrial,subject_disjoint,20260918,101,0.733333
real_left_right_fist,shallow_fbcsp,default,ztrial,subject_disjoint,20260918,102,0.833333
real_left_right_fist,shallow_fbcsp,default,ztrial,subject_disjoint,20260918,103,0.644444
real_left_right_fist,shallow_fbcsp,default,ztrial,subject_disjoint,20260918,104,0.6
real_left_right_fist,shallow_fbcsp,default,ztrial,subject_disjoint,20260918,105,0.955556
real_left_right_fist,shallow_fbcsp,default,ztrial,subject_disjoint,20260918,106,0.6
real_left_right_fist,shallow_fbcsp,default,ztrial,subject_disjoint,20260918,107,0.6
real_left_right_fist,shallow_fbcsp,default,ztrial,subject_disjoint,20260918,108,0.688889
real_left_right_fist,shallow_fbcsp,default,ztrial,subject_disjoint,20260918,109,0.577778
