task,model,width,preproc,protocol,seed,subject,accuracy
imagery_left_right_fist,eegnet_v4,default,global,trial_random,20260916,1,0.866667
imagery_left_right_fist,eegnet_v4,default,global,trial_random,20260916,2,0.866667
imagery_left_right_fist,eegnet_v4,default,global,trial_random,20260916,3,0.822222
imagery_left_right_fist,eegnet_v4,default,global,trial_random,20260916,4,0.888889
imagery_left_right_fist,eegnet_v4,default,global,trial_random,20260916,5,0.733333
imagery_left_right_fist,eegnet_v4,default,global,trial_random,20260916,6,0.844444
imagery_left_right_fist,eegnet_v4,default,global,trial_random,20260916,7,0.955556
imagery_left_right_fist,eegnet_v4,default,global,trial_random,20260916,8,0.755556
imagery_left_right_fist,eegnet_v4,default,global,trial_random,20260916,9,0.844444
imagery_left_right_fist,eegnet_v4,default,global,trial_random,20260916,10,0.755556
imagery_left_right_fist,eegnet_v4,default,global,trial_random,20260916,11,0.844444
imagery_left_right_fist,eegnet_v4,default,global,trial_random,20260916,12,0.755556
imagery_left_right_fist,eegnet_v4,default,global,trial_random,20260916,13,0.644444
imagery_left_right_fist,eegnet_v4,default,global,trial_random,20260916,14,0.644444
imagery_left_right_fist,eegnet_v4,default,global,trial_random,20260916,15,1
imagery_left_right_fist,eegnet_v4,default,global,trial_random,20260916,16,0.533333
imagery_left_right_fist,eegnet_v4,default,global,trial_random,20260916,17,0.8
imagery_left_right_fist,eegnet_v4,default,global,trial_random,20260916,18,1
imagery_left_right_fist,eegnet_v4,default,global,trial_random,20260916,19,0.844444
imagery_left_right_fist,eegnet_v4,default,global,trial_random,20260916,20,0.911111
imagery_left_right_fist,eegnet_v4,default,global,trial_random,20260916,21,0.644444
imagery_left_right_fist,eegnet_v4,default,global,trial_random,20260916,22,0.977778
imagery_left_right_fist,eegnet_v4,default,global,trial_random,20260916,23,0.733333
imagery_left_right_fist,eegnet_v4,default,global,trial_random,20260916,24,0.511111
imagery_left_right_fist,eegnet_v4,default,global,trial_random,20260916,25,0.555556
imagery_left_right_fist,eegnet_v4,default,global,trial_random,20260916,26,0.577778
imagery_left_right_fist,eegnet_v4,default,global,trial_random,20260916,27,0.866667
imagery_left_right_fist,eegnet_v4,default,global,trial_random,20260916,28,0.688889
imagery_left_right_fist,eegnet_v4,default,global,trial_random,20260916,29,0.822222
imagery_left_right_fist,eegnet_v4,default,global,trial_random,20260916,30,0.822222
imagery_left_right_fist,eegnet_v4,default,global,trial_random,20260916,31,0.8
imagery_left_right_fist,eegnet_v4,default,global,trial_random,20260916,32,0.911111
imagery_left_right_fist,eegnet_v4,default,global,trial_random,20260916,33,0.8
imagery_left_right_fist,eegnet_v4,default,global,trial_random,20260916,34,0.790698
imagery_left_right_fist,eegnet_v4,default,global,trial_random,20260916,35,0.911111
imagery_left_right_fist,eegnet_v4,default,global,trial_random,20260916,36,0.888889
imagery_left_right_fist,eegnet_v4,default,global,trial_random,20260916,37,0.813953
imagery_left_right_fist,eegnet_v4,default,global,trial_random,20260916,38,0.6
imagery_left_right_fist,eegnet_v4,default,global,trial_random,20260916,39,0.666667
imagery_left_right_fist,eegnet_v4,default,global,trial_random,20260916,40,0.977778
imagery_left_right_fist,eegnet_v4,default,global,trial_random,20260916,41,0.727273
imagery_left_right_fist,eegnet_v4,default,global,trial_random,20260916,42,0.755556
imagery_left_right_fist,eegnet_v4,default,global,trial_random,20260916,43,0.955556
imagery_left_right_fist,eegnet_v4,default,global,trial_random,20260916,44,0.844444
imagery_left_right_fist,eegnet_v4,default,global,trial_random,20260916,45,0.644444
imagery_left_right_fist,eegnet_v4,default,global,trial_random,20260916,46,0.755556
imagery_left_right_fist,eegnet_v4,default,global,trial_random,20260916,47,0.711111
imagery_left_right_fist,eegnet_v4,default,global,trial_random,20260916,48,0.977778
imagery_left_right_fist,eegnet_v4,default,global,trial_random,20260916,49,0.8
imagery_left_right_fist,eegnet_v4,default,global,trial_random,20260916,50,0.644444
imagery_left_right_fist,eegnet_v4,default,global,trial_random,20260916,51,0.844444
imagery_left_right_fist,eegnet_v4,default,global,trial_random,20260916,52,0.888889
imagery_left_right_fist,eegnet_v4,default,global,trial_random,20260916,53,0.733333
imagery_left_right_fist,eegnet_v4,default,global,trial_random,20260916,54,0.8
imagery_left_right_fist,eegnet_v4,default,global,trial_random,20260916,55,0.888889
imagery_left_right_fist,eegnet_v4,default,global,trial_random,20260916,56,0.911111
imagery_left_right_fist,eegnet_v4,default,global,trial_random,20260916,57,0.888889
imagery_left_right_fist,eegnet_v4,default,global,trial_random,20260916,58,0.844444
imagery_left_right_fist,eegnet_v4,default,global,trial_random,20260916,59,0.822222
imagery_left_right_fist,eegnet_v4,default,global,trial_random,20260916,60,0.755556
imagery_left_right_fist,eegnet_v4,default,global,trial_random,20260916,61,0.911111
imagery_left_right_fist,eegnet_v4,default,global,trial_random,20260916,62,1
imagery_left_right_fist,eegnet_v4,default,global,trial_random,20260916,63,0.755556
imagery_left_right_fist,eegnet_v4,default,global,trial_random,20260916,64,0.75
imagery_left_right_fist,eegnet_v4,default,global,trial_random,20260916,65,0.844444
imagery_left_right_fist,eegnet_v4,default,global,trial_random,20260916,66,0.777778
imagery_left_right_fist,eegnet_v4,default,global,trial_random,20260916,67,0.533333
imagery_left_right_fist,eegnet_v4,default,global,trial_random,20260916,68,0.777778
imagery_left_right_fist,eegnet_v4,default,global,trial_random,20260916,69,0.644444
imagery_left_right_fist,eegnet_v4,default,global,trial_random,20260916,70,0.822222
imagery_left_right_fist,eegnet_v4,default,global,trial_random,20260916,71,0.933333
imagery_left_right_fist,eegnet_v4,default,global,trial_random,20260916,72,0.813953
imagery_left_right_fist,eegnet_v4,default,global,trial_random,20260916,73,0.928571
imagery_left_right_fist,eegnet_v4,default,global,trial_random,20260916,74,0.744186
imagery_left_right_fist,eegnet_v4,default,global,trial_random,20260916,75,0.8
imagery_left_right_fist,eegnet_v4,default,global,trial_random,20260916,76,0.690476
imagery_left_right_fist,eegnet_v4,default,global,trial_random,20260916,77,0.822222
imagery_left_right_fist,eegnet_v4,default,global,trial_random,20260916,78,0.555556
imagery_left_right_fist,eegnet_v4,default,global,trial_random,20260916,79,0.6
imagery_left_right_fist,eegnet_v4,default,global,trial_random,20260916,80,0.577778
imagery_left_right_fist,eegnet_v4,default,global,trial_random,20260916,81,0.777778
imagery_left_right_fist,eegnet_v4,default,global,trial_random,20260916,82,0.822222
imagery_left_right_fist,eegnet_v4,default,global,trial_random,20260916,83,0.6
imagery_left_right_fist,eegnet_v4,default,global,trial_random,20260916,84,0.844444
imagery_left_right_fist,eegnet_v4,default,global,trial_random,20260916,85,0.911111
imagery_left_right_fist,eegnet_v4,default,global,trial_random,20260916,86,0.955556
imagery_left_right_fist,eegnet_v4,default,global,trial_random,20260916,87,0.577778
imagery_left_right_fist,eegnet_v4,default,global,trial_random,20260916,88,0.666667
imagery_left_right_fist,eegnet_v4,default,global,trial_random,20260916,89,0.688889
imagery_left_right_fist,eegnet_v4,default,global,trial_random,20260916,90,0.888889
imagery_left_right_fist,eegnet_v4,default,global,trial_random,20260916,91,0.822222
imagery_left_right_fist,eegnet_v4,default,global,trial_random,20260916,92,0.807018
imagery_left_right_fist,eegnet_v4,default,global,trial_random,20260916,93,0.822222
imagery_left_right_fist,eegnet_v4,default,global,trial_random,20260916,94,0.822222
imagery_left_right_fist,eegnet_v4,default,global,trial_random,20260916,95,0.8
imagery_left_right_fist,eegnet_v4,default,global,trial_random,20260916,96,0.933333
imagery_left_right_fist,eegnet_v4,default,global,trial_random,20260916,97,0.688889
imagery_left_right_fist,eegnet_v4,default,global,trial_random,20260916,98,0.688889
imagery_left_right_fist,eegnet_v4,default,global,trial_random,20260916,99,0.511111
imagery_left_right_fist,eegnet_v4,default,global,trial_random,20260916,100,0.888889
imagery_left_right_fist,eegnet_v4,default,global,trial_random,20260916,101,0.911111
imagery_left_right_fist,eegnet_v4,default,global,trial_random,20260916,102,0.785714
imagery_left_right_fist,eegnet_v4,default,global,trial_random,20260916,103,0.866667
imagery_left_right_fist,eegnet_v4,default,global,trial_random,20260916,104,0.738095
imagery_left_right_fist,eegnet_v4,default,global,trial_random,20260916,105,0.955556
imagery_left_right_fist,eegnet_v4,default,global,trial_random,20260916,106,0.777778
imagery_left_right_fist,eegnet_v4,default,global,trial_random,20260916,107,0.711111
imagery_left_right_fist,eegnet_v4,default,global,trial_random,20260916,108,0.888889
imagery_left_right_fist,eegnet_v4,default,global,trial_random,20260916,109,0.6
imagery_left_right_fist,eegnet_v4,default,global,run_disjoint,20260916,1,0.888889
imagery_left_right_fist,eegnet_v4,default,global,run_disjoint,20260916,2,0.933333
imagery_left_right_fist,eegnet_v4,default,global,run_disjoint,20260916,3,0.933333
imagery_left_right_fist,eegnet_v4,default,global,run_disjoint,20260916,4,0.888889
imagery_left_right_fist,eegnet_v4,default,global,run_disjoint,20260916,5,0.711111
imagery_left_right_fist,eegnet_v4,default,global,run_disjoint,20260916,6,0.844444
imagery_left_right_fist,eegnet_v4,default,global,run_disjoint,20260916,7,1
imagery_left_right_fist,eegnet_v4,default,global,run_disjoint,20260916,8,0.822222
imagery_left_right_fist,eegnet_v4,default,global,run_disjoint,20260916,9,0.933333
imagery_left_right_fist,eegnet_v4,default,global,run_disjoint,20260916,10,0.777778
imagery_left_right_fist,eegnet_v4,default,global,run_disjoint,20260916,11,0.844444
imagery_left_right_fist,eegnet_v4,default,global,run_disjoint,20260916,12,0.777778
imagery_left_right_fist,eegnet_v4,default,global,run_disjoint,20260916,13,0.622222
imagery_left_right_fist,eegnet_v4,default,global,run_disjoint,20260916,14,0.733333
imagery_left_right_fist,eegnet_v4,default,global,run_disjoint,20260916,15,0.977778
imagery_left_right_fist,eegnet_v4,default,global,run_disjoint,20260916,16,0.666667
imagery_left_right_fist,eegnet_v4,default,global,run_disjoint,20260916,17,0.888889
imagery_left_right_fist,eegnet_v4,default,global,run_disjoint,20260916,18,0.977778
imagery_left_right_fist,eegnet_v4,default,global,run_disjoint,20260916,19,0.911111
imagery_left_right_fist,eegnet_v4,default,global,run_disjoint,20260916,20,0.911111
imagery_left_right_fist,eegnet_v4,default,global,run_disjoint,20260916,21,0.733333
imagery_left_right_fist,eegnet_v4,default,global,run_disjoint,20260916,22,1
imagery_left_right_fist,eegnet_v4,default,global,run_disjoint,20260916,23,0.8
imagery_left_right_fist,eegnet_v4,default,global,run_disjoint,20260916,24,0.666667
imagery_left_right_fist,eegnet_v4,default,global,run_disjoint,20260916,25,0.6
imagery_left_right_fist,eegnet_v4,default,global,run_disjoint,20260916,26,0.577778
imagery_left_right_fist,eegnet_v4,default,global,run_disjoint,20260916,27,0.888889
imagery_left_right_fist,eegnet_v4,default,global,run_disjoint,20260916,28,0.777778
imagery_left_right_fist,eegnet_v4,default,global,run_disjoint,20260916,29,0.888889
imagery_left_right_fist,eegnet_v4,default,global,run_disjoint,20260916,30,0.755556
imagery_left_right_fist,eegnet_v4,default,global,run_disjoint,20260916,31,0.866667
imagery_left_right_fist,eegnet_v4,default,global,run_disjoint,20260916,32,0.955556
imagery_left_right_fist,eegnet_v4,default,global,run_disjoint,20260916,33,0.911111
imagery_left_right_fist,eegnet_v4,default,global,run_disjoint,20260916,34,0.813953
imagery_left_right_fist,eegnet_v4,default,global,run_disjoint,20260916,35,0.955556
imagery_left_right_fist,eegnet_v4,default,global,run_disjoint,20260916,36,0.888889
imagery_left_right_fist,eegnet_v4,default,global,run_disjoint,20260916,37,0.767442
imagery_left_right_fist,eegnet_v4,default,global,run_disjoint,20260916,38,0.6
imagery_left_right_fist,eegnet_v4,default,global,run_disjoint,20260916,39,0.777778
imagery_left_right_fist,eegnet_v4,default,global,run_disjoint,20260916,40,1
imagery_left_right_fist,eegnet_v4,default,global,run_disjoint,20260916,41,0.818182
imagery_left_right_fist,eegnet_v4,default,global,run_disjoint,20260916,42,0.866667
imagery_left_right_fist,eegnet_v4,default,global,run_disjoint,20260916,43,0.977778
imagery_left_right_fist,eegnet_v4,default,global,run_disjoint,20260916,44,0.844444
imagery_left_right_fist,eegnet_v4,default,global,run_disjoint,20260916,45,0.733333
imagery_left_right_fist,eegnet_v4,default,global,run_disjoint,20260916,46,0.666667
imagery_left_right_fist,eegnet_v4,default,global,run_disjoint,20260916,47,0.777778
imagery_left_right_fist,eegnet_v4,default,global,run_disjoint,20260916,48,0.977778
imagery_left_right_fist,eegnet_v4,default,global,run_disjoint,20260916,49,0.866667
imagery_left_right_fist,eegnet_v4,default,global,run_disjoint,20260916,50,0.733333
imagery_left_right_fist,eegnet_v4,default,global,run_disjoint,20260916,51,0.866667
imagery_left_right_fist,eegnet_v4,default,global,run_disjoint,20260916,52,0.933333
imagery_left_right_fist,eegnet_v4,default,global,run_disjoint,20260916,53,0.8
imagery_left_right_fist,eegnet_v4,default,global,run_disjoint,20260916,54,0.822222
imagery_left_right_fist,eegnet_v4,default,global,run_disjoint,20260916,55,0.933333
imagery_left_right_fist,eegnet_v4,default,global,run_disjoint,20260916,56,0.866667
imagery_left_right_fist,eegnet_v4,default,global,run_disjoint,20260916,57,0.933333
imagery_left_right_fist,eegnet_v4,default,global,run_disjoint,20260916,58,0.733333
imagery_left_right_fist,eegnet_v4,default,global,run_disjoint,20260916,59,0.822222
imagery_left_right_fist,eegnet_v4,default,global,run_disjoint,20260916,60,0.888889
imagery_left_right_fist,eegnet_v4,default,global,run_disjoint,20260916,61,0.955556
imagery_left_right_fist,eegnet_v4,default,global,run_disjoint,20260916,62,1
imagery_left_right_fist,eegnet_v4,default,global,run_disjoint,20260916,63,0.733333
imagery_left_right_fist,eegnet_v4,default,global,run_disjoint,20260916,64,0.795455
imagery_left_right_fist,eegnet_v4,default,global,run_disjoint,20260916,65,0.888889
imagery_left_right_fist,eegnet_v4,default,global,run_disjoint,20260916,66,0.755556
imagery_left_right_fist,eegnet_v4,default,global,run_disjoint,20260916,67,0.511111
imagery_left_right_fist,eegnet_v4,default,global,run_disjoint,20260916,68,0.8
imagery_left_right_fist,eegnet_v4,default,global,run_disjoint,20260916,69,0.777778
imagery_left_right_fist,eegnet_v4,default,global,run_disjoint,20260916,70,0.955556
imagery_left_right_fist,eegnet_v4,default,global,run_disjoint,20260916,71,0.977778
imagery_left_right_fist,eegnet_v4,default,global,run_disjoint,20260916,72,0.813953
imagery_left_right_fist,eegnet_v4,default,global,run_disjoint,20260916,73,0.857143
imagery_left_right_fist,eegnet_v4,default,global,run_disjoint,20260916,74,0.837209
imagery_left_right_fist,eegnet_v4,default,global,run_disjoint,20260916,75,0.844444
imagery_left_right_fist,eegnet_v4,default,global,run_disjoint,20260916,76,0.642857
imagery_left_right_fist,eegnet_v4,default,global,run_disjoint,20260916,77,0.8
imagery_left_right_fist,eegnet_v4,default,global,run_disjoint,20260916,78,0.466667
imagery_left_right_fist,eegnet_v4,default,global,run_disjoint,20260916,79,0.688889
imagery_left_right_fist,eegnet_v4,default,global,run_disjoint,20260916,80,0.6
imagery_left_right_fist,eegnet_v4,default,global,run_disjoint,20260916,81,0.822222
imagery_left_right_fist,eegnet_v4,default,global,run_disjoint,20260916,82,0.822222
imagery_left_right_fist,eegnet_v4,default,global,run_disjoint,20260916,83,0.688889
imagery_left_right_fist,eegnet_v4,default,global,run_disjoint,20260916,84,0.888889
imagery_left_right_fist,eegnet_v4,default,global,run_disjoint,20260916,85,1
imagery_left_right_fist,eegnet_v4,default,global,run_disjoint,20260916,86,0.933333
imagery_left_right_fist,eegnet_v4,default,global,run_disjoint,20260916,87,0.577778
imagery_left_right_fist,eegnet_v4,default,global,run_disjoint,20260916,88,0.54386
imagery_left_right_fist,eegnet_v4,default,global,run_disjoint,20260916,89,0.777778
imagery_left_right_fist,eegnet_v4,default,global,run_disjoint,20260916,90,0.933333
imagery_left_right_fist,eegnet_v4,default,global,run_disjoint,20260916,91,0.866667
imagery_left_right_fist,eegnet_v4,default,global,run_disjoint,20260916,92,0.807018
imagery_left_right_fist,eegnet_v4,default,global,run_disjoint,20260916,93,0.777778
imagery_left_right_fist,eegnet_v4,default,global,run_disjoint,20260916,94,0.955556
imagery_left_right_fist,eegnet_v4,default,global,run_disjoint,20260916,95,0.844444
imagery_left_right_fist,eegnet_v4,default,global,run_disjoint,20260916,96,0.933333
imagery_left_right_fist,eegnet_v4,default,global,run_disjoint,20260916,97,0.755556
imagery_left_right_fist,eegnet_v4,default,global,run_disjoint,20260916,98,0.644444
imagery_left_right_fist,eegnet_v4,default,global,run_disjoint,20260916,99,0.577778
imagery_left_right_fist,eegnet_v4,default,global,run_disjoint,20260916,100,0.694444
imagery_left_right_fist,eegnet_v4,default,global,run_disjoint,20260916,101,0.977778
imagery_left_right_fist,eegnet_v4,default,global,run_disjoint,20260916,102,0.738095
imagery_left_right_fist,eegnet_v4,default,global,run_disjoint,20260916,103,0.866667
imagery_left_right_fist,eegnet_v4,default,global,run_disjoint,20260916,104,0.785714
imagery_left_right_fist,eegnet_v4,default,global,run_disjoint,20260916,105,1
imagery_left_right_fist,eegnet_v4,default,global,run_disjoint,20260916,106,0.777778
imagery_left_right_fist,eegnet_v4,default,global,run_disjoint,20260916,107,0.8
imagery_left_right_fist,eegnet_v4,default,global,run_disjoint,20260916,108,0.933333
imagery_left_right_fist,eegnet_v4,default,global,run_disjoint,20260916,109,0.688889
imagery_left_right_fist,eegnet_v4,default,global,subject_disjoint,20260916,1,0.933333
imagery_left_right_fist,eegnet_v4,default,global,subject_disjoint,20260916,2,0.888889
imagery_left_right_fist,eegnet_v4,default,global,subject_disjoint,20260916,3,0.955556
imagery_left_right_fist,eegnet_v4,default,global,subject_disjoint,20260916,4,0.866667
imagery_left_right_fist,eegnet_v4,default,global,subject_disjoint,20260916,5,0.666667
imagery_left_right_fist,eegnet_v4,default,global,subject_disjoint,20260916,6,0.911111
imagery_left_right_fist,eegnet_v4,default,global,subject_disjoint,20260916,7,1
imagery_left_right_fist,eegnet_v4,default,global,subject_disjoint,20260916,8,0.755556
imagery_left_right_fist,eegnet_v4,default,global,subject_disjoint,20260916,9,0.888889
imagery_left_right_fist,eegnet_v4,default,global,subject_disjoint,20260916,10,0.666667
imagery_left_right_fist,eegnet_v4,default,global,subject_disjoint,20260916,11,0.822222
imagery_left_right_fist,eegnet_v4,default,global,subject_disjoint,20260916,12,0.911111
imagery_left_right_fist,eegnet_v4,default,global,subject_disjoint,20260916,13,0.777778
imagery_left_right_fist,eegnet_v4,default,global,subject_disjoint,20260916,14,0.622222
imagery_left_right_fist,eegnet_v4,default,global,subject_disjoint,20260916,15,0.955556
imagery_left_right_fist,eegnet_v4,default,global,subject_disjoint,20260916,16,0.688889
imagery_left_right_fist,eegnet_v4,default,global,subject_disjoint,20260916,17,0.822222
imagery_left_right_fist,eegnet_v4,default,global,subject_disjoint,20260916,18,1
imagery_left_right_fist,eegnet_v4,default,global,subject_disjoint,20260916,19,0.8
imagery_left_right_fist,eegnet_v4,default,global,subject_disjoint,20260916,20,0.888889
imagery_left_right_fist,eegnet_v4,default,global,subject_disjoint,20260916,21,0.755556
imagery_left_right_fist,eegnet_v4,default,global,subject_disjoint,20260916,22,1
imagery_left_right_fist,eegnet_v4,default,global,subject_disjoint,20260916,23,0.822222
imagery_left_right_fist,eegnet_v4,default,global,subject_disjoint,20260916,24,0.577778
imagery_left_right_fist,eegnet_v4,default,global,subject_disjoint,20260916,25,0.622222
imagery_left_right_fist,eegnet_v4,default,global,subject_disjoint,20260916,26,0.511111
imagery_left_right_fist,eegnet_v4,default,global,subject_disjoint,20260916,27,0.933333
imagery_left_right_fist,eegnet_v4,default,global,subject_disjoint,20260916,28,0.755556
imagery_left_right_fist,eegnet_v4,default,global,subject_disjoint,20260916,29,0.822222
imagery_left_right_fist,eegnet_v4,default,global,subject_disjoint,20260916,30,0.888889
imagery_left_right_fist,eegnet_v4,default,global,subject_disjoint,20260916,31,0.888889
imagery_left_right_fist,eegnet_v4,default,global,subject_disjoint,20260916,32,0.977778
imagery_left_right_fist,eegnet_v4,default,global,subject_disjoint,20260916,33,0.844444
imagery_left_right_fist,eegnet_v4,default,global,subject_disjoint,20260916,34,0.813953
imagery_left_right_fist,eegnet_v4,default,global,subject_disjoint,20260916,35,0.955556
imagery_left_right_fist,eegnet_v4,default,global,subject_disjoint,20260916,36,0.933333
imagery_left_right_fist,eegnet_v4,default,global,subject_disjoint,20260916,37,0.72093
imagery_left_right_fist,eegnet_v4,default,global,subject_disjoint,20260916,38,0.533333
imagery_left_right_fist,eegnet_v4,default,global,subject_disjoint,20260916,39,0.666667
imagery_left_right_fist,eegnet_v4,default,global,subject_disjoint,20260916,40,0.977778
imagery_left_right_fist,eegnet_v4,default,global,subject_disjoint,20260916,41,0.795455
imagery_left_right_fist,eegnet_v4,default,global,subject_disjoint,20260916,42,0.888889
imagery_left_right_fist,eegnet_v4,default,global,subject_disjoint,20260916,43,0.977778
imagery_left_right_fist,eegnet_v4,default,global,subject_disjoint,20260916,44,0.844444
imagery_left_right_fist,eegnet_v4,default,global,subject_disjoint,20260916,45,0.711111
imagery_left_right_fist,eegnet_v4,default,global,subject_disjoint,20260916,46,0.711111
imagery_left_right_fist,eegnet_v4,default,global,subject_disjoint,20260916,47,0.755556
imagery_left_right_fist,eegnet_v4,default,global,subject_disjoint,20260916,48,0.933333
imagery_left_right_fist,eegnet_v4,default,global,subject_disjoint,20260916,49,0.844444
imagery_left_right_fist,eegnet_v4,default,global,subject_disjoint,20260916,50,0.644444
imagery_left_right_fist,eegnet_v4,default,global,subject_disjoint,20260916,51,0.777778
imagery_left_right_fist,eegnet_v4,default,global,subject_disjoint,20260916,52,0.933333
imagery_left_right_fist,eegnet_v4,default,global,subject_disjoint,20260916,53,0.777778
imagery_left_right_fist,eegnet_v4,default,global,subject_disjoint,20260916,54,0.866667
imagery_left_right_fist,eegnet_v4,default,global,subject_disjoint,20260916,55,0.955556
imagery_left_right_fist,eegnet_v4,default,global,subject_disjoint,20260916,56,0.933333
imagery_left_right_fist,eegnet_v4,default,global,subject_disjoint,20260916,57,0.933333
imagery_left_right_fist,eegnet_v4,default,global,subject_disjoint,20260916,58,0.688889
imagery_left_right_fist,eegnet_v4,default,global,subject_disjoint,20260916,59,0.777778
imagery_left_right_fist,eegnet_v4,default,global,subject_disjoint,20260916,60,0.844444
imagery_left_right_fist,eegnet_v4,default,global,subject_disjoint,20260916,61,0.977778
imagery_left_right_fist,eegnet_v4,default,global,subject_disjoint,20260916,62,1
imagery_left_right_fist,eegnet_v4,default,global,subject_disjoint,20260916,63,0.8
imagery_left_right_fist,eegnet_v4,default,global,subject_disjoint,20260916,64,0.75
imagery_left_right_fist,eegnet_v4,default,global,subject_disjoint,20260916,65,0.866667
imagery_left_right_fist,eegnet_v4,default,global,subject_disjoint,20260916,66,0.755556
imagery_left_right_fist,eegnet_v4,default,global,subject_disjoint,20260916,67,0.711111
imagery_left_right_fist,eegnet_v4,default,global,subject_disjoint,20260916,68,0.755556
imagery_left_right_fist,eegnet_v4,default,global,subject_disjoint,20260916,69,0.644444
imagery_left_right_fist,eegnet_v4,default,global,subject_disjoint,20260916,70,1
imagery_left_right_fist,eegnet_v4,default,global,subject_disjoint,20260916,71,0.888889
imagery_left_right_fist,eegnet_v4,default,global,subject_disjoint,20260916,72,0.790698
imagery_left_right_fist,eegnet_v4,default,global,subject_disjoint,20260916,73,0.928571
imagery_left_right_fist,eegnet_v4,default,global,subject_disjoint,20260916,74,0.883721
imagery_left_right_fist,eegnet_v4,default,global,subject_disjoint,20260916,75,0.8
imagery_left_right_fist,eegnet_v4,default,global,subject_disjoint,20260916,76,0.595238
imagery_left_right_fist,eegnet_v4,default,global,subject_disjoint,20260916,77,0.8
imagery_left_right_fist,eegnet_v4,default,global,subject_disjoint,20260916,78,0.555556
imagery_left_right_fist,eegnet_v4,default,global,subject_disjoint,20260916,79,0.688889
imagery_left_right_fist,eegnet_v4,default,global,subject_disjoint,20260916,80,0.533333
imagery_left_right_fist,eegnet_v4,default,global,subject_disjoint,20260916,81,0.8
imagery_left_right_fist,eegnet_v4,default,global,subject_disjoint,20260916,82,0.866667
imagery_left_right_fist,eegnet_v4,default,global,subject_disjoint,20260916,83,0.644444
imagery_left_right_fist,eegnet_v4,default,global,subject_disjoint,20260916,84,0.866667
imagery_left_right_fist,eegnet_v4,default,global,subject_disjoint,20260916,85,0.977778
imagery_left_right_fist,eegnet_v4,default,global,subject_disjoint,20260916,86,0.955556
imagery_left_right_fist,eegnet_v4,default,global,subject_disjoint,20260916,87,0.622222
imagery_left_right_fist,eegnet_v4,default,global,subject_disjoint,20260916,88,0.596491
imagery_left_right_fist,eegnet_v4,default,global,subject_disjoint,20260916,89,0.822222
imagery_left_right_fist,eegnet_v4,default,global,subject_disjoint,20260916,90,0.911111
imagery_left_right_fist,eegnet_v4,default,global,subject_disjoint,20260916,91,0.8
imagery_left_right_fist,eegnet_v4,default,global,subject_disjoint,20260916,92,0.789474
imagery_left_right_fist,eegnet_v4,default,global,subject_disjoint,20260916,93,0.777778
imagery_left_right_fist,eegnet_v4,default,global,subject_disjoint,20260916,94,0.822222
imagery_left_right_fist,eegnet_v4,default,global,subject_disjoint,20260916,95,0.8
imagery_left_right_fist,eegnet_v4,default,global,subject_disjoint,20260916,96,0.977778
imagery_left_right_fist,eegnet_v4,default,global,subject_disjoint,20260916,97,0.888889
imagery_left_right_fist,eegnet_v4,default,global,subject_disjoint,20260916,98,0.644444
imagery_left_right_fist,eegnet_v4,default,global,subject_disjoint,20260916,99,0.666667
imagery_left_right_fist,eegnet_v4,default,global,subject_disjoint,20260916,100,0.75
imagery_left_right_fist,eegnet_v4,default,global,subject_disjoint,20260916,101,1
imagery_left_right_fist,eegnet_v4,default,global,subject_disjoint,20260916,102,0.785714
imagery_left_right_fist,eegnet_v4,default,global,subject_disjoint,20260916,103,0.8
imagery_left_right_fist,eegnet_v4,default,global,subject_disjoint,20260916,104,0.738095
imagery_left_right_fist,eegnet_v4,default,global,subject_disjoint,20260916,105,1
imagery_left_right_fist,eegnet_v4,default,global,subject_disjoint,20260916,106,0.733333
imagery_left_right_fist,eegnet_v4,default,global,subject_disjoint,20260916,107,0.755556
imagery_left_right_fist,eegnet_v4,default,global,subject_disjoint,20260916,108,0.911111
imagery_left_right_fist,eegnet_v4,default,global,subject_disjoint,20260916,109,0.488889
imagery_left_right_fist,shallow_fbcsp,default,global,trial_random,20260916,1,0.8
imagery_left_right_fist,shallow_fbcsp,default,global,trial_random,20260916,2,0.955556
imagery_left_right_fist,shallow_fbcsp,default,global,trial_random,20260916,3,0.666667
imagery_left_right_fist,shallow_fbcsp,default,global,trial_random,20260916,4,0.844444
imagery_left_right_fist,shallow_fbcsp,default,global,trial_random,20260916,5,0.644444
imagery_left_right_fist,shallow_fbcsp,default,global,trial_random,20260916,6,0.688889
imagery_left_right_fist,shallow_fbcsp,default,global,trial_random,20260916,7,0.933333
imagery_left_right_fist,shallow_fbcsp,default,global,trial_random,20260916,8,0.8
imagery_left_right_fist,shallow_fbcsp,default,global,trial_random,20260916,9,0.688889
imagery_left_right_fist,shallow_fbcsp,default,global,trial_random,20260916,10,0.622222
imagery_left_right_fist,shallow_fbcsp,default,global,trial_random,20260916,11,0.711111
imagery_left_right_fist,shallow_fbcsp,default,global,trial_random,20260916,12,0.844444
imagery_left_right_fist,shallow_fbcsp,default,global,trial_random,20260916,13,0.622222
imagery_left_right_fist,shallow_fbcsp,default,global,trial_random,20260916,14,0.688889
imagery_left_right_fist,shallow_fbcsp,default,global,trial_random,20260916,15,0.911111
imagery_left_right_fist,shallow_fbcsp,default,global,trial_random,20260916,16,0.6
imagery_left_right_fist,shallow_fbcsp,default,global,trial_random,20260916,17,0.666667
imagery_left_right_fist,shallow_fbcsp,default,global,trial_random,20260916,18,0.933333
imagery_left_right_fist,shallow_fbcsp,default,global,trial_random,20260916,19,0.733333
imagery_left_right_fist,shallow_fbcsp,default,global,trial_random,20260916,20,0.844444
imagery_left_right_fist,shallow_fbcsp,default,global,trial_random,20260916,21,0.688889
imagery_left_right_fist,shallow_fbcsp,default,global,trial_random,20260916,22,0.844444
imagery_left_right_fist,shallow_fbcsp,default,global,trial_random,20260916,23,0.688889
imagery_left_right_fist,shallow_fbcsp,default,global,trial_random,20260916,24,0.4
imagery_left_right_fist,shallow_fbcsp,default,global,trial_random,20260916,25,0.711111
imagery_left_right_fist,shallow_fbcsp,default,global,trial_random,20260916,26,0.733333
imagery_left_right_fist,shallow_fbcsp,default,global,trial_random,20260916,27,0.733333
imagery_left_right_fist,shallow_fbcsp,default,global,trial_random,20260916,28,0.644444
imagery_left_right_fist,shallow_fbcsp,default,global,trial_random,20260916,29,0.822222
imagery_left_right_fist,shallow_fbcsp,default,global,trial_random,20260916,30,0.577778
imagery_left_right_fist,shallow_fbcsp,default,global,trial_random,20260916,31,0.866667
imagery_left_right_fist,shallow_fbcsp,default,global,trial_random,20260916,32,0.866667
imagery_left_right_fist,shallow_fbcsp,default,global,trial_random,20260916,33,0.8
imagery_left_right_fist,shallow_fbcsp,default,global,trial_random,20260916,34,0.883721
imagery_left_right_fist,shallow_fbcsp,default,global,trial_random,20260916,35,0.844444
imagery_left_right_fist,shallow_fbcsp,default,global,trial_random,20260916,36,0.777778
imagery_left_right_fist,shallow_fbcsp,default,global,trial_random,20260916,37,0.72093
imagery_left_right_fist,shallow_fbcsp,default,global,trial_random,20260916,38,0.577778
imagery_left_right_fist,shallow_fbcsp,default,global,trial_random,20260916,39,0.666667
imagery_left_right_fist,shallow_fbcsp,default,global,trial_random,20260916,40,0.888889
imagery_left_right_fist,shallow_fbcsp,default,global,trial_random,20260916,41,0.636364
imagery_left_right_fist,shallow_fbcsp,default,global,trial_random,20260916,42,0.955556
imagery_left_right_fist,shallow_fbcsp,default,global,trial_random,20260916,43,0.888889
imagery_left_right_fist,shallow_fbcsp,default,global,trial_random,20260916,44,0.911111
imagery_left_right_fist,shallow_fbcsp,default,global,trial_random,20260916,45,0.511111
imagery_left_right_fist,shallow_fbcsp,default,global,trial_random,20260916,46,0.777778
imagery_left_right_fist,shallow_fbcsp,default,global,trial_random,20260916,47,0.777778
imagery_left_right_fist,shallow_fbcsp,default,global,trial_random,20260916,48,0.866667
imagery_left_right_fist,shallow_fbcsp,default,global,trial_random,20260916,49,0.888889
imagery_left_right_fist,shallow_fbcsp,default,global,trial_random,20260916,50,0.622222
imagery_left_right_fist,shallow_fbcsp,default,global,trial_random,20260916,51,0.822222
imagery_left_right_fist,shallow_fbcsp,default,global,trial_random,20260916,52,0.888889
imagery_left_right_fist,shallow_fbcsp,default,global,trial_random,20260916,53,0.777778
imagery_left_right_fist,shallow_fbcsp,default,global,trial_random,20260916,54,0.844444
imagery_left_right_fist,shallow_fbcsp,default,global,trial_random,20260916,55,0.933333
imagery_left_right_fist,shallow_fbcsp,default,global,trial_random,20260916,56,0.822222
imagery_left_right_fist,shallow_fbcsp,default,global,trial_random,20260916,57,0.644444
imagery_left_right_fist,shallow_fbcsp,default,global,trial_random,20260916,58,0.555556
imagery_left_right_fist,shallow_fbcsp,default,global,trial_random,20260916,59,0.644444
imagery_left_right_fist,shallow_fbcsp,default,global,trial_random,20260916,60,0.911111
imagery_left_right_fist,shallow_fbcsp,default,global,trial_random,20260916,61,0.822222
imagery_left_right_fist,shallow_fbcsp,default,global,trial_random,20260916,62,0.955556
imagery_left_right_fist,shallow_fbcsp,default,global,trial_random,20260916,63,0.688889
imagery_left_right_fist,shallow_fbcsp,default,global,trial_random,20260916,64,0.727273
imagery_left_right_fist,shallow_fbcsp,default,global,trial_random,20260916,65,0.888889
imagery_left_right_fist,shallow_fbcsp,default,global,trial_random,20260916,66,0.666667
imagery_left_right_fist,shallow_fbcsp,default,global,trial_random,20260916,67,0.688889
imagery_left_right_fist,shallow_fbcsp,default,global,trial_random,20260916,68,0.755556
imagery_left_right_fist,shallow_fbcsp,default,global,trial_random,20260916,69,0.644444
imagery_left_right_fist,shallow_fbcsp,default,global,trial_random,20260916,70,0.822222
imagery_left_right_fist,shallow_fbcsp,default,global,trial_random,20260916,71,0.777778
imagery_left_right_fist,shallow_fbcsp,default,global,trial_random,20260916,72,0.976744
imagery_left_right_fist,shallow_fbcsp,default,global,trial_random,20260916,73,0.690476
imagery_left_right_fist,shallow_fbcsp,default,global,trial_random,20260916,74,0.534884
imagery_left_right_fist,shallow_fbcsp,default,global,trial_random,20260916,75,0.711111
imagery_left_right_fist,shallow_fbcsp,default,global,trial_random,20260916,76,0.690476
imagery_left_right_fist,shallow_fbcsp,default,global,trial_random,20260916,77,0.888889
imagery_left_right_fist,shallow_fbcsp,default,global,trial_random,20260916,78,0.6
imagery_left_right_fist,shallow_fbcsp,default,global,trial_random,20260916,79,0.644444
imagery_left_right_fist,shallow_fbcsp,default,global,trial_random,20260916,80,0.688889
imagery_left_right_fist,shallow_fbcsp,default,global,trial_random,20260916,81,0.777778
imagery_left_right_fist,shallow_fbcsp,default,global,trial_random,20260916,82,0.733333
imagery_left_right_fist,shallow_fbcsp,default,global,trial_random,20260916,83,0.822222
imagery_left_right_fist,shallow_fbcsp,default,global,trial_random,20260916,84,0.733333
imagery_left_right_fist,shallow_fbcsp,default,global,trial_random,20260916,85,0.888889
imagery_left_right_fist,shallow_fbcsp,default,global,trial_random,20260916,86,0.911111
imagery_left_right_fist,shallow_fbcsp,default,global,trial_random,20260916,87,0.6
imagery_left_right_fist,shallow_fbcsp,default,global,trial_random,20260916,88,0.649123
imagery_left_right_fist,shallow_fbcsp,default,global,trial_random,20260916,89,0.733333
imagery_left_right_fist,shallow_fbcsp,default,global,trial_random,20260916,90,0.911111
imagery_left_right_fist,shallow_fbcsp,default,global,trial_random,20260916,91,0.688889
imagery_left_right_fist,shallow_fbcsp,default,global,trial_random,20260916,92,0.719298
imagery_left_right_fist,shallow_fbcsp,default,global,trial_random,20260916,93,0.866667
imagery_left_right_fist,shallow_fbcsp,default,global,trial_random,20260916,94,0.844444
imagery_left_right_fist,shallow_fbcsp,default,global,trial_random,20260916,95,0.622222
imagery_left_right_fist,shallow_fbcsp,default,global,trial_random,20260916,96,0.755556
imagery_left_right_fist,shallow_fbcsp,default,global,trial_random,20260916,97,0.666667
imagery_left_right_fist,shallow_fbcsp,default,global,trial_random,20260916,98,0.6
imagery_left_right_fist,shallow_fbcsp,default,global,trial_random,20260916,99,0.511111
imagery_left_right_fist,shallow_fbcsp,default,global,trial_random,20260916,100,0.638889
imagery_left_right_fist,shallow_fbcsp,default,global,trial_random,20260916,101,0.755556
imagery_left_right_fist,shallow_fbcsp,default,global,trial_random,20260916,102,0.666667
imagery_left_right_fist,shallow_fbcsp,default,global,trial_random,20260916,103,0.755556
imagery_left_right_fist,shallow_fbcsp,default,global,trial_random,20260916,104,0.809524
imagery_left_right_fist,shallow_fbcsp,default,global,trial_random,20260916,105,0.866667
imagery_left_right_fist,shallow_fbcsp,default,global,trial_random,20260916,106,0.666667
imagery_left_right_fist,shallow_fbcsp,default,global,trial_random,20260916,107,0.533333
imagery_left_right_fist,shallow_fbcsp,default,global,trial_random,20260916,108,0.777778
imagery_left_right_fist,shallow_fbcsp,default,global,trial_random,20260916,109,0.555556
imagery_left_right_fist,shallow_fbcsp,default,global,run_disjoint,20260916,1,0.8
imagery_left_right_fist,shallow_fbcsp,default,global,run_disjoint,20260916,2,0.888889
imagery_left_right_fist,shallow_fbcsp,default,global,run_disjoint,20260916,3,0.555556
imagery_left_right_fist,shallow_fbcsp,default,global,run_disjoint,20260916,4,0.777778
imagery_left_right_fist,shallow_fbcsp,default,global,run_disjoint,20260916,5,0.644444
imagery_left_right_fist,shallow_fbcsp,default,global,run_disjoint,20260916,6,0.777778
imagery_left_right_fist,shallow_fbcsp,default,global,run_disjoint,20260916,7,0.933333
imagery_left_right_fist,shallow_fbcsp,default,global,run_disjoint,20260916,8,0.755556
imagery_left_right_fist,shallow_fbcsp,default,global,run_disjoint,20260916,9,0.644444
imagery_left_right_fist,shallow_fbcsp,default,global,run_disjoint,20260916,10,0.755556
imagery_left_right_fist,shallow_fbcsp,default,global,run_disjoint,20260916,11,0.755556
imagery_left_right_fist,shallow_fbcsp,default,global,run_disjoint,20260916,12,0.755556
imagery_left_right_fist,shallow_fbcsp,default,global,run_disjoint,20260916,13,0.666667
imagery_left_right_fist,shallow_fbcsp,default,global,run_disjoint,20260916,14,0.688889
imagery_left_right_fist,shallow_fbcsp,default,global,run_disjoint,20260916,15,0.933333
imagery_left_right_fist,shallow_fbcsp,default,global,run_disjoint,20260916,16,0.644444
imagery_left_right_fist,shallow_fbcsp,default,global,run_disjoint,20260916,17,0.666667
imagery_left_right_fist,shallow_fbcsp,default,global,run_disjoint,20260916,18,0.888889
imagery_left_right_fist,shallow_fbcsp,default,global,run_disjoint,20260916,19,0.844444
imagery_left_right_fist,shallow_fbcsp,default,global,run_disjoint,20260916,20,0.822222
imagery_left_right_fist,shallow_fbcsp,default,global,run_disjoint,20260916,21,0.755556
imagery_left_right_fist,shallow_fbcsp,default,global,run_disjoint,20260916,22,0.822222
imagery_left_right_fist,shallow_fbcsp,default,global,run_disjoint,20260916,23,0.755556
imagery_left_right_fist,shallow_fbcsp,default,global,run_disjoint,20260916,24,0.533333
imagery_left_right_fist,shallow_fbcsp,default,global,run_disjoint,20260916,25,0.711111
imagery_left_right_fist,shallow_fbcsp,default,global,run_disjoint,20260916,26,0.844444
imagery_left_right_fist,shallow_fbcsp,default,global,run_disjoint,20260916,27,0.688889
imagery_left_right_fist,shallow_fbcsp,default,global,run_disjoint,20260916,28,0.666667
imagery_left_right_fist,shallow_fbcsp,default,global,run_disjoint,20260916,29,0.822222
imagery_left_right_fist,shallow_fbcsp,default,global,run_disjoint,20260916,30,0.6
imagery_left_right_fist,shallow_fbcsp,default,global,run_disjoint,20260916,31,0.844444
imagery_left_right_fist,shallow_fbcsp,default,global,run_disjoint,20260916,32,0.822222
imagery_left_right_fist,shallow_fbcsp,default,global,run_disjoint,20260916,33,0.822222
imagery_left_right_fist,shallow_fbcsp,default,global,run_disjoint,20260916,34,0.883721
imagery_left_right_fist,shallow_fbcsp,default,global,run_disjoint,20260916,35,0.844444
imagery_left_right_fist,shallow_fbcsp,default,global,run_disjoint,20260916,36,0.688889
imagery_left_right_fist,shallow_fbcsp,default,global,run_disjoint,20260916,37,0.697674
imagery_left_right_fist,shallow_fbcsp,default,global,run_disjoint,20260916,38,0.577778
imagery_left_right_fist,shallow_fbcsp,default,global,run_disjoint,20260916,39,0.688889
imagery_left_right_fist,shallow_fbcsp,default,global,run_disjoint,20260916,40,0.955556
imagery_left_right_fist,shallow_fbcsp,default,global,run_disjoint,20260916,41,0.636364
imagery_left_right_fist,shallow_fbcsp,default,global,run_disjoint,20260916,42,0.955556
imagery_left_right_fist,shallow_fbcsp,default,global,run_disjoint,20260916,43,0.866667
imagery_left_right_fist,shallow_fbcsp,default,global,run_disjoint,20260916,44,0.933333
imagery_left_right_fist,shallow_fbcsp,default,global,run_disjoint,20260916,45,0.688889
imagery_left_right_fist,shallow_fbcsp,default,global,run_disjoint,20260916,46,0.777778
imagery_left_right_fist,shallow_fbcsp,default,global,run_disjoint,20260916,47,0.6
imagery_left_right_fist,shallow_fbcsp,default,global,run_disjoint,20260916,48,0.711111
imagery_left_right_fist,shallow_fbcsp,default,global,run_disjoint,20260916,49,0.866667
imagery_left_right_fist,shallow_fbcsp,default,global,run_disjoint,20260916,50,0.577778
imagery_left_right_fist,shallow_fbcsp,default,global,run_disjoint,20260916,51,0.866667
imagery_left_right_fist,shallow_fbcsp,default,global,run_disjoint,20260916,52,0.888889
imagery_left_right_fist,shallow_fbcsp,default,global,run_disjoint,20260916,53,0.688889
imagery_left_right_fist,shallow_fbcsp,default,global,run_disjoint,20260916,54,0.844444
imagery_left_right_fist,shallow_fbcsp,default,global,run_disjoint,20260916,55,0.955556
imagery_left_right_fist,shallow_fbcsp,default,global,run_disjoint,20260916,56,0.8
imagery_left_right_fist,shallow_fbcsp,default,global,run_disjoint,20260916,57,0.644444
imagery_left_right_fist,shallow_fbcsp,default,global,run_disjoint,20260916,58,0.488889
imagery_left_right_fist,shallow_fbcsp,default,global,run_disjoint,20260916,59,0.644444
imagery_left_right_fist,shallow_fbcsp,default,global,run_disjoint,20260916,60,0.866667
imagery_left_right_fist,shallow_fbcsp,default,global,run_disjoint,20260916,61,0.844444
imagery_left_right_fist,shallow_fbcsp,default,global,run_disjoint,20260916,62,0.955556
imagery_left_right_fist,shallow_fbcsp,default,global,run_disjoint,20260916,63,0.755556
imagery_left_right_fist,shallow_fbcsp,default,global,run_disjoint,20260916,64,0.636364
imagery_left_right_fist,shallow_fbcsp,default,global,run_disjoint,20260916,65,0.8
imagery_left_right_fist,shallow_fbcsp,default,global,run_disjoint,20260916,66,0.666667
imagery_left_right_fist,shallow_fbcsp,default,global,run_disjoint,20260916,67,0.666667
imagery_left_right_fist,shallow_fbcsp,default,global,run_disjoint,20260916,68,0.777778
imagery_left_right_fist,shallow_fbcsp,default,global,run_disjoint,20260916,69,0.622222
imagery_left_right_fist,shallow_fbcsp,default,global,run_disjoint,20260916,70,0.755556
imagery_left_right_fist,shallow_fbcsp,default,global,run_disjoint,20260916,71,0.711111
imagery_left_right_fist,shallow_fbcsp,default,global,run_disjoint,20260916,72,0.976744
imagery_left_right_fist,shallow_fbcsp,default,global,run_disjoint,20260916,73,0.690476
imagery_left_right_fist,shallow_fbcsp,default,global,run_disjoint,20260916,74,0.604651
imagery_left_right_fist,shallow_fbcsp,default,global,run_disjoint,20260916,75,0.733333
imagery_left_right_fist,shallow_fbcsp,default,global,run_disjoint,20260916,76,0.690476
imagery_left_right_fist,shallow_fbcsp,default,global,run_disjoint,20260916,77,0.844444
imagery_left_right_fist,shallow_fbcsp,default,global,run_disjoint,20260916,78,0.644444
imagery_left_right_fist,shallow_fbcsp,default,global,run_disjoint,20260916,79,0.622222
imagery_left_right_fist,shallow_fbcsp,default,global,run_disjoint,20260916,80,0.755556
imagery_left_right_fist,shallow_fbcsp,default,global,run_disjoint,20260916,81,0.844444
imagery_left_right_fist,shallow_fbcsp,default,global,run_disjoint,20260916,82,0.755556
imagery_left_right_fist,shallow_fbcsp,default,global,run_disjoint,20260916,83,0.733333
imagery_left_right_fist,shallow_fbcsp,default,global,run_disjoint,20260916,84,0.733333
imagery_left_right_fist,shallow_fbcsp,default,global,run_disjoint,20260916,85,0.933333
imagery_left_right_fist,shallow_fbcsp,default,global,run_disjoint,20260916,86,0.911111
imagery_left_right_fist,shallow_fbcsp,default,global,run_disjoint,20260916,87,0.533333
imagery_left_right_fist,shallow_fbcsp,default,global,run_disjoint,20260916,88,0.631579
imagery_left_right_fist,shallow_fbcsp,default,global,run_disjoint,20260916,89,0.688889
imagery_left_right_fist,shallow_fbcsp,default,global,run_disjoint,20260916,90,0.866667
imagery_left_right_fist,shallow_fbcsp,default,global,run_disjoint,20260916,91,0.688889
imagery_left_right_fist,shallow_fbcsp,default,global,run_disjoint,20260916,92,0.77193
imagery_left_right_fist,shallow_fbcsp,default,global,run_disjoint,20260916,93,0.888889
imagery_left_right_fist,shallow_fbcsp,default,global,run_disjoint,20260916,94,0.866667
imagery_left_right_fist,shallow_fbcsp,default,global,run_disjoint,20260916,95,0.711111
imagery_left_right_fist,shallow_fbcsp,default,global,run_disjoint,20260916,96,0.733333
imagery_left_right_fist,shallow_fbcsp,default,global,run_disjoint,20260916,97,0.644444
imagery_left_right_fist,shallow_fbcsp,default,global,run_disjoint,20260916,98,0.666667
imagery_left_right_fist,shallow_fbcsp,default,global,run_disjoint,20260916,99,0.511111
imagery_left_right_fist,shallow_fbcsp,default,global,run_disjoint,20260916,100,0.694444
imagery_left_right_fist,shallow_fbcsp,default,global,run_disjoint,20260916,101,0.688889
imagery_left_right_fist,shallow_fbcsp,default,global,run_disjoint,20260916,102,0.738095
imagery_left_right_fist,shallow_fbcsp,default,global,run_disjoint,20260916,103,0.844444
imagery_left_right_fist,shallow_fbcsp,default,global,run_disjoint,20260916,104,0.690476
imagery_left_right_fist,shallow_fbcsp,default,global,run_disjoint,20260916,105,0.822222
imagery_left_right_fist,shallow_fbcsp,default,global,run_disjoint,20260916,106,0.666667
imagery_left_right_fist,shallow_fbcsp,default,global,run_disjoint,20260916,107,0.577778
imagery_left_right_fist,shallow_fbcsp,default,global,run_disjoint,20260916,108,0.822222
imagery_left_right_fist,shallow_fbcsp,default,global,run_disjoint,20260916,109,0.577778
imagery_left_right_fist,shallow_fbcsp,default,global,subject_disjoint,20260916,1,0.844444
imagery_left_right_fist,shallow_fbcsp,default,global,subject_disjoint,20260916,2,0.955556
imagery_left_right_fist,shallow_fbcsp,default,global,subject_disjoint,20260916,3,0.6
imagery_left_right_fist,shallow_fbcsp,default,global,subject_disjoint,20260916,4,0.711111
imagery_left_right_fist,shallow_fbcsp,default,global,subject_disjoint,20260916,5,0.577778
imagery_left_right_fist,shallow_fbcsp,default,global,subject_disjoint,20260916,6,0.688889
imagery_left_right_fist,shallow_fbcsp,default,global,subject_disjoint,20260916,7,0.955556
imagery_left_right_fist,shallow_fbcsp,default,global,subject_disjoint,20260916,8,0.755556
imagery_left_right_fist,shallow_fbcsp,default,global,subject_disjoint,20260916,9,0.622222
imagery_left_right_fist,shallow_fbcsp,default,global,subject_disjoint,20260916,10,0.622222
imagery_left_right_fist,shallow_fbcsp,default,global,subject_disjoint,20260916,11,0.733333
imagery_left_right_fist,shallow_fbcsp,default,global,subject_disjoint,20260916,12,0.733333
imagery_left_right_fist,shallow_fbcsp,default,global,subject_disjoint,20260916,13,0.733333
imagery_left_right_fist,shallow_fbcsp,default,global,subject_disjoint,20260916,14,0.755556
imagery_left_right_fist,shallow_fbcsp,default,global,subject_disjoint,20260916,15,0.955556
imagery_left_right_fist,shallow_fbcsp,default,global,subject_disjoint,20260916,16,0.488889
imagery_left_right_fist,shallow_fbcsp,default,global,subject_disjoint,20260916,17,0.622222
imagery_left_right_fist,shallow_fbcsp,default,global,subject_disjoint,20260916,18,0.888889
imagery_left_right_fist,shallow_fbcsp,default,global,subject_disjoint,20260916,19,0.711111
imagery_left_right_fist,shallow_fbcsp,default,global,subject_disjoint,20260916,20,0.822222
imagery_left_right_fist,shallow_fbcsp,default,global,subject_disjoint,20260916,21,0.666667
imagery_left_right_fist,shallow_fbcsp,default,global,subject_disjoint,20260916,22,0.866667
imagery_left_right_fist,shallow_fbcsp,default,global,subject_disjoint,20260916,23,0.733333
imagery_left_right_fist,shallow_fbcsp,default,global,subject_disjoint,20260916,24,0.488889
imagery_left_right_fist,shallow_fbcsp,default,global,subject_disjoint,20260916,25,0.8
imagery_left_right_fist,shallow_fbcsp,default,global,subject_disjoint,20260916,26,0.777778
imagery_left_right_fist,shallow_fbcsp,default,global,subject_disjoint,20260916,27,0.6
imagery_left_right_fist,shallow_fbcsp,default,global,subject_disjoint,20260916,28,0.6
imagery_left_right_fist,shallow_fbcsp,default,global,subject_disjoint,20260916,29,0.622222
imagery_left_right_fist,shallow_fbcsp,default,global,subject_disjoint,20260916,30,0.555556
imagery_left_right_fist,shallow_fbcsp,default,global,subject_disjoint,20260916,31,0.755556
imagery_left_right_fist,shallow_fbcsp,default,global,subject_disjoint,20260916,32,0.844444
imagery_left_right_fist,shallow_fbcsp,default,global,subject_disjoint,20260916,33,0.844444
imagery_left_right_fist,shallow_fbcsp,default,global,subject_disjoint,20260916,34,0.674419
imagery_left_right_fist,shallow_fbcsp,default,global,subject_disjoint,20260916,35,0.844444
imagery_left_right_fist,shallow_fbcsp,default,global,subject_disjoint,20260916,36,0.755556
imagery_left_right_fist,shallow_fbcsp,default,global,subject_disjoint,20260916,37,0.651163
imagery_left_right_fist,shallow_fbcsp,default,global,subject_disjoint,20260916,38,0.6
imagery_left_right_fist,shallow_fbcsp,default,global,subject_disjoint,20260916,39,0.711111
imagery_left_right_fist,shallow_fbcsp,default,global,subject_disjoint,20260916,40,0.933333
imagery_left_right_fist,shallow_fbcsp,default,global,subject_disjoint,20260916,41,0.704545
imagery_left_right_fist,shallow_fbcsp,default,global,subject_disjoint,20260916,42,0.955556
imagery_left_right_fist,shallow_fbcsp,default,global,subject_disjoint,20260916,43,0.844444
imagery_left_right_fist,shallow_fbcsp,default,global,subject_disjoint,20260916,44,0.911111
imagery_left_right_fist,shallow_fbcsp,default,global,subject_disjoint,20260916,45,0.688889
imagery_left_right_fist,shallow_fbcsp,default,global,subject_disjoint,20260916,46,0.711111
imagery_left_right_fist,shallow_fbcsp,default,global,subject_disjoint,20260916,47,0.644444
imagery_left_right_fist,shallow_fbcsp,default,global,subject_disjoint,20260916,48,0.866667
imagery_left_right_fist,shallow_fbcsp,default,global,subject_disjoint,20260916,49,0.733333
imagery_left_right_fist,shallow_fbcsp,default,global,subject_disjoint,20260916,50,0.733333
imagery_left_right_fist,shallow_fbcsp,default,global,subject_disjoint,20260916,51,0.755556
imagery_left_right_fist,shallow_fbcsp,default,global,subject_disjoint,20260916,52,0.911111
imagery_left_right_fist,shallow_fbcsp,default,global,subject_disjoint,20260916,53,0.644444
imagery_left_right_fist,shallow_fbcsp,default,global,subject_disjoint,20260916,54,0.755556
imagery_left_right_fist,shallow_fbcsp,default,global,subject_disjoint,20260916,55,0.888889
imagery_left_right_fist,shallow_fbcsp,default,global,subject_disjoint,20260916,56,0.866667
imagery_left_right_fist,shallow_fbcsp,default,global,subject_disjoint,20260916,57,0.644444
imagery_left_right_fist,shallow_fbcsp,default,global,subject_disjoint,20260916,58,0.6
imagery_left_right_fist,shallow_fbcsp,default,global,subject_disjoint,20260916,59,0.666667
imagery_left_right_fist,shallow_fbcsp,default,global,subject_disjoint,20260916,60,0.8
imagery_left_right_fist,shallow_fbcsp,default,global,subject_disjoint,20260916,61,0.822222
imagery_left_right_fist,shallow_fbcsp,default,global,subject_disjoint,20260916,62,0.955556
imagery_left_right_fist,shallow_fbcsp,default,global,subject_disjoint,20260916,63,0.666667
imagery_left_right_fist,shallow_fbcsp,default,global,subject_disjoint,20260916,64,0.659091
imagery_left_right_fist,shallow_fbcsp,default,global,subject_disjoint,20260916,65,0.888889
imagery_left_right_fist,shallow_fbcsp,default,global,subject_disjoint,20260916,66,0.711111
imagery_left_right_fist,shallow_fbcsp,default,global,subject_disjoint,20260916,67,0.711111
imagery_left_right_fist,shallow_fbcsp,default,global,subject_disjoint,20260916,68,0.755556
imagery_left_right_fist,shallow_fbcsp,default,global,subject_disjoint,20260916,69,0.577778
imagery_left_right_fist,shallow_fbcsp,default,global,subject_disjoint,20260916,70,0.6
imagery_left_right_fist,shallow_fbcsp,default,global,subject_disjoint,20260916,71,0.755556
imagery_left_right_fist,shallow_fbcsp,default,global,subject_disjoint,20260916,72,0.976744
imagery_left_right_fist,shallow_fbcsp,default,global,subject_disjoint,20260916,73,0.666667
imagery_left_right_fist,shallow_fbcsp,default,global,subject_disjoint,20260916,74,0.465116
imagery_left_right_fist,shallow_fbcsp,default,global,subject_disjoint,20260916,75,0.733333
imagery_left_right_fist,shallow_fbcsp,default,global,subject_disjoint,20260916,76,0.690476
imagery_left_right_fist,shallow_fbcsp,default,global,subject_disjoint,20260916,77,0.844444
imagery_left_right_fist,shallow_fbcsp,default,global,subject_disjoint,20260916,78,0.622222
imagery_left_right_fist,shallow_fbcsp,default,global,subject_disjoint,20260916,79,0.666667
imagery_left_right_fist,shallow_fbcsp,default,global,subject_disjoint,20260916,80,0.666667
imagery_left_right_fist,shallow_fbcsp,default,global,subject_disjoint,20260916,81,0.8
imagery_left_right_fist,shallow_fbcsp,default,global,subject_disjoint,20260916,82,0.644444
imagery_left_right_fist,shallow_fbcsp,default,global,subject_disjoint,20260916,83,0.733333
imagery_left_right_fist,shallow_fbcsp,default,global,subject_disjoint,20260916,84,0.577778
imagery_left_right_fist,shallow_fbcsp,default,global,subject_disjoint,20260916,85,0.933333
imagery_left_right_fist,shallow_fbcsp,default,global,subject_disjoint,20260916,86,0.866667
imagery_left_right_fist,shallow_fbcsp,default,global,subject_disjoint,20260916,87,0.666667
imagery_left_right_fist,shallow_fbcsp,default,global,subject_disjoint,20260916,88,0.684211
imagery_left_right_fist,shallow_fbcsp,default,global,subject_disjoint,20260916,89,0.666667
imagery_left_right_fist,shallow_fbcsp,default,global,subject_disjoint,20260916,90,0.911111
imagery_left_right_fist,shallow_fbcsp,default,global,subject_disjoint,20260916,91,0.666667
imagery_left_right_fist,shallow_fbcsp,default,global,subject_disjoint,20260916,92,0.754386
imagery_left_right_fist,shallow_fbcsp,default,global,subject_disjoint,20260916,93,0.711111
imagery_left_right_fist,shallow_fbcsp,default,global,subject_disjoint,20260916,94,0.711111
imagery_left_right_fist,shallow_fbcsp,default,global,subject_disjoint,20260916,95,0.688889
imagery_left_right_fist,shallow_fbcsp,default,global,subject_disjoint,20260916,96,0.8
imagery_left_right_fist,shallow_fbcsp,default,global,subject_disjoint,20260916,97,0.755556
imagery_left_right_fist,shallow_fbcsp,default,global,subject_disjoint,20260916,98,0.622222
imagery_left_right_fist,shallow_fbcsp,default,global,subject_disjoint,20260916,99,0.555556
imagery_left_right_fist,shallow_fbcsp,default,global,subject_disjoint,20260916,100,0.611111
imagery_left_right_fist,shallow_fbcsp,default,global,subject_disjoint,20260916,101,0.733333
imagery_left_right_fist,shallow_fbcsp,default,global,subject_disjoint,20260916,102,0.714286
imagery_left_right_fist,shallow_fbcsp,default,global,subject_disjoint,20260916,103,0.755556
imagery_left_right_fist,shallow_fbcsp,default,global,subject_disjoint,20260916,104,0.714286
imagery_left_right_fist,shallow_fbcsp,default,global,subject_disjoint,20260916,105,0.8
imagery_left_right_fist,shallow_fbcsp,default,global,subject_disjoint,20260916,106,0.6
imagery_left_right_fist,shallow_fbcsp,default,global,subject_disjoint,20260916,107,0.533333
imagery_left_right_fist,shallow_fbcsp,default,global,subject_disjoint,20260916,108,0.711111
imagery_left_right_fist,shallow_fbcsp,default,global,subject_disjoint,20260916,109,0.488889
real_left_right_fist,eegnet_v4,default,global,trial_random,20260916,1,0.911111
real_left_right_fist,eegnet_v4,default,global,trial_random,20260916,2,0.844444
real_left_right_fist,eegnet_v4,default,global,trial_random,20260916,3,0.955556
real_left_right_fist,eegnet_v4,default,global,trial_random,20260916,4,0.866667
real_left_right_fist,eegnet_v4,default,global,trial_random,20260916,5,0.777778
real_left_right_fist,eegnet_v4,default,global,trial_random,20260916,6,0.866667
real_left_right_fist,eegnet_v4,default,global,trial_random,20260916,7,0.955556
real_left_right_fist,eegnet_v4,default,global,trial_random,20260916,8,0.866667
real_left_right_fist,eegnet_v4,default,global,trial_random,20260916,9,0.777778
real_left_right_fist,eegnet_v4,default,global,trial_random,20260916,10,0.844444
real_left_right_fist,eegnet_v4,default,global,trial_random,20260916,11,0.644444
real_left_right_fist,eegnet_v4,default,global,trial_random,20260916,12,0.777778
real_left_right_fist,eegnet_v4,default,global,trial_random,20260916,13,0.555556
real_left_right_fist,eegnet_v4,default,global,trial_random,20260916,14,0.844444
real_left_right_fist,eegnet_v4,default,global,trial_random,20260916,15,0.822222
real_left_right_fist,eegnet_v4,default,global,trial_random,20260916,16,0.644444
real_left_right_fist,eegnet_v4,default,global,trial_random,20260916,17,0.822222
real_left_right_fist,eegnet_v4,default,global,trial_random,20260916,18,0.8
real_left_right_fist,eegnet_v4,default,global,trial_random,20260916,19,0.822222
real_left_right_fist,eegnet_v4,default,global,trial_random,20260916,20,0.733333
real_left_right_fist,eegnet_v4,default,global,trial_random,20260916,21,0.8
real_left_right_fist,eegnet_v4,default,global,trial_random,20260916,22,1
real_left_right_fist,eegnet_v4,default,global,trial_random,20260916,23,0.777778
real_left_right_fist,eegnet_v4,default,global,trial_random,20260916,24,0.555556
real_left_right_fist,eegnet_v4,default,global,trial_random,20260916,25,0.711111
real_left_right_fist,eegnet_v4,default,global,trial_random,20260916,26,0.711111
real_left_right_fist,eegnet_v4,default,global,trial_random,20260916,27,0.866667
real_left_right_fist,eegnet_v4,default,global,trial_random,20260916,28,0.933333
real_left_right_fist,eegnet_v4,default,global,trial_random,20260916,29,0.755556
real_left_right_fist,eegnet_v4,default,global,trial_random,20260916,30,0.911111
real_left_right_fist,eegnet_v4,default,global,trial_random,20260916,31,0.822222
real_left_right_fist,eegnet_v4,default,global,trial_random,20260916,32,0.977778
real_left_right_fist,eegnet_v4,default,global,trial_random,20260916,33,0.822222
real_left_right_fist,eegnet_v4,default,global,trial_random,20260916,34,0.785714
real_left_right_fist,eegnet_v4,default,global,trial_random,20260916,35,0.866667
real_left_right_fist,eegnet_v4,default,global,trial_random,20260916,36,0.733333
real_left_right_fist,eegnet_v4,default,global,trial_random,20260916,37,0.785714
real_left_right_fist,eegnet_v4,default,global,trial_random,20260916,38,0.666667
real_left_right_fist,eegnet_v4,default,global,trial_random,20260916,39,0.933333
real_left_right_fist,eegnet_v4,default,global,trial_random,20260916,40,1
real_left_right_fist,eegnet_v4,default,global,trial_random,20260916,41,0.738095
real_left_right_fist,eegnet_v4,default,global,trial_random,20260916,42,0.955556
real_left_right_fist,eegnet_v4,default,global,trial_random,20260916,43,0.844444
real_left_right_fist,eegnet_v4,default,global,trial_random,20260916,44,0.933333
real_left_right_fist,eegnet_v4,default,global,trial_random,20260916,45,0.644444
real_left_right_fist,eegnet_v4,default,global,trial_random,20260916,46,0.577778
real_left_right_fist,eegnet_v4,default,global,trial_random,20260916,47,0.755556
real_left_right_fist,eegnet_v4,default,global,trial_random,20260916,48,0.888889
real_left_right_fist,eegnet_v4,default,global,trial_random,20260916,49,0.888889
real_left_right_fist,eegnet_v4,default,global,trial_random,20260916,50,0.844444
real_left_right_fist,eegnet_v4,default,global,trial_random,20260916,51,0.904762
real_left_right_fist,eegnet_v4,default,global,trial_random,20260916,52,0.911111
real_left_right_fist,eegnet_v4,default,global,trial_random,20260916,53,0.688889
real_left_right_fist,eegnet_v4,default,global,trial_random,20260916,54,0.977778
real_left_right_fist,eegnet_v4,default,global,trial_random,20260916,55,0.777778
real_left_right_fist,eegnet_v4,default,global,trial_random,20260916,56,0.933333
real_left_right_fist,eegnet_v4,default,global,trial_random,20260916,57,0.955556
real_left_right_fist,eegnet_v4,default,global,trial_random,20260916,58,0.777778
real_left_right_fist,eegnet_v4,default,global,trial_random,20260916,59,0.822222
real_left_right_fist,eegnet_v4,default,global,trial_random,20260916,60,0.8
real_left_right_fist,eegnet_v4,default,global,trial_random,20260916,61,0.933333
real_left_right_fist,eegnet_v4,default,global,trial_random,20260916,62,0.755556
real_left_right_fist,eegnet_v4,default,global,trial_random,20260916,63,0.622222
real_left_right_fist,eegnet_v4,default,global,trial_random,20260916,64,0.952381
real_left_right_fist,eegnet_v4,default,global,trial_random,20260916,65,0.644444
real_left_right_fist,eegnet_v4,default,global,trial_random,20260916,66,0.844444
real_left_right_fist,eegnet_v4,default,global,trial_random,20260916,67,0.733333
real_left_right_fist,eegnet_v4,default,global,trial_random,20260916,68,0.822222
real_left_right_fist,eegnet_v4,default,global,trial_random,20260916,69,0.8
real_left_right_fist,eegnet_v4,default,global,trial_random,20260916,70,1
real_left_right_fist,eegnet_v4,default,global,trial_random,20260916,71,0.955556
real_left_right_fist,eegnet_v4,default,global,trial_random,20260916,72,0.714286
real_left_right_fist,eegnet_v4,default,global,trial_random,20260916,73,0.833333
real_left_right_fist,eegnet_v4,default,global,trial_random,20260916,74,0.880952
real_left_right_fist,eegnet_v4,default,global,trial_random,20260916,75,0.622222
real_left_right_fist,eegnet_v4,default,global,trial_random,20260916,76,0.809524
real_left_right_fist,eegnet_v4,default,global,trial_random,20260916,77,0.688889
real_left_right_fist,eegnet_v4,default,global,trial_random,20260916,78,0.688889
real_left_right_fist,eegnet_v4,default,global,trial_random,20260916,79,0.666667
real_left_right_fist,eegnet_v4,default,global,trial_random,20260916,80,0.733333
real_left_right_fist,eegnet_v4,default,global,trial_random,20260916,81,0.777778
real_left_right_fist,eegnet_v4,default,global,trial_random,20260916,82,0.822222
real_left_right_fist,eegnet_v4,default,global,trial_random,20260916,83,0.844444
real_left_right_fist,eegnet_v4,default,global,trial_random,20260916,84,0.733333
real_left_right_fist,eegnet_v4,default,global,trial_random,20260916,85,0.822222
real_left_right_fist,eegnet_v4,default,global,trial_random,20260916,86,0.933333
real_left_right_fist,eegnet_v4,default,global,trial_random,20260916,87,0.688889
real_left_right_fist,eegnet_v4,default,global,trial_random,20260916,88,0.754386
real_left_right_fist,eegnet_v4,default,global,trial_random,20260916,89,0.884615
real_left_right_fist,eegnet_v4,default,global,trial_random,20260916,90,0.933333
real_left_right_fist,eegnet_v4,default,global,trial_random,20260916,91,0.866667
real_left_right_fist,eegnet_v4,default,global,trial_random,20260916,92,0.649123
real_left_right_fist,eegnet_v4,default,global,trial_random,20260916,93,0.755556
real_left_right_fist,eegnet_v4,default,global,trial_random,20260916,94,0.911111
real_left_right_fist,eegnet_v4,default,global,trial_random,20260916,95,0.822222
real_left_right_fist,eegnet_v4,default,global,trial_random,20260916,96,0.911111
real_left_right_fist,eegnet_v4,default,global,trial_random,20260916,97,0.755556
real_left_right_fist,eegnet_v4,default,global,trial_random,20260916,98,0.666667
real_left_right_fist,eegnet_v4,default,global,trial_random,20260916,99,0.533333
real_left_right_fist,eegnet_v4,default,global,trial_random,20260916,100,0.722222
real_left_right_fist,eegnet_v4,default,global,trial_random,20260916,101,0.822222
real_left_right_fist,eegnet_v4,default,global,trial_random,20260916,102,0.857143
real_left_right_fist,eegnet_v4,default,global,trial_random,20260916,103,0.8
real_left_right_fist,eegnet_v4,default,global,trial_random,20260916,104,0.688889
real_left_right_fist,eegnet_v4,default,global,trial_random,20260916,105,0.977778
real_left_right_fist,eegnet_v4,default,global,trial_random,20260916,106,0.688889
real_left_right_fist,eegnet_v4,default,global,trial_random,20260916,107,0.822222
real_left_right_fist,eegnet_v4,default,global,trial_random,20260916,108,0.822222
real_left_right_fist,eegnet_v4,default,global,trial_random,20260916,109,0.666667
real_left_right_fist,eegnet_v4,default,global,run_disjoint,20260916,1,0.888889
real_left_right_fist,eegnet_v4,default,global,run_disjoint,20260916,2,0.866667
real_left_right_fist,eegnet_v4,default,global,run_disjoint,20260916,3,0.955556
real_left_right_fist,eegnet_v4,default,global,run_disjoint,20260916,4,0.755556
real_left_right_fist,eegnet_v4,default,global,run_disjoint,20260916,5,0.711111
real_left_right_fist,eegnet_v4,default,global,run_disjoint,20260916,6,0.844444
real_left_right_fist,eegnet_v4,default,global,run_disjoint,20260916,7,0.911111
real_left_right_fist,eegnet_v4,default,global,run_disjoint,20260916,8,0.911111
real_left_right_fist,eegnet_v4,default,global,run_disjoint,20260916,9,0.777778
real_left_right_fist,eegnet_v4,default,global,run_disjoint,20260916,10,0.777778
real_left_right_fist,eegnet_v4,default,global,run_disjoint,20260916,11,0.711111
real_left_right_fist,eegnet_v4,default,global,run_disjoint,20260916,12,0.755556
real_left_right_fist,eegnet_v4,default,global,run_disjoint,20260916,13,0.577778
real_left_right_fist,eegnet_v4,default,global,run_disjoint,20260916,14,0.911111
real_left_right_fist,eegnet_v4,default,global,run_disjoint,20260916,15,0.844444
real_left_right_fist,eegnet_v4,default,global,run_disjoint,20260916,16,0.644444
real_left_right_fist,eegnet_v4,default,global,run_disjoint,20260916,17,0.822222
real_left_right_fist,eegnet_v4,default,global,run_disjoint,20260916,18,0.755556
real_left_right_fist,eegnet_v4,default,global,run_disjoint,20260916,19,0.733333
real_left_right_fist,eegnet_v4,default,global,run_disjoint,20260916,20,0.711111
real_left_right_fist,eegnet_v4,default,global,run_disjoint,20260916,21,0.8
real_left_right_fist,eegnet_v4,default,global,run_disjoint,20260916,22,1
real_left_right_fist,eegnet_v4,default,global,run_disjoint,20260916,23,0.777778
real_left_right_fist,eegnet_v4,default,global,run_disjoint,20260916,24,0.577778
real_left_right_fist,eegnet_v4,default,global,run_disjoint,20260916,25,0.711111
real_left_right_fist,eegnet_v4,default,global,run_disjoint,20260916,26,0.666667
real_left_right_fist,eegnet_v4,default,global,run_disjoint,20260916,27,0.866667
real_left_right_fist,eegnet_v4,default,global,run_disjoint,20260916,28,0.933333
real_left_right_fist,eegnet_v4,default,global,run_disjoint,20260916,29,0.8
real_left_right_fist,eegnet_v4,default,global,run_disjoint,20260916,30,0.777778
real_left_right_fist,eegnet_v4,default,global,run_disjoint,20260916,31,0.622222
real_left_right_fist,eegnet_v4,default,global,run_disjoint,20260916,32,0.955556
real_left_right_fist,eegnet_v4,default,global,run_disjoint,20260916,33,0.822222
real_left_right_fist,eegnet_v4,default,global,run_disjoint,20260916,34,0.761905
real_left_right_fist,eegnet_v4,default,global,run_disjoint,20260916,35,0.933333
real_left_right_fist,eegnet_v4,default,global,run_disjoint,20260916,36,0.755556
real_left_right_fist,eegnet_v4,default,global,run_disjoint,20260916,37,0.904762
real_left_right_fist,eegnet_v4,default,global,run_disjoint,20260916,38,0.666667
real_left_right_fist,eegnet_v4,default,global,run_disjoint,20260916,39,0.844444
real_left_right_fist,eegnet_v4,default,global,run_disjoint,20260916,40,0.977778
real_left_right_fist,eegnet_v4,default,global,run_disjoint,20260916,41,0.738095
real_left_right_fist,eegnet_v4,default,global,run_disjoint,20260916,42,0.977778
real_left_right_fist,eegnet_v4,default,global,run_disjoint,20260916,43,0.844444
real_left_right_fist,eegnet_v4,default,global,run_disjoint,20260916,44,0.822222
real_left_right_fist,eegnet_v4,default,global,run_disjoint,20260916,45,0.6
real_left_right_fist,eegnet_v4,default,global,run_disjoint,20260916,46,0.644444
real_left_right_fist,eegnet_v4,default,global,run_disjoint,20260916,47,0.711111
real_left_right_fist,eegnet_v4,default,global,run_disjoint,20260916,48,0.888889
real_left_right_fist,eegnet_v4,default,global,run_disjoint,20260916,49,0.977778
real_left_right_fist,eegnet_v4,default,global,run_disjoint,20260916,50,0.844444
real_left_right_fist,eegnet_v4,default,global,run_disjoint,20260916,51,0.880952
real_left_right_fist,eegnet_v4,default,global,run_disjoint,20260916,52,0.911111
real_left_right_fist,eegnet_v4,default,global,run_disjoint,20260916,53,0.733333
real_left_right_fist,eegnet_v4,default,global,run_disjoint,20260916,54,0.977778
real_left_right_fist,eegnet_v4,default,global,run_disjoint,20260916,55,0.8
real_left_right_fist,eegnet_v4,default,global,run_disjoint,20260916,56,0.933333
real_left_right_fist,eegnet_v4,default,global,run_disjoint,20260916,57,0.888889
real_left_right_fist,eegnet_v4,default,global,run_disjoint,20260916,58,0.755556
real_left_right_fist,eegnet_v4,default,global,run_disjoint,20260916,59,0.844444
real_left_right_fist,eegnet_v4,default,global,run_disjoint,20260916,60,0.777778
real_left_right_fist,eegnet_v4,default,global,run_disjoint,20260916,61,0.977778
real_left_right_fist,eegnet_v4,default,global,run_disjoint,20260916,62,0.8
real_left_right_fist,eegnet_v4,default,global,run_disjoint,20260916,63,0.555556
real_left_right_fist,eegnet_v4,default,global,run_disjoint,20260916,64,0.880952
real_left_right_fist,eegnet_v4,default,global,run_disjoint,20260916,65,0.622222
real_left_right_fist,eegnet_v4,default,global,run_disjoint,20260916,66,0.822222
real_left_right_fist,eegnet_v4,default,global,run_disjoint,20260916,67,0.666667
real_left_right_fist,eegnet_v4,default,global,run_disjoint,20260916,68,0.844444
real_left_right_fist,eegnet_v4,default,global,run_disjoint,20260916,69,0.8
real_left_right_fist,eegnet_v4,default,global,run_disjoint,20260916,70,1
real_left_right_fist,eegnet_v4,default,global,run_disjoint,20260916,71,0.933333
real_left_right_fist,eegnet_v4,default,global,run_disjoint,20260916,72,0.738095
real_left_right_fist,eegnet_v4,default,global,run_disjoint,20260916,73,0.857143
real_left_right_fist,eegnet_v4,default,global,run_disjoint,20260916,74,0.809524
real_left_right_fist,eegnet_v4,default,global,run_disjoint,20260916,75,0.644444
real_left_right_fist,eegnet_v4,default,global,run_disjoint,20260916,76,0.809524
real_left_right_fist,eegnet_v4,default,global,run_disjoint,20260916,77,0.755556
real_left_right_fist,eegnet_v4,default,global,run_disjoint,20260916,78,0.755556
real_left_right_fist,eegnet_v4,default,global,run_disjoint,20260916,79,0.8
real_left_right_fist,eegnet_v4,default,global,run_disjoint,20260916,80,0.688889
real_left_right_fist,eegnet_v4,default,global,run_disjoint,20260916,81,0.733333
real_left_right_fist,eegnet_v4,default,global,run_disjoint,20260916,82,0.888889
real_left_right_fist,eegnet_v4,default,global,run_disjoint,20260916,83,0.755556
real_left_right_fist,eegnet_v4,default,global,run_disjoint,20260916,84,0.822222
real_left_right_fist,eegnet_v4,default,global,run_disjoint,20260916,85,0.844444
real_left_right_fist,eegnet_v4,default,global,run_disjoint,20260916,86,0.888889
real_left_right_fist,eegnet_v4,default,global,run_disjoint,20260916,87,0.822222
real_left_right_fist,eegnet_v4,default,global,run_disjoint,20260916,88,0.77193
real_left_right_fist,eegnet_v4,default,global,run_disjoint,20260916,89,0.903846
real_left_right_fist,eegnet_v4,default,global,run_disjoint,20260916,90,0.911111
real_left_right_fist,eegnet_v4,default,global,run_disjoint,20260916,91,0.8
real_left_right_fist,eegnet_v4,default,global,run_disjoint,20260916,92,0.684211
real_left_right_fist,eegnet_v4,default,global,run_disjoint,20260916,93,0.733333
real_left_right_fist,eegnet_v4,default,global,run_disjoint,20260916,94,0.911111
real_left_right_fist,eegnet_v4,default,global,run_disjoint,20260916,95,0.844444
real_left_right_fist,eegnet_v4,default,global,run_disjoint,20260916,96,0.955556
real_left_right_fist,eegnet_v4,default,global,run_disjoint,20260916,97,0.822222
real_left_right_fist,eegnet_v4,default,global,run_disjoint,20260916,98,0.711111
real_left_right_fist,eegnet_v4,default,global,run_disjoint,20260916,99,0.644444
real_left_right_fist,eegnet_v4,default,global,run_disjoint,20260916,100,0.777778
real_left_right_fist,eegnet_v4,default,global,run_disjoint,20260916,101,0.822222
real_left_right_fist,eegnet_v4,default,global,run_disjoint,20260916,102,0.809524
real_left_right_fist,eegnet_v4,default,global,run_disjoint,20260916,103,0.844444
real_left_right_fist,eegnet_v4,default,global,run_disjoint,20260916,104,0.688889
real_left_right_fist,eegnet_v4,default,global,run_disjoint,20260916,105,1
real_left_right_fist,eegnet_v4,default,global,run_disjoint,20260916,106,0.666667
real_left_right_fist,eegnet_v4,default,global,run_disjoint,20260916,107,0.8
real_left_right_fist,eegnet_v4,default,global,run_disjoint,20260916,108,0.866667
real_left_right_fist,eegnet_v4,default,global,run_disjoint,20260916,109,0.777778
real_left_right_fist,eegnet_v4,default,global,subject_disjoint,20260916,1,0.933333
real_left_right_fist,eegnet_v4,default,global,subject_disjoint,20260916,2,0.911111
real_left_right_fist,eegnet_v4,default,global,subject_disjoint,20260916,3,0.866667
real_left_right_fist,eegnet_v4,default,global,subject_disjoint,20260916,4,0.733333
real_left_right_fist,eegnet_v4,default,global,subject_disjoint,20260916,5,0.733333
real_left_right_fist,eegnet_v4,default,global,subject_disjoint,20260916,6,0.866667
real_left_right_fist,eegnet_v4,default,global,subject_disjoint,20260916,7,1
real_left_right_fist,eegnet_v4,default,global,subject_disjoint,20260916,8,0.888889
real_left_right_fist,eegnet_v4,default,global,subject_disjoint,20260916,9,0.8
real_left_right_fist,eegnet_v4,default,global,subject_disjoint,20260916,10,0.733333
real_left_right_fist,eegnet_v4,default,global,subject_disjoint,20260916,11,0.755556
real_left_right_fist,eegnet_v4,default,global,subject_disjoint,20260916,12,0.777778
real_left_right_fist,eegnet_v4,default,global,subject_disjoint,20260916,13,0.6
real_left_right_fist,eegnet_v4,default,global,subject_disjoint,20260916,14,0.933333
real_left_right_fist,eegnet_v4,default,global,subject_disjoint,20260916,15,0.866667
real_left_right_fist,eegnet_v4,default,global,subject_disjoint,20260916,16,0.733333
real_left_right_fist,eegnet_v4,default,global,subject_disjoint,20260916,17,0.866667
real_left_right_fist,eegnet_v4,default,global,subject_disjoint,20260916,18,0.844444
real_left_right_fist,eegnet_v4,default,global,subject_disjoint,20260916,19,0.933333
real_left_right_fist,eegnet_v4,default,global,subject_disjoint,20260916,20,0.711111
real_left_right_fist,eegnet_v4,default,global,subject_disjoint,20260916,21,0.577778
real_left_right_fist,eegnet_v4,default,global,subject_disjoint,20260916,22,1
real_left_right_fist,eegnet_v4,default,global,subject_disjoint,20260916,23,0.711111
real_left_right_fist,eegnet_v4,default,global,subject_disjoint,20260916,24,0.511111
real_left_right_fist,eegnet_v4,default,global,subject_disjoint,20260916,25,0.577778
real_left_right_fist,eegnet_v4,default,global,subject_disjoint,20260916,26,0.666667
real_left_right_fist,eegnet_v4,default,global,subject_disjoint,20260916,27,0.866667
real_left_right_fist,eegnet_v4,default,global,subject_disjoint,20260916,28,0.933333
real_left_right_fist,eegnet_v4,default,global,subject_disjoint,20260916,29,0.733333
real_left_right_fist,eegnet_v4,default,global,subject_disjoint,20260916,30,0.577778
real_left_right_fist,eegnet_v4,default,global,subject_disjoint,20260916,31,0.8
real_left_right_fist,eegnet_v4,default,global,subject_disjoint,20260916,32,0.933333
real_left_right_fist,eegnet_v4,default,global,subject_disjoint,20260916,33,0.8
real_left_right_fist,eegnet_v4,default,global,subject_disjoint,20260916,34,0.785714
real_left_right_fist,eegnet_v4,default,global,subject_disjoint,20260916,35,0.933333
real_left_right_fist,eegnet_v4,default,global,subject_disjoint,20260916,36,0.688889
real_left_right_fist,eegnet_v4,default,global,subject_disjoint,20260916,37,0.904762
real_left_right_fist,eegnet_v4,default,global,subject_disjoint,20260916,38,0.777778
real_left_right_fist,eegnet_v4,default,global,subject_disjoint,20260916,39,0.866667
real_left_right_fist,eegnet_v4,default,global,subject_disjoint,20260916,40,0.977778
real_left_right_fist,eegnet_v4,default,global,subject_disjoint,20260916,41,0.785714
real_left_right_fist,eegnet_v4,default,global,subject_disjoint,20260916,42,1
real_left_right_fist,eegnet_v4,default,global,subject_disjoint,20260916,43,0.866667
real_left_right_fist,eegnet_v4,default,global,subject_disjoint,20260916,44,0.755556
real_left_right_fist,eegnet_v4,default,global,subject_disjoint,20260916,45,0.6
real_left_right_fist,eegnet_v4,default,global,subject_disjoint,20260916,46,0.622222
real_left_right_fist,eegnet_v4,default,global,subject_disjoint,20260916,47,0.688889
real_left_right_fist,eegnet_v4,default,global,subject_disjoint,20260916,48,0.933333
real_left_right_fist,eegnet_v4,default,global,subject_disjoint,20260916,49,0.755556
real_left_right_fist,eegnet_v4,default,global,subject_disjoint,20260916,50,0.844444
real_left_right_fist,eegnet_v4,default,global,subject_disjoint,20260916,51,0.928571
real_left_right_fist,eegnet_v4,default,global,subject_disjoint,20260916,52,0.888889
real_left_right_fist,eegnet_v4,default,global,subject_disjoint,20260916,53,0.777778
real_left_right_fist,eegnet_v4,default,global,subject_disjoint,20260916,54,0.888889
real_left_right_fist,eegnet_v4,default,global,subject_disjoint,20260916,55,0.8
real_left_right_fist,eegnet_v4,default,global,subject_disjoint,20260916,56,0.844444
real_left_right_fist,eegnet_v4,default,global,subject_disjoint,20260916,57,0.955556
real_left_right_fist,eegnet_v4,default,global,subject_disjoint,20260916,58,0.644444
real_left_right_fist,eegnet_v4,default,global,subject_disjoint,20260916,59,0.822222
real_left_right_fist,eegnet_v4,default,global,subject_disjoint,20260916,60,0.933333
real_left_right_fist,eegnet_v4,default,global,subject_disjoint,20260916,61,0.977778
real_left_right_fist,eegnet_v4,default,global,subject_disjoint,20260916,62,0.711111
real_left_right_fist,eegnet_v4,default,global,subject_disjoint,20260916,63,0.6
real_left_right_fist,eegnet_v4,default,global,subject_disjoint,20260916,64,0.809524
real_left_right_fist,eegnet_v4,default,global,subject_disjoint,20260916,65,0.666667
real_left_right_fist,eegnet_v4,default,global,subject_disjoint,20260916,66,0.822222
real_left_right_fist,eegnet_v4,default,global,subject_disjoint,20260916,67,0.8
real_left_right_fist,eegnet_v4,default,global,subject_disjoint,20260916,68,0.777778
real_left_right_fist,eegnet_v4,default,global,subject_disjoint,20260916,69,0.688889
real_left_right_fist,eegnet_v4,default,global,subject_disjoint,20260916,70,1
real_left_right_fist,eegnet_v4,default,global,subject_disjoint,20260916,71,0.933333
real_left_right_fist,eegnet_v4,default,global,subject_disjoint,20260916,72,0.738095
real_left_right_fist,eegnet_v4,default,global,subject_disjoint,20260916,73,0.880952
real_left_right_fist,eegnet_v4,default,global,subject_disjoint,20260916,74,0.666667
real_left_right_fist,eegnet_v4,default,global,subject_disjoint,20260916,75,0.577778
real_left_right_fist,eegnet_v4,default,global,subject_disjoint,20260916,76,0.52381
real_left_right_fist,eegnet_v4,default,global,subject_disjoint,20260916,77,0.688889
real_left_right_fist,eegnet_v4,default,global,subject_disjoint,20260916,78,0.777778
real_left_right_fist,eegnet_v4,default,global,subject_disjoint,20260916,79,0.688889
real_left_right_fist,eegnet_v4,default,global,subject_disjoint,20260916,80,0.777778
real_left_right_fist,eegnet_v4,default,global,subject_disjoint,20260916,81,0.733333
real_left_right_fist,eegnet_v4,default,global,subject_disjoint,20260916,82,0.911111
real_left_right_fist,eegnet_v4,default,global,subject_disjoint,20260916,83,0.822222
real_left_right_fist,eegnet_v4,default,global,subject_disjoint,20260916,84,0.866667
real_left_right_fist,eegnet_v4,default,global,subject_disjoint,20260916,85,0.888889
real_left_right_fist,eegnet_v4,default,global,subject_disjoint,20260916,86,0.955556
real_left_right_fist,eegnet_v4,default,global,subject_disjoint,20260916,87,0.755556
real_left_right_fist,eegnet_v4,default,global,subject_disjoint,20260916,88,0.719298
real_left_right_fist,eegnet_v4,default,global,subject_disjoint,20260916,89,0.903846
real_left_right_fist,eegnet_v4,default,global,subject_disjoint,20260916,90,0.822222
real_left_right_fist,eegnet_v4,default,global,subject_disjoint,20260916,91,0.844444
real_left_right_fist,eegnet_v4,default,global,subject_disjoint,20260916,92,0.736842
real_left_right_fist,eegnet_v4,default,global,subject_disjoint,20260916,93,0.8
real_left_right_fist,eegnet_v4,default,global,subject_disjoint,20260916,94,0.866667
real_left_right_fist,eegnet_v4,default,global,subject_disjoint,20260916,95,0.844444
real_left_right_fist,eegnet_v4,default,global,subject_disjoint,20260916,96,0.888889
real_left_right_fist,eegnet_v4,default,global,subject_disjoint,20260916,97,0.733333
real_left_right_fist,eegnet_v4,default,global,subject_disjoint,20260916,98,0.711111
real_left_right_fist,eegnet_v4,default,global,subject_disjoint,20260916,99,0.511111
real_left_right_fist,eegnet_v4,default,global,subject_disjoint,20260916,100,0.694444
real_left_right_fist,eegnet_v4,default,global,subject_disjoint,20260916,101,0.844444
real_left_right_fist,eegnet_v4,default,global,subject_disjoint,20260916,102,0.809524
real_left_right_fist,eegnet_v4,default,global,subject_disjoint,20260916,103,0.8
real_left_right_fist,eegnet_v4,default,global,subject_disjoint,20260916,104,0.666667
real_left_right_fist,eegnet_v4,default,global,subject_disjoint,20260916,105,0.977778
real_left_right_fist,eegnet_v4,default,global,subject_disjoint,20260916,106,0.622222
real_left_right_fist,eegnet_v4,default,global,subject_disjoint,20260916,107,0.777778
real_left_right_fist,eegnet_v4,default,global,subject_disjoint,20260916,108,0.844444
real_left_right_fist,eegnet_v4,default,global,subject_disjoint,20260916,109,0.488889
real_left_right_fist,shallow_fbcsp,default,global,trial_random,20260916,1,0.711111
real_left_right_fist,shallow_fbcsp,default,global,trial_random,20260916,2,0.8
real_left_right_fist,shallow_fbcsp,default,global,trial_random,20260916,3,0.622222
real_left_right_fist,shallow_fbcsp,default,global,trial_random,20260916,4,0.755556
real_left_right_fist,shallow_fbcsp,default,global,trial_random,20260916,5,0.777778
real_left_right_fist,shallow_fbcsp,default,global,trial_random,20260916,6,0.733333
real_left_right_fist,shallow_fbcsp,default,global,trial_random,20260916,7,0.888889
real_left_right_fist,shallow_fbcsp,default,global,trial_random,20260916,8,0.777778
real_left_right_fist,shallow_fbcsp,default,global,trial_random,20260916,9,0.666667
real_left_right_fist,shallow_fbcsp,default,global,trial_random,20260916,10,0.688889
real_left_right_fist,shallow_fbcsp,default,global,trial_random,20260916,11,0.688889
real_left_right_fist,shallow_fbcsp,default,global,trial_random,20260916,12,0.777778
real_left_right_fist,shallow_fbcsp,default,global,trial_random,20260916,13,0.622222
real_left_right_fist,shallow_fbcsp,default,global,trial_random,20260916,14,0.711111
real_left_right_fist,shallow_fbcsp,default,global,trial_random,20260916,15,0.8
real_left_right_fist,shallow_fbcsp,default,global,trial_random,20260916,16,0.666667
real_left_right_fist,shallow_fbcsp,default,global,trial_random,20260916,17,0.711111
real_left_right_fist,shallow_fbcsp,default,global,trial_random,20260916,18,0.866667
real_left_right_fist,shallow_fbcsp,default,global,trial_random,20260916,19,0.755556
real_left_right_fist,shallow_fbcsp,default,global,trial_random,20260916,20,0.711111
real_left_right_fist,shallow_fbcsp,default,global,trial_random,20260916,21,0.711111
real_left_right_fist,shallow_fbcsp,default,global,trial_random,20260916,22,0.933333
real_left_right_fist,shallow_fbcsp,default,global,trial_random,20260916,23,0.777778
real_left_right_fist,shallow_fbcsp,default,global,trial_random,20260916,24,0.466667
real_left_right_fist,shallow_fbcsp,default,global,trial_random,20260916,25,0.777778
real_left_right_fist,shallow_fbcsp,default,global,trial_random,20260916,26,0.666667
real_left_right_fist,shallow_fbcsp,default,global,trial_random,20260916,27,0.644444
real_left_right_fist,shallow_fbcsp,default,global,trial_random,20260916,28,0.711111
real_left_right_fist,shallow_fbcsp,default,global,trial_random,20260916,29,0.822222
real_left_right_fist,shallow_fbcsp,default,global,trial_random,20260916,30,0.6
real_left_right_fist,shallow_fbcsp,default,global,trial_random,20260916,31,0.644444
real_left_right_fist,shallow_fbcsp,default,global,trial_random,20260916,32,0.911111
real_left_right_fist,shallow_fbcsp,default,global,trial_random,20260916,33,0.644444
real_left_right_fist,shallow_fbcsp,default,global,trial_random,20260916,34,0.761905
real_left_right_fist,shallow_fbcsp,default,global,trial_random,20260916,35,0.888889
real_left_right_fist,shallow_fbcsp,default,global,trial_random,20260916,36,0.755556
real_left_right_fist,shallow_fbcsp,default,global,trial_random,20260916,37,0.666667
real_left_right_fist,shallow_fbcsp,default,global,trial_random,20260916,38,0.511111
real_left_right_fist,shallow_fbcsp,default,global,trial_random,20260916,39,0.755556
real_left_right_fist,shallow_fbcsp,default,global,trial_random,20260916,40,0.888889
real_left_right_fist,shallow_fbcsp,default,global,trial_random,20260916,41,0.690476
real_left_right_fist,shallow_fbcsp,default,global,trial_random,20260916,42,0.955556
real_left_right_fist,shallow_fbcsp,default,global,trial_random,20260916,43,0.688889
real_left_right_fist,shallow_fbcsp,default,global,trial_random,20260916,44,0.8
real_left_right_fist,shallow_fbcsp,default,global,trial_random,20260916,45,0.644444
real_left_right_fist,shallow_fbcsp,default,global,trial_random,20260916,46,0.666667
real_left_right_fist,shallow_fbcsp,default,global,trial_random,20260916,47,0.755556
real_left_right_fist,shallow_fbcsp,default,global,trial_random,20260916,48,0.888889
real_left_right_fist,shallow_fbcsp,default,global,trial_random,20260916,49,0.644444
real_left_right_fist,shallow_fbcsp,default,global,trial_random,20260916,50,0.733333
real_left_right_fist,shallow_fbcsp,default,global,trial_random,20260916,51,0.928571
real_left_right_fist,shallow_fbcsp,default,global,trial_random,20260916,52,0.688889
real_left_right_fist,shallow_fbcsp,default,global,trial_random,20260916,53,0.6
real_left_right_fist,shallow_fbcsp,default,global,trial_random,20260916,54,0.955556
real_left_right_fist,shallow_fbcsp,default,global,trial_random,20260916,55,0.755556
real_left_right_fist,shallow_fbcsp,default,global,trial_random,20260916,56,0.688889
real_left_right_fist,shallow_fbcsp,default,global,trial_random,20260916,57,0.711111
real_left_right_fist,shallow_fbcsp,default,global,trial_random,20260916,58,0.555556
real_left_right_fist,shallow_fbcsp,default,global,trial_random,20260916,59,0.666667
real_left_right_fist,shallow_fbcsp,default,global,trial_random,20260916,60,0.666667
real_left_right_fist,shallow_fbcsp,default,global,trial_random,20260916,61,0.711111
real_left_right_fist,shallow_fbcsp,default,global,trial_random,20260916,62,0.577778
real_left_right_fist,shallow_fbcsp,default,global,trial_random,20260916,63,0.511111
real_left_right_fist,shallow_fbcsp,default,global,trial_random,20260916,64,0.880952
real_left_right_fist,shallow_fbcsp,default,global,trial_random,20260916,65,0.644444
real_left_right_fist,shallow_fbcsp,default,global,trial_random,20260916,66,0.733333
real_left_right_fist,shallow_fbcsp,default,global,trial_random,20260916,67,0.444444
real_left_right_fist,shallow_fbcsp,default,global,trial_random,20260916,68,0.644444
real_left_right_fist,shallow_fbcsp,default,global,trial_random,20260916,69,0.688889
real_left_right_fist,shallow_fbcsp,default,global,trial_random,20260916,70,0.644444
real_left_right_fist,shallow_fbcsp,default,global,trial_random,20260916,71,0.822222
real_left_right_fist,shallow_fbcsp,default,global,trial_random,20260916,72,0.833333
real_left_right_fist,shallow_fbcsp,default,global,trial_random,20260916,73,0.642857
real_left_right_fist,shallow_fbcsp,default,global,trial_random,20260916,74,0.690476
real_left_right_fist,shallow_fbcsp,default,global,trial_random,20260916,75,0.555556
real_left_right_fist,shallow_fbcsp,default,global,trial_random,20260916,76,0.5
real_left_right_fist,shallow_fbcsp,default,global,trial_random,20260916,77,0.644444
real_left_right_fist,shallow_fbcsp,default,global,trial_random,20260916,78,0.688889
real_left_right_fist,shallow_fbcsp,default,global,trial_random,20260916,79,0.6
real_left_right_fist,shallow_fbcsp,default,global,trial_random,20260916,80,0.777778
real_left_right_fist,shallow_fbcsp,default,global,trial_random,20260916,81,0.688889
real_left_right_fist,shallow_fbcsp,default,global,trial_random,20260916,82,0.711111
real_left_right_fist,shallow_fbcsp,default,global,trial_random,20260916,83,0.733333
real_left_right_fist,shallow_fbcsp,default,global,trial_random,20260916,84,0.688889
real_left_right_fist,shallow_fbcsp,default,global,trial_random,20260916,85,0.733333
real_left_right_fist,shallow_fbcsp,default,global,trial_random,20260916,86,0.888889
real_left_right_fist,shallow_fbcsp,default,global,trial_random,20260916,87,0.6
real_left_right_fist,shallow_fbcsp,default,global,trial_random,20260916,88,0.719298
real_left_right_fist,shallow_fbcsp,default,global,trial_random,20260916,89,0.865385
real_left_right_fist,shallow_fbcsp,default,global,trial_random,20260916,90,0.666667
real_left_right_fist,shallow_fbcsp,default,global,trial_random,20260916,91,0.688889
real_left_right_fist,shallow_fbcsp,default,global,trial_random,20260916,92,0.666667
real_left_right_fist,shallow_fbcsp,default,global,trial_random,20260916,93,0.733333
real_left_right_fist,shallow_fbcsp,default,global,trial_random,20260916,94,0.844444
real_left_right_fist,shallow_fbcsp,default,global,trial_random,20260916,95,0.6
real_left_right_fist,shallow_fbcsp,default,global,trial_random,20260916,96,0.666667
real_left_right_fist,shallow_fbcsp,default,global,trial_random,20260916,97,0.777778
real_left_right_fist,shallow_fbcsp,default,global,trial_random,20260916,98,0.644444
real_left_right_fist,shallow_fbcsp,default,global,trial_random,20260916,99,0.6
real_left_right_fist,shallow_fbcsp,default,global,trial_random,20260916,100,0.611111
real_left_right_fist,shallow_fbcsp,default,global,trial_random,20260916,101,0.711111
real_left_right_fist,shallow_fbcsp,default,global,trial_random,20260916,102,0.714286
real_left_right_fist,shallow_fbcsp,default,global,trial_random,20260916,103,0.688889
real_left_right_fist,shallow_fbcsp,default,global,trial_random,20260916,104,0.6
real_left_right_fist,shallow_fbcsp,default,global,trial_random,20260916,105,0.911111
real_left_right_fist,shallow_fbcsp,default,global,trial_random,20260916,106,0.6
real_left_right_fist,shallow_fbcsp,default,global,trial_random,20260916,107,0.666667
real_left_right_fist,shallow_fbcsp,default,global,trial_random,20260916,108,0.711111
real_left_right_fist,shallow_fbcsp,default,global,trial_random,20260916,109,0.733333
real_left_right_fist,shallow_fbcsp,default,global,run_disjoint,20260916,1,0.844444
real_left_right_fist,shallow_fbcsp,default,global,run_disjoint,20260916,2,0.822222
real_left_right_fist,shallow_fbcsp,default,global,run_disjoint,20260916,3,0.622222
real_left_right_fist,shallow_fbcsp,default,global,run_disjoint,20260916,4,0.711111
real_left_right_fist,shallow_fbcsp,default,global,run_disjoint,20260916,5,0.733333
real_left_right_fist,shallow_fbcsp,default,global,run_disjoint,20260916,6,0.755556
real_left_right_fist,shallow_fbcsp,default,global,run_disjoint,20260916,7,0.955556
real_left_right_fist,shallow_fbcsp,default,global,run_disjoint,20260916,8,0.711111
real_left_right_fist,shallow_fbcsp,default,global,run_disjoint,20260916,9,0.666667
real_left_right_fist,shallow_fbcsp,default,global,run_disjoint,20260916,10,0.8
real_left_right_fist,shallow_fbcsp,default,global,run_disjoint,20260916,11,0.711111
real_left_right_fist,shallow_fbcsp,default,global,run_disjoint,20260916,12,0.822222
real_left_right_fist,shallow_fbcsp,default,global,run_disjoint,20260916,13,0.711111
real_left_right_fist,shallow_fbcsp,default,global,run_disjoint,20260916,14,0.777778
real_left_right_fist,shallow_fbcsp,default,global,run_disjoint,20260916,15,0.866667
real_left_right_fist,shallow_fbcsp,default,global,run_disjoint,20260916,16,0.622222
real_left_right_fist,shallow_fbcsp,default,global,run_disjoint,20260916,17,0.755556
real_left_right_fist,shallow_fbcsp,default,global,run_disjoint,20260916,18,0.866667
real_left_right_fist,shallow_fbcsp,default,global,run_disjoint,20260916,19,0.755556
real_left_right_fist,shallow_fbcsp,default,global,run_disjoint,20260916,20,0.8
real_left_right_fist,shallow_fbcsp,default,global,run_disjoint,20260916,21,0.755556
real_left_right_fist,shallow_fbcsp,default,global,run_disjoint,20260916,22,0.866667
real_left_right_fist,shallow_fbcsp,default,global,run_disjoint,20260916,23,0.711111
real_left_right_fist,shallow_fbcsp,default,global,run_disjoint,20260916,24,0.533333
real_left_right_fist,shallow_fbcsp,default,global,run_disjoint,20260916,25,0.755556
real_left_right_fist,shallow_fbcsp,default,global,run_disjoint,20260916,26,0.8
real_left_right_fist,shallow_fbcsp,default,global,run_disjoint,20260916,27,0.666667
real_left_right_fist,shallow_fbcsp,default,global,run_disjoint,20260916,28,0.644444
real_left_right_fist,shallow_fbcsp,default,global,run_disjoint,20260916,29,0.777778
real_left_right_fist,shallow_fbcsp,default,global,run_disjoint,20260916,30,0.533333
real_left_right_fist,shallow_fbcsp,default,global,run_disjoint,20260916,31,0.755556
real_left_right_fist,shallow_fbcsp,default,global,run_disjoint,20260916,32,0.888889
real_left_right_fist,shallow_fbcsp,default,global,run_disjoint,20260916,33,0.577778
real_left_right_fist,shallow_fbcsp,default,global,run_disjoint,20260916,34,0.785714
real_left_right_fist,shallow_fbcsp,default,global,run_disjoint,20260916,35,0.866667
real_left_right_fist,shallow_fbcsp,default,global,run_disjoint,20260916,36,0.755556
real_left_right_fist,shallow_fbcsp,default,global,run_disjoint,20260916,37,0.809524
real_left_right_fist,shallow_fbcsp,default,global,run_disjoint,20260916,38,0.6
real_left_right_fist,shallow_fbcsp,default,global,run_disjoint,20260916,39,0.8
real_left_right_fist,shallow_fbcsp,default,global,run_disjoint,20260916,40,0.911111
real_left_right_fist,shallow_fbcsp,default,global,run_disjoint,20260916,41,0.690476
real_left_right_fist,shallow_fbcsp,default,global,run_disjoint,20260916,42,0.977778
real_left_right_fist,shallow_fbcsp,default,global,run_disjoint,20260916,43,0.666667
real_left_right_fist,shallow_fbcsp,default,global,run_disjoint,20260916,44,0.822222
real_left_right_fist,shallow_fbcsp,default,global,run_disjoint,20260916,45,0.555556
real_left_right_fist,shallow_fbcsp,default,global,run_disjoint,20260916,46,0.733333
real_left_right_fist,shallow_fbcsp,default,global,run_disjoint,20260916,47,0.711111
real_left_right_fist,shallow_fbcsp,default,global,run_disjoint,20260916,48,0.844444
real_left_right_fist,shallow_fbcsp,default,global,run_disjoint,20260916,49,0.844444
real_left_right_fist,shallow_fbcsp,default,global,run_disjoint,20260916,50,0.777778
real_left_right_fist,shallow_fbcsp,default,global,run_disjoint,20260916,51,0.880952
real_left_right_fist,shallow_fbcsp,default,global,run_disjoint,20260916,52,0.733333
real_left_right_fist,shallow_fbcsp,default,global,run_disjoint,20260916,53,0.688889
real_left_right_fist,shallow_fbcsp,default,global,run_disjoint,20260916,54,0.911111
real_left_right_fist,shallow_fbcsp,default,global,run_disjoint,20260916,55,0.733333
real_left_right_fist,shallow_fbcsp,default,global,run_disjoint,20260916,56,0.911111
real_left_right_fist,shallow_fbcsp,default,global,run_disjoint,20260916,57,0.733333
real_left_right_fist,shallow_fbcsp,default,global,run_disjoint,20260916,58,0.577778
real_left_right_fist,shallow_fbcsp,default,global,run_disjoint,20260916,59,0.822222
real_left_right_fist,shallow_fbcsp,default,global,run_disjoint,20260916,60,0.688889
real_left_right_fist,shallow_fbcsp,default,global,run_disjoint,20260916,61,0.8
real_left_right_fist,shallow_fbcsp,default,global,run_disjoint,20260916,62,0.666667
real_left_right_fist,shallow_fbcsp,default,global,run_disjoint,20260916,63,0.511111
real_left_right_fist,shallow_fbcsp,default,global,run_disjoint,20260916,64,0.761905
real_left_right_fist,shallow_fbcsp,default,global,run_disjoint,20260916,65,0.666667
real_left_right_fist,shallow_fbcsp,default,global,run_disjoint,20260916,66,0.844444
real_left_right_fist,shallow_fbcsp,default,global,run_disjoint,20260916,67,0.622222
real_left_right_fist,shallow_fbcsp,default,global,run_disjoint,20260916,68,0.777778
real_left_right_fist,shallow_fbcsp,default,global,run_disjoint,20260916,69,0.577778
real_left_right_fist,shallow_fbcsp,default,global,run_disjoint,20260916,70,0.733333
real_left_right_fist,shallow_fbcsp,default,global,run_disjoint,20260916,71,0.666667
real_left_right_fist,shallow_fbcsp,default,global,run_disjoint,20260916,72,0.880952
real_left_right_fist,shallow_fbcsp,default,global,run_disjoint,20260916,73,0.666667
real_left_right_fist,shallow_fbcsp,default,global,run_disjoint,20260916,74,0.738095
real_left_right_fist,shallow_fbcsp,default,global,run_disjoint,20260916,75,0.6
real_left_right_fist,shallow_fbcsp,default,global,run_disjoint,20260916,76,0.5
real_left_right_fist,shallow_fbcsp,default,global,run_disjoint,20260916,77,0.644444
real_left_right_fist,shallow_fbcsp,default,global,run_disjoint,20260916,78,0.644444
real_left_right_fist,shallow_fbcsp,default,global,run_disjoint,20260916,79,0.622222
real_left_right_fist,shallow_fbcsp,default,global,run_disjoint,20260916,80,0.733333
real_left_right_fist,shallow_fbcsp,default,global,run_disjoint,20260916,81,0.733333
real_left_right_fist,shallow_fbcsp,default,global,run_disjoint,20260916,82,0.666667
real_left_right_fist,shallow_fbcsp,default,global,run_disjoint,20260916,83,0.777778
real_left_right_fist,shallow_fbcsp,default,global,run_disjoint,20260916,84,0.711111
real_left_right_fist,shallow_fbcsp,default,global,run_disjoint,20260916,85,0.844444
real_left_right_fist,shallow_fbcsp,default,global,run_disjoint,20260916,86,0.955556
real_left_right_fist,shallow_fbcsp,default,global,run_disjoint,20260916,87,0.577778
real_left_right_fist,shallow_fbcsp,default,global,run_disjoint,20260916,88,0.736842
real_left_right_fist,shallow_fbcsp,default,global,run_disjoint,20260916,89,0.846154
real_left_right_fist,shallow_fbcsp,default,global,run_disjoint,20260916,90,0.755556
real_left_right_fist,shallow_fbcsp,default,global,run_disjoint,20260916,91,0.777778
real_left_right_fist,shallow_fbcsp,default,global,run_disjoint,20260916,92,0.77193
real_left_right_fist,shallow_fbcsp,default,global,run_disjoint,20260916,93,0.755556
real_left_right_fist,shallow_fbcsp,default,global,run_disjoint,20260916,94,0.822222
real_left_right_fist,shallow_fbcsp,default,global,run_disjoint,20260916,95,0.666667
real_left_right_fist,shallow_fbcsp,default,global,run_disjoint,20260916,96,0.8
real_left_right_fist,shallow_fbcsp,default,global,run_disjoint,20260916,97,0.8
real_left_right_fist,shallow_fbcsp,default,global,run_disjoint,20260916,98,0.644444
real_left_right_fist,shallow_fbcsp,default,global,run_disjoint,20260916,99,0.511111
real_left_right_fist,shallow_fbcsp,default,global,run_disjoint,20260916,100,0.611111
real_left_right_fist,shallow_fbcsp,default,global,run_disjoint,20260916,101,0.688889
real_left_right_fist,shallow_fbcsp,default,global,run_disjoint,20260916,102,0.738095
real_left_right_fist,shallow_fbcsp,default,global,run_disjoint,20260916,103,0.844444
real_left_right_fist,shallow_fbcsp,default,global,run_disjoint,20260916,104,0.577778
real_left_right_fist,shallow_fbcsp,default,global,run_disjoint,20260916,105,0.888889
real_left_right_fist,shallow_fbcsp,default,global,run_disjoint,20260916,106,0.577778
real_left_right_fist,shallow_fbcsp,default,global,run_disjoint,20260916,107,0.6
real_left_right_fist,shallow_fbcsp,default,global,run_disjoint,20260916,108,0.688889
real_left_right_fist,shallow_fbcsp,default,global,run_disjoint,20260916,109,0.577778
real_left_right_fist,shallow_fbcsp,default,global,subject_disjoint,20260916,1,0.866667
real_left_right_fist,shallow_fbcsp,default,global,subject_disjoint,20260916,2,0.866667
real_left_right_fist,shallow_fbcsp,default,global,subject_disjoint,20260916,3,0.711111
real_left_right_fist,shallow_fbcsp,default,global,subject_disjoint,20260916,4,0.711111
real_left_right_fist,shallow_fbcsp,default,global,subject_disjoint,20260916,5,0.622222
real_left_right_fist,shallow_fbcsp,default,global,subject_disjoint,20260916,6,0.711111
real_left_right_fist,shallow_fbcsp,default,global,subject_disjoint,20260916,7,0.977778
real_left_right_fist,shallow_fbcsp,default,global,subject_disjoint,20260916,8,0.777778
real_left_right_fist,shallow_fbcsp,default,global,subject_disjoint,20260916,9,0.755556
real_left_right_fist,shallow_fbcsp,default,global,subject_disjoint,20260916,10,0.888889
real_left_right_fist,shallow_fbcsp,default,global,subject_disjoint,20260916,11,0.688889
real_left_right_fist,shallow_fbcsp,default,global,subject_disjoint,20260916,12,0.577778
real_left_right_fist,shallow_fbcsp,default,global,subject_disjoint,20260916,13,0.555556
real_left_right_fist,shallow_fbcsp,default,global,subject_disjoint,20260916,14,0.777778
real_left_right_fist,shallow_fbcsp,default,global,subject_disjoint,20260916,15,0.822222
real_left_right_fist,shallow_fbcsp,default,global,subject_disjoint,20260916,16,0.644444
real_left_right_fist,shallow_fbcsp,default,global,subject_disjoint,20260916,17,0.733333
real_left_right_fist,shallow_fbcsp,default,global,subject_disjoint,20260916,18,0.844444
real_left_right_fist,shallow_fbcsp,default,global,subject_disjoint,20260916,19,0.688889
real_left_right_fist,shallow_fbcsp,default,global,subject_disjoint,20260916,20,0.777778
real_left_right_fist,shallow_fbcsp,default,global,subject_disjoint,20260916,21,0.688889
real_left_right_fist,shallow_fbcsp,default,global,subject_disjoint,20260916,22,0.844444
real_left_right_fist,shallow_fbcsp,default,global,subject_disjoint,20260916,23,0.644444
real_left_right_fist,shallow_fbcsp,default,global,subject_disjoint,20260916,24,0.488889
real_left_right_fist,shallow_fbcsp,default,global,subject_disjoint,20260916,25,0.711111
real_left_right_fist,shallow_fbcsp,default,global,subject_disjoint,20260916,26,0.688889
real_left_right_fist,shallow_fbcsp,default,global,subject_disjoint,20260916,27,0.711111
real_left_right_fist,shallow_fbcsp,default,global,subject_disjoint,20260916,28,0.755556
real_left_right_fist,shallow_fbcsp,default,global,subject_disjoint,20260916,29,0.733333
real_left_right_fist,shallow_fbcsp,default,global,subject_disjoint,20260916,30,0.644444
real_left_right_fist,shallow_fbcsp,default,global,subject_disjoint,20260916,31,0.733333
real_left_right_fist,shallow_fbcsp,default,global,subject_disjoint,20260916,32,0.911111
real_left_right_fist,shallow_fbcsp,default,global,subject_disjoint,20260916,33,0.666667
real_left_right_fist,shallow_fbcsp,default,global,subject_disjoint,20260916,34,0.785714
real_left_right_fist,shallow_fbcsp,default,global,subject_disjoint,20260916,35,0.866667
real_left_right_fist,shallow_fbcsp,default,global,subject_disjoint,20260916,36,0.733333
real_left_right_fist,shallow_fbcsp,default,global,subject_disjoint,20260916,37,0.5
real_left_right_fist,shallow_fbcsp,default,global,subject_disjoint,20260916,38,0.6
real_left_right_fist,shallow_fbcsp,default,global,subject_disjoint,20260916,39,0.866667
real_left_right_fist,shallow_fbcsp,default,global,subject_disjoint,20260916,40,0.911111
real_left_right_fist,shallow_fbcsp,default,global,subject_disjoint,20260916,41,0.619048
real_left_right_fist,shallow_fbcsp,default,global,subject_disjoint,20260916,42,0.933333
real_left_right_fist,shallow_fbcsp,default,global,subject_disjoint,20260916,43,0.844444
real_left_right_fist,shallow_fbcsp,default,global,subject_disjoint,20260916,44,0.777778
real_left_right_fist,shallow_fbcsp,default,global,subject_disjoint,20260916,45,0.577778
real_left_right_fist,shallow_fbcsp,default,global,subject_disjoint,20260916,46,0.488889
real_left_right_fist,shallow_fbcsp,default,global,subject_disjoint,20260916,47,0.777778
real_left_right_fist,shallow_fbcsp,default,global,subject_disjoint,20260916,48,0.888889
real_left_right_fist,shallow_fbcsp,default,global,subject_disjoint,20260916,49,0.622222
real_left_right_fist,shallow_fbcsp,default,global,subject_disjoint,20260916,50,0.711111
real_left_right_fist,shallow_fbcsp,default,global,subject_disjoint,20260916,51,0.952381
real_left_right_fist,shallow_fbcsp,default,global,subject_disjoint,20260916,52,0.822222
real_left_right_fist,shallow_fbcsp,default,global,subject_disjoint,20260916,53,0.6
real_left_right_fist,shallow_fbcsp,default,global,subject_disjoint,20260916,54,0.933333
real_left_right_fist,shallow_fbcsp,default,global,subject_disjoint,20260916,55,0.8
real_left_right_fist,shallow_fbcsp,default,global,subject_disjoint,20260916,56,0.822222
real_left_right_fist,shallow_fbcsp,default,global,subject_disjoint,20260916,57,0.777778
real_left_right_fist,shallow_fbcsp,default,global,subject_disjoint,20260916,58,0.488889
real_left_right_fist,shallow_fbcsp,default,global,subject_disjoint,20260916,59,0.733333
real_left_right_fist,shallow_fbcsp,default,global,subject_disjoint,20260916,60,0.755556
real_left_right_fist,shallow_fbcsp,default,global,subject_disjoint,20260916,61,0.711111
real_left_right_fist,shallow_fbcsp,default,global,subject_disjoint,20260916,62,0.733333
real_left_right_fist,shallow_fbcsp,default,global,subject_disjoint,20260916,63,0.555556
real_left_right_fist,shallow_fbcsp,default,global,subject_disjoint,20260916,64,0.880952
real_left_right_fist,shallow_fbcsp,default,global,subject_disjoint,20260916,65,0.644444
real_left_right_fist,shallow_fbcsp,default,global,subject_disjoint,20260916,66,0.8
real_left_right_fist,shallow_fbcsp,default,global,subject_disjoint,20260916,67,0.577778
real_left_right_fist,shallow_fbcsp,default,global,subject_disjoint,20260916,68,0.511111
real_left_right_fist,shallow_fbcsp,default,global,subject_disjoint,20260916,69,0.577778
real_left_right_fist,shallow_fbcsp,default,global,subject_disjoint,20260916,70,0.777778
real_left_right_fist,shallow_fbcsp,default,global,subject_disjoint,20260916,71,0.644444
real_left_right_fist,shallow_fbcsp,default,global,subject_disjoint,20260916,72,0.880952
real_left_right_fist,shallow_fbcsp,default,global,subject_disjoint,20260916,73,0.714286
real_left_right_fist,shallow_fbcsp,default,global,subject_disjoint,20260916,74,0.761905
real_left_right_fist,shallow_fbcsp,default,global,subject_disjoint,20260916,75,0.622222
real_left_right_fist,shallow_fbcsp,default,global,subject_disjoint,20260916,76,0.547619
real_left_right_fist,shallow_fbcsp,default,global,subject_disjoint,20260916,77,0.666667
real_left_right_fist,shallow_fbcsp,default,global,subject_disjoint,20260916,78,0.6
real_left_right_fist,shallow_fbcsp,default,global,subject_disjoint,20260916,79,0.688889
real_left_right_fist,shallow_fbcsp,default,global,subject_disjoint,20260916,80,0.822222
real_left_right_fist,shallow_fbcsp,default,global,subject_disjoint,20260916,81,0.822222
real_left_right_fist,shallow_fbcsp,default,global,subject_disjoint,20260916,82,0.688889
real_left_right_fist,shallow_fbcsp,default,global,subject_disjoint,20260916,83,0.777778
real_left_right_fist,shallow_fbcsp,default,global,subject_disjoint,20260916,84,0.866667
real_left_right_fist,shallow_fbcsp,default,global,subject_disjoint,20260916,85,0.777778
real_left_right_fist,shallow_fbcsp,default,global,subject_disjoint,20260916,86,0.933333
real_left_right_fist,shallow_fbcsp,default,global,subject_disjoint,20260916,87,0.6
real_left_right_fist,shallow_fbcsp,default,global,subject_disjoint,20260916,88,0.701754
real_left_right_fist,shallow_fbcsp,default,global,subject_disjoint,20260916,89,0.826923
real_left_right_fist,shallow_fbcsp,default,global,subject_disjoint,20260916,90,0.733333
real_left_right_fist,shallow_fbcsp,default,global,subject_disjoint,20260916,91,0.711111
real_left_right_fist,shallow_fbcsp,default,global,subject_disjoint,20260916,92,0.824561
real_left_right_fist,shallow_fbcsp,default,global,subject_disjoint,20260916,93,0.822222
real_left_right_fist,shallow_fbcsp,default,global,subject_disjoint,20260916,94,0.888889
real_left_right_fist,shallow_fbcsp,default,global,subject_disjoint,20260916,95,0.6
real_left_right_fist,shallow_fbcsp,default,global,subject_disjoint,20260916,96,0.8
real_left_right_fist,shallow_fbcsp,default,global,subject_disjoint,20260916,97,0.755556
real_left_right_fist,shallow_fbcsp,default,global,subject_disjoint,20260916,98,0.688889
real_left_right_fist,shallow_fbcsp,default,global,subject_disjoint,20260916,99,0.622222
real_left_right_fist,shallow_fbcsp,default,global,subject_disjoint,20260916,100,0.694444
real_left_right_fist,shallow_fbcsp,default,global,subject_disjoint,20260916,101,0.622222
real_left_right_fist,shallow_fbcsp,default,global,subject_disjoint,20260916,102,0.738095
real_left_right_fist,shallow_fbcsp,default,global,subject_disjoint,20260916,103,0.666667
real_left_right_fist,shallow_fbcsp,default,global,subject_disjoint,20260916,104,0.555556
real_left_right_fist,shallow_fbcsp,default,global,subject_disjoint,20260916,105,0.933333
real_left_right_fist,shallow_fbcsp,default,global,subject_disjoint,20260916,106,0.644444
real_left_right_fist,shallow_fbcsp,default,global,subject_disjoint,20260916,107,0.6
real_left_right_fist,shallow_fbcsp,default,global,subject_disjoint,20260916,108,0.666667
real_left_right_fist,shallow_fbcsp,default,global,subject_disjoint,20260916,109,0.488889
